ISO-10303-21;
HEADER;
FILE_DESCRIPTION (( 'STEP AP203' ),
    '1' );
FILE_NAME ('PL-24-60-WF.STEP',
    '2014-12-15T13:17:30',
    ( '' ),
    ( '' ),
    'SwSTEP 2.0',
    'SolidWorks 2014',
    '' );
FILE_SCHEMA (( 'CONFIG_CONTROL_DESIGN' ));
ENDSEC;

DATA;
#1 = EDGE_CURVE ( 'NONE', #709, #4044, #3562, .T. ) ;
#2 = CARTESIAN_POINT ( 'NONE',  ( 58.15865425799412900, 3.199389762772458500E-015, 26.12499999999998600 ) ) ;
#3 = CARTESIAN_POINT ( 'NONE',  ( 8.993360580405905600, 66.29918910489270400, 41.08009941648124700 ) ) ;
#4 = EDGE_LOOP ( 'NONE', ( #542, #2468 ) ) ;
#5 = CARTESIAN_POINT ( 'NONE',  ( -22.77439587576796100, 3.268331501057124200E-015, -26.68795201467610000 ) ) ;
#6 = ORIENTED_EDGE ( 'NONE', *, *, #1813, .T. ) ;
#7 = ORIENTED_EDGE ( 'NONE', *, *, #3497, .F. ) ;
#8 = FACE_OUTER_BOUND ( 'NONE', #2662, .T. ) ;
#9 = FACE_OUTER_BOUND ( 'NONE', #724, .T. ) ;
#10 = CARTESIAN_POINT ( 'NONE',  ( 35.11836058040587700, 27.65103421725080700, 129.8906673006682700 ) ) ;
#11 = COORDINATED_UNIVERSAL_TIME_OFFSET ( 0, 0, .AHEAD. ) ;
#12 = CARTESIAN_POINT ( 'NONE',  ( 33.12979832751498300, 38.70019644466660200, 101.6591501352955800 ) ) ;
#13 = VECTOR ( 'NONE', #3223, 1000.000000000000000 ) ;
#14 = CARTESIAN_POINT ( 'NONE',  ( -17.90819268389989800, 0.0000000000000000000, 0.0000000000000000000 ) ) ;
#15 = EDGE_LOOP ( 'NONE', ( #2257, #3417, #399, #370, #4091 ) ) ;
#16 = DIRECTION ( 'NONE',  ( 1.000000000000000000, -0.0000000000000000000, -0.0000000000000000000 ) ) ;
#17 = APPROVAL_PERSON_ORGANIZATION ( #859, #1235, #2705 ) ;
#18 = AXIS2_PLACEMENT_3D ( 'NONE', #2849, #16, #2797 ) ;
#19 = DIRECTION ( 'NONE',  ( -0.9237280213470682200, -0.3830490080632377700, 0.0000000000000000000 ) ) ;
#20 = PERSON_AND_ORGANIZATION ( #1808, #1949 ) ;
#21 = FACE_OUTER_BOUND ( 'NONE', #693, .T. ) ;
#22 = AXIS2_PLACEMENT_3D ( 'NONE', #772, #758, #1084 ) ;
#23 = DIRECTION ( 'NONE',  ( -0.7071067811865425800, 8.659560562354995700E-017, -0.7071067811865525700 ) ) ;
#24 = DIRECTION ( 'NONE',  ( -1.000000000000000000, 0.0000000000000000000, 0.0000000000000000000 ) ) ;
#25 = EDGE_CURVE ( 'NONE', #1122, #3529, #3655, .T. ) ;
#26 = ADVANCED_FACE ( 'NONE', ( #3511 ), #3092, .T. ) ;
#27 = SECURITY_CLASSIFICATION ( '', '', #3977 ) ;
#28 = FACE_OUTER_BOUND ( 'NONE', #2060, .T. ) ;
#29 = CARTESIAN_POINT ( 'NONE',  ( 58.15865425799412900, 0.0000000000000000000, 0.0000000000000000000 ) ) ;
#30 = CIRCLE ( 'NONE', #1926, 54.15999999999998200 ) ;
#31 = EDGE_CURVE ( 'NONE', #940, #2788, #3144, .T. ) ;
#32 = CARTESIAN_POINT ( 'NONE',  ( 47.75553006301007000, 55.19915708494571000, 130.3735997888022700 ) ) ;
#33 = DIRECTION ( 'NONE',  ( 1.000000000000000000, -0.0000000000000000000, -0.0000000000000000000 ) ) ;
#34 = ORIENTED_EDGE ( 'NONE', *, *, #2489, .T. ) ;
#35 = CARTESIAN_POINT ( 'NONE',  ( 49.95343260323979700, 72.45095617438829500, -76.68674752541282700 ) ) ;
#36 = VERTEX_POINT ( 'NONE', #3879 ) ;
#37 = ORIENTED_EDGE ( 'NONE', *, *, #1682, .F. ) ;
#38 = DIRECTION ( 'NONE',  ( -0.0000000000000000000, -0.8660254037844397100, 0.4999999999999980600 ) ) ;
#39 = DIRECTION ( 'NONE',  ( 0.0000000000000000000, 0.0000000000000000000, 1.000000000000000000 ) ) ;
#40 = EDGE_CURVE ( 'NONE', #4044, #709, #3597, .T. ) ;
#41 = DIRECTION ( 'NONE',  ( 0.0000000000000000000, 0.0000000000000000000, -1.000000000000000000 ) ) ;
#42 = AXIS2_PLACEMENT_3D ( 'NONE', #3032, #162, #75 ) ;
#43 = DIRECTION ( 'NONE',  ( 1.000000000000000000, 0.0000000000000000000, 0.0000000000000000000 ) ) ;
#44 = DIRECTION ( 'NONE',  ( -0.9237280213470682200, -0.3830490080632377700, 0.0000000000000000000 ) ) ;
#45 = CARTESIAN_POINT ( 'NONE',  ( 35.11836058040587700, 36.85688425947938600, 124.5756673006683100 ) ) ;
#46 = ORIENTED_EDGE ( 'NONE', *, *, #890, .F. ) ;
#47 = AXIS2_PLACEMENT_3D ( 'NONE', #853, #2692, #3367 ) ;
#48 = ORIENTED_EDGE ( 'NONE', *, *, #3225, .F. ) ;
#49 = DIRECTION ( 'NONE',  ( 0.9237280213470682200, 0.3830490080632375500, 0.0000000000000000000 ) ) ;
#50 = CARTESIAN_POINT ( 'NONE',  ( 1.966782759430648600E-015, 11.01999999999995900, 19.08719989940905400 ) ) ;
#51 = VERTEX_POINT ( 'NONE', #3934 ) ;
#52 = SECURITY_CLASSIFICATION ( '', '', #139 ) ;
#53 = CARTESIAN_POINT ( 'NONE',  ( 35.11836058040589100, 66.29918910489271900, 44.08009941648121100 ) ) ;
#54 = VERTEX_POINT ( 'NONE', #556 ) ;
#55 = EDGE_CURVE ( 'NONE', #683, #3464, #3427, .T. ) ;
#56 = DIRECTION ( 'NONE',  ( -0.0000000000000000000, -0.8660254037844397100, 0.4999999999999980600 ) ) ;
#57 = DIRECTION ( 'NONE',  ( 1.000000000000000000, 0.0000000000000000000, 0.0000000000000000000 ) ) ;
#58 = AXIS2_PLACEMENT_3D ( 'NONE', #4076, #3124, #3365 ) ;
#59 = CARTESIAN_POINT ( 'NONE',  ( -54.60819268389989400, 0.0000000000000000000, -27.12499999999998600 ) ) ;
#60 = CARTESIAN_POINT ( 'NONE',  ( 17.84686911792040200, 52.29683973621462200, 127.3184546529751200 ) ) ;
#61 = LINE ( 'NONE', #2653, #1336 ) ;
#62 = DIRECTION ( 'NONE',  ( -1.000000000000000000, 0.0000000000000000000, 0.0000000000000000000 ) ) ;
#63 = CARTESIAN_POINT ( 'NONE',  ( 0.0000000000000000000, 0.0000000000000000000, 0.0000000000000000000 ) ) ;
#64 = CIRCLE ( 'NONE', #966, 24.12500000000000400 ) ;
#65 = COORDINATED_UNIVERSAL_TIME_OFFSET ( 0, 0, .AHEAD. ) ;
#66 = CIRCLE ( 'NONE', #353, 20.00000000000000400 ) ;
#67 = EDGE_CURVE ( 'NONE', #3396, #1448, #3422, .T. ) ;
#68 = DIRECTION ( 'NONE',  ( 1.000000000000000000, -0.0000000000000000000, -0.0000000000000000000 ) ) ;
#69 = LINE ( 'NONE', #3452, #116 ) ;
#70 = ORIENTED_EDGE ( 'NONE', *, *, #3315, .F. ) ;
#71 = DATE_AND_TIME ( #912, #1741 ) ;
#72 = DIRECTION ( 'NONE',  ( 0.9237280213470682200, 0.3830490080632377700, 0.0000000000000000000 ) ) ;
#73 = AXIS2_PLACEMENT_3D ( 'NONE', #1850, #1861, #2818 ) ;
#74 = CARTESIAN_POINT ( 'NONE',  ( -46.22819268389991300, 0.0000000000000000000, 0.0000000000000000000 ) ) ;
#75 = DIRECTION ( 'NONE',  ( 0.0000000000000000000, 0.0000000000000000000, 1.000000000000000000 ) ) ;
#76 = EDGE_CURVE ( 'NONE', #324, #2492, #2702, .T. ) ;
#77 = CARTESIAN_POINT ( 'NONE',  ( 51.19531771757380100, 43.05033732024337200, 109.2641555901733500 ) ) ;
#78 = CARTESIAN_POINT ( 'NONE',  ( 34.60057522468977700, 56.77018249524479600, 135.0665115912870200 ) ) ;
#79 = CALENDAR_DATE ( 2014, 15, 12 ) ;
#80 = AXIS2_PLACEMENT_3D ( 'NONE', #2263, #358, #2592 ) ;
#81 = DIRECTION ( 'NONE',  ( 1.000000000000000000, -0.0000000000000000000, -0.0000000000000000000 ) ) ;
#82 = CIRCLE ( 'NONE', #2500, 18.99999999999999600 ) ;
#83 = APPLICATION_CONTEXT ( 'configuration controlled 3d designs of mechanical parts and assemblies' ) ;
#84 = CARTESIAN_POINT ( 'NONE',  ( 53.08487059560635400, 73.74949231172267600, 27.70009941648121600 ) ) ;
#85 = DIRECTION ( 'NONE',  ( 0.08107854142439474600, -0.9966912392650438800, 0.005730941703030845200 ) ) ;
#86 = ORIENTED_EDGE ( 'NONE', *, *, #265, .F. ) ;
#87 = CYLINDRICAL_SURFACE ( 'NONE', #2614, 16.05999999999998800 ) ;
#88 = CARTESIAN_POINT ( 'NONE',  ( -41.35930008502347700, 0.0000000000000000000, 0.0000000000000000000 ) ) ;
#89 = ADVANCED_FACE ( 'NONE', ( #2800 ), #1568, .F. ) ;
#90 = DIRECTION ( 'NONE',  ( 0.1621570828487896900, -0.4933824785300862700, -0.8545635203783741300 ) ) ;
#91 = DIRECTION ( 'NONE',  ( 0.0000000000000000000, 0.0000000000000000000, -1.000000000000000000 ) ) ;
#92 = CARTESIAN_POINT ( 'NONE',  ( 19.03738813686579300, 53.16998394754099900, 126.8526761011103900 ) ) ;
#93 = ORIENTED_EDGE ( 'NONE', *, *, #2291, .F. ) ;
#94 = APPROVAL_ROLE ( '' ) ;
#95 = CARTESIAN_POINT ( 'NONE',  ( 30.43213281200096900, 37.49232763990972500, 101.6762875209069000 ) ) ;
#96 = CARTESIAN_POINT ( 'NONE',  ( 18.75241153834165400, 41.45494205103472000, 108.5397370117800500 ) ) ;
#97 = PRODUCT ( 'WH-FEMALE-24', 'WH-FEMALE-24', '', ( #1081 ) ) ;
#98 = CARTESIAN_POINT ( 'NONE',  ( -17.90819268389989800, 3.206737643567343200E-015, 26.18499999999998800 ) ) ;
#99 = ORIENTED_EDGE ( 'NONE', *, *, #834, .T. ) ;
#100 = CARTESIAN_POINT ( 'NONE',  ( 51.17825893268599200, 42.17255569409798000, 109.7826803017602100 ) ) ;
#101 = AXIS2_PLACEMENT_3D ( 'NONE', #1276, #3494, #1579 ) ;
#102 = ORIENTED_EDGE ( 'NONE', *, *, #3457, .T. ) ;
#103 = ADVANCED_FACE ( 'NONE', ( #2550 ), #1680, .F. ) ;
#104 = EDGE_CURVE ( 'NONE', #2788, #2753, #1621, .T. ) ;
#105 = ORIENTED_EDGE ( 'NONE', *, *, #625, .T. ) ;
#106 = APPROVAL_STATUS ( 'not_yet_approved' ) ;
#107 = CC_DESIGN_SECURITY_CLASSIFICATION ( #3165, ( #2087 ) ) ;
#108 = ORIENTED_EDGE ( 'NONE', *, *, #125, .T. ) ;
#109 = FACE_OUTER_BOUND ( 'NONE', #2897, .T. ) ;
#110 = DIRECTION ( 'NONE',  ( -1.000000000000000000, -0.0000000000000000000, -0.0000000000000000000 ) ) ;
#111 = FACE_BOUND ( 'NONE', #425, .T. ) ;
#112 = CARTESIAN_POINT ( 'NONE',  ( 35.11836058040589100, 66.29918910489271900, 85.58009941648120400 ) ) ;
#113 = APPROVAL_PERSON_ORGANIZATION ( #955, #3299, #1138 ) ;
#114 = CIRCLE ( 'NONE', #485, 18.29999999999999000 ) ;
#115 = CARTESIAN_POINT ( 'NONE',  ( 26.80233061568038300, 55.80090525681388400, 133.3876741677001400 ) ) ;
#116 = VECTOR ( 'NONE', #610, 1000.000000000000000 ) ;
#117 = VERTEX_POINT ( 'NONE', #487 ) ;
#118 = CALENDAR_DATE ( 2014, 15, 12 ) ;
#119 = AXIS2_PLACEMENT_3D ( 'NONE', #518, #510, #500 ) ;
#120 = CARTESIAN_POINT ( 'NONE',  ( 58.15865425799412900, 0.0000000000000000000, -19.44999999999998500 ) ) ;
#121 = DIRECTION ( 'NONE',  ( 0.9237280213470682200, 0.3830490080632377700, 0.0000000000000000000 ) ) ;
#122 = APPLICATION_PROTOCOL_DEFINITION ( 'international standard', 'config_control_design', 1994, #3835 ) ;
#123 = EDGE_CURVE ( 'NONE', #1718, #3943, #2651, .T. ) ;
#124 = LOCAL_TIME ( 13, 17, 30.00000000000000000, #963 ) ;
#125 = EDGE_CURVE ( 'NONE', #1775, #1956, #1837, .T. ) ;
#126 = VECTOR ( 'NONE', #1523, 999.9999999999998900 ) ;
#127 = DIRECTION ( 'NONE',  ( 0.0000000000000000000, 0.0000000000000000000, 1.000000000000000000 ) ) ;
#128 = CARTESIAN_POINT ( 'NONE',  ( 42.31647348316695900, 56.59752309565835300, 134.7674567387977000 ) ) ;
#129 = ADVANCED_FACE ( 'NONE', ( #2236 ), #999, .T. ) ;
#130 = LINE ( 'NONE', #1098, #2509 ) ;
#131 = AXIS2_PLACEMENT_3D ( 'NONE', #677, #3171, #1627 ) ;
#132 = DIRECTION ( 'NONE',  ( -1.000000000000000000, 0.0000000000000000000, 0.0000000000000000000 ) ) ;
#133 = DIRECTION ( 'NONE',  ( -0.9237280213470681100, -0.3830490080632377700, 0.0000000000000000000 ) ) ;
#134 = CARTESIAN_POINT ( 'NONE',  ( 0.0000000000000000000, 0.0000000000000000000, 0.0000000000000000000 ) ) ;
#135 = ORIENTED_EDGE ( 'NONE', *, *, #67, .F. ) ;
#136 = VECTOR ( 'NONE', #184, 1000.000000000000000 ) ;
#137 = VERTEX_POINT ( 'NONE', #885 ) ;
#138 = CC_DESIGN_PERSON_AND_ORGANIZATION_ASSIGNMENT ( #862, #1056, ( #3581 ) ) ;
#139 = SECURITY_CLASSIFICATION_LEVEL ( 'unclassified' ) ;
#140 = EDGE_CURVE ( 'NONE', #1592, #873, #1729, .T. ) ;
#141 = DIRECTION ( 'NONE',  ( 0.1621570828487895500, -0.4933824785300862100, -0.8545635203783741300 ) ) ;
#142 = CARTESIAN_POINT ( 'NONE',  ( 29.02918631518549800, 39.14047912846110200, 102.4319748117985400 ) ) ;
#143 = DIRECTION ( 'NONE',  ( -0.0000000000000000000, -0.0000000000000000000, 1.000000000000000000 ) ) ;
#144 = CARTESIAN_POINT ( 'NONE',  ( 35.11836058040589100, 55.27918910489264400, 132.4840352854464500 ) ) ;
#145 = CARTESIAN_POINT ( 'NONE',  ( 0.0000000000000000000, 38.10000000000000100, 0.0000000000000000000 ) ) ;
#146 = EDGE_CURVE ( 'NONE', #689, #4001, #907, .T. ) ;
#147 = CARTESIAN_POINT ( 'NONE',  ( 48.91494713613951000, 54.51337977909379600, 131.1576146242528000 ) ) ;
#148 = ORIENTED_EDGE ( 'NONE', *, *, #1813, .F. ) ;
#149 = EDGE_CURVE ( 'NONE', #2336, #1068, #1935, .T. ) ;
#150 = ADVANCED_FACE ( 'NONE', ( #1733 ), #2498, .T. ) ;
#151 = DATE_TIME_ROLE ( 'creation_date' ) ;
#152 = DIRECTION ( 'NONE',  ( 1.000000000000000000, -0.0000000000000000000, -0.0000000000000000000 ) ) ;
#153 = VERTEX_POINT ( 'NONE', #2330 ) ;
#154 = DIRECTION ( 'NONE',  ( 1.000000000000000000, 0.0000000000000000000, 0.0000000000000000000 ) ) ;
#155 = EDGE_LOOP ( 'NONE', ( #2215, #726 ) ) ;
#156 = CARTESIAN_POINT ( 'NONE',  ( 18.99999999999999600, 38.10000000000000100, -44.00000000000000000 ) ) ;
#157 = ORIENTED_EDGE ( 'NONE', *, *, #825, .F. ) ;
#158 = AXIS2_PLACEMENT_3D ( 'NONE', #2475, #1184, #1830 ) ;
#159 = DIRECTION ( 'NONE',  ( 0.0000000000000000000, 0.0000000000000000000, -1.000000000000000000 ) ) ;
#160 = FACE_OUTER_BOUND ( 'NONE', #3625, .T. ) ;
#161 = APPLICATION_CONTEXT ( 'configuration controlled 3d designs of mechanical parts and assemblies' ) ;
#162 = DIRECTION ( 'NONE',  ( -1.000000000000000000, -0.0000000000000000000, -0.0000000000000000000 ) ) ;
#163 = LINE ( 'NONE', #1409, #3199 ) ;
#164 = DIRECTION ( 'NONE',  ( 0.09089963139093755500, 0.0000000000000000000, 0.9958600589505493000 ) ) ;
#165 = CARTESIAN_POINT ( 'NONE',  ( 22.79186242393417700, 40.89712392823729900, 105.5070040774146100 ) ) ;
#166 = ADVANCED_FACE ( 'NONE', ( #1834 ), #307, .T. ) ;
#167 = DIRECTION ( 'NONE',  ( -0.0000000000000000000, -0.8660254037844397100, 0.4999999999999980600 ) ) ;
#168 = CARTESIAN_POINT ( 'NONE',  ( 24.41670179225434700, 38.76399219194647800, 103.8788751352188600 ) ) ;
#169 = PERSON_AND_ORGANIZATION ( #1808, #1949 ) ;
#170 = LINE ( 'NONE', #2423, #3519 ) ;
#171 = CARTESIAN_POINT ( 'NONE',  ( -53.30290323835134800, 2.791582378656391900E-015, -22.79500000000000200 ) ) ;
#172 = LINE ( 'NONE', #985, #126 ) ;
#173 = EDGE_CURVE ( 'NONE', #3136, #2884, #259, .T. ) ;
#174 = DATE_AND_TIME ( #1014, #1846 ) ;
#175 = ORIENTED_EDGE ( 'NONE', *, *, #309, .T. ) ;
#176 = CARTESIAN_POINT ( 'NONE',  ( 18.92798934101374900, 53.12430272395976500, 128.7516625891324500 ) ) ;
#177 = DIRECTION ( 'NONE',  ( 0.0000000000000000000, 0.0000000000000000000, -1.000000000000000000 ) ) ;
#178 = APPROVAL_STATUS ( 'not_yet_approved' ) ;
#179 = EDGE_CURVE ( 'NONE', #1843, #3034, #1145, .T. ) ;
#180 = CARTESIAN_POINT ( 'NONE',  ( 58.15865425799412900, 0.0000000000000000000, 0.0000000000000000000 ) ) ;
#181 = CIRCLE ( 'NONE', #2789, 23.62499999999999300 ) ;
#182 = AXIS2_PLACEMENT_3D ( 'NONE', #3872, #377, #4025 ) ;
#183 = VECTOR ( 'NONE', #1983, 1000.000000000000000 ) ;
#184 = DIRECTION ( 'NONE',  ( -0.0000000000000000000, -0.0000000000000000000, 1.000000000000000000 ) ) ;
#185 = ORIENTED_EDGE ( 'NONE', *, *, #4027, .T. ) ;
#186 = AXIS2_PLACEMENT_3D ( 'NONE', #3347, #1428, #3636 ) ;
#187 = ORIENTED_EDGE ( 'NONE', *, *, #549, .F. ) ;
#188 = CARTESIAN_POINT ( 'NONE',  ( 35.11836058040589100, 66.29918910489271900, 44.08009941648121100 ) ) ;
#189 = CIRCLE ( 'NONE', #2920, 23.71000000000000100 ) ;
#190 = CARTESIAN_POINT ( 'NONE',  ( 28.52586076324393400, 57.01185819684576500, 133.5181113480074700 ) ) ;
#191 = DIRECTION ( 'NONE',  ( -0.0000000000000000000, -0.8660254037844397100, 0.4999999999999980600 ) ) ;
#192 = APPROVAL ( #1408, 'UNSPECIFIED' ) ;
#193 = ADVANCED_FACE ( 'NONE', ( #1487 ), #702, .F. ) ;
#194 = CARTESIAN_POINT ( 'NONE',  ( 0.0000000000000000000, 38.10000000000000100, 0.0000000000000000000 ) ) ;
#195 = DATE_TIME_ROLE ( 'classification_date' ) ;
#196 = EDGE_CURVE ( 'NONE', #325, #2027, #349, .T. ) ;
#197 = CARTESIAN_POINT ( 'NONE',  ( 35.11836058040589100, 47.29918910489271900, 85.58009941648120400 ) ) ;
#198 = DIRECTION ( 'NONE',  ( 0.0000000000000000000, 0.0000000000000000000, -1.000000000000000000 ) ) ;
#199 = DIRECTION ( 'NONE',  ( 1.000000000000000000, 0.0000000000000000000, 0.0000000000000000000 ) ) ;
#200 = CARTESIAN_POINT ( 'NONE',  ( 0.0000000000000000000, 57.10000000000000100, 0.0000000000000000000 ) ) ;
#201 = CARTESIAN_POINT ( 'NONE',  ( 33.13584447043858500, 37.81555651890229100, 102.2361363617955700 ) ) ;
#202 = AXIS2_PLACEMENT_3D ( 'NONE', #188, #1610, #2699 ) ;
#203 = ORIENTED_EDGE ( 'NONE', *, *, #3697, .T. ) ;
#204 = APPROVAL_ROLE ( '' ) ;
#205 = ORIENTED_EDGE ( 'NONE', *, *, #2250, .F. ) ;
#206 = DIRECTION ( 'NONE',  ( 0.0000000000000000000, -0.0000000000000000000, 1.000000000000000000 ) ) ;
#207 = AXIS2_PLACEMENT_3D ( 'NONE', #3472, #2214, #2865 ) ;
#208 = ORIENTED_EDGE ( 'NONE', *, *, #1577, .T. ) ;
#209 = ADVANCED_FACE ( 'NONE', ( #1434 ), #3709, .F. ) ;
#210 = AXIS2_PLACEMENT_3D ( 'NONE', #2894, #1238, #3803 ) ;
#211 = ADVANCED_BREP_SHAPE_REPRESENTATION ( '', ( #3163, #3137 ), #3346 ) ;
#212 = CARTESIAN_POINT ( 'NONE',  ( 52.04147335644195500, 41.90068069767085700, 109.3117789946508200 ) ) ;
#213 = CIRCLE ( 'NONE', #1154, 20.85000000000000100 ) ;
#214 = APPROVAL ( #1975, 'UNSPECIFIED' ) ;
#215 = LINE ( 'NONE', #3508, #13 ) ;
#216 = CALENDAR_DATE ( 2014, 15, 12 ) ;
#217 = EDGE_CURVE ( 'NONE', #330, #2123, #64, .T. ) ;
#218 = CARTESIAN_POINT ( 'NONE',  ( 47.76484460095565500, 54.35049819958928200, 130.8754954529300100 ) ) ;
#219 = CARTESIAN_POINT ( 'NONE',  ( 15.27111306530378700, 45.99768273183114800, 116.4079946765295300 ) ) ;
#220 = FACE_OUTER_BOUND ( 'NONE', #2281, .T. ) ;
#221 = EDGE_LOOP ( 'NONE', ( #2275, #375 ) ) ;
#222 = DATE_AND_TIME ( #1053, #1896 ) ;
#223 = CARTESIAN_POINT ( 'NONE',  ( 35.11836058040589100, 66.29918910489271900, 44.08009941648121100 ) ) ;
#224 = CALENDAR_DATE ( 2014, 15, 12 ) ;
#225 = CARTESIAN_POINT ( 'NONE',  ( 35.11836058040589100, 66.29918910489270400, 41.58009941648120400 ) ) ;
#226 = LINE ( 'NONE', #2547, #2407 ) ;
#227 = DIRECTION ( 'NONE',  ( -1.000000000000000000, 0.0000000000000000000, -0.0000000000000000000 ) ) ;
#228 = ADVANCED_FACE ( 'NONE', ( #904 ), #2513, .F. ) ;
#229 = LINE ( 'NONE', #3630, #3489 ) ;
#230 = EDGE_CURVE ( 'NONE', #2838, #2075, #3861, .T. ) ;
#231 = AXIS2_PLACEMENT_3D ( 'NONE', #10, #4043, #3108 ) ;
#232 = VERTEX_POINT ( 'NONE', #1039 ) ;
#233 = AXIS2_PLACEMENT_3D ( 'NONE', #3595, #3317, #1395 ) ;
#234 = EDGE_LOOP ( 'NONE', ( #4073, #48, #3874, #2164, #2584 ) ) ;
#235 = CIRCLE ( 'NONE', #984, 23.62499999999999300 ) ;
#236 = CC_DESIGN_SECURITY_CLASSIFICATION ( #27, ( #4095 ) ) ;
#237 = PLANE ( 'NONE',  #3006 ) ;
#238 = ORIENTED_EDGE ( 'NONE', *, *, #697, .T. ) ;
#239 = EDGE_CURVE ( 'NONE', #1173, #1115, #3104, .T. ) ;
#240 = CARTESIAN_POINT ( 'NONE',  ( 49.95343260323979700, 72.45095617438829500, -0.6199005835187954000 ) ) ;
#241 = ORIENTED_EDGE ( 'NONE', *, *, #991, .F. ) ;
#242 = EDGE_CURVE ( 'NONE', #3684, #1843, #130, .T. ) ;
#243 = CONICAL_SURFACE ( 'NONE', #233, 18.29999999999999000, 0.2617993877991508500 ) ;
#244 = CARTESIAN_POINT ( 'NONE',  ( 30.66644420043464300, 38.89011932379026600, 101.9927243943448900 ) ) ;
#245 = CARTESIAN_POINT ( 'NONE',  ( 35.61699959013946400, 37.74705145810876400, 102.1174821159323200 ) ) ;
#246 = CARTESIAN_POINT ( 'NONE',  ( 18.19102116616181100, 52.58018785762116900, 127.8092279954805000 ) ) ;
#247 = ORIENTED_EDGE ( 'NONE', *, *, #953, .F. ) ;
#248 = EDGE_CURVE ( 'NONE', #793, #822, #3000, .T. ) ;
#249 = DIRECTION ( 'NONE',  ( 0.0000000000000000000, 0.0000000000000000000, 1.000000000000000000 ) ) ;
#250 = ORIENTED_EDGE ( 'NONE', *, *, #1083, .T. ) ;
#251 = EDGE_CURVE ( 'NONE', #3187, #3529, #2465, .T. ) ;
#252 = ORIENTED_EDGE ( 'NONE', *, *, #3131, .T. ) ;
#253 = DIRECTION ( 'NONE',  ( 0.0000000000000000000, 0.0000000000000000000, -1.000000000000000000 ) ) ;
#254 = AXIS2_PLACEMENT_3D ( 'NONE', #53, #2878, #1704 ) ;
#255 = DIRECTION ( 'NONE',  ( 0.9237280213470682200, 0.3830490080632377700, 0.0000000000000000000 ) ) ;
#256 = CONICAL_SURFACE ( 'NONE', #2446, 23.62499999999999300, 0.7853981633974657100 ) ;
#257 = CARTESIAN_POINT ( 'NONE',  ( 16.91054390755448700, 51.43283397199034800, 125.8219527713062600 ) ) ;
#258 = AXIS2_PLACEMENT_3D ( 'NONE', #3312, #3279, #3148 ) ;
#259 = CIRCLE ( 'NONE', #2619, 21.49999999999999300 ) ;
#260 = DIRECTION ( 'NONE',  ( -0.8660254037844388200, 0.0000000000000000000, 0.4999999999999996700 ) ) ;
#261 = FACE_OUTER_BOUND ( 'NONE', #1873, .T. ) ;
#262 = CALENDAR_DATE ( 2014, 15, 12 ) ;
#263 = CC_DESIGN_PERSON_AND_ORGANIZATION_ASSIGNMENT ( #3435, #2351, ( #52 ) ) ;
#264 = CARTESIAN_POINT ( 'NONE',  ( 46.03582586100175400, 55.87863202313568700, 131.5523710138242300 ) ) ;
#265 = EDGE_CURVE ( 'NONE', #2390, #51, #2404, .T. ) ;
#266 = LOCAL_TIME ( 13, 17, 30.00000000000000000, #1100 ) ;
#267 = CARTESIAN_POINT ( 'NONE',  ( 58.51455771230264000, 38.77925647665178800, 127.9053136518697500 ) ) ;
#268 = CYLINDRICAL_SURFACE ( 'NONE', #2712, 22.79500000000000200 ) ;
#269 = PERSON_AND_ORGANIZATION ( #1808, #1949 ) ;
#270 = ORIENTED_EDGE ( 'NONE', *, *, #3296, .T. ) ;
#271 = CARTESIAN_POINT ( 'NONE',  ( -17.90819268389989800, 1.966782759430648200E-015, 16.05999999999999200 ) ) ;
#272 = ORIENTED_EDGE ( 'NONE', *, *, #2448, .T. ) ;
#273 = CONICAL_SURFACE ( 'NONE', #4036, 16.05999999999999900, 0.7853981633974552700 ) ;
#274 = CARTESIAN_POINT ( 'NONE',  ( 35.11836058040589100, 66.29918910489270400, -76.68674752541282700 ) ) ;
#275 = EDGE_CURVE ( 'NONE', #673, #3412, #2348, .T. ) ;
#276 = ORIENTED_EDGE ( 'NONE', *, *, #1057, .T. ) ;
#277 = LINE ( 'NONE', #2090, #1202 ) ;
#278 = CARTESIAN_POINT ( 'NONE',  ( 54.02094948601530400, 49.11296704730513300, 119.8091147431784300 ) ) ;
#279 = CARTESIAN_POINT ( 'NONE',  ( 16.96283119311492300, 50.96894227112029100, 123.0322089529289000 ) ) ;
#280 = VERTEX_POINT ( 'NONE', #2447 ) ;
#281 = DIRECTION ( 'NONE',  ( 0.0000000000000000000, 0.0000000000000000000, -1.000000000000000000 ) ) ;
#282 = CARTESIAN_POINT ( 'NONE',  ( 48.22069358519463800, 54.14072388684754600, 130.5121556851491700 ) ) ;
#283 = CARTESIAN_POINT ( 'NONE',  ( 32.12907980697738000, 57.49835905455371700, 134.3619408503148800 ) ) ;
#284 = AXIS2_PLACEMENT_3D ( 'NONE', #3179, #653, #3566 ) ;
#285 = AXIS2_PLACEMENT_3D ( 'NONE', #3283, #2174, #1881 ) ;
#286 = CARTESIAN_POINT ( 'NONE',  ( 38.86662155045564800, 8.668775942914008300, 114.5124315271221500 ) ) ;
#287 = CARTESIAN_POINT ( 'NONE',  ( 37.72260333095743300, 39.32546649969949500, 104.8513771633916500 ) ) ;
#288 = DIRECTION ( 'NONE',  ( 0.0000000000000000000, 0.0000000000000000000, 1.000000000000000000 ) ) ;
#289 = AXIS2_PLACEMENT_3D ( 'NONE', #681, #2928, #1003 ) ;
#290 = VERTEX_POINT ( 'NONE', #1384 ) ;
#291 = CARTESIAN_POINT ( 'NONE',  ( 49.84377692026223600, 42.11574451224525000, 107.6346031914313400 ) ) ;
#292 = CARTESIAN_POINT ( 'NONE',  ( -17.72930008502348500, 2.553388576222231200E-015, -20.85000000000000100 ) ) ;
#293 = CARTESIAN_POINT ( 'NONE',  ( 57.61166777659259000, 28.63319416523543700, 133.5918182317368800 ) ) ;
#294 = CARTESIAN_POINT ( 'NONE',  ( 50.67219133302751300, 42.66594368013704000, 108.5940816853093500 ) ) ;
#295 = CARTESIAN_POINT ( 'NONE',  ( 26.96379522493474900, 56.38167735574703000, 134.3936009506740000 ) ) ;
#296 = CARTESIAN_POINT ( 'NONE',  ( 35.11836058040589100, 66.29918910489270400, 36.08009941648120400 ) ) ;
#297 = ORIENTED_EDGE ( 'NONE', *, *, #3077, .T. ) ;
#298 = DIRECTION ( 'NONE',  ( 0.0000000000000000000, 0.0000000000000000000, 1.000000000000000000 ) ) ;
#299 = CARTESIAN_POINT ( 'NONE',  ( 35.11836058040589100, 66.29918910489270400, 8.404536424704442500 ) ) ;
#300 = DIRECTION ( 'NONE',  ( 0.0000000000000000000, 0.0000000000000000000, -1.000000000000000000 ) ) ;
#301 = CARTESIAN_POINT ( 'NONE',  ( 35.11836058040589100, 38.64847481948074700, 101.5682959393823000 ) ) ;
#302 = DIRECTION ( 'NONE',  ( 0.0000000000000000000, 0.0000000000000000000, 1.000000000000000000 ) ) ;
#303 = FACE_BOUND ( 'NONE', #1123, .T. ) ;
#304 = LOCAL_TIME ( 13, 17, 30.00000000000000000, #1146 ) ;
#305 = AXIS2_PLACEMENT_3D ( 'NONE', #3774, #2225, #1564 ) ;
#306 = FACE_OUTER_BOUND ( 'NONE', #706, .T. ) ;
#307 = CONICAL_SURFACE ( 'NONE', #1322, 26.18499999999999500, 0.2094395102393202800 ) ;
#308 = PERSON_AND_ORGANIZATION ( #1808, #1949 ) ;
#309 = EDGE_CURVE ( 'NONE', #3722, #330, #163, .T. ) ;
#310 = PRODUCT_RELATED_PRODUCT_CATEGORY ( 'detail', '', ( #1527 ) ) ;
#311 = DATE_AND_TIME ( #1153, #1994 ) ;
#312 = ORIENTED_EDGE ( 'NONE', *, *, #1908, .T. ) ;
#313 = CARTESIAN_POINT ( 'NONE',  ( 54.91578250414236400, 48.80610163904349700, 121.2723189127583900 ) ) ;
#314 = ORIENTED_EDGE ( 'NONE', *, *, #3040, .F. ) ;
#315 = LINE ( 'NONE', #2922, #1820 ) ;
#316 = ORIENTED_EDGE ( 'NONE', *, *, #4071, .T. ) ;
#317 = CARTESIAN_POINT ( 'NONE',  ( 35.11836058040589100, 28.19918910489271700, 85.58009941648120400 ) ) ;
#318 = AXIS2_PLACEMENT_3D ( 'NONE', #1117, #1139, #1167 ) ;
#319 = ORIENTED_EDGE ( 'NONE', *, *, #3512, .F. ) ;
#320 = CARTESIAN_POINT ( 'NONE',  ( 21.34581937713133800, 39.97994343456967700, 105.9849644669687800 ) ) ;
#321 = ORIENTED_EDGE ( 'NONE', *, *, #146, .F. ) ;
#322 = EDGE_CURVE ( 'NONE', #972, #1661, #3203, .T. ) ;
#323 = CARTESIAN_POINT ( 'NONE',  ( 18.30746396187439400, 43.68321578293414100, 110.3667881743467200 ) ) ;
#324 = VERTEX_POINT ( 'NONE', #455 ) ;
#325 = VERTEX_POINT ( 'NONE', #531 ) ;
#326 = DIRECTION ( 'NONE',  ( -0.0000000000000000000, -0.8660254037844397100, 0.4999999999999980600 ) ) ;
#327 = CARTESIAN_POINT ( 'NONE',  ( 54.06750367539659400, 48.81902932120073000, 119.2985007946836900 ) ) ;
#328 = CARTESIAN_POINT ( 'NONE',  ( 15.23264882704851300, 46.16210253063080400, 116.6927781218207700 ) ) ;
#329 = AXIS2_PLACEMENT_3D ( 'NONE', #345, #332, #645 ) ;
#330 = VERTEX_POINT ( 'NONE', #376 ) ;
#331 = ADVANCED_FACE ( 'NONE', ( #3522 ), #3252, .F. ) ;
#332 = DIRECTION ( 'NONE',  ( -0.0000000000000000000, -0.8660254037844397100, 0.4999999999999980600 ) ) ;
#333 = PLANE ( 'NONE',  #3112 ) ;
#334 = ORIENTED_EDGE ( 'NONE', *, *, #3330, .F. ) ;
#335 = DIRECTION ( 'NONE',  ( -0.0000000000000000000, -0.8660254037844397100, 0.4999999999999980600 ) ) ;
#336 = CC_DESIGN_PERSON_AND_ORGANIZATION_ASSIGNMENT ( #20, #3281, ( #3581 ) ) ;
#337 = ORIENTED_EDGE ( 'NONE', *, *, #3457, .F. ) ;
#338 = EDGE_CURVE ( 'NONE', #578, #879, #3434, .T. ) ;
#339 = DIRECTION ( 'NONE',  ( 1.000000000000000000, -0.0000000000000000000, -0.0000000000000000000 ) ) ;
#340 = CARTESIAN_POINT ( 'NONE',  ( 54.06939641646688700, 47.95468290995977900, 119.7976184154760700 ) ) ;
#341 = CARTESIAN_POINT ( 'NONE',  ( 26.80929087992127100, 56.64594878749723300, 132.8834175550786900 ) ) ;
#342 = ORIENTED_EDGE ( 'NONE', *, *, #1824, .F. ) ;
#343 = ORIENTED_EDGE ( 'NONE', *, *, #2412, .F. ) ;
#344 = EDGE_CURVE ( 'NONE', #153, #624, #2805, .T. ) ;
#345 = CARTESIAN_POINT ( 'NONE',  ( 35.11836058040587700, 47.24918910489267200, 118.5756673006683300 ) ) ;
#346 =( LENGTH_UNIT ( ) NAMED_UNIT ( * ) SI_UNIT ( .MILLI., .METRE. ) );
#347 = LINE ( 'NONE', #2893, #1096 ) ;
#348 = EDGE_CURVE ( 'NONE', #3537, #434, #2703, .T. ) ;
#349 = CIRCLE ( 'NONE', #3046, 27.87499999999998600 ) ;
#350 = CARTESIAN_POINT ( 'NONE',  ( -17.90819268389989800, 0.0000000000000000000, 0.0000000000000000000 ) ) ;
#351 = DIRECTION ( 'NONE',  ( 0.0000000000000000000, 0.0000000000000000000, -1.000000000000000000 ) ) ;
#352 = DATE_AND_TIME ( #1188, #2035 ) ;
#353 = AXIS2_PLACEMENT_3D ( 'NONE', #1851, #1868, #1330 ) ;
#354 = CIRCLE ( 'NONE', #2496, 20.00000000000000000 ) ;
#355 = CALENDAR_DATE ( 2014, 15, 12 ) ;
#356 = AXIS2_PLACEMENT_3D ( 'NONE', #2499, #583, #2831 ) ;
#357 = CIRCLE ( 'NONE', #182, 18.99999999999999600 ) ;
#358 = DIRECTION ( 'NONE',  ( 0.0000000000000000000, 0.0000000000000000000, 1.000000000000000000 ) ) ;
#359 = CYLINDRICAL_SURFACE ( 'NONE', #3133, 27.12499999999998600 ) ;
#360 = SHAPE_DEFINITION_REPRESENTATION ( #2742, #612 ) ;
#361 = ORIENTED_EDGE ( 'NONE', *, *, #173, .T. ) ;
#362 = VERTEX_POINT ( 'NONE', #240 ) ;
#363 = CYLINDRICAL_SURFACE ( 'NONE', #576, 20.85000000000000100 ) ;
#364 = DIRECTION ( 'NONE',  ( 0.0000000000000000000, 0.0000000000000000000, -1.000000000000000000 ) ) ;
#365 = DIRECTION ( 'NONE',  ( 1.000000000000000000, -0.0000000000000000000, -0.0000000000000000000 ) ) ;
#366 = CARTESIAN_POINT ( 'NONE',  ( 21.29792579160377700, 54.64739635115173400, 129.4163367252118600 ) ) ;
#367 = ORIENTED_EDGE ( 'NONE', *, *, #884, .T. ) ;
#368 = ORIENTED_EDGE ( 'NONE', *, *, #2813, .F. ) ;
#369 = DIRECTION ( 'NONE',  ( 1.000000000000000000, -0.0000000000000000000, -0.0000000000000000000 ) ) ;
#370 = ORIENTED_EDGE ( 'NONE', *, *, #1327, .T. ) ;
#371 = CARTESIAN_POINT ( 'NONE',  ( -20.40819268389990200, 0.0000000000000000000, 0.0000000000000000000 ) ) ;
#372 = DIRECTION ( 'NONE',  ( 1.000000000000000000, 0.0000000000000000000, 0.0000000000000000000 ) ) ;
#373 = EDGE_CURVE ( 'NONE', #3376, #3136, #3715, .T. ) ;
#374 = DIRECTION ( 'NONE',  ( -1.000000000000000000, 0.0000000000000000000, 0.0000000000000000000 ) ) ;
#375 = ORIENTED_EDGE ( 'NONE', *, *, #1782, .F. ) ;
#376 = CARTESIAN_POINT ( 'NONE',  ( -17.90819268389989100, 0.0000000000000000000, -24.12500000000000400 ) ) ;
#377 = DIRECTION ( 'NONE',  ( 0.0000000000000000000, 0.0000000000000000000, -1.000000000000000000 ) ) ;
#378 = AXIS2_PLACEMENT_3D ( 'NONE', #2071, #191, #2406 ) ;
#379 = ORIENTED_EDGE ( 'NONE', *, *, #656, .T. ) ;
#380 = ADVANCED_FACE ( 'NONE', ( #2970 ), #3154, .F. ) ;
#381 = APPLICATION_CONTEXT ( 'configuration controlled 3d designs of mechanical parts and assemblies' ) ;
#382 = CC_DESIGN_APPROVAL ( #192, ( #3638 ) ) ;
#383 = ORIENTED_EDGE ( 'NONE', *, *, #1908, .F. ) ;
#384 = EDGE_CURVE ( 'NONE', #1916, #2980, #2872, .T. ) ;
#385 = DIRECTION ( 'NONE',  ( 0.0000000000000000000, 0.0000000000000000000, 1.000000000000000000 ) ) ;
#386 = DIRECTION ( 'NONE',  ( 0.9237280213470681100, 0.3830490080632377200, 0.0000000000000000000 ) ) ;
#387 = CARTESIAN_POINT ( 'NONE',  ( 51.36208421527407400, 53.06752908623458600, 126.6749086553113700 ) ) ;
#388 = FACE_BOUND ( 'NONE', #2691, .T. ) ;
#389 = VECTOR ( 'NONE', #2252, 1000.000000000000100 ) ;
#390 = PLANE ( 'NONE',  #976 ) ;
#391 = FACE_OUTER_BOUND ( 'NONE', #3546, .T. ) ;
#392 = CARTESIAN_POINT ( 'NONE',  ( -57.10819268389989400, 3.413702952623245400E-015, 27.87499999999998600 ) ) ;
#393 = PRODUCT_DEFINITION_SHAPE ( 'NONE', 'NONE',  #2558 ) ;
#394 = PERSON_AND_ORGANIZATION_ROLE ( 'design_supplier' ) ;
#395 = CONTEXT_DEPENDENT_SHAPE_REPRESENTATION ( #3639, #1457 ) ;
#396 = EDGE_CURVE ( 'NONE', #3282, #514, #2912, .T. ) ;
#397 = CARTESIAN_POINT ( 'NONE',  ( 26.74201274660107000, 38.15000284840220200, 102.8154143968943100 ) ) ;
#398 = PRODUCT ( 'PL-24-60-WF', 'PL-24-60-WF', '', ( #710 ) ) ;
#399 = ORIENTED_EDGE ( 'NONE', *, *, #3788, .T. ) ;
#400 = LOCAL_TIME ( 13, 17, 30.00000000000000000, #1247 ) ;
#401 = DIRECTION ( 'NONE',  ( 0.0000000000000000000, 0.0000000000000000000, 1.000000000000000000 ) ) ;
#402 = ADVANCED_FACE ( 'NONE', ( #2756, #2657 ), #2682, .T. ) ;
#403 = ORIENTED_EDGE ( 'NONE', *, *, #3262, .F. ) ;
#404 = AXIS2_PLACEMENT_3D ( 'NONE', #1891, #2528, #1555 ) ;
#405 = DIRECTION ( 'NONE',  ( 0.0000000000000000000, 0.0000000000000000000, -1.000000000000000000 ) ) ;
#406 = CARTESIAN_POINT ( 'NONE',  ( 48.21124162692924400, 54.98991122113508800, 130.0105746895972100 ) ) ;
#407 = CARTESIAN_POINT ( 'NONE',  ( 21.49799070788588300, 54.59680273841429700, 131.3021074283136000 ) ) ;
#408 = AXIS2_PLACEMENT_3D ( 'NONE', #3682, #3768, #164 ) ;
#409 = PERSON_AND_ORGANIZATION ( #1808, #1949 ) ;
#410 = VERTEX_POINT ( 'NONE', #2769 ) ;
#411 = CC_DESIGN_APPROVAL ( #214, ( #854 ) ) ;
#412 = PERSON_AND_ORGANIZATION_ROLE ( 'creator' ) ;
#413 = FACE_OUTER_BOUND ( 'NONE', #3645, .T. ) ;
#414 = CARTESIAN_POINT ( 'NONE',  ( 16.58576378192043800, 45.13942770817647700, 114.9214533697067400 ) ) ;
#415 = ORIENTED_EDGE ( 'NONE', *, *, #3641, .F. ) ;
#416 = CARTESIAN_POINT ( 'NONE',  ( -53.30290323835134800, 0.0000000000000000000, 0.0000000000000000000 ) ) ;
#417 = PLANE ( 'NONE',  #1462 ) ;
#418 = CARTESIAN_POINT ( 'NONE',  ( 35.11836058040589100, 28.19918910489271700, 85.58009941648120400 ) ) ;
#419 = ORIENTED_EDGE ( 'NONE', *, *, #3773, .T. ) ;
#420 = CARTESIAN_POINT ( 'NONE',  ( 35.11836058040589100, 66.29918910489270400, -0.1199005835188088300 ) ) ;
#421 = CARTESIAN_POINT ( 'NONE',  ( 55.06482699614975500, 47.99209421051623500, 119.8624166888106800 ) ) ;
#422 = CARTESIAN_POINT ( 'NONE',  ( 35.86662564991505800, 57.60915269033405700, 134.5541054477290900 ) ) ;
#423 = ORIENTED_EDGE ( 'NONE', *, *, #561, .F. ) ;
#424 = ADVANCED_FACE ( 'NONE', ( #3294 ), #564, .T. ) ;
#425 = EDGE_LOOP ( 'NONE', ( #2677, #3385 ) ) ;
#426 = PERSON_AND_ORGANIZATION_ROLE ( 'design_owner' ) ;
#427 = DIRECTION ( 'NONE',  ( 0.0000000000000000000, 0.0000000000000000000, -1.000000000000000000 ) ) ;
#428 = CARTESIAN_POINT ( 'NONE',  ( 16.10996104325963800, 48.00672097596682200, 117.8872124042563000 ) ) ;
#429 = AXIS2_PLACEMENT_3D ( 'NONE', #2254, #2358, #1452 ) ;
#430 = DIRECTION ( 'NONE',  ( 0.0000000000000000000, -1.000000000000000000, -0.0000000000000000000 ) ) ;
#431 = CARTESIAN_POINT ( 'NONE',  ( 58.15865425799412900, 0.0000000000000000000, 0.0000000000000000000 ) ) ;
#432 = ORIENTED_EDGE ( 'NONE', *, *, #953, .T. ) ;
#433 = AXIS2_PLACEMENT_3D ( 'NONE', #1699, #427, #2011 ) ;
#434 = VERTEX_POINT ( 'NONE', #2908 ) ;
#435 = DATE_TIME_ROLE ( 'classification_date' ) ;
#436 = AXIS2_PLACEMENT_3D ( 'NONE', #3811, #3961, #2545 ) ;
#437 = APPROVAL ( #2093, 'UNKNOWN' ) ;
#438 = ORIENTED_EDGE ( 'NONE', *, *, #344, .T. ) ;
#439 = DIRECTION ( 'NONE',  ( 0.0000000000000000000, 0.0000000000000000000, -1.000000000000000000 ) ) ;
#440 = EDGE_CURVE ( 'NONE', #4001, #689, #2611, .T. ) ;
#441 = CIRCLE ( 'NONE', #897, 18.29999999999999000 ) ;
#442 = CARTESIAN_POINT ( 'NONE',  ( -29.72930008502348500, 2.553388576222231200E-015, -20.85000000000000100 ) ) ;
#443 = ADVANCED_FACE ( 'NONE', ( #2868 ), #1909, .T. ) ;
#444 = CARTESIAN_POINT ( 'NONE',  ( 0.0000000000000000000, 0.0000000000000000000, 0.0000000000000000000 ) ) ;
#445 = DIRECTION ( 'NONE',  ( -0.0000000000000000000, -0.0000000000000000000, 1.000000000000000000 ) ) ;
#446 = CIRCLE ( 'NONE', #733, 22.04000000000000300 ) ;
#447 = CIRCLE ( 'NONE', #2024, 27.87499999999998600 ) ;
#448 = CARTESIAN_POINT ( 'NONE',  ( 46.89249496922516900, 55.33469576410448800, 132.5801756393598200 ) ) ;
#449 = PERSON_AND_ORGANIZATION ( #1808, #1949 ) ;
#450 = EDGE_CURVE ( 'NONE', #2270, #3187, #1915, .T. ) ;
#451 = CARTESIAN_POINT ( 'NONE',  ( 15.36370105077497300, 45.67187511353970600, 115.8436793281557400 ) ) ;
#452 = CARTESIAN_POINT ( 'NONE',  ( 34.33859939356730000, 37.22115224116099300, 101.2065979525113700 ) ) ;
#453 = APPROVAL_ROLE ( '' ) ;
#454 = DATE_AND_TIME ( #1295, #2140 ) ;
#455 = CARTESIAN_POINT ( 'NONE',  ( -49.10930008502348400, 2.830771076229107100E-015, -23.11499999999999800 ) ) ;
#456 = CIRCLE ( 'NONE', #254, 18.99999999999999600 ) ;
#457 = DIRECTION ( 'NONE',  ( 0.0000000000000000000, -0.8660254037844398200, 0.4999999999999980000 ) ) ;
#458 = AXIS2_PLACEMENT_3D ( 'NONE', #792, #4090, #1449 ) ;
#459 = DIRECTION ( 'NONE',  ( 0.7071067811865352500, 0.0000000000000000000, -0.7071067811865597900 ) ) ;
#460 = CARTESIAN_POINT ( 'NONE',  ( 33.13584447043858500, 37.81555651890229100, 102.2361363617955700 ) ) ;
#461 = EDGE_LOOP ( 'NONE', ( #633, #93, #2112, #588, #2201 ) ) ;
#462 = CIRCLE ( 'NONE', #1001, 26.12499999999998200 ) ;
#463 = CC_DESIGN_DATE_AND_TIME_ASSIGNMENT ( #71, #435, ( #52 ) ) ;
#464 = ADVANCED_FACE ( 'NONE', ( #3912 ), #1946, .F. ) ;
#465 = ORIENTED_EDGE ( 'NONE', *, *, #3025, .F. ) ;
#466 = DIRECTION ( 'NONE',  ( -0.0000000000000000000, -0.0000000000000000000, 1.000000000000000000 ) ) ;
#467 = EDGE_LOOP ( 'NONE', ( #2973, #573, #2338, #2388 ) ) ;
#468 = APPROVAL_STATUS ( 'not_yet_approved' ) ;
#469 = FACE_OUTER_BOUND ( 'NONE', #2377, .T. ) ;
#470 = EDGE_CURVE ( 'NONE', #4040, #117, #2044, .T. ) ;
#471 = CARTESIAN_POINT ( 'NONE',  ( -41.35930008502347700, 0.0000000000000000000, 0.0000000000000000000 ) ) ;
#472 = ORIENTED_EDGE ( 'NONE', *, *, #1508, .F. ) ;
#473 = DIRECTION ( 'NONE',  ( 0.0000000000000000000, 0.0000000000000000000, 1.000000000000000000 ) ) ;
#474 = CARTESIAN_POINT ( 'NONE',  ( -17.90819268389989800, 0.0000000000000000000, 0.0000000000000000000 ) ) ;
#475 = EDGE_LOOP ( 'NONE', ( #3357, #2536, #2624, #1024, #2565 ) ) ;
#476 = CARTESIAN_POINT ( 'NONE',  ( 15.39403707197390100, 48.93022986275268900, 121.4873153028760000 ) ) ;
#477 =( REPRESENTATION_RELATIONSHIP ('NONE','NONE', #1351, #1543 ) REPRESENTATION_RELATIONSHIP_WITH_TRANSFORMATION ( #1839 )SHAPE_REPRESENTATION_RELATIONSHIP( ) );
#478 = VERTEX_POINT ( 'NONE', #1765 ) ;
#479 = AXIS2_PLACEMENT_3D ( 'NONE', #14, #3790, #1291 ) ;
#480 = EDGE_CURVE ( 'NONE', #1026, #3356, #1641, .T. ) ;
#481 = ORIENTED_EDGE ( 'NONE', *, *, #2426, .T. ) ;
#482 = CARTESIAN_POINT ( 'NONE',  ( 16.05999999999999900, 38.10000000000000100, -44.00000000000000000 ) ) ;
#483 = CARTESIAN_POINT ( 'NONE',  ( 60.86727917545540800, 76.97668020465545200, 38.58009941648120400 ) ) ;
#484 = ADVANCED_FACE ( 'NONE', ( #2052, #1904 ), #3305, .T. ) ;
#485 = AXIS2_PLACEMENT_3D ( 'NONE', #2259, #2229, #1038 ) ;
#486 = ORIENTED_EDGE ( 'NONE', *, *, #3723, .F. ) ;
#487 = CARTESIAN_POINT ( 'NONE',  ( 10.46595147208363300, 56.07639555843173400, 4.246302608349267000 ) ) ;
#488 = CARTESIAN_POINT ( 'NONE',  ( 31.89154156121758300, 37.88070713998081400, 102.3489805475908000 ) ) ;
#489 = CARTESIAN_POINT ( 'NONE',  ( 51.50106127291539300, 53.01801939993732300, 128.5675744719282800 ) ) ;
#490 = AXIS2_PLACEMENT_3D ( 'NONE', #3224, #1311, #3520 ) ;
#491 = CARTESIAN_POINT ( 'NONE',  ( -29.72930008502348500, 2.903637560778374600E-015, -23.71000000000000100 ) ) ;
#492 = CARTESIAN_POINT ( 'NONE',  ( 51.37151921737578400, 52.21334546853356800, 127.1738383392321900 ) ) ;
#493 = CARTESIAN_POINT ( 'NONE',  ( 49.95343260323981100, 72.45095617438829500, 85.58009941648120400 ) ) ;
#494 = CARTESIAN_POINT ( 'NONE',  ( 20.28328855757198600, 60.14742203539710600, -76.68674752541282700 ) ) ;
#495 = FACE_OUTER_BOUND ( 'NONE', #540, .T. ) ;
#496 = CYLINDRICAL_SURFACE ( 'NONE', #2681, 26.18499999999999200 ) ;
#497 = DATE_AND_TIME ( #1343, #2191 ) ;
#498 = DIRECTION ( 'NONE',  ( -0.9781476007338055800, 0.0000000000000000000, 0.2079116908177600400 ) ) ;
#499 = LINE ( 'NONE', #2304, #852 ) ;
#500 = DIRECTION ( 'NONE',  ( 0.9237280213470681100, 0.3830490080632377200, 0.0000000000000000000 ) ) ;
#501 = VERTEX_POINT ( 'NONE', #3096 ) ;
#502 = CALENDAR_DATE ( 2014, 15, 12 ) ;
#503 = CONICAL_SURFACE ( 'NONE', #3319, 26.18499999999998800, 0.2094395102393202800 ) ;
#504 = CARTESIAN_POINT ( 'NONE',  ( 35.11836058040589100, 66.29918910489270400, -0.1199005835188088300 ) ) ;
#505 = CIRCLE ( 'NONE', #3866, 16.05999999999999200 ) ;
#506 = ADVANCED_FACE ( 'NONE', ( #2808 ), #714, .F. ) ;
#507 = LOCAL_TIME ( 13, 17, 30.00000000000000000, #1350 ) ;
#508 = CARTESIAN_POINT ( 'NONE',  ( 35.11836058040589100, 66.29918910489270400, 27.70009941648121600 ) ) ;
#509 = PERSON_AND_ORGANIZATION_ROLE ( 'classification_officer' ) ;
#510 = DIRECTION ( 'NONE',  ( -0.0000000000000000000, -0.0000000000000000000, 1.000000000000000000 ) ) ;
#511 = FACE_OUTER_BOUND ( 'NONE', #1016, .T. ) ;
#512 = SHAPE_REPRESENTATION_RELATIONSHIP ( 'NONE' , 'NONE' ,  #1543, #896 ) ;
#513 = ORIENTED_EDGE ( 'NONE', *, *, #2396, .F. ) ;
#514 = VERTEX_POINT ( 'NONE', #84 ) ;
#515 = AXIS2_PLACEMENT_3D ( 'NONE', #1943, #56, #2267 ) ;
#516 = DIRECTION ( 'NONE',  ( 0.0000000000000000000, 0.0000000000000000000, 1.000000000000000000 ) ) ;
#517 = ORIENTED_EDGE ( 'NONE', *, *, #3940, .F. ) ;
#518 = CARTESIAN_POINT ( 'NONE',  ( 35.11836058040589100, 66.29918910489270400, -0.6199005835188022800 ) ) ;
#519 = CARTESIAN_POINT ( 'NONE',  ( 53.88228232636511400, 46.49583064632431500, 115.2611475465727200 ) ) ;
#520 = EDGE_CURVE ( 'NONE', #2455, #362, #505, .T. ) ;
#521 = DIRECTION ( 'NONE',  ( 0.0000000000000000000, -0.0000000000000000000, 1.000000000000000000 ) ) ;
#522 = ORIENTED_EDGE ( 'NONE', *, *, #149, .T. ) ;
#523 = CC_DESIGN_SECURITY_CLASSIFICATION ( #2629, ( #4092 ) ) ;
#524 = CARTESIAN_POINT ( 'NONE',  ( 54.08830726761551200, 48.66402891300853600, 119.0292317293180600 ) ) ;
#525 = CARTESIAN_POINT ( 'NONE',  ( 16.37619912005294500, 48.84612685638520400, 121.3416446227815000 ) ) ;
#526 = EDGE_CURVE ( 'NONE', #579, #2146, #1541, .T. ) ;
#527 = ORIENTED_EDGE ( 'NONE', *, *, #1720, .F. ) ;
#528 = DIRECTION ( 'NONE',  ( 0.0000000000000000000, -0.0000000000000000000, 1.000000000000000000 ) ) ;
#529 = DIRECTION ( 'NONE',  ( 1.000000000000000000, 0.0000000000000000000, 0.0000000000000000000 ) ) ;
#530 = ADVANCED_FACE ( 'NONE', ( #2269 ), #2101, .F. ) ;
#531 = CARTESIAN_POINT ( 'NONE',  ( -54.60819268389989400, 0.0000000000000000000, -27.87499999999998600 ) ) ;
#532 = FACE_OUTER_BOUND ( 'NONE', #2923, .T. ) ;
#533 = CARTESIAN_POINT ( 'NONE',  ( 54.08980075417605300, 47.79930640339866700, 119.5284984118063500 ) ) ;
#534 = AXIS2_PLACEMENT_3D ( 'NONE', #1334, #655, #562 ) ;
#535 = CARTESIAN_POINT ( 'NONE',  ( -49.10930008502348400, 0.0000000000000000000, 0.0000000000000000000 ) ) ;
#536 = EDGE_CURVE ( 'NONE', #822, #793, #3858, .T. ) ;
#537 = DIRECTION ( 'NONE',  ( -0.1621570828487895200, 0.4933824785300863800, 0.8545635203783740200 ) ) ;
#538 = PERSON ( 'NAUO-PER1', 'UNSPECIFIED', 'UNSPECIFIED', ('UNSPECIFIED'), ('UNSPECIFIED'), ('UNSPECIFIED') ) ;
#539 = ORIENTED_EDGE ( 'NONE', *, *, #526, .T. ) ;
#540 = EDGE_LOOP ( 'NONE', ( #2587, #1475 ) ) ;
#541 = CARTESIAN_POINT ( 'NONE',  ( 10.06223800136668200, 55.90898476117737900, 36.08009941648120400 ) ) ;
#542 = ORIENTED_EDGE ( 'NONE', *, *, #480, .T. ) ;
#543 = DIRECTION ( 'NONE',  ( 0.9237280213470681100, 0.3830490080632378300, 0.0000000000000000000 ) ) ;
#544 = CIRCLE ( 'NONE', #3754, 26.18499999999998800 ) ;
#545 = SECURITY_CLASSIFICATION ( '', '', #1367 ) ;
#546 = FACE_OUTER_BOUND ( 'NONE', #1399, .T. ) ;
#547 = CARTESIAN_POINT ( 'NONE',  ( -60.10819268389990100, 26.12499999999998600, 0.0000000000000000000 ) ) ;
#548 = CARTESIAN_POINT ( 'NONE',  ( 35.11836058040587700, 16.44154506996448700, 136.3624688773321900 ) ) ;
#549 = EDGE_CURVE ( 'NONE', #1448, #3396, #3757, .T. ) ;
#550 = CARTESIAN_POINT ( 'NONE',  ( 55.11443698122551600, 47.50008396948698000, 119.0102299535038000 ) ) ;
#551 = CIRCLE ( 'NONE', #515, 16.05999999999999900 ) ;
#552 = CARTESIAN_POINT ( 'NONE',  ( -53.30290323835134800, 0.0000000000000000000, 0.0000000000000000000 ) ) ;
#553 = FACE_OUTER_BOUND ( 'NONE', #3634, .T. ) ;
#554 = AXIS2_PLACEMENT_3D ( 'NONE', #3983, #2569, #19 ) ;
#555 = LOCAL_TIME ( 13, 17, 30.00000000000000000, #1389 ) ;
#556 = CARTESIAN_POINT ( 'NONE',  ( 38.96310501475068100, 8.375213368188607200, 114.0039662324970200 ) ) ;
#557 = CARTESIAN_POINT ( 'NONE',  ( -40.35930008502347700, 1.966782759430649000E-015, -16.05999999999999900 ) ) ;
#558 = FACE_BOUND ( 'NONE', #2178, .T. ) ;
#559 = CARTESIAN_POINT ( 'NONE',  ( -41.35930008502347700, 0.0000000000000000000, 0.0000000000000000000 ) ) ;
#560 = PERSON_AND_ORGANIZATION ( #1808, #1949 ) ;
#561 = EDGE_CURVE ( 'NONE', #362, #2455, #1801, .T. ) ;
#562 = DIRECTION ( 'NONE',  ( 0.0000000000000000000, 0.0000000000000000000, -1.000000000000000000 ) ) ;
#563 = CARTESIAN_POINT ( 'NONE',  ( 19.57070899044281000, 42.62879140066170400, 108.5295212400837800 ) ) ;
#564 = CYLINDRICAL_SURFACE ( 'NONE', #1401, 23.71000000000000100 ) ;
#565 = ORIENTED_EDGE ( 'NONE', *, *, #2917, .F. ) ;
#566 = CARTESIAN_POINT ( 'NONE',  ( 37.10678201840323700, 57.54395787885783200, 134.4410290839698800 ) ) ;
#567 = ORIENTED_EDGE ( 'NONE', *, *, #752, .T. ) ;
#568 = CARTESIAN_POINT ( 'NONE',  ( 38.96310501475068100, 4.743446504016143100, 116.1007678091609400 ) ) ;
#569 = FACE_OUTER_BOUND ( 'NONE', #1987, .T. ) ;
#570 = VECTOR ( 'NONE', #946, 1000.000000000000000 ) ;
#571 = AXIS2_PLACEMENT_3D ( 'NONE', #1010, #3231, #1075 ) ;
#572 = CARTESIAN_POINT ( 'NONE',  ( 0.0000000000000000000, 19.04999999999992600, 32.99556788418716000 ) ) ;
#573 = ORIENTED_EDGE ( 'NONE', *, *, #1092, .T. ) ;
#574 = CARTESIAN_POINT ( 'NONE',  ( 33.02513715631019400, 37.29037051607338100, 101.3264875214718600 ) ) ;
#575 = DIRECTION ( 'NONE',  ( 0.0000000000000000000, 0.0000000000000000000, -1.000000000000000000 ) ) ;
#576 = AXIS2_PLACEMENT_3D ( 'NONE', #3125, #2809, #1201 ) ;
#577 = CARTESIAN_POINT ( 'NONE',  ( 47.92349455809566200, 55.14223139766250600, 130.2748499175841100 ) ) ;
#578 = VERTEX_POINT ( 'NONE', #1716 ) ;
#579 = VERTEX_POINT ( 'NONE', #2613 ) ;
#580 = CARTESIAN_POINT ( 'NONE',  ( 54.12013263583182300, 48.19586338277788700, 118.2158433012248200 ) ) ;
#581 = EDGE_LOOP ( 'NONE', ( #2098, #1061, #3698, #2094, #1316 ) ) ;
#582 = CARTESIAN_POINT ( 'NONE',  ( 38.27426874967095200, 37.35535486352305400, 101.4390437129513900 ) ) ;
#583 = DIRECTION ( 'NONE',  ( 0.0000000000000000000, -1.000000000000000000, 0.0000000000000000000 ) ) ;
#584 = PERSON ( 'NAUO-PER4', 'UNSPECIFIED', 'UNSPECIFIED', ('UNSPECIFIED'), ('UNSPECIFIED'), ('UNSPECIFIED') ) ;
#585 = EDGE_LOOP ( 'NONE', ( #539, #1551, #337, #968 ) ) ;
#586 = CARTESIAN_POINT ( 'NONE',  ( 54.12678709691916600, 48.21303360101872200, 118.2456959819695300 ) ) ;
#587 = CARTESIAN_POINT ( 'NONE',  ( 18.11133328161854900, 52.34787600519655400, 125.4258682243479800 ) ) ;
#588 = ORIENTED_EDGE ( 'NONE', *, *, #1577, .F. ) ;
#589 = CARTESIAN_POINT ( 'NONE',  ( 54.12037617309819400, 47.33001277379014500, 118.7156580016485300 ) ) ;
#590 = CARTESIAN_POINT ( 'NONE',  ( -40.35930008502347700, 0.0000000000000000000, 0.0000000000000000000 ) ) ;
#591 = AXIS2_PLACEMENT_3D ( 'NONE', #2343, #761, #3320 ) ;
#592 = VECTOR ( 'NONE', #928, 1000.000000000000000 ) ;
#593 = CARTESIAN_POINT ( 'NONE',  ( 23.33873449106057100, 39.12994078667541200, 104.5127166942478100 ) ) ;
#594 = AXIS2_PLACEMENT_3D ( 'NONE', #504, #2740, #833 ) ;
#595 = DIRECTION ( 'NONE',  ( 0.0000000000000000000, 0.0000000000000000000, -1.000000000000000000 ) ) ;
#596 = DESIGN_CONTEXT ( 'detailed design', #3870, 'design' ) ;
#597 = CALENDAR_DATE ( 2014, 15, 12 ) ;
#598 = CC_DESIGN_SECURITY_CLASSIFICATION ( #3638, ( #2606 ) ) ;
#599 = CARTESIAN_POINT ( 'NONE',  ( 48.63904192294911200, 41.44872175378105100, 106.4704946112376100 ) ) ;
#600 = CARTESIAN_POINT ( 'NONE',  ( 0.0000000000000000000, 0.0000000000000000000, 0.0000000000000000000 ) ) ;
#601 = DIRECTION ( 'NONE',  ( -0.7071067811865376900, 0.0000000000000000000, -0.7071067811865574500 ) ) ;
#602 = EDGE_LOOP ( 'NONE', ( #3832, #3959, #2106, #241, #4028 ) ) ;
#603 = CARTESIAN_POINT ( 'NONE',  ( 35.11836058040589100, 66.29918910489270400, 27.70009941648121600 ) ) ;
#604 = DATE_AND_TIME ( #1441, #2292 ) ;
#605 = CARTESIAN_POINT ( 'NONE',  ( 55.08672551436684000, 47.82857636422967600, 119.5791954710981300 ) ) ;
#606 = CARTESIAN_POINT ( 'NONE',  ( -18.99999999999999600, 38.10000000000000100, 0.0000000000000000000 ) ) ;
#607 = CALENDAR_DATE ( 2014, 15, 12 ) ;
#608 = DIRECTION ( 'NONE',  ( -1.000000000000000000, 0.0000000000000000000, -0.0000000000000000000 ) ) ;
#609 = EDGE_LOOP ( 'NONE', ( #1178, #3969, #975, #1966, #70 ) ) ;
#610 = DIRECTION ( 'NONE',  ( 0.0000000000000000000, 0.0000000000000000000, -1.000000000000000000 ) ) ;
#611 = LINE ( 'NONE', #2736, #1255 ) ;
#612 = SHAPE_REPRESENTATION ( 'PL-24-ELBOW-ISSUE3', ( #3137 ), #3533 ) ;
#613 = ORIENTED_EDGE ( 'NONE', *, *, #1, .T. ) ;
#614 = LINE ( 'NONE', #3618, #1490 ) ;
#615 = DIRECTION ( 'NONE',  ( -0.0000000000000000000, -0.8660254037844397100, 0.4999999999999980600 ) ) ;
#616 = CARTESIAN_POINT ( 'NONE',  ( 54.11463316123781200, 48.35266499941050700, 118.4882836434126700 ) ) ;
#617 = CARTESIAN_POINT ( 'NONE',  ( 31.42198987686772300, 38.03166241155968000, 149.8704427476933200 ) ) ;
#618 = AXIS2_PLACEMENT_3D ( 'NONE', #3177, #1565, #636 ) ;
#619 = ORIENTED_EDGE ( 'NONE', *, *, #740, .F. ) ;
#620 = AXIS2_PLACEMENT_3D ( 'NONE', #112, #3578, #132 ) ;
#621 = ORIENTED_EDGE ( 'NONE', *, *, #848, .T. ) ;
#622 = CARTESIAN_POINT ( 'NONE',  ( 35.11836058040589100, 66.29918910489271900, 85.58009941648120400 ) ) ;
#623 = CC_DESIGN_PERSON_AND_ORGANIZATION_ASSIGNMENT ( #712, #2305, ( #854 ) ) ;
#624 = VERTEX_POINT ( 'NONE', #1749 ) ;
#625 = EDGE_CURVE ( 'NONE', #3282, #3396, #1630, .T. ) ;
#626 = CARTESIAN_POINT ( 'NONE',  ( -26.93262969212313600, 0.0000000000000000000, 0.0000000000000000000 ) ) ;
#627 = CARTESIAN_POINT ( 'NONE',  ( 24.19643079152259400, 40.33934419356283700, 104.5319919955687000 ) ) ;
#628 = DIRECTION ( 'NONE',  ( 0.0000000000000000000, 0.0000000000000000000, -1.000000000000000000 ) ) ;
#629 = CLOSED_SHELL ( 'NONE', ( #103, #3672, #1477, #768, #1134, #872, #193, #1093, #3005, #1658, #3392, #3987, #3311, #1284, #2711, #1979, #3369, #3893, #331, #3332, #1037, #2728, #1688, #2774, #2371, #2948, #3348, #3573 ) ) ;
#630 = B_SPLINE_CURVE_WITH_KNOTS ( 'NONE', 3,
 ( #2036, #3918, #2698, #783, #3018 ),
 .UNSPECIFIED., .F., .F.,
 ( 4, 1, 4 ),
 ( 0.0000000000000000000, 0.0009956542378066644500, 0.001991308475613328900 ),
 .UNSPECIFIED. ) ;
#631 = CARTESIAN_POINT ( 'NONE',  ( 54.11530567809642600, 47.48719292464620200, 118.9879020088738500 ) ) ;
#632 = CARTESIAN_POINT ( 'NONE',  ( 25.17308595944484000, 55.35422901997787900, 132.6140082309643200 ) ) ;
#633 = ORIENTED_EDGE ( 'NONE', *, *, #1299, .F. ) ;
#634 = ORIENTED_EDGE ( 'NONE', *, *, #1215, .T. ) ;
#635 = ORIENTED_EDGE ( 'NONE', *, *, #735, .F. ) ;
#636 = DIRECTION ( 'NONE',  ( 0.9237280213470682200, 0.3830490080632378300, 0.0000000000000000000 ) ) ;
#637 = CARTESIAN_POINT ( 'NONE',  ( 26.96379522498273900, 56.38167735570436900, 134.3936009506001300 ) ) ;
#638 = FACE_OUTER_BOUND ( 'NONE', #2410, .T. ) ;
#639 = CARTESIAN_POINT ( 'NONE',  ( 17.81246711067038300, 51.22501753771221900, 125.4620041484916900 ) ) ;
#640 = CYLINDRICAL_SURFACE ( 'NONE', #2244, 22.79500000000000900 ) ;
#641 = AXIS2_PLACEMENT_3D ( 'NONE', #3814, #1981, #2945 ) ;
#642 = ORGANIZATION ( 'NAUO-ORG4', 'UNSPECIFIED', 'UNSPECIFIED' ) ;
#643 = LINE ( 'NONE', #805, #592 ) ;
#644 = AXIS2_PLACEMENT_3D ( 'NONE', #471, #2709, #796 ) ;
#645 = DIRECTION ( 'NONE',  ( 0.1621570828487896900, -0.4933824785300862700, -0.8545635203783741300 ) ) ;
#646 = LINE ( 'NONE', #2552, #952 ) ;
#647 = DIRECTION ( 'NONE',  ( 0.0000000000000000000, 0.0000000000000000000, -1.000000000000000000 ) ) ;
#648 = CALENDAR_DATE ( 2014, 15, 12 ) ;
#649 = CC_DESIGN_APPROVAL ( #437, ( #27 ) ) ;
#650 = LOCAL_TIME ( 13, 17, 30.00000000000000000, #1494 ) ;
#651 = CIRCLE ( 'NONE', #408, 1.000000000000004700 ) ;
#652 = CARTESIAN_POINT ( 'NONE',  ( 54.11836058040588400, 66.29918910489271900, 85.58009941648120400 ) ) ;
#654 = CARTESIAN_POINT ( 'NONE',  ( 15.82344350757163000, 49.89549093812922100, 123.1591965279967400 ) ) ;
#653 = DIRECTION ( 'NONE',  ( -0.0000000000000000000, -0.0000000000000000000, -1.000000000000000000 ) ) ;
#655 = DIRECTION ( 'NONE',  ( 1.000000000000000000, -0.0000000000000000000, -0.0000000000000000000 ) ) ;
#656 = EDGE_CURVE ( 'NONE', #3538, #324, #315, .T. ) ;
#657 = CARTESIAN_POINT ( 'NONE',  ( -22.77439587576796100, 0.0000000000000000000, 26.68795201467610000 ) ) ;
#658 = ORIENTED_EDGE ( 'NONE', *, *, #196, .F. ) ;
#659 = CARTESIAN_POINT ( 'NONE',  ( 59.30617881937886400, 76.32932738102857700, 1.880099416481206800 ) ) ;
#660 = ORIENTED_EDGE ( 'NONE', *, *, #3853, .T. ) ;
#661 = EDGE_CURVE ( 'NONE', #1775, #280, #1756, .T. ) ;
#662 = CIRCLE ( 'NONE', #3600, 17.06000000000001300 ) ;
#663 = CYLINDRICAL_SURFACE ( 'NONE', #786, 27.87499999999999300 ) ;
#664 =( NAMED_UNIT ( * ) SI_UNIT ( $, .STERADIAN. ) SOLID_ANGLE_UNIT ( ) );
#665 = EDGE_CURVE ( 'NONE', #3075, #2274, #1744, .T. ) ;
#666 = ORIENTED_EDGE ( 'NONE', *, *, #2890, .F. ) ;
#667 = CARTESIAN_POINT ( 'NONE',  ( 23.56711292560548200, 55.41459497716159900, 132.7185651358593900 ) ) ;
#668 = ORIENTED_EDGE ( 'NONE', *, *, #3382, .T. ) ;
#669 = CARTESIAN_POINT ( 'NONE',  ( -17.90819268389989800, 0.0000000000000000000, 18.29999999999999000 ) ) ;
#670 = AXIS2_PLACEMENT_3D ( 'NONE', #418, #1637, #516 ) ;
#672 = CARTESIAN_POINT ( 'NONE',  ( 15.27111306524592900, 45.99768273182241500, 116.4079946765144200 ) ) ;
#671 = CARTESIAN_POINT ( 'NONE',  ( 10.93054234143291800, 56.26905082875681800, -76.68674752541282700 ) ) ;
#673 = VERTEX_POINT ( 'NONE', #1320 ) ;
#674 = CARTESIAN_POINT ( 'NONE',  ( 35.11836058040589100, 66.29918910489270400, 3.671957845185369600 ) ) ;
#675 = AXIS2_PLACEMENT_3D ( 'NONE', #3591, #3685, #3543 ) ;
#676 = ORIENTED_EDGE ( 'NONE', *, *, #981, .T. ) ;
#677 = CARTESIAN_POINT ( 'NONE',  ( 35.11836058040589100, 66.29918910489271900, 41.58009941648120400 ) ) ;
#678 = CARTESIAN_POINT ( 'NONE',  ( -57.10819268389989400, 0.0000000000000000000, 0.0000000000000000000 ) ) ;
#679 = VERTEX_POINT ( 'NONE', #2037 ) ;
#680 = ORIENTED_EDGE ( 'NONE', *, *, #3103, .T. ) ;
#681 = CARTESIAN_POINT ( 'NONE',  ( 35.11836058040589100, 28.19918910489271700, 85.58009941648120400 ) ) ;
#682 = APPROVAL ( #2678, 'UNSPECIFIED' ) ;
#683 = VERTEX_POINT ( 'NONE', #3975 ) ;
#684 = EDGE_CURVE ( 'NONE', #1777, #3579, #2880, .T. ) ;
#685 = CARTESIAN_POINT ( 'NONE',  ( -29.72930008502348500, 0.0000000000000000000, 0.0000000000000000000 ) ) ;
#687 = CARTESIAN_POINT ( 'NONE',  ( -57.10819268389989400, 3.199389762772458500E-015, 26.12499999999998600 ) ) ;
#686 = DIRECTION ( 'NONE',  ( -0.1621570828487896000, 0.4933824785300860400, 0.8545635203783742400 ) ) ;
#688 = DIRECTION ( 'NONE',  ( -1.000000000000000000, -0.0000000000000000000, -0.0000000000000000000 ) ) ;
#689 = VERTEX_POINT ( 'NONE', #59 ) ;
#690 = ORIENTED_EDGE ( 'NONE', *, *, #1595, .F. ) ;
#691 = CARTESIAN_POINT ( 'NONE',  ( 55.11304536360788800, 46.84048031722170400, 117.8677629149223400 ) ) ;
#692 = CARTESIAN_POINT ( 'NONE',  ( 15.08190721790601100, 46.98149801174911000, 118.1120127266100300 ) ) ;
#693 = EDGE_LOOP ( 'NONE', ( #1400, #3993, #658, #2847 ) ) ;
#694 = ORIENTED_EDGE ( 'NONE', *, *, #239, .F. ) ;
#695 = CARTESIAN_POINT ( 'NONE',  ( 37.62475592422973100, 37.30889216315964100, 101.3585679552651400 ) ) ;
#696 =( NAMED_UNIT ( * ) PLANE_ANGLE_UNIT ( ) SI_UNIT ( $, .RADIAN. ) );
#697 = EDGE_CURVE ( 'NONE', #290, #2721, #3016, .T. ) ;
#698 = CARTESIAN_POINT ( 'NONE',  ( 22.03444643720749600, 41.23520457802559500, 106.0976430003598200 ) ) ;
#699 = CIRCLE ( 'NONE', #101, 22.79500000000000200 ) ;
#700 = DIRECTION ( 'NONE',  ( 1.000000000000000000, -0.0000000000000000000, -0.0000000000000000000 ) ) ;
#701 = AXIS2_PLACEMENT_3D ( 'NONE', #3210, #2543, #3446 ) ;
#702 = CYLINDRICAL_SURFACE ( 'NONE', #1962, 23.62499999999999300 ) ;
#703 = ITEM_DEFINED_TRANSFORMATION ( 'NONE', 'NONE', #490,  #3137 ) ;
#704 = CARTESIAN_POINT ( 'NONE',  ( 54.07796450566384300, 47.41778042518483700, 116.8637321917105400 ) ) ;
#705 = AXIS2_PLACEMENT_3D ( 'NONE', #1412, #3933, #3343 ) ;
#706 = EDGE_LOOP ( 'NONE', ( #2102, #634 ) ) ;
#707 = PERSON_AND_ORGANIZATION ( #1808, #1949 ) ;
#708 = AXIS2_PLACEMENT_3D ( 'NONE', #1615, #3823, #1954 ) ;
#709 = VERTEX_POINT ( 'NONE', #1431 ) ;
#710 = MECHANICAL_CONTEXT ( 'NONE', #381, 'mechanical' ) ;
#711 = FACE_OUTER_BOUND ( 'NONE', #2511, .T. ) ;
#712 = PERSON_AND_ORGANIZATION ( #1808, #1949 ) ;
#713 = CARTESIAN_POINT ( 'NONE',  ( 30.43213281201316200, 37.49232763993352100, 101.6762875209480700 ) ) ;
#714 = CYLINDRICAL_SURFACE ( 'NONE', #3888, 16.05999999999999900 ) ;
#715 = ORIENTED_EDGE ( 'NONE', *, *, #230, .T. ) ;
#716 = DIRECTION ( 'NONE',  ( 0.0000000000000000000, 0.0000000000000000000, -1.000000000000000000 ) ) ;
#717 = CARTESIAN_POINT ( 'NONE',  ( 54.07595888804836900, 46.54995646558276700, 117.3645608430701200 ) ) ;
#718 = ORIENTED_EDGE ( 'NONE', *, *, #3246, .F. ) ;
#719 = ADVANCED_FACE ( 'NONE', ( #1499 ), #1633, .T. ) ;
#720 = CARTESIAN_POINT ( 'NONE',  ( 35.66498826453440800, 37.21756865532336900, 101.2003909997672700 ) ) ;
#721 = VERTEX_POINT ( 'NONE', #3251 ) ;
#722 = PERSON_AND_ORGANIZATION_ROLE ( 'classification_officer' ) ;
#723 = CARTESIAN_POINT ( 'NONE',  ( 35.11836058040587700, 26.78500881346636900, 130.3906673006682700 ) ) ;
#724 = EDGE_LOOP ( 'NONE', ( #46, #1133, #1558, #3924 ) ) ;
#725 = EDGE_LOOP ( 'NONE', ( #3640, #1701, #2366, #1932, #2260 ) ) ;
#726 = ORIENTED_EDGE ( 'NONE', *, *, #396, .F. ) ;
#727 = CARTESIAN_POINT ( 'NONE',  ( 35.11836058040589100, 85.29918910489270400, 85.58009941648120400 ) ) ;
#728 = CARTESIAN_POINT ( 'NONE',  ( -17.90819268389989800, 2.311520833390627500E-015, -18.29999999999999000 ) ) ;
#729 = CARTESIAN_POINT ( 'NONE',  ( 58.15865425799412900, 0.0000000000000000000, 0.0000000000000000000 ) ) ;
#730 = DIRECTION ( 'NONE',  ( 0.1621570828487894400, -0.4933824785300860400, -0.8545635203783742400 ) ) ;
#731 = CARTESIAN_POINT ( 'NONE',  ( 55.12022590184395200, 47.33464713345403400, 118.7236849480512900 ) ) ;
#732 = CARTESIAN_POINT ( 'NONE',  ( 15.09113273759782100, 47.63358215482152500, 119.2414555932214900 ) ) ;
#733 = AXIS2_PLACEMENT_3D ( 'NONE', #994, #3218, #1301 ) ;
#734 = DIRECTION ( 'NONE',  ( 0.0000000000000000000, 0.0000000000000000000, -1.000000000000000000 ) ) ;
#735 = EDGE_CURVE ( 'NONE', #36, #2310, #1394, .T. ) ;
#736 = APPROVAL_STATUS ( 'not_yet_approved' ) ;
#737 = VERTEX_POINT ( 'NONE', #2063 ) ;
#738 = APPROVAL ( #806, 'UNKNOWN' ) ;
#739 = DIRECTION ( 'NONE',  ( 1.000000000000000000, -0.0000000000000000000, -0.0000000000000000000 ) ) ;
#740 = EDGE_CURVE ( 'NONE', #1064, #54, #811, .T. ) ;
#741 = DIRECTION ( 'NONE',  ( 1.000000000000000000, -0.0000000000000000000, -0.0000000000000000000 ) ) ;
#742 = ADVANCED_FACE ( 'NONE', ( #1497 ), #1156, .T. ) ;
#743 = ORIENTED_EDGE ( 'NONE', *, *, #2732, .F. ) ;
#744 = DIRECTION ( 'NONE',  ( 1.000000000000000000, 0.0000000000000000000, 0.0000000000000000000 ) ) ;
#745 = CARTESIAN_POINT ( 'NONE',  ( 54.11331112432824100, 47.72751917385763000, 117.4020342852426500 ) ) ;
#746 = FACE_OUTER_BOUND ( 'NONE', #585, .T. ) ;
#747 = AXIS2_PLACEMENT_3D ( 'NONE', #983, #1011, #973 ) ;
#748 = CYLINDRICAL_SURFACE ( 'NONE', #2472, 20.85000000000001200 ) ;
#749 = DIRECTION ( 'NONE',  ( 0.0000000000000000000, 0.0000000000000000000, 1.000000000000000000 ) ) ;
#750 = APPLICATION_PROTOCOL_DEFINITION ( 'international standard', 'config_control_design', 1994, #2663 ) ;
#751 = COORDINATED_UNIVERSAL_TIME_OFFSET ( 0, 0, .AHEAD. ) ;
#752 = EDGE_CURVE ( 'NONE', #1127, #959, #962, .T. ) ;
#753 = CARTESIAN_POINT ( 'NONE',  ( 0.0000000000000000000, 19.04999999999992600, 32.99556788418716000 ) ) ;
#754 = CIRCLE ( 'NONE', #1559, 26.12499999999998600 ) ;
#755 = CARTESIAN_POINT ( 'NONE',  ( 37.21143577829784700, 57.18996489101672900, 135.7935960288857300 ) ) ;
#756 = ORIENTED_EDGE ( 'NONE', *, *, #1180, .F. ) ;
#757 = DATE_AND_TIME ( #1574, #2457 ) ;
#758 = DIRECTION ( 'NONE',  ( -1.000000000000000000, 0.0000000000000000000, 0.0000000000000000000 ) ) ;
#759 = CARTESIAN_POINT ( 'NONE',  ( 30.94706709873912600, 57.36933723850364700, 134.1381580115683500 ) ) ;
#760 = AXIS2_PLACEMENT_3D ( 'NONE', #2277, #2231, #2222 ) ;
#761 = DIRECTION ( 'NONE',  ( -1.000000000000000000, -0.0000000000000000000, -0.0000000000000000000 ) ) ;
#762 = DIRECTION ( 'NONE',  ( 0.0000000000000000000, 0.8660254037844397100, -0.4999999999999980600 ) ) ;
#763 = CIRCLE ( 'NONE', #895, 16.05999999999999900 ) ;
#764 = CALENDAR_DATE ( 2014, 15, 12 ) ;
#765 = ORIENTED_EDGE ( 'NONE', *, *, #1529, .T. ) ;
#766 = UNCERTAINTY_MEASURE_WITH_UNIT (LENGTH_MEASURE( 1.000000000000000100E-005 ), #1287, 'distance_accuracy_value', 'NONE');
#767 = CC_DESIGN_PERSON_AND_ORGANIZATION_ASSIGNMENT ( #3300, #3574, ( #545 ) ) ;
#768 = ADVANCED_FACE ( 'NONE', ( #1101 ), #359, .T. ) ;
#769 = APPROVAL_ROLE ( '' ) ;
#770 = EDGE_CURVE ( 'NONE', #3466, #782, #3408, .T. ) ;
#771 = CIRCLE ( 'NONE', #2133, 18.99999999999999600 ) ;
#772 = CARTESIAN_POINT ( 'NONE',  ( -26.93262969212313600, 0.0000000000000000000, 0.0000000000000000000 ) ) ;
#773 = ORIENTED_EDGE ( 'NONE', *, *, #2575, .T. ) ;
#774 = DIRECTION ( 'NONE',  ( 0.0000000000000000000, 0.0000000000000000000, -1.000000000000000000 ) ) ;
#775 = CARTESIAN_POINT ( 'NONE',  ( 22.05667946975105300, 40.35385629605780600, 106.6326005406708500 ) ) ;
#776 = EDGE_CURVE ( 'NONE', #514, #1448, #277, .T. ) ;
#777 = EDGE_LOOP ( 'NONE', ( #1594, #2282 ) ) ;
#778 = CARTESIAN_POINT ( 'NONE',  ( 45.24110996473955000, 55.87542764248186000, 133.5167507259815500 ) ) ;
#779 = DIRECTION ( 'NONE',  ( 0.0000000000000000000, 0.0000000000000000000, 1.000000000000000000 ) ) ;
#780 = CARTESIAN_POINT ( 'NONE',  ( 35.11836058040589100, 66.29918910489270400, -0.6199005835187954000 ) ) ;
#781 = PERSON_AND_ORGANIZATION_ROLE ( 'design_supplier' ) ;
#782 = VERTEX_POINT ( 'NONE', #3211 ) ;
#783 = CARTESIAN_POINT ( 'NONE',  ( 33.46030937151893900, 38.68295518664025000, 101.6288667199244300 ) ) ;
#784 = CARTESIAN_POINT ( 'NONE',  ( 18.03208702174325500, 43.95344757908909400, 110.8374204648370100 ) ) ;
#785 = ADVANCED_FACE ( 'NONE', ( #413, #1298 ), #3201, .T. ) ;
#786 = AXIS2_PLACEMENT_3D ( 'NONE', #840, #1609, #3334 ) ;
#787 = DIRECTION ( 'NONE',  ( 0.0000000000000000000, 0.0000000000000000000, 1.000000000000000000 ) ) ;
#788 = ORIENTED_EDGE ( 'NONE', *, *, #3337, .T. ) ;
#789 = DIRECTION ( 'NONE',  ( 0.0000000000000000000, 0.0000000000000000000, -1.000000000000000000 ) ) ;
#790 = AXIS2_PLACEMENT_3D ( 'NONE', #4063, #2179, #288 ) ;
#791 = CARTESIAN_POINT ( 'NONE',  ( 22.16935931165645000, 54.23418351917086300, 130.6740325167805000 ) ) ;
#792 = CARTESIAN_POINT ( 'NONE',  ( -20.40819268389990200, 0.0000000000000000000, 0.0000000000000000000 ) ) ;
#793 = VERTEX_POINT ( 'NONE', #1599 ) ;
#794 = PERSON_AND_ORGANIZATION_ROLE ( 'creator' ) ;
#795 = CIRCLE ( 'NONE', #1951, 26.12499999999998200 ) ;
#796 = DIRECTION ( 'NONE',  ( 0.0000000000000000000, 0.0000000000000000000, -1.000000000000000000 ) ) ;
#797 = CARTESIAN_POINT ( 'NONE',  ( -53.30290323835134800, 0.0000000000000000000, 0.0000000000000000000 ) ) ;
#798 = DIRECTION ( 'NONE',  ( 0.0000000000000000000, 0.0000000000000000000, -1.000000000000000000 ) ) ;
#799 = DIRECTION ( 'NONE',  ( 1.000000000000000000, -0.0000000000000000000, -0.0000000000000000000 ) ) ;
#800 = CYLINDRICAL_SURFACE ( 'NONE', #3687, 20.85000000000000100 ) ;
#801 = DIRECTION ( 'NONE',  ( 0.0000000000000000000, 0.0000000000000000000, -1.000000000000000000 ) ) ;
#802 = APPROVAL_DATE_TIME ( #1622, #738 ) ;
#803 = ADVANCED_FACE ( 'NONE', ( #1537, #558 ), #237, .F. ) ;
#804 = CARTESIAN_POINT ( 'NONE',  ( 15.66706823524675600, 49.57547231441010600, 122.6049080123469500 ) ) ;
#805 = CARTESIAN_POINT ( 'NONE',  ( -18.99999999999999600, 38.10000000000000100, -44.00000000000000000 ) ) ;
#806 = APPROVAL_STATUS ( 'not_yet_approved' ) ;
#807 = LOCAL_TIME ( 13, 17, 30.00000000000000000, #1626 ) ;
#808 = DIRECTION ( 'NONE',  ( -0.9237280213470681100, -0.3830490080632377700, 0.0000000000000000000 ) ) ;
#809 = AXIS2_PLACEMENT_3D ( 'NONE', #1655, #2283, #1945 ) ;
#810 = CIRCLE ( 'NONE', #231, 16.05999999999999900 ) ;
#811 = LINE ( 'NONE', #568, #920 ) ;
#812 = CARTESIAN_POINT ( 'NONE',  ( 35.11836058040589100, 66.29918910489270400, -76.68674752541282700 ) ) ;
#813 = CARTESIAN_POINT ( 'NONE',  ( 21.05561913428730500, 41.73312900738547200, 106.9669771452068100 ) ) ;
#814 = COORDINATED_UNIVERSAL_TIME_OFFSET ( 0, 0, .AHEAD. ) ;
#815 = AXIS2_PLACEMENT_3D ( 'NONE', #1456, #3667, #1778 ) ;
#816 = DIRECTION ( 'NONE',  ( 0.0000000000000000000, 0.0000000000000000000, -1.000000000000000000 ) ) ;
#817 = CIRCLE ( 'NONE', #3056, 23.11499999999999800 ) ;
#818 = ORIENTED_EDGE ( 'NONE', *, *, #2223, .F. ) ;
#819 = CARTESIAN_POINT ( 'NONE',  ( 13.61836058040589700, 66.29918910489271900, 41.58009941648120400 ) ) ;
#820 = PRODUCT_RELATED_PRODUCT_CATEGORY ( 'detail', '', ( #97 ) ) ;
#821 = CARTESIAN_POINT ( 'NONE',  ( 30.91336768304654800, 57.38163136490716500, 134.1594843000313200 ) ) ;
#822 = VERTEX_POINT ( 'NONE', #2841 ) ;
#823 = SECURITY_CLASSIFICATION_LEVEL ( 'unclassified' ) ;
#824 = CYLINDRICAL_SURFACE ( 'NONE', #3649, 23.62500000000000000 ) ;
#825 = EDGE_CURVE ( 'NONE', #2492, #324, #817, .T. ) ;
#826 = DIRECTION ( 'NONE',  ( 1.000000000000000000, -0.0000000000000000000, -0.0000000000000000000 ) ) ;
#827 = CARTESIAN_POINT ( 'NONE',  ( 0.0000000000000000000, 38.10000000000000100, 0.0000000000000000000 ) ) ;
#828 = ADVANCED_FACE ( 'NONE', ( #28 ), #268, .F. ) ;
#829 = ORIENTED_EDGE ( 'NONE', *, *, #2339, .T. ) ;
#830 = DIRECTION ( 'NONE',  ( -1.000000000000000000, -0.0000000000000000000, -0.0000000000000000000 ) ) ;
#831 = CARTESIAN_POINT ( 'NONE',  ( 21.83140777695241000, 39.75700980728593900, 105.5988320977977100 ) ) ;
#832 = CARTESIAN_POINT ( 'NONE',  ( 54.11224596771119600, 46.86044424270844600, 117.9023414481924900 ) ) ;
#833 = DIRECTION ( 'NONE',  ( 0.9237280213470681100, 0.3830490080632377200, 0.0000000000000000000 ) ) ;
#834 = EDGE_CURVE ( 'NONE', #434, #3537, #181, .T. ) ;
#835 = CARTESIAN_POINT ( 'NONE',  ( 48.90034062942023500, 54.49846566035285600, 131.1317826128433500 ) ) ;
#836 = DIRECTION ( 'NONE',  ( -1.000000000000000000, -0.0000000000000000000, -0.0000000000000000000 ) ) ;
#837 = AXIS2_PLACEMENT_3D ( 'NONE', #919, #2991, #1666 ) ;
#838 = CARTESIAN_POINT ( 'NONE',  ( 35.11836058040589100, 28.19918910489271700, 85.58009941648120400 ) ) ;
#839 = AXIS2_PLACEMENT_3D ( 'NONE', #444, #2671, #1464 ) ;
#840 = CARTESIAN_POINT ( 'NONE',  ( 35.11836058040589100, 66.29918910489270400, -76.68674752541282700 ) ) ;
#841 = CARTESIAN_POINT ( 'NONE',  ( 20.41977475556656400, 40.44955101930418800, 106.7983486633486600 ) ) ;
#842 = CARTESIAN_POINT ( 'NONE',  ( 52.85393660703571300, 44.70581668447535900, 112.1472014375006300 ) ) ;
#843 = ORIENTED_EDGE ( 'NONE', *, *, #549, .T. ) ;
#844 = CC_DESIGN_PERSON_AND_ORGANIZATION_ASSIGNMENT ( #3965, #394, ( #854 ) ) ;
#845 = EDGE_LOOP ( 'NONE', ( #2583, #2794 ) ) ;
#846 = ORIENTED_EDGE ( 'NONE', *, *, #4050, .F. ) ;
#847 = ADVANCED_FACE ( 'NONE', ( #511 ), #2211, .F. ) ;
#848 = EDGE_CURVE ( 'NONE', #2156, #3722, #2203, .T. ) ;
#849 = CARTESIAN_POINT ( 'NONE',  ( 52.84293795411895900, 43.83179647309418000, 112.6565696329809600 ) ) ;
#850 = CARTESIAN_POINT ( 'NONE',  ( 31.97174923994269200, 57.14191705199641500, 135.7103747305086500 ) ) ;
#851 = CARTESIAN_POINT ( 'NONE',  ( 27.95171728983228500, 37.89459779815188500, 102.3730398733511000 ) ) ;
#852 = VECTOR ( 'NONE', #2603, 1000.000000000000000 ) ;
#853 = CARTESIAN_POINT ( 'NONE',  ( 35.11836058040587700, 20.07331193413695300, 134.2656673006682700 ) ) ;
#854 = PRODUCT_DEFINITION_FORMATION_WITH_SPECIFIED_SOURCE ( 'ANY', '', #398, .NOT_KNOWN. ) ;
#855 = VECTOR ( 'NONE', #1286, 1000.000000000000000 ) ;
#856 = DIRECTION ( 'NONE',  ( 1.000000000000000000, -0.0000000000000000000, -0.0000000000000000000 ) ) ;
#857 = VERTEX_POINT ( 'NONE', #864 ) ;
#858 = CARTESIAN_POINT ( 'NONE',  ( 53.78738797691547500, 43.65029195206373200, 112.3421945807536100 ) ) ;
#859 = PERSON_AND_ORGANIZATION ( #1808, #1949 ) ;
#860 = CARTESIAN_POINT ( 'NONE',  ( 17.15185056520543200, 58.84888589806273300, 27.70009941648121600 ) ) ;
#861 = CARTESIAN_POINT ( 'NONE',  ( 20.37689105698630600, 54.12316284229185500, 128.5067436188405700 ) ) ;
#862 = PERSON_AND_ORGANIZATION ( #1808, #1949 ) ;
#863 = CARTESIAN_POINT ( 'NONE',  ( 52.73967844742522000, 44.56135023173968800, 111.8957504037174700 ) ) ;
#864 = CARTESIAN_POINT ( 'NONE',  ( 32.51411782985432100, 35.57475682244398700, 143.6149574379449800 ) ) ;
#865 = ORIENTED_EDGE ( 'NONE', *, *, #1317, .F. ) ;
#866 = FACE_OUTER_BOUND ( 'NONE', #3945, .T. ) ;
#867 = SHAPE_REPRESENTATION_RELATIONSHIP ( 'NONE' , 'NONE' ,  #612, #2107 ) ;
#868 = ORIENTED_EDGE ( 'NONE', *, *, #3764, .F. ) ;
#869 = FACE_OUTER_BOUND ( 'NONE', #2949, .T. ) ;
#870 = DIRECTION ( 'NONE',  ( 0.0000000000000000000, 0.0000000000000000000, 1.000000000000000000 ) ) ;
#871 = DIRECTION ( 'NONE',  ( -0.0000000000000000000, 0.0000000000000000000, -1.000000000000000000 ) ) ;
#872 = ADVANCED_FACE ( 'NONE', ( #2821 ), #2149, .T. ) ;
#873 = VERTEX_POINT ( 'NONE', #657 ) ;
#874 = CYLINDRICAL_SURFACE ( 'NONE', #1463, 19.44999999999998500 ) ;
#875 = AXIS2_PLACEMENT_3D ( 'NONE', #1745, #3950, #2067 ) ;
#876 = CYLINDRICAL_SURFACE ( 'NONE', #1495, 26.12499999999998600 ) ;
#877 = EDGE_LOOP ( 'NONE', ( #3228, #2930 ) ) ;
#878 = CARTESIAN_POINT ( 'NONE',  ( -17.72930008502348500, 0.0000000000000000000, 0.0000000000000000000 ) ) ;
#879 = VERTEX_POINT ( 'NONE', #2823 ) ;
#880 = CC_DESIGN_DATE_AND_TIME_ASSIGNMENT ( #1569, #2430, ( #27 ) ) ;
#881 = FACE_BOUND ( 'NONE', #3150, .T. ) ;
#882 = DIRECTION ( 'NONE',  ( 0.9237280213470682200, 0.3830490080632377700, 0.0000000000000000000 ) ) ;
#883 = ORIENTED_EDGE ( 'NONE', *, *, #3158, .F. ) ;
#884 = EDGE_CURVE ( 'NONE', #51, #3207, #354, .T. ) ;
#885 = CARTESIAN_POINT ( 'NONE',  ( -16.05999999999999900, 38.10000000000000100, 0.0000000000000000000 ) ) ;
#886 = DIRECTION ( 'NONE',  ( -1.000000000000000000, -0.0000000000000000000, -0.0000000000000000000 ) ) ;
#887 = DIRECTION ( 'NONE',  ( 0.0000000000000000000, 0.0000000000000000000, -1.000000000000000000 ) ) ;
#888 = DIRECTION ( 'NONE',  ( 1.000000000000000000, 0.0000000000000000000, 0.0000000000000000000 ) ) ;
#889 = EDGE_LOOP ( 'NONE', ( #1052, #613, #3884, #1596 ) ) ;
#890 = EDGE_CURVE ( 'NONE', #3869, #1592, #172, .T. ) ;
#891 = CARTESIAN_POINT ( 'NONE',  ( 58.15865425799412900, 0.0000000000000000000, -27.12499999999998600 ) ) ;
#892 = CARTESIAN_POINT ( 'NONE',  ( 35.11836058040589100, 57.59607955726598800, 134.5314306724456800 ) ) ;
#893 = EDGE_LOOP ( 'NONE', ( #2114, #3333, #1894, #368 ) ) ;
#894 = CARTESIAN_POINT ( 'NONE',  ( 58.15865425799412900, 0.0000000000000000000, -27.87499999999998600 ) ) ;
#895 = AXIS2_PLACEMENT_3D ( 'NONE', #3890, #3058, #3020 ) ;
#896 = ADVANCED_BREP_SHAPE_REPRESENTATION ( '', ( #2924, #3137 ), #2938 ) ;
#897 = AXIS2_PLACEMENT_3D ( 'NONE', #780, #3398, #3327 ) ;
#898 = ORIENTED_EDGE ( 'NONE', *, *, #2250, .T. ) ;
#899 = CARTESIAN_POINT ( 'NONE',  ( 30.68078356126305900, 38.00542566416251600, 102.5649993681915100 ) ) ;
#900 = FACE_OUTER_BOUND ( 'NONE', #2947, .T. ) ;
#901 = CC_DESIGN_APPROVAL ( #682, ( #52 ) ) ;
#902 = CARTESIAN_POINT ( 'NONE',  ( 49.96173291152906200, 54.03764101545392900, 128.3583228163752500 ) ) ;
#903 = CARTESIAN_POINT ( 'NONE',  ( 43.09695968379450200, 56.74114226062447800, 133.0485460437751600 ) ) ;
#904 = FACE_OUTER_BOUND ( 'NONE', #15, .T. ) ;
#905 = EDGE_CURVE ( 'NONE', #1916, #325, #2459, .T. ) ;
#906 = CIRCLE ( 'NONE', #2886, 26.12499999999998200 ) ;
#907 = CIRCLE ( 'NONE', #1248, 27.12499999999998600 ) ;
#908 = DATE_AND_TIME ( #1734, #2598 ) ;
#909 = DIRECTION ( 'NONE',  ( -0.9237280213470681100, -0.3830490080632377700, 0.0000000000000000000 ) ) ;
#910 = EDGE_LOOP ( 'NONE', ( #1706, #3063, #846, #2714, #1169 ) ) ;
#911 = DIRECTION ( 'NONE',  ( -1.000000000000000000, 0.0000000000000000000, 0.0000000000000000000 ) ) ;
#912 = CALENDAR_DATE ( 2014, 15, 12 ) ;
#913 = ORIENTED_EDGE ( 'NONE', *, *, #3624, .T. ) ;
#914 = DIRECTION ( 'NONE',  ( -1.000000000000000000, 0.0000000000000000000, 0.0000000000000000000 ) ) ;
#915 = EDGE_CURVE ( 'NONE', #3869, #1115, #226, .T. ) ;
#916 = LOCAL_TIME ( 13, 17, 30.00000000000000000, #1746 ) ;
#917 = ORIENTED_EDGE ( 'NONE', *, *, #1432, .F. ) ;
#918 = CARTESIAN_POINT ( 'NONE',  ( 54.02885644142461500, 47.01114815929906100, 116.1570217906171200 ) ) ;
#919 = CARTESIAN_POINT ( 'NONE',  ( 0.0000000000000000000, 19.04999999999992600, 32.99556788418716000 ) ) ;
#920 = VECTOR ( 'NONE', #2256, 1000.000000000000000 ) ;
#921 = DIRECTION ( 'NONE',  ( -1.000000000000000000, 0.0000000000000000000, 0.0000000000000000000 ) ) ;
#922 = LINE ( 'NONE', #2233, #3257 ) ;
#923 = AXIS2_PLACEMENT_3D ( 'NONE', #2261, #3380, #121 ) ;
#924 = VERTEX_POINT ( 'NONE', #3159 ) ;
#925 = AXIS2_PLACEMENT_3D ( 'NONE', #3371, #430, #816 ) ;
#926 = FACE_BOUND ( 'NONE', #3316, .T. ) ;
#927 = ORIENTED_EDGE ( 'NONE', *, *, #1607, .F. ) ;
#928 = DIRECTION ( 'NONE',  ( -0.0000000000000000000, -0.0000000000000000000, 1.000000000000000000 ) ) ;
#929 = LINE ( 'NONE', #671, #2157 ) ;
#930 = DIRECTION ( 'NONE',  ( -0.0000000000000000000, -0.0000000000000000000, -1.000000000000000000 ) ) ;
#931 = AXIS2_PLACEMENT_3D ( 'NONE', #63, #2278, #372 ) ;
#932 = CARTESIAN_POINT ( 'NONE',  ( 46.39675019462563900, 40.46595942424579600, 104.7534084752351600 ) ) ;
#933 = ORIENTED_EDGE ( 'NONE', *, *, #3262, .T. ) ;
#934 = ORIENTED_EDGE ( 'NONE', *, *, #2456, .T. ) ;
#935 = CARTESIAN_POINT ( 'NONE',  ( -17.90819268389989800, 0.0000000000000000000, 0.0000000000000000000 ) ) ;
#936 = CARTESIAN_POINT ( 'NONE',  ( 45.59728827931712700, 38.71343624563412100, 103.7913096675811600 ) ) ;
#937 = DIRECTION ( 'NONE',  ( -0.0000000000000000000, -0.0000000000000000000, 1.000000000000000000 ) ) ;
#938 = CARTESIAN_POINT ( 'NONE',  ( 18.75241153826407700, 41.45494205100531100, 108.5397370117291000 ) ) ;
#939 = PRODUCT_DEFINITION_SHAPE ( 'NONE', 'NONE',  #1517 ) ;
#940 = VERTEX_POINT ( 'NONE', #1485 ) ;
#941 = DIRECTION ( 'NONE',  ( 1.000000000000000000, -0.0000000000000000000, -0.0000000000000000000 ) ) ;
#942 = CARTESIAN_POINT ( 'NONE',  ( 39.82144179708936300, 56.98636261139275700, 135.4409465360401700 ) ) ;
#943 = ORIENTED_EDGE ( 'NONE', *, *, #4034, .T. ) ;
#944 = EDGE_CURVE ( 'NONE', #3576, #3419, #2508, .T. ) ;
#945 = DIRECTION ( 'NONE',  ( 0.1146623728998087400, -0.9612465319830435500, -0.2507142696209311800 ) ) ;
#946 = DIRECTION ( 'NONE',  ( -0.08107854142439470400, -0.5033087607349582300, 0.8602944620814045900 ) ) ;
#947 = EDGE_LOOP ( 'NONE', ( #3678, #788, #635, #314 ) ) ;
#948 = AXIS2_PLACEMENT_3D ( 'NONE', #29, #3195, #3789 ) ;
#949 = DIRECTION ( 'NONE',  ( -0.0000000000000000000, 0.0000000000000000000, 1.000000000000000000 ) ) ;
#950 = DIRECTION ( 'NONE',  ( 1.000000000000000000, 0.0000000000000000000, 0.0000000000000000000 ) ) ;
#951 = FACE_BOUND ( 'NONE', #155, .T. ) ;
#952 = VECTOR ( 'NONE', #2602, 1000.000000000000000 ) ;
#953 = EDGE_CURVE ( 'NONE', #2788, #3085, #2143, .T. ) ;
#954 = CARTESIAN_POINT ( 'NONE',  ( 55.11382277718554000, 46.85041061719137200, 117.8849626990042100 ) ) ;
#955 = PERSON_AND_ORGANIZATION ( #4026, #1786 ) ;
#956 = CC_DESIGN_APPROVAL ( #738, ( #2629 ) ) ;
#957 = CARTESIAN_POINT ( 'NONE',  ( 0.0000000000000000000, 38.10000000000000100, -44.00000000000000000 ) ) ;
#958 = LINE ( 'NONE', #1228, #855 ) ;
#959 = VERTEX_POINT ( 'NONE', #606 ) ;
#960 = EDGE_CURVE ( 'NONE', #873, #1592, #2295, .T. ) ;
#961 = LOCAL_TIME ( 13, 17, 30.00000000000000000, #1790 ) ;
#962 = CIRCLE ( 'NONE', #3342, 18.99999999999999600 ) ;
#963 = COORDINATED_UNIVERSAL_TIME_OFFSET ( 0, 0, .AHEAD. ) ;
#964 = CARTESIAN_POINT ( 'NONE',  ( 45.02994091740419700, 38.54535030316049700, 103.5001762751787200 ) ) ;
#965 = CARTESIAN_POINT ( 'NONE',  ( 35.11836058040587700, 20.07331193413695300, 134.2656673006682700 ) ) ;
#966 = AXIS2_PLACEMENT_3D ( 'NONE', #1129, #1125, #1095 ) ;
#967 = ORIENTED_EDGE ( 'NONE', *, *, #396, .T. ) ;
#968 = ORIENTED_EDGE ( 'NONE', *, *, #4000, .F. ) ;
#969 = FACE_OUTER_BOUND ( 'NONE', #947, .T. ) ;
#970 = CARTESIAN_POINT ( 'NONE',  ( 16.11836058040589500, 66.29918910489271900, 44.08009941648121100 ) ) ;
#971 = LINE ( 'NONE', #482, #136 ) ;
#972 = VERTEX_POINT ( 'NONE', #2453 ) ;
#973 = DIRECTION ( 'NONE',  ( 0.0000000000000000000, 0.0000000000000000000, 1.000000000000000000 ) ) ;
#974 = CARTESIAN_POINT ( 'NONE',  ( 21.28806048318069300, 53.79721972337638600, 129.9171890213993100 ) ) ;
#975 = ORIENTED_EDGE ( 'NONE', *, *, #1458, .T. ) ;
#976 = AXIS2_PLACEMENT_3D ( 'NONE', #978, #608, #949 ) ;
#977 = VERTEX_POINT ( 'NONE', #2332 ) ;
#978 = CARTESIAN_POINT ( 'NONE',  ( -29.72930008502348500, 23.71000000000000100, 0.0000000000000000000 ) ) ;
#979 = CC_DESIGN_DATE_AND_TIME_ASSIGNMENT ( #4016, #1679, ( #545 ) ) ;
#980 = ADVANCED_FACE ( 'NONE', ( #2471 ), #3354, .T. ) ;
#981 = EDGE_CURVE ( 'NONE', #1999, #1968, #2812, .T. ) ;
#982 = CARTESIAN_POINT ( 'NONE',  ( -17.90819268389989800, 2.241103642439655100E-015, -18.29999999999999000 ) ) ;
#983 = CARTESIAN_POINT ( 'NONE',  ( -26.93262969212313600, 0.0000000000000000000, 0.0000000000000000000 ) ) ;
#984 = AXIS2_PLACEMENT_3D ( 'NONE', #2944, #43, #3119 ) ;
#985 = CARTESIAN_POINT ( 'NONE',  ( -20.40819268389990200, 3.206737643567343200E-015, -26.18499999999998800 ) ) ;
#986 = AXIS2_PLACEMENT_3D ( 'NONE', #3067, #3198, #3123 ) ;
#987 = DIRECTION ( 'NONE',  ( 0.0000000000000000000, 0.0000000000000000000, -1.000000000000000000 ) ) ;
#988 = CARTESIAN_POINT ( 'NONE',  ( 43.29684833464899900, 38.08753745131518500, 102.7072211554246200 ) ) ;
#989 =( LENGTH_UNIT ( ) NAMED_UNIT ( * ) SI_UNIT ( .MILLI., .METRE. ) );
#990 = ORIENTED_EDGE ( 'NONE', *, *, #3871, .T. ) ;
#991 = EDGE_CURVE ( 'NONE', #2117, #3880, #3013, .T. ) ;
#992 = ORIENTED_EDGE ( 'NONE', *, *, #450, .F. ) ;
#993 = ORIENTED_EDGE ( 'NONE', *, *, #4034, .F. ) ;
#994 = CARTESIAN_POINT ( 'NONE',  ( 1.966782759430649000E-015, 0.0000000000000000000, 0.0000000000000000000 ) ) ;
#995 = DIRECTION ( 'NONE',  ( 0.0000000000000000000, 0.0000000000000000000, -1.000000000000000000 ) ) ;
#996 = CONICAL_SURFACE ( 'NONE', #3712, 23.11500000000000600, 0.5235987755982984800 ) ;
#997 = DIRECTION ( 'NONE',  ( 0.0000000000000000000, 0.0000000000000000000, -1.000000000000000000 ) ) ;
#998 = AXIS2_PLACEMENT_3D ( 'NONE', #729, #1715, #1319 ) ;
#999 = CONICAL_SURFACE ( 'NONE', #1886, 26.18499999999999500, 0.2094395102393202800 ) ;
#1000 = VECTOR ( 'NONE', #1978, 1000.000000000000000 ) ;
#1001 = AXIS2_PLACEMENT_3D ( 'NONE', #2843, #930, #3151 ) ;
#1002 = CARTESIAN_POINT ( 'NONE',  ( -46.22819268389991300, 0.0000000000000000000, 0.0000000000000000000 ) ) ;
#1003 = DIRECTION ( 'NONE',  ( 1.000000000000000000, 0.0000000000000000000, 0.0000000000000000000 ) ) ;
#1004 = CARTESIAN_POINT ( 'NONE',  ( 15.75814287263021800, 44.71150753730372400, 114.1802738921732300 ) ) ;
#1005 = PERSON_AND_ORGANIZATION ( #1808, #1949 ) ;
#1006 = DIRECTION ( 'NONE',  ( 0.0000000000000000000, 0.0000000000000000000, 1.000000000000000000 ) ) ;
#1007 = VERTEX_POINT ( 'NONE', #493 ) ;
#1008 = CARTESIAN_POINT ( 'NONE',  ( 0.0000000000000000000, 27.07999999999988800, 46.90393586896526300 ) ) ;
#1009 = CIRCLE ( 'NONE', #18, 18.29999999999999000 ) ;
#1010 = CARTESIAN_POINT ( 'NONE',  ( 35.11836058040589100, 66.29918910489270400, 41.08009941648124700 ) ) ;
#1011 = DIRECTION ( 'NONE',  ( -1.000000000000000000, 0.0000000000000000000, 0.0000000000000000000 ) ) ;
#1012 = CARTESIAN_POINT ( 'NONE',  ( 52.72816120439544800, 43.68700498721298000, 112.4057834229344900 ) ) ;
#1013 = CARTESIAN_POINT ( 'NONE',  ( 28.17888708869493500, 56.62927605805911200, 134.8224544829666300 ) ) ;
#1014 = CALENDAR_DATE ( 2014, 15, 12 ) ;
#1015 = ORIENTED_EDGE ( 'NONE', *, *, #4023, .T. ) ;
#1016 = EDGE_LOOP ( 'NONE', ( #3451, #2937, #2442, #2124 ) ) ;
#1017 = CARTESIAN_POINT ( 'NONE',  ( 31.27361614606107700, 48.55498282542773600, 144.8373683688395800 ) ) ;
#1018 = LINE ( 'NONE', #1884, #183 ) ;
#1019 = ORIENTED_EDGE ( 'NONE', *, *, #76, .T. ) ;
#1020 = ORIENTED_EDGE ( 'NONE', *, *, #2622, .T. ) ;
#1021 = ORIENTED_EDGE ( 'NONE', *, *, #3284, .T. ) ;
#1022 = CIRCLE ( 'NONE', #479, 16.05999999999999200 ) ;
#1023 = CARTESIAN_POINT ( 'NONE',  ( -48.55504382660144800, 2.791582378656391900E-015, -22.79500000000000200 ) ) ;
#1024 = ORIENTED_EDGE ( 'NONE', *, *, #991, .T. ) ;
#1025 = AXIS2_PLACEMENT_3D ( 'NONE', #2971, #2372, #1437 ) ;
#1026 = VERTEX_POINT ( 'NONE', #3752 ) ;
#1027 = DIRECTION ( 'NONE',  ( 1.000000000000000000, 0.0000000000000000000, 0.0000000000000000000 ) ) ;
#1028 = CARTESIAN_POINT ( 'NONE',  ( 58.15865425799412900, 0.0000000000000000000, 0.0000000000000000000 ) ) ;
#1029 = AXIS2_PLACEMENT_3D ( 'NONE', #2434, #521, #2755 ) ;
#1030 = ORIENTED_EDGE ( 'NONE', *, *, #2593, .T. ) ;
#1031 = ORIENTED_EDGE ( 'NONE', *, *, #146, .T. ) ;
#1032 = DIRECTION ( 'NONE',  ( 1.000000000000000000, 0.0000000000000000000, 0.0000000000000000000 ) ) ;
#1033 = EDGE_LOOP ( 'NONE', ( #1031, #913, #2018, #334 ) ) ;
#1034 = APPLICATION_CONTEXT ( 'configuration controlled 3d designs of mechanical parts and assemblies' ) ;
#1035 = PRODUCT_DEFINITION ( 'UNKNOWN', '', #2087, #3456 ) ;
#1036 = DIRECTION ( 'NONE',  ( 0.0000000000000000000, 0.0000000000000000000, -1.000000000000000000 ) ) ;
#1037 = ADVANCED_FACE ( 'NONE', ( #3102 ), #3114, .T. ) ;
#1038 = DIRECTION ( 'NONE',  ( 0.0000000000000000000, 0.0000000000000000000, -1.000000000000000000 ) ) ;
#1039 = CARTESIAN_POINT ( 'NONE',  ( -60.10819268389990100, 0.0000000000000000000, -16.05999999999998500 ) ) ;
#1040 = CARTESIAN_POINT ( 'NONE',  ( -40.35930008502347700, 1.966782759430649000E-015, -16.05999999999999900 ) ) ;
#1041 = APPROVAL_STATUS ( 'not_yet_approved' ) ;
#1042 = EDGE_CURVE ( 'NONE', #1931, #137, #2665, .T. ) ;
#1043 = CARTESIAN_POINT ( 'NONE',  ( 18.88877265858099000, 43.14338385319794600, 109.4264757236725000 ) ) ;
#1044 = CARTESIAN_POINT ( 'NONE',  ( 15.29445505257119100, 48.60669865594044800, 120.9269428148431200 ) ) ;
#1045 = CIRCLE ( 'NONE', #1787, 16.05999999999999900 ) ;
#1046 = CARTESIAN_POINT ( 'NONE',  ( 38.81473128394404200, 15.53835521537305000, 110.9108918536432400 ) ) ;
#1047 = FACE_OUTER_BOUND ( 'NONE', #2064, .T. ) ;
#1048 = DIRECTION ( 'NONE',  ( 0.1920538547740129100, 0.07964036693249354500, 0.9781476007338055800 ) ) ;
#1049 = LOCAL_TIME ( 13, 17, 30.00000000000000000, #1889 ) ;
#1050 = DIRECTION ( 'NONE',  ( -1.000000000000000000, 0.0000000000000000000, 0.0000000000000000000 ) ) ;
#1051 = AXIS2_PLACEMENT_3D ( 'NONE', #2387, #2400, #1383 ) ;
#1052 = ORIENTED_EDGE ( 'NONE', *, *, #1092, .F. ) ;
#1053 = CALENDAR_DATE ( 2014, 15, 12 ) ;
#1054 = SECURITY_CLASSIFICATION ( '', '', #2630 ) ;
#1055 = ADVANCED_FACE ( 'NONE', ( #2767 ), #3637, .F. ) ;
#1056 = PERSON_AND_ORGANIZATION_ROLE ( 'creator' ) ;
#1057 = EDGE_CURVE ( 'NONE', #3034, #1843, #3867, .T. ) ;
#1058 = LOCAL_TIME ( 13, 17, 30.00000000000000000, #1901 ) ;
#1059 = CARTESIAN_POINT ( 'NONE',  ( 15.60351724044214600, 45.02824686019315700, 114.7288824921726900 ) ) ;
#1060 = CARTESIAN_POINT ( 'NONE',  ( 32.71021837771854000, 57.53850014781550500, 134.4315640987912800 ) ) ;
#1061 = ORIENTED_EDGE ( 'NONE', *, *, #3704, .T. ) ;
#1062 = CARTESIAN_POINT ( 'NONE',  ( 16.28231134882634700, 48.53863546393633800, 120.8090539081700000 ) ) ;
#1063 = ORIENTED_EDGE ( 'NONE', *, *, #2104, .F. ) ;
#1064 = VERTEX_POINT ( 'NONE', #2265 ) ;
#1065 = DIRECTION ( 'NONE',  ( 0.0000000000000000000, 0.0000000000000000000, 1.000000000000000000 ) ) ;
#1066 = ORIENTED_EDGE ( 'NONE', *, *, #3930, .T. ) ;
#1067 = APPROVAL_ROLE ( '' ) ;
#1068 = VERTEX_POINT ( 'NONE', #617 ) ;
#1069 = CONICAL_SURFACE ( 'NONE', #2137, 18.29999999999999000, 0.2617993877991508500 ) ;
#1070 = VERTEX_POINT ( 'NONE', #2745 ) ;
#1071 = CARTESIAN_POINT ( 'NONE',  ( 35.11836058040589100, 66.29918910489271900, 85.58009941648120400 ) ) ;
#1072 = CARTESIAN_POINT ( 'NONE',  ( 16.46424122026387900, 46.20986171390659100, 114.7638905662867500 ) ) ;
#1073 = ADVANCED_FACE ( 'NONE', ( #4018, #3571 ), #3984, .F. ) ;
#1074 = AXIS2_PLACEMENT_3D ( 'NONE', #1702, #3878, #3386 ) ;
#1075 = DIRECTION ( 'NONE',  ( -1.000000000000000000, 0.0000000000000000000, 0.0000000000000000000 ) ) ;
#1076 = CARTESIAN_POINT ( 'NONE',  ( 30.69205226733561200, 57.01892022939505000, 135.4973379845935700 ) ) ;
#1077 = AXIS2_PLACEMENT_3D ( 'NONE', #827, #3055, #1142 ) ;
#1078 = CARTESIAN_POINT ( 'NONE',  ( 54.11001255323493100, 50.39577109650257800, 124.0257071803179800 ) ) ;
#1079 = EDGE_LOOP ( 'NONE', ( #157, #3525 ) ) ;
#1080 = DIRECTION ( 'NONE',  ( -0.0000000000000000000, -0.8660254037844397100, 0.4999999999999980600 ) ) ;
#1081 = MECHANICAL_CONTEXT ( 'NONE', #1965, 'mechanical' ) ;
#1082 = CC_DESIGN_PERSON_AND_ORGANIZATION_ASSIGNMENT ( #3898, #509, ( #27 ) ) ;
#1083 = EDGE_CURVE ( 'NONE', #3943, #1718, #3718, .T. ) ;
#1084 = DIRECTION ( 'NONE',  ( 0.0000000000000000000, 0.0000000000000000000, 1.000000000000000000 ) ) ;
#1085 = EDGE_LOOP ( 'NONE', ( #4033, #1827, #3122, #3129 ) ) ;
#1086 = CARTESIAN_POINT ( 'NONE',  ( 17.08739026655718600, 44.24596005835709900, 113.3739220053022100 ) ) ;
#1087 = CARTESIAN_POINT ( 'NONE',  ( 35.11836058040589100, 66.29918910489270400, -76.68674752541282700 ) ) ;
#1088 = ORIENTED_EDGE ( 'NONE', *, *, #1089, .F. ) ;
#1089 = EDGE_CURVE ( 'NONE', #2123, #330, #3671, .T. ) ;
#1090 = CARTESIAN_POINT ( 'NONE',  ( 42.31324955168437200, 56.59811374148585400, 134.7684797673802300 ) ) ;
#1091 = LINE ( 'NONE', #3859, #1000 ) ;
#1092 = EDGE_CURVE ( 'NONE', #709, #1718, #3970, .T. ) ;
#1093 = ADVANCED_FACE ( 'NONE', ( #2251 ), #874, .T. ) ;
#1094 = PERSON_AND_ORGANIZATION_ROLE ( 'classification_officer' ) ;
#1095 = DIRECTION ( 'NONE',  ( 0.0000000000000000000, 0.0000000000000000000, -1.000000000000000000 ) ) ;
#1096 = VECTOR ( 'NONE', #3503, 1000.000000000000000 ) ;
#1097 = LOCAL_TIME ( 13, 17, 30.00000000000000000, #1939 ) ;
#1098 = CARTESIAN_POINT ( 'NONE',  ( 37.72260333095743300, 19.72731161205762300, 116.1663771633915900 ) ) ;
#1099 = CARTESIAN_POINT ( 'NONE',  ( 29.12062309827177100, 57.11614494162427000, 133.6989986008788700 ) ) ;
#1100 = COORDINATED_UNIVERSAL_TIME_OFFSET ( 0, 0, .AHEAD. ) ;
#1101 = FACE_OUTER_BOUND ( 'NONE', #1033, .T. ) ;
#1102 = CC_DESIGN_SECURITY_CLASSIFICATION ( #52, ( #3116 ) ) ;
#1103 = PERSON_AND_ORGANIZATION ( #1808, #1949 ) ;
#1104 = CARTESIAN_POINT ( 'NONE',  ( 37.10678201840323700, 57.54395787885783200, 134.4410290839698800 ) ) ;
#1105 = DIRECTION ( 'NONE',  ( -0.1621570828487896000, 0.4933824785300860400, 0.8545635203783742400 ) ) ;
#1106 = APPROVAL_STATUS ( 'not_yet_approved' ) ;
#1107 = ORIENTED_EDGE ( 'NONE', *, *, #3948, .T. ) ;
#1108 = EDGE_CURVE ( 'NONE', #2156, #2123, #2760, .T. ) ;
#1109 = VECTOR ( 'NONE', #3922, 1000.000000000000000 ) ;
#1110 = FACE_OUTER_BOUND ( 'NONE', #2056, .T. ) ;
#1111 = ORIENTED_EDGE ( 'NONE', *, *, #2696, .F. ) ;
#1112 = DIRECTION ( 'NONE',  ( -1.000000000000000000, -0.0000000000000000000, -0.0000000000000000000 ) ) ;
#1113 = ADVANCED_FACE ( 'NONE', ( #3907 ), #1852, .F. ) ;
#1114 = CIRCLE ( 'NONE', #1051, 57.10000000000000100 ) ;
#1115 = VERTEX_POINT ( 'NONE', #3825 ) ;
#1116 = EDGE_LOOP ( 'NONE', ( #3175, #3181, #765, #2431 ) ) ;
#1117 = CARTESIAN_POINT ( 'NONE',  ( 0.0000000000000000000, 38.10000000000000100, -44.00000000000000000 ) ) ;
#1118 = CARTESIAN_POINT ( 'NONE',  ( 33.02513715631019400, 37.29037051607338100, 101.3264875214718600 ) ) ;
#1119 = FACE_OUTER_BOUND ( 'NONE', #4085, .T. ) ;
#1120 = CARTESIAN_POINT ( 'NONE',  ( 16.87411213165393100, 49.91214961753642900, 123.1880502071201800 ) ) ;
#1121 = ORIENTED_EDGE ( 'NONE', *, *, #697, .F. ) ;
#1122 = VERTEX_POINT ( 'NONE', #200 ) ;
#1123 = EDGE_LOOP ( 'NONE', ( #321, #1374 ) ) ;
#1124 = DATE_TIME_ROLE ( 'classification_date' ) ;
#1125 = DIRECTION ( 'NONE',  ( -1.000000000000000000, 0.0000000000000000000, 0.0000000000000000000 ) ) ;
#1126 = AXIS2_PLACEMENT_3D ( 'NONE', #1964, #2911, #2927 ) ;
#1127 = VERTEX_POINT ( 'NONE', #3274 ) ;
#1128 = AXIS2_PLACEMENT_3D ( 'NONE', #3952, #3828, #3549 ) ;
#1129 = CARTESIAN_POINT ( 'NONE',  ( -17.90819268389989100, 0.0000000000000000000, 0.0000000000000000000 ) ) ;
#1130 =( GEOMETRIC_REPRESENTATION_CONTEXT ( 3 ) GLOBAL_UNCERTAINTY_ASSIGNED_CONTEXT ( ( #3995 ) ) GLOBAL_UNIT_ASSIGNED_CONTEXT ( ( #2605, #696, #2940 ) ) REPRESENTATION_CONTEXT ( 'NONE', 'WORKASPACE' ) );
#1131 = DIRECTION ( 'NONE',  ( -1.000000000000000000, -0.0000000000000000000, -0.0000000000000000000 ) ) ;
#1132 = DESIGN_CONTEXT ( 'detailed design', #1391, 'design' ) ;
#1133 = ORIENTED_EDGE ( 'NONE', *, *, #3382, .F. ) ;
#1134 = ADVANCED_FACE ( 'NONE', ( #1447 ), #3401, .T. ) ;
#1135 = CARTESIAN_POINT ( 'NONE',  ( 53.66711622986414900, 43.49767287143662000, 112.0778505789030000 ) ) ;
#1136 = CARTESIAN_POINT ( 'NONE',  ( 15.59256470523395600, 49.41422708862491900, 122.3256230888091000 ) ) ;
#1137 = CARTESIAN_POINT ( 'NONE',  ( 50.92176594348379800, 41.10843090341255400, 107.9395620987094200 ) ) ;
#1138 = APPROVAL_ROLE ( '' ) ;
#1139 = DIRECTION ( 'NONE',  ( -0.0000000000000000000, -0.0000000000000000000, 1.000000000000000000 ) ) ;
#1140 = CARTESIAN_POINT ( 'NONE',  ( 17.28252311329088200, 44.82772715170119700, 112.3594102162280400 ) ) ;
#1141 = CARTESIAN_POINT ( 'NONE',  ( 50.71690078667791800, 40.97855169979641900, 107.7146047191997100 ) ) ;
#1142 = DIRECTION ( 'NONE',  ( 1.000000000000000000, 0.0000000000000000000, 0.0000000000000000000 ) ) ;
#1143 = CARTESIAN_POINT ( 'NONE',  ( 26.59305854613195700, 39.64490049722471100, 103.3162168183531400 ) ) ;
#1144 = CARTESIAN_POINT ( 'NONE',  ( 15.23264882698881100, 46.16210253063297100, 116.6927781218245600 ) ) ;
#1145 = CIRCLE ( 'NONE', #3255, 17.06000000000001300 ) ;
#1146 = COORDINATED_UNIVERSAL_TIME_OFFSET ( 0, 0, .AHEAD. ) ;
#1147 = VECTOR ( 'NONE', #2497, 1000.000000000000100 ) ;
#1148 = VERTEX_POINT ( 'NONE', #2989 ) ;
#1149 = EDGE_CURVE ( 'NONE', #2075, #2838, #1196, .T. ) ;
#1150 = PERSON_AND_ORGANIZATION ( #1808, #1949 ) ;
#1151 = DIRECTION ( 'NONE',  ( 0.0000000000000000000, 0.0000000000000000000, 1.000000000000000000 ) ) ;
#1152 = ADVANCED_FACE ( 'NONE', ( #926, #711 ), #3426, .F. ) ;
#1153 = CALENDAR_DATE ( 2014, 15, 12 ) ;
#1154 = AXIS2_PLACEMENT_3D ( 'NONE', #685, #2932, #1006 ) ;
#1155 = CARTESIAN_POINT ( 'NONE',  ( 54.11479629026109000, 50.38857434217344200, 124.0132420361703500 ) ) ;
#1156 = CYLINDRICAL_SURFACE ( 'NONE', #3288, 18.99999999999999600 ) ;
#1157 = EDGE_CURVE ( 'NONE', #3085, #1007, #3673, .T. ) ;
#1158 = CARTESIAN_POINT ( 'NONE',  ( -29.72930008502348500, 0.0000000000000000000, 0.0000000000000000000 ) ) ;
#1159 = CC_DESIGN_DATE_AND_TIME_ASSIGNMENT ( #908, #1124, ( #2629 ) ) ;
#1160 = CARTESIAN_POINT ( 'NONE',  ( 53.69347059143189700, 50.19735258243856900, 121.6924741907879600 ) ) ;
#1161 = EDGE_LOOP ( 'NONE', ( #676, #3939, #1269, #4030 ) ) ;
#1162 = CARTESIAN_POINT ( 'NONE',  ( 37.10678201840325100, 57.54395787885783200, 134.4410290839698800 ) ) ;
#1163 = CARTESIAN_POINT ( 'NONE',  ( 16.40491987774228700, 50.83244899965464500, 124.7820554951200200 ) ) ;
#1164 = ORIENTED_EDGE ( 'NONE', *, *, #3404, .F. ) ;
#1165 = CARTESIAN_POINT ( 'NONE',  ( 35.11836058040589100, 66.29918910489270400, 41.08009941648124700 ) ) ;
#1166 = B_SPLINE_CURVE_WITH_KNOTS ( 'NONE', 3,
 ( #755, #3559, #3727, #3820, #1712, #2595, #3758, #2837, #1888, #637, #1260, #2221, #2183, #667, #2323, #1606, #2915, #1439, #1601, #246, #60, #257, #1163, #654, #2485, #2294, #1044, #3170, #3548, #1144, #672, #4006, #2139, #3432, #2716, #3373, #2478, #2848, #2165, #96, #1547, #841, #1179, #831, #593, #1619, #3492, #2737, #851, #3483, #713, #3772, #3496 ),
 .UNSPECIFIED., .F., .F.,
 ( 4, 2, 2, 2, 2, 2, 2, 2, 2, 2, 2, 2, 2, 2, 2, 2, 2, 1, 2, 2, 2, 2, 2, 2, 2, 2, 4 ),
 ( 0.06088232988387428500, 0.06285135029271875200, 0.06482037070156321200, 0.06875841151925211900, 0.07072743192809656500, 0.07269645233694101100, 0.07466547274578544400, 0.07663449315462989000, 0.08057253397231878300, 0.08254155438116324300, 0.08451057479000768900, 0.08844861560769659600, 0.09041763601654104200, 0.09238665642538548800, 0.09632469724307438100, 0.09730920744749660400, 0.09829371765191879900, 0.1002627380607632700, 0.1022317584696077300, 0.1042007788784521900, 0.1081388196961411100, 0.1101078401049855900, 0.1120768605138300300, 0.1160149013315189500, 0.1179839217403634100, 0.1199529421492078800, 0.1238909829668968200 ),
 .UNSPECIFIED. ) ;
#1167 = DIRECTION ( 'NONE',  ( 1.000000000000000000, 0.0000000000000000000, 0.0000000000000000000 ) ) ;
#1168 = AXIS2_PLACEMENT_3D ( 'NONE', #935, #856, #41 ) ;
#1169 = ORIENTED_EDGE ( 'NONE', *, *, #1662, .F. ) ;
#1170 = ADVANCED_FACE ( 'NONE', ( #4077 ), #2308, .T. ) ;
#1171 = CARTESIAN_POINT ( 'NONE',  ( 53.69878899644166400, 49.33600883177771100, 122.1901450938739400 ) ) ;
#1172 = DIRECTION ( 'NONE',  ( 0.0000000000000000000, 0.0000000000000000000, -1.000000000000000000 ) ) ;
#1173 = VERTEX_POINT ( 'NONE', #98 ) ;
#1174 = AXIS2_PLACEMENT_3D ( 'NONE', #2286, #1882, #1870 ) ;
#1175 = CARTESIAN_POINT ( 'NONE',  ( 49.66753676807345400, 40.34600778009983200, 106.6190065122665100 ) ) ;
#1176 = APPROVAL ( #3883, 'UNSPECIFIED' ) ;
#1177 = DIRECTION ( 'NONE',  ( 0.0000000000000000000, 0.0000000000000000000, 1.000000000000000000 ) ) ;
#1178 = ORIENTED_EDGE ( 'NONE', *, *, #1266, .F. ) ;
#1179 = CARTESIAN_POINT ( 'NONE',  ( 21.34581937702180100, 39.97994343453361700, 105.9849644669063100 ) ) ;
#1180 = EDGE_CURVE ( 'NONE', #2163, #578, #611, .T. ) ;
#1181 = CARTESIAN_POINT ( 'NONE',  ( 54.67110796060220000, 49.44594788523298900, 122.3805651201908200 ) ) ;
#1182 = B_SPLINE_CURVE_WITH_KNOTS ( 'NONE', 3,
 ( #566, #2783, #1190, #3415, #1507, #3720, #1833, #4037, #2154, #264, #2490, #577, #2816, #902, #3127, #1205, #3430, #1518, #3729, #1848, #4051, #2172, #278, #2503, #586, #2833, #918, #3139, #1219, #3443, #1530, #3735, #1859, #4068, #2185, #291, #2518, #599, #2845, #932, #3156, #1236, #3459, #1544, #3746, #1875, #4084, #2206, #301 ),
 .UNSPECIFIED., .F., .F.,
 ( 4, 2, 2, 2, 2, 2, 2, 2, 1, 2, 2, 2, 2, 2, 2, 2, 2, 2, 2, 2, 2, 2, 2, 2, 4 ),
 ( 0.06217518767534265000, 0.06399247832161318600, 0.06580976896788372200, 0.06944435026042478100, 0.07126164090669530300, 0.07307893155296584000, 0.07671351284550688400, 0.07853080349177743400, 0.08034809413804797100, 0.08216538478431850700, 0.08398267543058907100, 0.08761725672313025500, 0.08943454736940083200, 0.09125183801567141000, 0.09488641930821252500, 0.09670370995448307500, 0.09852100060075363900, 0.1021555818932947300, 0.1039728725395652500, 0.1057901631858357800, 0.1094247444783768000, 0.1130593257709178300, 0.1148766164171883500, 0.1166939070634588600, 0.1203284883559998900 ),
 .UNSPECIFIED. ) ;
#1183 = DIRECTION ( 'NONE',  ( -1.000000000000000000, 0.0000000000000000000, 0.0000000000000000000 ) ) ;
#1184 = DIRECTION ( 'NONE',  ( -1.000000000000000000, -0.0000000000000000000, -0.0000000000000000000 ) ) ;
#1185 = FACE_BOUND ( 'NONE', #1802, .T. ) ;
#1186 = AXIS2_PLACEMENT_3D ( 'NONE', #2853, #2825, #3022 ) ;
#1187 = FACE_BOUND ( 'NONE', #221, .T. ) ;
#1188 = CALENDAR_DATE ( 2014, 15, 12 ) ;
#1189 = EDGE_CURVE ( 'NONE', #3962, #1667, #1355, .T. ) ;
#1190 = CARTESIAN_POINT ( 'NONE',  ( 38.30360757250599600, 57.46664350739554500, 134.3069318922669300 ) ) ;
#1191 = DIRECTION ( 'NONE',  ( 0.0000000000000000000, 0.0000000000000000000, -1.000000000000000000 ) ) ;
#1192 = LOCAL_TIME ( 13, 17, 30.00000000000000000, #2040 ) ;
#1193 = CARTESIAN_POINT ( 'NONE',  ( 53.92591140781942700, 49.59067620801822300, 120.6389226830892300 ) ) ;
#1194 = CYLINDRICAL_SURFACE ( 'NONE', #42, 22.79500000000000200 ) ;
#1195 = EDGE_CURVE ( 'NONE', #1429, #679, #3109, .T. ) ;
#1196 = CIRCLE ( 'NONE', #1492, 27.12499999999998600 ) ;
#1197 = AXIS2_PLACEMENT_3D ( 'NONE', #274, #1717, #2084 ) ;
#1198 = SHAPE_DEFINITION_REPRESENTATION ( #393, #3062 ) ;
#1199 = ORIENTED_EDGE ( 'NONE', *, *, #1410, .T. ) ;
#1200 = DIRECTION ( 'NONE',  ( 0.0000000000000000000, 0.0000000000000000000, 1.000000000000000000 ) ) ;
#1201 = DIRECTION ( 'NONE',  ( 0.0000000000000000000, 0.0000000000000000000, 1.000000000000000000 ) ) ;
#1202 = VECTOR ( 'NONE', #1172, 1000.000000000000000 ) ;
#1203 = AXIS2_PLACEMENT_3D ( 'NONE', #3481, #1561, #3770 ) ;
#1204 = FACE_OUTER_BOUND ( 'NONE', #475, .T. ) ;
#1205 = CARTESIAN_POINT ( 'NONE',  ( 51.02248763354899100, 53.30673060991893700, 127.0899861902632600 ) ) ;
#1206 = ORIENTED_EDGE ( 'NONE', *, *, #3911, .F. ) ;
#1207 = CARTESIAN_POINT ( 'NONE',  ( -57.10819268389989400, 0.0000000000000000000, -27.87499999999998600 ) ) ;
#1208 = CARTESIAN_POINT ( 'NONE',  ( 49.50877229621475100, 53.46509063572705900, 129.3419245669359200 ) ) ;
#1209 = DIRECTION ( 'NONE',  ( 0.1621570828487896000, -0.4933824785300860400, -0.8545635203783742400 ) ) ;
#1210 = CYLINDRICAL_SURFACE ( 'NONE', #433, 26.18499999999999200 ) ;
#1211 = CARTESIAN_POINT ( 'NONE',  ( -18.40819268389988400, 0.0000000000000000000, 0.0000000000000000000 ) ) ;
#1212 = CARTESIAN_POINT ( 'NONE',  ( 54.02133410746357400, 43.97072580375114400, 112.8972022923412100 ) ) ;
#1213 = ORIENTED_EDGE ( 'NONE', *, *, #1529, .F. ) ;
#1214 = DIRECTION ( 'NONE',  ( -1.387778780781445700E-017, 0.8660254037844398200, -0.4999999999999980600 ) ) ;
#1215 = EDGE_CURVE ( 'NONE', #1308, #54, #2421, .T. ) ;
#1216 = DIRECTION ( 'NONE',  ( 0.0000000000000000000, 0.0000000000000000000, -1.000000000000000000 ) ) ;
#1217 = CARTESIAN_POINT ( 'NONE',  ( -22.20005111260406500, 0.0000000000000000000, 0.0000000000000000000 ) ) ;
#1218 = ORIENTED_EDGE ( 'NONE', *, *, #661, .F. ) ;
#1219 = CARTESIAN_POINT ( 'NONE',  ( 53.42276782563431700, 45.55005441645762000, 113.6162084879821900 ) ) ;
#1220 = DIRECTION ( 'NONE',  ( -1.000000000000000000, -0.0000000000000000000, -0.0000000000000000000 ) ) ;
#1221 = ORIENTED_EDGE ( 'NONE', *, *, #3404, .T. ) ;
#1222 = CARTESIAN_POINT ( 'NONE',  ( 48.71887686208619100, 39.87766929730361900, 105.8078204649236800 ) ) ;
#1223 = DIRECTION ( 'NONE',  ( 0.9237280213470682200, 0.3830490080632378300, 0.0000000000000000000 ) ) ;
#1224 = AXIS2_PLACEMENT_3D ( 'NONE', #350, #1997, #2983 ) ;
#1225 = ORIENTED_EDGE ( 'NONE', *, *, #3164, .T. ) ;
#1226 = AXIS2_PLACEMENT_3D ( 'NONE', #1158, #3390, #1468 ) ;
#1227 = EDGE_LOOP ( 'NONE', ( #2588, #2315, #2368, #1828 ) ) ;
#1228 = CARTESIAN_POINT ( 'NONE',  ( 56.94143508473037200, 75.34872192038669400, -76.68674752541282700 ) ) ;
#1229 = DIRECTION ( 'NONE',  ( 0.0000000000000000000, -0.0000000000000000000, 1.000000000000000000 ) ) ;
#1230 = ORIENTED_EDGE ( 'NONE', *, *, #3126, .F. ) ;
#1231 = ORIENTED_EDGE ( 'NONE', *, *, #3429, .T. ) ;
#1232 = CARTESIAN_POINT ( 'NONE',  ( 19.59015868898774900, 41.74957832088944800, 109.0500620009144100 ) ) ;
#1233 = CARTESIAN_POINT ( 'NONE',  ( 35.64539370336149200, 37.21759486979362900, 101.2004364045616600 ) ) ;
#1234 = CYLINDRICAL_SURFACE ( 'NONE', #948, 26.12499999999998600 ) ;
#1235 = APPROVAL ( #468, 'UNSPECIFIED' ) ;
#1236 = CARTESIAN_POINT ( 'NONE',  ( 43.28858644181089900, 39.54364941308657700, 103.1388874842973600 ) ) ;
#1237 = DIRECTION ( 'NONE',  ( -0.2390784044194903500, -0.09914037849439548400, 0.9659258262890678700 ) ) ;
#1238 = DIRECTION ( 'NONE',  ( 1.000000000000000000, -0.0000000000000000000, -0.0000000000000000000 ) ) ;
#1239 = B_SPLINE_CURVE_WITH_KNOTS ( 'NONE', 3,
 ( #12, #2542, #2384, #142, #3004, #3318, #2680, #3486, #627, #165, #3631, #2741, #813, #3919, #1268, #323, #784, #1424, #3932, #2725, #1072, #3906, #1714, #428, #3044, #3586, #3611, #1411, #279, #1849, #587, #3444, #2186, #3736, #861, #2772, #2467, #3275, #3860, #1700, #2068, #1348, #2327, #2834, #1531, #759, #1060, #2481, #892 ),
 .UNSPECIFIED., .F., .F.,
 ( 4, 2, 2, 2, 2, 2, 2, 2, 2, 2, 2, 2, 1, 2, 2, 2, 2, 2, 2, 2, 2, 2, 2, 2, 4 ),
 ( 0.001991308475613328900, 0.005628005826391146600, 0.007446354501780060700, 0.009264703177168976500, 0.01290140052794679600, 0.01471974920333570000, 0.01653809787872460200, 0.02017479522950237800, 0.02199314390489124500, 0.02381149258028011900, 0.02744818993105788800, 0.02926653860644679700, 0.03108488728183569900, 0.03290323595722460100, 0.03472158463261351700, 0.03835828198339128600, 0.04017663065878020200, 0.04199497933416911800, 0.04563167668494701900, 0.04745002536033596900, 0.04926837403572492000, 0.05290507138650282800, 0.05472342006189178500, 0.05654176873728074300, 0.06017846608805864400 ),
 .UNSPECIFIED. ) ;
#1240 = CARTESIAN_POINT ( 'NONE',  ( 49.49913367719668900, 54.31596163562273500, 128.8412520194612200 ) ) ;
#1241 = LINE ( 'NONE', #2981, #2879 ) ;
#1242 = CIRCLE ( 'NONE', #1584, 26.18499999999999200 ) ;
#1243 = APPROVAL_PERSON_ORGANIZATION ( #2086, #2008, #2076 ) ;
#1244 = CIRCLE ( 'NONE', #1382, 26.12499999999998600 ) ;
#1245 = VERTEX_POINT ( 'NONE', #3008 ) ;
#1246 = CARTESIAN_POINT ( 'NONE',  ( -53.30290323835134800, 0.0000000000000000000, 22.79500000000000200 ) ) ;
#1247 = COORDINATED_UNIVERSAL_TIME_OFFSET ( 0, 0, .AHEAD. ) ;
#1248 = AXIS2_PLACEMENT_3D ( 'NONE', #2255, #2216, #2359 ) ;
#1249 = PERSON_AND_ORGANIZATION ( #1808, #1949 ) ;
#1250 = DIRECTION ( 'NONE',  ( -1.000000000000000000, -0.0000000000000000000, -0.0000000000000000000 ) ) ;
#1251 = CARTESIAN_POINT ( 'NONE',  ( 41.95656783799074700, 56.98172420466770700, 133.4658446736461600 ) ) ;
#1252 = CARTESIAN_POINT ( 'NONE',  ( 35.11836058040589100, 66.29918910489271900, 41.58009941648120400 ) ) ;
#1253 = DIRECTION ( 'NONE',  ( 1.000000000000000000, -0.0000000000000000000, -0.0000000000000000000 ) ) ;
#1254 = DIRECTION ( 'NONE',  ( -0.0000000000000000000, -0.8660254037844397100, 0.4999999999999980600 ) ) ;
#1255 = VECTOR ( 'NONE', #3615, 1000.000000000000000 ) ;
#1256 = CARTESIAN_POINT ( 'NONE',  ( 53.92979663319963600, 48.72774533291041600, 121.1366018094169400 ) ) ;
#1257 = ORIENTED_EDGE ( 'NONE', *, *, #4050, .T. ) ;
#1258 = AXIS2_PLACEMENT_3D ( 'NONE', #2519, #1191, #3084 ) ;
#1259 = ORIENTED_EDGE ( 'NONE', *, *, #2204, .T. ) ;
#1260 = CARTESIAN_POINT ( 'NONE',  ( 26.37197142200178500, 56.24369315810535100, 134.1546053097169700 ) ) ;
#1261 = AXIS2_PLACEMENT_3D ( 'NONE', #3660, #167, #90 ) ;
#1262 = DIRECTION ( 'NONE',  ( 0.9237280213470682200, 0.3830490080632375500, 0.0000000000000000000 ) ) ;
#1263 = CC_DESIGN_PERSON_AND_ORGANIZATION_ASSIGNMENT ( #3155, #722, ( #1054 ) ) ;
#1264 = DIRECTION ( 'NONE',  ( -0.1621570828487895200, 0.4933824785300863800, 0.8545635203783740200 ) ) ;
#1265 = ORIENTED_EDGE ( 'NONE', *, *, #3120, .T. ) ;
#1266 = EDGE_CURVE ( 'NONE', #1245, #782, #3303, .T. ) ;
#1267 = DIRECTION ( 'NONE',  ( -1.000000000000000000, 0.0000000000000000000, 0.0000000000000000000 ) ) ;
#1268 = CARTESIAN_POINT ( 'NONE',  ( 19.19961545732664000, 42.90217884159236000, 109.0060905925477800 ) ) ;
#1269 = ORIENTED_EDGE ( 'NONE', *, *, #3302, .T. ) ;
#1270 = CARTESIAN_POINT ( 'NONE',  ( 52.37671465249258100, 44.13343548157556000, 111.1508328829313800 ) ) ;
#1271 = CARTESIAN_POINT ( 'NONE',  ( 15.29445505261333300, 48.60669865594034200, 120.9269428148429500 ) ) ;
#1272 = ORIENTED_EDGE ( 'NONE', *, *, #2051, .F. ) ;
#1273 = DIRECTION ( 'NONE',  ( 0.0000000000000000000, 0.0000000000000000000, 1.000000000000000000 ) ) ;
#1274 = CARTESIAN_POINT ( 'NONE',  ( 35.11836058040589100, 66.29918910489270400, -76.68674752541282700 ) ) ;
#1275 = DIRECTION ( 'NONE',  ( 0.1621570828487895500, -0.4933824785300862100, -0.8545635203783741300 ) ) ;
#1276 = CARTESIAN_POINT ( 'NONE',  ( -48.55504382660144800, 0.0000000000000000000, 0.0000000000000000000 ) ) ;
#1277 = DIRECTION ( 'NONE',  ( 0.9237280213470681100, 0.3830490080632377200, 0.0000000000000000000 ) ) ;
#1278 = CARTESIAN_POINT ( 'NONE',  ( -54.60819268389989400, 0.0000000000000000000, 0.0000000000000000000 ) ) ;
#1279 = EDGE_LOOP ( 'NONE', ( #86, #2540, #3214, #829 ) ) ;
#1280 = CARTESIAN_POINT ( 'NONE',  ( 52.36355956167642500, 43.25799968673200600, 111.6627244457780700 ) ) ;
#1281 = DIRECTION ( 'NONE',  ( 1.387778780781445700E-017, -0.8660254037844398200, 0.4999999999999980600 ) ) ;
#1282 = AXIS2_PLACEMENT_3D ( 'NONE', #3366, #2249, #3372 ) ;
#1283 = ORIENTED_EDGE ( 'NONE', *, *, #3089, .T. ) ;
#1284 = ADVANCED_FACE ( 'NONE', ( #532 ), #2617, .F. ) ;
#1285 = AXIS2_PLACEMENT_3D ( 'NONE', #2082, #198, #2418 ) ;
#1286 = DIRECTION ( 'NONE',  ( 0.0000000000000000000, 0.0000000000000000000, -1.000000000000000000 ) ) ;
#1287 =( LENGTH_UNIT ( ) NAMED_UNIT ( * ) SI_UNIT ( .MILLI., .METRE. ) );
#1288 = CIRCLE ( 'NONE', #1363, 27.87499999999999300 ) ;
#1289 = CYLINDRICAL_SURFACE ( 'NONE', #3488, 19.44999999999998900 ) ;
#1290 = CARTESIAN_POINT ( 'NONE',  ( 57.40329909540391600, 75.54024642441831400, -0.6199005835188022800 ) ) ;
#1291 = DIRECTION ( 'NONE',  ( 0.0000000000000000000, 0.0000000000000000000, -1.000000000000000000 ) ) ;
#1292 = PERSON_AND_ORGANIZATION ( #1808, #1949 ) ;
#1293 = CARTESIAN_POINT ( 'NONE',  ( 53.28504907741077500, 43.04556075355821300, 111.2947694200200200 ) ) ;
#1294 = ORIENTED_EDGE ( 'NONE', *, *, #2130, .T. ) ;
#1295 = CALENDAR_DATE ( 2014, 15, 12 ) ;
#1296 = EDGE_CURVE ( 'NONE', #514, #3282, #3208, .T. ) ;
#1297 =( NAMED_UNIT ( * ) SI_UNIT ( $, .STERADIAN. ) SOLID_ANGLE_UNIT ( ) );
#1298 = FACE_BOUND ( 'NONE', #3381, .T. ) ;
#1299 = EDGE_CURVE ( 'NONE', #721, #1122, #1114, .T. ) ;
#1300 = ORIENTED_EDGE ( 'NONE', *, *, #656, .F. ) ;
#1301 = DIRECTION ( 'NONE',  ( 0.0000000000000000000, 0.0000000000000000000, 1.000000000000000000 ) ) ;
#1302 = VECTOR ( 'NONE', #3113, 1000.000000000000100 ) ;
#1303 = DIRECTION ( 'NONE',  ( 0.0000000000000000000, -0.0000000000000000000, 1.000000000000000000 ) ) ;
#1304 = CARTESIAN_POINT ( 'NONE',  ( 53.06875039665830900, 44.99847106753416900, 112.6565081201571000 ) ) ;
#1305 = CARTESIAN_POINT ( 'NONE',  ( 25.71408641547383000, 56.35769769574328300, 132.3834085992818600 ) ) ;
#1306 = ORIENTED_EDGE ( 'NONE', *, *, #2439, .F. ) ;
#1307 = AXIS2_PLACEMENT_3D ( 'NONE', #1324, #1310, #1200 ) ;
#1308 = VERTEX_POINT ( 'NONE', #2596 ) ;
#1309 = ORIENTED_EDGE ( 'NONE', *, *, #1317, .T. ) ;
#1310 = DIRECTION ( 'NONE',  ( -1.000000000000000000, -0.0000000000000000000, -0.0000000000000000000 ) ) ;
#1311 = DIRECTION ( 'NONE',  ( 0.1621570828487896300, -0.4933824785300861500, -0.8545635203783743500 ) ) ;
#1312 = PRODUCT_RELATED_PRODUCT_CATEGORY ( 'detail', '', ( #2324 ) ) ;
#1313 = DIRECTION ( 'NONE',  ( -1.000000000000000000, -0.0000000000000000000, -0.0000000000000000000 ) ) ;
#1314 = CARTESIAN_POINT ( 'NONE',  ( 23.33873449098187400, 39.12994078661998300, 104.5127166941518100 ) ) ;
#1315 = EDGE_LOOP ( 'NONE', ( #472, #2733, #2333, #2936 ) ) ;
#1316 = ORIENTED_EDGE ( 'NONE', *, *, #1753, .F. ) ;
#1317 = EDGE_CURVE ( 'NONE', #3576, #2884, #2916, .T. ) ;
#1318 = CARTESIAN_POINT ( 'NONE',  ( -48.55504382660144800, 0.0000000000000000000, 22.79500000000000200 ) ) ;
#1319 = DIRECTION ( 'NONE',  ( 0.0000000000000000000, 0.0000000000000000000, -1.000000000000000000 ) ) ;
#1320 = CARTESIAN_POINT ( 'NONE',  ( 12.83342206540786600, 57.05813178536708800, -0.6199005835188022800 ) ) ;
#1321 = EDGE_LOOP ( 'NONE', ( #2695, #3035, #1763, #3409, #1425 ) ) ;
#1322 = AXIS2_PLACEMENT_3D ( 'NONE', #3273, #2632, #808 ) ;
#1323 = DIRECTION ( 'NONE',  ( 0.0000000000000000000, -0.8660254037844398200, 0.4999999999999980000 ) ) ;
#1324 = CARTESIAN_POINT ( 'NONE',  ( -29.72930008502348500, 0.0000000000000000000, 0.0000000000000000000 ) ) ;
#1325 = DIRECTION ( 'NONE',  ( 0.0000000000000000000, 0.0000000000000000000, 1.000000000000000000 ) ) ;
#1326 = EDGE_LOOP ( 'NONE', ( #2790, #2650 ) ) ;
#1327 = EDGE_CURVE ( 'NONE', #3880, #280, #763, .T. ) ;
#1328 = CARTESIAN_POINT ( 'NONE',  ( 24.95178473174975400, 40.08783353157128500, 104.0918887665740300 ) ) ;
#1329 = ORIENTED_EDGE ( 'NONE', *, *, #2839, .F. ) ;
#1330 = DIRECTION ( 'NONE',  ( -0.9237280213470681100, -0.3830490080632377700, 0.0000000000000000000 ) ) ;
#1331 = CARTESIAN_POINT ( 'NONE',  ( 35.11836058040587700, 27.65103421725080700, 129.8906673006682700 ) ) ;
#1332 = VERTEX_POINT ( 'NONE', #2956 ) ;
#1333 = CARTESIAN_POINT ( 'NONE',  ( 35.11836058040589100, 66.29918910489271900, 85.58009941648120400 ) ) ;
#1334 = CARTESIAN_POINT ( 'NONE',  ( -60.10819268389990100, 0.0000000000000000000, 0.0000000000000000000 ) ) ;
#1335 = CARTESIAN_POINT ( 'NONE',  ( 48.92098172467769500, 41.57079301816821000, 106.6838112072039300 ) ) ;
#1336 = VECTOR ( 'NONE', #2326, 999.9999999999998900 ) ;
#1337 = AXIS2_PLACEMENT_3D ( 'NONE', #1333, #787, #57 ) ;
#1338 = FACE_OUTER_BOUND ( 'NONE', #3592, .T. ) ;
#1339 = ADVANCED_FACE ( 'NONE', ( #866 ), #663, .T. ) ;
#1340 = CARTESIAN_POINT ( 'NONE',  ( 59.30617881937886400, 76.32932738102857700, -0.6199005835187954000 ) ) ;
#1341 = CIRCLE ( 'NONE', #760, 20.84999999999999800 ) ;
#1342 = APPROVAL_STATUS ( 'not_yet_approved' ) ;
#1343 = CALENDAR_DATE ( 2014, 15, 12 ) ;
#1344 = LINE ( 'NONE', #1614, #1147 ) ;
#1345 = ORIENTED_EDGE ( 'NONE', *, *, #1366, .F. ) ;
#1346 = LOCAL_TIME ( 13, 17, 30.00000000000000000, #2199 ) ;
#1347 = CARTESIAN_POINT ( 'NONE',  ( -18.40819268389988400, 0.0000000000000000000, 0.0000000000000000000 ) ) ;
#1348 = CARTESIAN_POINT ( 'NONE',  ( 26.95154845784319500, 56.69569819988936400, 132.9697154185472200 ) ) ;
#1349 = CARTESIAN_POINT ( 'NONE',  ( 53.05878503209960700, 44.12511264025830100, 113.1646081371922600 ) ) ;
#1350 = COORDINATED_UNIVERSAL_TIME_OFFSET ( 0, 0, .AHEAD. ) ;
#1351 = SHAPE_REPRESENTATION ( 'PL-24-60-WF', ( #1542, #289, #490, #708, #931 ), #1130 ) ;
#1352 = DIRECTION ( 'NONE',  ( 0.9237280213470682200, 0.3830490080632377200, 0.0000000000000000000 ) ) ;
#1353 = CARTESIAN_POINT ( 'NONE',  ( 35.11836058040589100, 66.29918910489270400, 8.404536424704442500 ) ) ;
#1354 = APPLICATION_PROTOCOL_DEFINITION ( 'international standard', 'config_control_design', 1994, #1629 ) ;
#1355 = CIRCLE ( 'NONE', #1224, 16.05999999999999200 ) ;
#1356 = CARTESIAN_POINT ( 'NONE',  ( -17.90819268389989100, 0.0000000000000000000, 0.0000000000000000000 ) ) ;
#1357 = ORIENTED_EDGE ( 'NONE', *, *, #944, .T. ) ;
#1358 = CARTESIAN_POINT ( 'NONE',  ( 35.11836058040589100, 66.29918910489270400, -76.68674752541282700 ) ) ;
#1359 = ADVANCED_FACE ( 'NONE', ( #2925 ), #4022, .T. ) ;
#1360 = CLOSED_SHELL ( 'NONE', ( #847, #209, #828, #2419, #3604, #1397, #443, #2572, #3941, #3268, #506, #1073, #1576, #464, #2300, #3964 ) ) ;
#1361 = DIRECTION ( 'NONE',  ( 0.0000000000000000000, 0.0000000000000000000, -1.000000000000000000 ) ) ;
#1362 = CYLINDRICAL_SURFACE ( 'NONE', #73, 16.06000000000000200 ) ;
#1363 = AXIS2_PLACEMENT_3D ( 'NONE', #3826, #1960, #72 ) ;
#1364 = EDGE_LOOP ( 'NONE', ( #868, #379, #1019, #517 ) ) ;
#1365 = CARTESIAN_POINT ( 'NONE',  ( 58.15865425799412900, 0.0000000000000000000, 0.0000000000000000000 ) ) ;
#1366 = EDGE_CURVE ( 'NONE', #1007, #478, #2502, .T. ) ;
#1367 = SECURITY_CLASSIFICATION_LEVEL ( 'unclassified' ) ;
#1368 = CC_DESIGN_PERSON_AND_ORGANIZATION_ASSIGNMENT ( #3241, #3352, ( #2629 ) ) ;
#1369 = CARTESIAN_POINT ( 'NONE',  ( 27.16083013825460000, 39.50926505822504700, 103.0785572988827600 ) ) ;
#1370 = CARTESIAN_POINT ( 'NONE',  ( 53.08487059560635400, 73.74949231172266200, 3.671957845185369600 ) ) ;
#1371 = EDGE_LOOP ( 'NONE', ( #37, #718 ) ) ;
#1372 = CARTESIAN_POINT ( 'NONE',  ( 23.56711292563593600, 55.41459497713351800, 132.7185651358108200 ) ) ;
#1373 = VERTEX_POINT ( 'NONE', #3031 ) ;
#1374 = ORIENTED_EDGE ( 'NONE', *, *, #440, .F. ) ;
#1375 = AXIS2_PLACEMENT_3D ( 'NONE', #3815, #1570, #1900 ) ;
#1376 = ADVANCED_FACE ( 'NONE', ( #869 ), #2141, .T. ) ;
#1377 = ORIENTED_EDGE ( 'NONE', *, *, #149, .F. ) ;
#1378 = DATE_TIME_ROLE ( 'creation_date' ) ;
#1379 = EDGE_LOOP ( 'NONE', ( #3813, #2440 ) ) ;
#1380 = DIRECTION ( 'NONE',  ( 1.000000000000000000, 0.0000000000000000000, 0.0000000000000000000 ) ) ;
#1381 = CIRCLE ( 'NONE', #1174, 27.87499999999999300 ) ;
#1382 = AXIS2_PLACEMENT_3D ( 'NONE', #1586, #1560, #1352 ) ;
#1383 = DIRECTION ( 'NONE',  ( 0.0000000000000000000, 0.0000000000000000000, 1.000000000000000000 ) ) ;
#1384 = CARTESIAN_POINT ( 'NONE',  ( -40.35930008502347700, 0.0000000000000000000, 16.05999999999999900 ) ) ;
#1385 = CIRCLE ( 'NONE', #3080, 16.05999999999999900 ) ;
#1386 = LINE ( 'NONE', #3093, #1977 ) ;
#1387 = FACE_BOUND ( 'NONE', #1779, .T. ) ;
#1388 = CARTESIAN_POINT ( 'NONE',  ( 53.39615590589569600, 51.31665332687690300, 125.6207219911136500 ) ) ;
#1389 = COORDINATED_UNIVERSAL_TIME_OFFSET ( 0, 0, .AHEAD. ) ;
#1390 = CC_DESIGN_APPROVAL ( #1176, ( #545 ) ) ;
#1391 = APPLICATION_CONTEXT ( 'configuration controlled 3d designs of mechanical parts and assemblies' ) ;
#1392 = EDGE_CURVE ( 'NONE', #1931, #737, #2193, .T. ) ;
#1393 = PERSON_AND_ORGANIZATION ( #1808, #1949 ) ;
#1394 = CIRCLE ( 'NONE', #3465, 23.71000000000000100 ) ;
#1395 = DIRECTION ( 'NONE',  ( -0.9237280213470682200, -0.3830490080632376600, 0.0000000000000000000 ) ) ;
#1396 = DIRECTION ( 'NONE',  ( 1.000000000000000000, -0.0000000000000000000, -0.0000000000000000000 ) ) ;
#1397 = ADVANCED_FACE ( 'NONE', ( #969 ), #3437, .T. ) ;
#1398 = ORIENTED_EDGE ( 'NONE', *, *, #3978, .F. ) ;
#1399 = EDGE_LOOP ( 'NONE', ( #2122, #2128 ) ) ;
#1400 = ORIENTED_EDGE ( 'NONE', *, *, #384, .T. ) ;
#1401 = AXIS2_PLACEMENT_3D ( 'NONE', #2953, #1620, #2957 ) ;
#1402 = CONICAL_SURFACE ( 'NONE', #2795, 26.12499999999998600, 0.7853981633974344000 ) ;
#1403 = CARTESIAN_POINT ( 'NONE',  ( 39.80677291468625600, 56.97179519652124900, 135.4157150333477700 ) ) ;
#1404 = EDGE_CURVE ( 'NONE', #3579, #3419, #3613, .T. ) ;
#1405 = AXIS2_PLACEMENT_3D ( 'NONE', #3775, #3570, #3473 ) ;
#1406 = CARTESIAN_POINT ( 'NONE',  ( 25.18111544956541400, 56.20038862561070700, 132.1105296008086900 ) ) ;
#1407 = ORIENTED_EDGE ( 'NONE', *, *, #2353, .F. ) ;
#1408 = APPROVAL_STATUS ( 'not_yet_approved' ) ;
#1409 = CARTESIAN_POINT ( 'NONE',  ( -18.40819268389988400, 0.0000000000000000000, -23.62499999999999300 ) ) ;
#1410 = EDGE_CURVE ( 'NONE', #3207, #1373, #1482, .T. ) ;
#1411 = CARTESIAN_POINT ( 'NONE',  ( 16.52774323982279000, 50.08965307732523100, 121.5053963991327500 ) ) ;
#1412 = CARTESIAN_POINT ( 'NONE',  ( 0.0000000000000000000, 38.10000000000000100, -44.00000000000000000 ) ) ;
#1413 = CARTESIAN_POINT ( 'NONE',  ( -49.10930008502348400, 0.0000000000000000000, 0.0000000000000000000 ) ) ;
#1414 = CARTESIAN_POINT ( 'NONE',  ( 31.88126309305711100, 38.76532684956697500, 101.7735484642004000 ) ) ;
#1415 = CARTESIAN_POINT ( 'NONE',  ( 20.11068991503925900, 53.93398764266512300, 128.1784639950961400 ) ) ;
#1416 = AXIS2_PLACEMENT_3D ( 'NONE', #2198, #300, #2526 ) ;
#1417 = ORIENTED_EDGE ( 'NONE', *, *, #1698, .T. ) ;
#1418 = ADVANCED_FACE ( 'NONE', ( #1683 ), #3141, .T. ) ;
#1419 = DIRECTION ( 'NONE',  ( -0.0000000000000000000, -0.8660254037844397100, 0.4999999999999980600 ) ) ;
#1420 = PERSON_AND_ORGANIZATION_ROLE ( 'creator' ) ;
#1421 = ORIENTED_EDGE ( 'NONE', *, *, #3120, .F. ) ;
#1422 = DIRECTION ( 'NONE',  ( 0.0000000000000000000, 0.0000000000000000000, 1.000000000000000000 ) ) ;
#1423 = DIRECTION ( 'NONE',  ( 0.0000000000000000000, 0.0000000000000000000, -1.000000000000000000 ) ) ;
#1424 = CARTESIAN_POINT ( 'NONE',  ( 17.53760756154428400, 44.50240321974224900, 111.7931777926849900 ) ) ;
#1425 = ORIENTED_EDGE ( 'NONE', *, *, #3797, .F. ) ;
#1426 = DIRECTION ( 'NONE',  ( 0.9237280213470682200, 0.3830490080632377700, 0.0000000000000000000 ) ) ;
#1427 = EDGE_LOOP ( 'NONE', ( #1111, #898, #3617, #1199 ) ) ;
#1428 = DIRECTION ( 'NONE',  ( 0.0000000000000000000, 0.0000000000000000000, -1.000000000000000000 ) ) ;
#1429 = VERTEX_POINT ( 'NONE', #1748 ) ;
#1430 = TOROIDAL_SURFACE ( 'NONE', #2385, 7.124999999999985800, 20.00000000000000000 ) ;
#1431 = CARTESIAN_POINT ( 'NONE',  ( -46.22819268389991300, 2.381938024341600300E-015, 19.44999999999998500 ) ) ;
#1432 = EDGE_CURVE ( 'NONE', #3438, #1812, #114, .T. ) ;
#1433 = AXIS2_PLACEMENT_3D ( 'NONE', #2904, #2288, #2623 ) ;
#1434 = FACE_OUTER_BOUND ( 'NONE', #1364, .T. ) ;
#1435 = LOCAL_TIME ( 13, 17, 30.00000000000000000, #2287 ) ;
#1436 = ADVANCED_FACE ( 'NONE', ( #2399 ), #1781, .T. ) ;
#1437 = DIRECTION ( 'NONE',  ( 0.9237280213470680000, 0.3830490080632380500, 0.0000000000000000000 ) ) ;
#1438 = VECTOR ( 'NONE', #81, 1000.000000000000000 ) ;
#1439 = CARTESIAN_POINT ( 'NONE',  ( 19.32081251159840100, 53.38552611411258700, 129.2041147730025700 ) ) ;
#1440 = CARTESIAN_POINT ( 'NONE',  ( 50.09582004317488200, 41.41157209070036100, 108.4646180369604500 ) ) ;
#1441 = CALENDAR_DATE ( 2014, 15, 12 ) ;
#1442 = CC_DESIGN_APPROVAL ( #1235, ( #1035 ) ) ;
#1443 = LOCAL_TIME ( 13, 17, 30.00000000000000000, #2298 ) ;
#1444 = DIRECTION ( 'NONE',  ( 0.0000000000000000000, 0.0000000000000000000, -1.000000000000000000 ) ) ;
#1445 = CARTESIAN_POINT ( 'NONE',  ( 35.11836058040589100, 66.29918910489270400, -76.68674752541282700 ) ) ;
#1446 = PERSON_AND_ORGANIZATION_ROLE ( 'classification_officer' ) ;
#1447 = FACE_OUTER_BOUND ( 'NONE', #2061, .T. ) ;
#1448 = VERTEX_POINT ( 'NONE', #1370 ) ;
#1449 = DIRECTION ( 'NONE',  ( 0.0000000000000000000, 0.0000000000000000000, -1.000000000000000000 ) ) ;
#1450 = CARTESIAN_POINT ( 'NONE',  ( -20.40819268389990200, 0.0000000000000000000, 26.18499999999998800 ) ) ;
#1451 = ORIENTED_EDGE ( 'NONE', *, *, #2412, .T. ) ;
#1452 = DIRECTION ( 'NONE',  ( 1.000000000000000000, 0.0000000000000000000, 0.0000000000000000000 ) ) ;
#1453 = ORIENTED_EDGE ( 'NONE', *, *, #3315, .T. ) ;
#1454 = CARTESIAN_POINT ( 'NONE',  ( 54.01350775535129100, 43.95942934072872500, 112.8776362444405500 ) ) ;
#1455 = AXIS2_PLACEMENT_3D ( 'NONE', #3358, #3353, #2240 ) ;
#1456 = CARTESIAN_POINT ( 'NONE',  ( 35.11836058040589100, 28.19918910489271700, 85.58009941648120400 ) ) ;
#1457 = PRODUCT_DEFINITION_SHAPE ( 'NONE', 'NONE',  #4093 ) ;
#1458 = EDGE_CURVE ( 'NONE', #1148, #3362, #651, .T. ) ;
#1459 = ADVANCED_FACE ( 'NONE', ( #3809, #3002 ), #2544, .T. ) ;
#1460 = EDGE_LOOP ( 'NONE', ( #3329, #2820, #1857, #2019, #2331 ) ) ;
#1461 = ORIENTED_EDGE ( 'NONE', *, *, #665, .T. ) ;
#1462 = AXIS2_PLACEMENT_3D ( 'NONE', #2882, #154, #3101 ) ;
#1463 = AXIS2_PLACEMENT_3D ( 'NONE', #1593, #826, #595 ) ;
#1464 = DIRECTION ( 'NONE',  ( 0.0000000000000000000, 0.0000000000000000000, 1.000000000000000000 ) ) ;
#1465 = CARTESIAN_POINT ( 'NONE',  ( -49.10930008502348400, 0.0000000000000000000, 0.0000000000000000000 ) ) ;
#1466 = ORIENTED_EDGE ( 'NONE', *, *, #3246, .T. ) ;
#1467 = CC_DESIGN_DATE_AND_TIME_ASSIGNMENT ( #3854, #2964, ( #1054 ) ) ;
#1468 = DIRECTION ( 'NONE',  ( 0.0000000000000000000, 0.0000000000000000000, 1.000000000000000000 ) ) ;
#1469 = TOROIDAL_SURFACE ( 'NONE', #22, 7.124999999999985800, 20.00000000000000000 ) ;
#1470 = EDGE_CURVE ( 'NONE', #117, #1373, #66, .T. ) ;
#1471 = CARTESIAN_POINT ( 'NONE',  ( 50.47253688175457100, 41.66094674311695900, 108.8965476050623400 ) ) ;
#1472 = CARTESIAN_POINT ( 'NONE',  ( 30.90953703679062100, 56.53841666133987300, 134.6650813915044600 ) ) ;
#1473 = ORIENTED_EDGE ( 'NONE', *, *, #1740, .T. ) ;
#1474 = ORIENTED_EDGE ( 'NONE', *, *, #3158, .T. ) ;
#1475 = ORIENTED_EDGE ( 'NONE', *, *, #2679, .F. ) ;
#1476 = DIRECTION ( 'NONE',  ( 0.0000000000000000000, 0.0000000000000000000, -1.000000000000000000 ) ) ;
#1477 = ADVANCED_FACE ( 'NONE', ( #21 ), #1501, .T. ) ;
#1478 = FACE_OUTER_BOUND ( 'NONE', #3561, .T. ) ;
#1479 = CIRCLE ( 'NONE', #329, 20.84999999999999800 ) ;
#1480 = CARTESIAN_POINT ( 'NONE',  ( -17.72930008502348500, 0.0000000000000000000, 0.0000000000000000000 ) ) ;
#1481 = APPROVAL_DATE_TIME ( #2345, #437 ) ;
#1482 = CIRCLE ( 'NONE', #641, 27.12499999999998600 ) ;
#1483 = CARTESIAN_POINT ( 'NONE',  ( 49.92005062557134200, 42.16809179680100800, 107.7258797782921800 ) ) ;
#1484 = FACE_OUTER_BOUND ( 'NONE', #1161, .T. ) ;
#1485 = CARTESIAN_POINT ( 'NONE',  ( 32.51411782985432100, 55.17291171008584200, 132.2999574379450400 ) ) ;
#1486 = B_SPLINE_CURVE_WITH_KNOTS ( 'NONE', 3,
 ( #574, #452, #720, #695, #582, #2004, #1990, #1937, #988, #964, #936, #1920, #1858, #1829, #1175, #1141, #1137, #2749, #2764, #2791, #2830, #2417, #3297, #1693, #1212, #2017, #4069, #1804, #3863, #954, #1799, #3614, #3550, #2997, #1078, #3308, #1388, #3590, #1707, #3910, #2028, #147, #2363, #448, #2687, #778, #3012, #1090, #3322, #1403, #3602, #1721, #3925 ),
 .UNSPECIFIED., .F., .F.,
 ( 4, 2, 2, 2, 2, 2, 2, 2, 2, 2, 1, 2, 2, 2, 2, 2, 2, 2, 2, 2, 2, 2, 2, 2, 2, 2, 4 ),
 ( 0.1238909829668968200, 0.1278264301766567100, 0.1297941537815366600, 0.1317618773864165900, 0.1356973245961764800, 0.1376650482010564100, 0.1396327718059363300, 0.1435682190156961900, 0.1445520808181361700, 0.1455359426205761200, 0.1475036662254560800, 0.1494713898303360300, 0.1504552516327759800, 0.1514391134352159300, 0.1553745606449756500, 0.1573422842498555200, 0.1593100078547353700, 0.1632454550644950600, 0.1652131786693749000, 0.1671809022742548100, 0.1711163494840145800, 0.1750517966937743500, 0.1770195202986542500, 0.1789872439035341500, 0.1829226911132939600, 0.1848904147181738800, 0.1868581383230537900 ),
 .UNSPECIFIED. ) ;
#1487 = FACE_OUTER_BOUND ( 'NONE', #1816, .T. ) ;
#1488 = EDGE_CURVE ( 'NONE', #1245, #1148, #1166, .T. ) ;
#1489 = LOCAL_TIME ( 13, 17, 30.00000000000000000, #2349 ) ;
#1490 = VECTOR ( 'NONE', #799, 1000.000000000000000 ) ;
#1491 = CARTESIAN_POINT ( 'NONE',  ( 31.37009961035610300, 31.47784792535988900, 154.0189030742143900 ) ) ;
#1492 = AXIS2_PLACEMENT_3D ( 'NONE', #1967, #374, #3243 ) ;
#1493 = CARTESIAN_POINT ( 'NONE',  ( 35.11836058040589100, 39.21918910489270600, 104.6672993158902500 ) ) ;
#1494 = COORDINATED_UNIVERSAL_TIME_OFFSET ( 0, 0, .AHEAD. ) ;
#1495 = AXIS2_PLACEMENT_3D ( 'NONE', #812, #1423, #3043 ) ;
#1496 = CARTESIAN_POINT ( 'NONE',  ( 35.11836058040589100, 66.29918910489270400, 1.880099416481206800 ) ) ;
#1497 = FACE_OUTER_BOUND ( 'NONE', #2041, .T. ) ;
#1498 = CARTESIAN_POINT ( 'NONE',  ( 59.25075513809803600, 76.30634444054477700, 41.08009941648124700 ) ) ;
#1499 = FACE_OUTER_BOUND ( 'NONE', #2484, .T. ) ;
#1500 = LINE ( 'NONE', #2147, #1302 ) ;
#1501 = CYLINDRICAL_SURFACE ( 'NONE', #210, 27.87499999999998600 ) ;
#1502 = VERTEX_POINT ( 'NONE', #687 ) ;
#1503 = DIRECTION ( 'NONE',  ( 1.000000000000000000, -0.0000000000000000000, -0.0000000000000000000 ) ) ;
#1504 = DIRECTION ( 'NONE',  ( 0.0000000000000000000, -0.8660254037844398200, 0.4999999999999980000 ) ) ;
#1505 = EDGE_CURVE ( 'NONE', #1674, #2156, #614, .T. ) ;
#1506 = CIRCLE ( 'NONE', #3947, 21.49999999999999300 ) ;
#1507 = CARTESIAN_POINT ( 'NONE',  ( 40.07733417900227800, 57.27199397519560600, 133.9693187331344900 ) ) ;
#1508 = EDGE_CURVE ( 'NONE', #2445, #1923, #2047, .T. ) ;
#1509 = CARTESIAN_POINT ( 'NONE',  ( 28.80495270450546000, 56.73916767537893000, 135.0127923474904600 ) ) ;
#1510 = AXIS2_PLACEMENT_3D ( 'NONE', #1907, #914, #473 ) ;
#1511 = CARTESIAN_POINT ( 'NONE',  ( 35.11836058040589100, 66.29918910489270400, -0.6199005835187954000 ) ) ;
#1512 = AXIS2_PLACEMENT_3D ( 'NONE', #3699, #3554, #3411 ) ;
#1513 = DIRECTION ( 'NONE',  ( 0.9237280213470681100, 0.3830490080632377700, 0.0000000000000000000 ) ) ;
#1514 = PLANE ( 'NONE',  #258 ) ;
#1515 = CARTESIAN_POINT ( 'NONE',  ( -22.20005111260406500, 2.381938024341600300E-015, -19.44999999999998500 ) ) ;
#1516 = DIRECTION ( 'NONE',  ( -1.000000000000000000, -0.0000000000000000000, -0.0000000000000000000 ) ) ;
#1517 = PRODUCT_DEFINITION ( 'UNKNOWN', '', #2606, #1132 ) ;
#1518 = CARTESIAN_POINT ( 'NONE',  ( 52.20396683893235900, 52.26843611771663900, 125.2879852376855600 ) ) ;
#1519 = ORIENTED_EDGE ( 'NONE', *, *, #1157, .T. ) ;
#1520 = EDGE_LOOP ( 'NONE', ( #1300, #3988, #3846, #1583 ) ) ;
#1521 = EDGE_CURVE ( 'NONE', #857, #3684, #810, .T. ) ;
#1522 = CARTESIAN_POINT ( 'NONE',  ( 50.90443315495535600, 41.09726577672263700, 107.9202235320095700 ) ) ;
#1523 = DIRECTION ( 'NONE',  ( -0.9781476007338055800, 2.546183866652839700E-017, -0.2079116908177600400 ) ) ;
#1524 = CARTESIAN_POINT ( 'NONE',  ( 35.11836058040589100, 66.29918910489271900, 41.58009941648120400 ) ) ;
#1525 = CARTESIAN_POINT ( 'NONE',  ( 35.11836058040587700, 16.44154506996448700, 136.3624688773321900 ) ) ;
#1526 = VECTOR ( 'NONE', #23, 999.9999999999998900 ) ;
#1527 = PRODUCT ( '-24-60-standard', '-24-60-standard', '', ( #3929 ) ) ;
#1528 = CONTEXT_DEPENDENT_SHAPE_REPRESENTATION ( #477, #1646 ) ;
#1529 = EDGE_CURVE ( 'NONE', #1546, #3722, #170, .T. ) ;
#1530 = CARTESIAN_POINT ( 'NONE',  ( 52.85046990175661100, 44.69152706001911900, 112.1223637178544700 ) ) ;
#1531 = CARTESIAN_POINT ( 'NONE',  ( 30.36408806254635800, 57.29905420340939800, 134.0162542090574200 ) ) ;
#1532 = FACE_OUTER_BOUND ( 'NONE', #1371, .T. ) ;
#1533 = EDGE_LOOP ( 'NONE', ( #1643, #2636, #2534, #1650 ) ) ;
#1534 = PERSON_AND_ORGANIZATION ( #1808, #1949 ) ;
#1535 = DIRECTION ( 'NONE',  ( -1.000000000000000000, -0.0000000000000000000, -0.0000000000000000000 ) ) ;
#1536 = AXIS2_PLACEMENT_3D ( 'NONE', #299, #1229, #3913 ) ;
#1537 = FACE_OUTER_BOUND ( 'NONE', #2335, .T. ) ;
#1538 = AXIS2_PLACEMENT_3D ( 'NONE', #1356, #2683, #2798 ) ;
#1539 = APPROVAL_DATE_TIME ( #2408, #214 ) ;
#1540 = CARTESIAN_POINT ( 'NONE',  ( 32.35196074700552800, 35.20211389718964100, 144.9695209583233600 ) ) ;
#1541 = CIRCLE ( 'NONE', #4089, 20.85000000000000100 ) ;
#1542 = AXIS2_PLACEMENT_3D ( 'NONE', #3240, #1325, #3536 ) ;
#1543 = SHAPE_REPRESENTATION ( '-24-60-standard', ( #3137 ), #2938 ) ;
#1544 = CARTESIAN_POINT ( 'NONE',  ( 41.05688188268515400, 39.11549819505818700, 102.3881533174807700 ) ) ;
#1545 = CARTESIAN_POINT ( 'NONE',  ( -17.90819268389989100, 2.954460402942990200E-015, 24.12500000000000400 ) ) ;
#1546 = VERTEX_POINT ( 'NONE', #1690 ) ;
#1547 = CARTESIAN_POINT ( 'NONE',  ( 19.98350242892165700, 40.69393766962006300, 107.2216387583873100 ) ) ;
#1548 = CARTESIAN_POINT ( 'NONE',  ( 35.11836058040587700, 16.44154506996448700, 136.3624688773321900 ) ) ;
#1549 = DIRECTION ( 'NONE',  ( 0.1621570828487897100, -0.4933824785300860400, -0.8545635203783742400 ) ) ;
#1550 = ORIENTED_EDGE ( 'NONE', *, *, #2668, .T. ) ;
#1551 = ORIENTED_EDGE ( 'NONE', *, *, #3728, .T. ) ;
#1552 = CARTESIAN_POINT ( 'NONE',  ( -16.05999999999999900, 38.10000000000000100, -44.00000000000000000 ) ) ;
#1553 = ORIENTED_EDGE ( 'NONE', *, *, #3839, .F. ) ;
#1554 = DIRECTION ( 'NONE',  ( -0.0000000000000000000, 0.0000000000000000000, -1.000000000000000000 ) ) ;
#1555 = DIRECTION ( 'NONE',  ( 0.0000000000000000000, -1.224646799147353200E-016, 1.000000000000000000 ) ) ;
#1556 = DIRECTION ( 'NONE',  ( 1.000000000000000000, 0.0000000000000000000, 0.0000000000000000000 ) ) ;
#1557 = DIRECTION ( 'NONE',  ( -0.0000000000000000000, 0.0000000000000000000, -1.000000000000000000 ) ) ;
#1558 = ORIENTED_EDGE ( 'NONE', *, *, #3824, .T. ) ;
#1559 = AXIS2_PLACEMENT_3D ( 'NONE', #2610, #700, #2943 ) ;
#1560 = DIRECTION ( 'NONE',  ( 0.0000000000000000000, 0.0000000000000000000, -1.000000000000000000 ) ) ;
#1561 = DIRECTION ( 'NONE',  ( -0.0000000000000000000, -0.8660254037844397100, 0.4999999999999980600 ) ) ;
#1562 = ORIENTED_EDGE ( 'NONE', *, *, #3447, .F. ) ;
#1563 = SECURITY_CLASSIFICATION ( '', '', #1760 ) ;
#1564 = DIRECTION ( 'NONE',  ( 0.0000000000000000000, 0.0000000000000000000, -1.000000000000000000 ) ) ;
#1565 = DIRECTION ( 'NONE',  ( 0.0000000000000000000, 0.0000000000000000000, -1.000000000000000000 ) ) ;
#1566 = CARTESIAN_POINT ( 'NONE',  ( 51.30016941292177500, 41.36054998570119800, 108.3762451587910400 ) ) ;
#1567 = CYLINDRICAL_SURFACE ( 'NONE', #131, 18.99999999999999600 ) ;
#1568 = CONICAL_SURFACE ( 'NONE', #2013, 16.05999999999999900, 0.7853981633974552700 ) ;
#1569 = DATE_AND_TIME ( #2450, #3289 ) ;
#1570 = DIRECTION ( 'NONE',  ( 1.000000000000000000, -0.0000000000000000000, -0.0000000000000000000 ) ) ;
#1571 = CIRCLE ( 'NONE', #3779, 23.62499999999998900 ) ;
#1572 = CARTESIAN_POINT ( 'NONE',  ( -53.30290323835134800, 0.0000000000000000000, 23.71000000000000100 ) ) ;
#1573 = VERTEX_POINT ( 'NONE', #197 ) ;
#1574 = CALENDAR_DATE ( 2014, 15, 12 ) ;
#1575 = AXIS2_PLACEMENT_3D ( 'NONE', #1211, #888, #995 ) ;
#1576 = ADVANCED_FACE ( 'NONE', ( #3153 ), #1194, .F. ) ;
#1577 = EDGE_CURVE ( 'NONE', #3529, #1127, #357, .T. ) ;
#1578 = LOCAL_TIME ( 13, 17, 30.00000000000000000, #2462 ) ;
#1579 = DIRECTION ( 'NONE',  ( 0.0000000000000000000, 0.0000000000000000000, 1.000000000000000000 ) ) ;
#1580 = DIRECTION ( 'NONE',  ( 0.1621570828487894400, -0.4933824785300860400, -0.8545635203783742400 ) ) ;
#1581 = CARTESIAN_POINT ( 'NONE',  ( 48.42064424631778500, 54.71899524569941100, 131.5137510592356600 ) ) ;
#1582 = DIRECTION ( 'NONE',  ( 1.000000000000000000, -0.0000000000000000000, -0.0000000000000000000 ) ) ;
#1583 = ORIENTED_EDGE ( 'NONE', *, *, #825, .T. ) ;
#1584 = AXIS2_PLACEMENT_3D ( 'NONE', #2195, #2145, #1974 ) ;
#1585 = CARTESIAN_POINT ( 'NONE',  ( 58.15865425799412900, 0.0000000000000000000, 0.0000000000000000000 ) ) ;
#1586 = CARTESIAN_POINT ( 'NONE',  ( 35.11836058040589100, 66.29918910489270400, 38.58009941648120400 ) ) ;
#1587 = FACE_OUTER_BOUND ( 'NONE', #1877, .T. ) ;
#1588 = ORIENTED_EDGE ( 'NONE', *, *, #2679, .T. ) ;
#1589 = CARTESIAN_POINT ( 'NONE',  ( 57.92743256285183400, 21.94744241916182800, 137.5117565207451100 ) ) ;
#1590 =( NAMED_UNIT ( * ) SI_UNIT ( $, .STERADIAN. ) SOLID_ANGLE_UNIT ( ) );
#1591 = CC_DESIGN_SECURITY_CLASSIFICATION ( #545, ( #3581 ) ) ;
#1592 = VERTEX_POINT ( 'NONE', #5 ) ;
#1593 = CARTESIAN_POINT ( 'NONE',  ( 58.15865425799412900, 0.0000000000000000000, 0.0000000000000000000 ) ) ;
#1594 = ORIENTED_EDGE ( 'NONE', *, *, #3340, .F. ) ;
#1595 = EDGE_CURVE ( 'NONE', #2980, #2027, #1944, .T. ) ;
#1596 = ORIENTED_EDGE ( 'NONE', *, *, #123, .F. ) ;
#1597 = EDGE_LOOP ( 'NONE', ( #2589, #1121, #2167, #486 ) ) ;
#1598 = CARTESIAN_POINT ( 'NONE',  ( 35.11836058040587700, 27.65103421725080700, 129.8906673006682700 ) ) ;
#1599 = CARTESIAN_POINT ( 'NONE',  ( -60.10819268389990100, 0.0000000000000000000, -26.12499999999998600 ) ) ;
#1600 = ORIENTED_EDGE ( 'NONE', *, *, #3764, .T. ) ;
#1601 = CARTESIAN_POINT ( 'NONE',  ( 18.92798934109466900, 53.12430272392190700, 128.7516625890668800 ) ) ;
#1602 = ORIENTED_EDGE ( 'NONE', *, *, #2622, .F. ) ;
#1603 =( LENGTH_UNIT ( ) NAMED_UNIT ( * ) SI_UNIT ( .MILLI., .METRE. ) );
#1604 = EDGE_CURVE ( 'NONE', #3576, #3376, #456, .T. ) ;
#1605 = CARTESIAN_POINT ( 'NONE',  ( 28.31004945437157600, 39.26874125609434400, 102.6569351127377000 ) ) ;
#1606 = CARTESIAN_POINT ( 'NONE',  ( 21.49799070809409300, 54.59680273832888300, 131.3021074281657000 ) ) ;
#1607 = EDGE_CURVE ( 'NONE', #1812, #3438, #1009, .T. ) ;
#1608 = CARTESIAN_POINT ( 'NONE',  ( 16.11836058040589500, 66.29918910489271900, 85.58009941648120400 ) ) ;
#1609 = DIRECTION ( 'NONE',  ( 0.0000000000000000000, 0.0000000000000000000, -1.000000000000000000 ) ) ;
#1610 = DIRECTION ( 'NONE',  ( 0.0000000000000000000, -0.0000000000000000000, 1.000000000000000000 ) ) ;
#1611 = CARTESIAN_POINT ( 'NONE',  ( 50.11512952627532500, 42.29077134404435200, 107.9398652348958800 ) ) ;
#1612 = VERTEX_POINT ( 'NONE', #4004 ) ;
#1613 = AXIS2_PLACEMENT_3D ( 'NONE', #3440, #2512, #4046 ) ;
#1614 = CARTESIAN_POINT ( 'NONE',  ( 32.51411782985432100, 35.57475682244398700, 143.6149574379449800 ) ) ;
#1615 = CARTESIAN_POINT ( 'NONE',  ( 35.11836058040589100, 66.29918910489270400, -18.52809326741869400 ) ) ;
#1616 = PLANE ( 'NONE',  #554 ) ;
#1617 = CARTESIAN_POINT ( 'NONE',  ( 18.99999999999999600, 38.10000000000000100, 0.0000000000000000000 ) ) ;
#1618 = CIRCLE ( 'NONE', #4008, 26.18499999999999200 ) ;
#1619 = CARTESIAN_POINT ( 'NONE',  ( 24.41670179236247400, 38.76399219202583200, 103.8788751353562800 ) ) ;
#1620 = DIRECTION ( 'NONE',  ( -0.0000000000000000000, -0.8660254037844397100, 0.4999999999999980600 ) ) ;
#1621 = CIRCLE ( 'NONE', #1809, 16.05999999999999900 ) ;
#1622 = DATE_AND_TIME ( #2501, #3341 ) ;
#1623 = CARTESIAN_POINT ( 'NONE',  ( 50.65406066972791200, 41.78750592852793500, 109.1157545443653600 ) ) ;
#1624 = LINE ( 'NONE', #1040, #1526 ) ;
#1625 = EDGE_LOOP ( 'NONE', ( #3749, #4088 ) ) ;
#1626 = COORDINATED_UNIVERSAL_TIME_OFFSET ( 0, 0, .AHEAD. ) ;
#1627 = DIRECTION ( 'NONE',  ( 1.000000000000000000, 0.0000000000000000000, 0.0000000000000000000 ) ) ;
#1628 = DIRECTION ( 'NONE',  ( 0.1621570828487893800, -0.4933824785300860400, -0.8545635203783740200 ) ) ;
#1629 = APPLICATION_CONTEXT ( 'configuration controlled 3d designs of mechanical parts and assemblies' ) ;
#1630 = LINE ( 'NONE', #2192, #1695 ) ;
#1631 = APPROVAL_PERSON_ORGANIZATION ( #2510, #214, #94 ) ;
#1632 = DIRECTION ( 'NONE',  ( 0.0000000000000000000, 0.0000000000000000000, -1.000000000000000000 ) ) ;
#1633 = CYLINDRICAL_SURFACE ( 'NONE', #3410, 27.87499999999999300 ) ;
#1634 = DIRECTION ( 'NONE',  ( -0.1621570828487894400, 0.4933824785300860400, 0.8545635203783742400 ) ) ;
#1635 = ADVANCED_FACE ( 'NONE', ( #2707 ), #1844, .T. ) ;
#1636 = CIRCLE ( 'NONE', #2276, 23.71000000000000100 ) ;
#1637 = DIRECTION ( 'NONE',  ( -1.000000000000000000, -0.0000000000000000000, -0.0000000000000000000 ) ) ;
#1638 = DIRECTION ( 'NONE',  ( 0.9237280213470682200, 0.3830490080632377700, 0.0000000000000000000 ) ) ;
#1639 = CARTESIAN_POINT ( 'NONE',  ( 51.49081400418320700, 41.49414486137227000, 108.6076382710841600 ) ) ;
#1640 = CARTESIAN_POINT ( 'NONE',  ( 15.83088308490382800, 49.89396145797935100, 123.1565473906680000 ) ) ;
#1641 = CIRCLE ( 'NONE', #3589, 18.29999999999999000 ) ;
#1642 = AXIS2_PLACEMENT_3D ( 'NONE', #1480, #3692, #1810 ) ;
#1643 = ORIENTED_EDGE ( 'NONE', *, *, #3728, .F. ) ;
#1644 = CIRCLE ( 'NONE', #3891, 23.71000000000000100 ) ;
#1645 = CARTESIAN_POINT ( 'NONE',  ( -40.35930008502347700, 0.0000000000000000000, 0.0000000000000000000 ) ) ;
#1646 = PRODUCT_DEFINITION_SHAPE ( 'NONE', 'NONE',  #4092 ) ;
#1647 = PERSON_AND_ORGANIZATION_ROLE ( 'creator' ) ;
#1648 = CC_DESIGN_PERSON_AND_ORGANIZATION_ASSIGNMENT ( #3200, #794, ( #1035 ) ) ;
#1649 = CARTESIAN_POINT ( 'NONE',  ( 35.11836058040589100, 66.29918910489270400, -76.68674752541282700 ) ) ;
#1650 = ORIENTED_EDGE ( 'NONE', *, *, #2929, .F. ) ;
#1651 = EDGE_LOOP ( 'NONE', ( #818, #3886, #1107, #3976 ) ) ;
#1652 = EDGE_CURVE ( 'NONE', #1332, #2721, #3717, .T. ) ;
#1653 = DIRECTION ( 'NONE',  ( 1.000000000000000000, 0.0000000000000000000, 0.0000000000000000000 ) ) ;
#1654 = CARTESIAN_POINT ( 'NONE',  ( -49.10930008502348400, 2.903637560778374600E-015, -23.71000000000000100 ) ) ;
#1655 = CARTESIAN_POINT ( 'NONE',  ( 35.11836058040589100, 66.29918910489271900, 85.58009941648120400 ) ) ;
#1656 = DIRECTION ( 'NONE',  ( 0.9237280213470680000, 0.3830490080632380500, 0.0000000000000000000 ) ) ;
#1657 = AXIS2_PLACEMENT_3D ( 'NONE', #753, #1504, #1027 ) ;
#1658 = ADVANCED_FACE ( 'NONE', ( #2811 ), #87, .F. ) ;
#1659 = PERSON_AND_ORGANIZATION_ROLE ( 'design_owner' ) ;
#1660 = ORIENTED_EDGE ( 'NONE', *, *, #3521, .F. ) ;
#1661 = VERTEX_POINT ( 'NONE', #2885 ) ;
#1662 = EDGE_CURVE ( 'NONE', #1953, #1127, #3726, .T. ) ;
#1663 = DIRECTION ( 'NONE',  ( 0.1621570828487895500, -0.4933824785300862100, -0.8545635203783741300 ) ) ;
#1664 = ORIENTED_EDGE ( 'NONE', *, *, #2051, .T. ) ;
#1665 = DIRECTION ( 'NONE',  ( -0.0000000000000000000, -0.0000000000000000000, -1.000000000000000000 ) ) ;
#1666 = DIRECTION ( 'NONE',  ( 1.000000000000000000, 0.0000000000000000000, 0.0000000000000000000 ) ) ;
#1667 = VERTEX_POINT ( 'NONE', #2903 ) ;
#1668 = AXIS2_PLACEMENT_3D ( 'NONE', #3876, #3331, #1513 ) ;
#1669 = ORIENTED_EDGE ( 'NONE', *, *, #1652, .F. ) ;
#1670 = DIRECTION ( 'NONE',  ( 0.9237280213470680000, 0.3830490080632380500, 0.0000000000000000000 ) ) ;
#1671 = CARTESIAN_POINT ( 'NONE',  ( 38.86662155045564800, 8.668775942914010100, 114.5124315271221500 ) ) ;
#1672 = ORIENTED_EDGE ( 'NONE', *, *, #140, .T. ) ;
#1673 = ORIENTED_EDGE ( 'NONE', *, *, #3284, .F. ) ;
#1674 = VERTEX_POINT ( 'NONE', #4070 ) ;
#1675 = LINE ( 'NONE', #2177, #1730 ) ;
#1676 = APPROVAL ( #1041, 'UNSPECIFIED' ) ;
#1677 = DIRECTION ( 'NONE',  ( -0.0000000000000000000, -0.8660254037844397100, 0.4999999999999980600 ) ) ;
#1678 = VECTOR ( 'NONE', #3769, 1000.000000000000000 ) ;
#1679 = DATE_TIME_ROLE ( 'classification_date' ) ;
#1680 = CONICAL_SURFACE ( 'NONE', #1575, 23.62499999999999300, 0.7853981633974657100 ) ;
#1681 = CARTESIAN_POINT ( 'NONE',  ( 33.02513715631019400, 37.29037051607338100, 101.3264875214718600 ) ) ;
#1682 = EDGE_CURVE ( 'NONE', #2724, #3169, #1958, .T. ) ;
#1683 = FACE_OUTER_BOUND ( 'NONE', #725, .T. ) ;
#1684 = CIRCLE ( 'NONE', #2329, 16.05999999999999900 ) ;
#1685 = EDGE_LOOP ( 'NONE', ( #2001, #3953, #2197, #1996 ) ) ;
#1686 = PERSON_AND_ORGANIZATION ( #1808, #1949 ) ;
#1687 = CARTESIAN_POINT ( 'NONE',  ( 0.0000000000000000000, 0.0000000000000000000, 0.0000000000000000000 ) ) ;
#1688 = ADVANCED_FACE ( 'NONE', ( #1119 ), #1761, .T. ) ;
#1689 = ORIENTED_EDGE ( 'NONE', *, *, #1940, .F. ) ;
#1690 = CARTESIAN_POINT ( 'NONE',  ( -46.22819268389991300, 0.0000000000000000000, -23.62499999999998900 ) ) ;
#1691 = CARTESIAN_POINT ( 'NONE',  ( 16.79525695973163800, 50.62220446585081400, 122.4301202133093200 ) ) ;
#1692 = APPROVAL_DATE_TIME ( #2560, #3784 ) ;
#1693 = CARTESIAN_POINT ( 'NONE',  ( 53.79606639526328100, 43.66160193032359900, 112.3617840377321900 ) ) ;
#1694 = APPROVAL_ROLE ( '' ) ;
#1695 = VECTOR ( 'NONE', #2561, 1000.000000000000000 ) ;
#1696 = CARTESIAN_POINT ( 'NONE',  ( 16.40784680288604500, 45.59706785181311500, 115.7141093500710400 ) ) ;
#1697 = CIRCLE ( 'NONE', #1285, 26.12499999999998600 ) ;
#1698 = EDGE_CURVE ( 'NONE', #2386, #1064, #189, .T. ) ;
#1699 = CARTESIAN_POINT ( 'NONE',  ( 35.11836058040589100, 66.29918910489270400, -76.68674752541282700 ) ) ;
#1700 = CARTESIAN_POINT ( 'NONE',  ( 24.37213170448777800, 55.93786347188604000, 131.6551226021507000 ) ) ;
#1701 = ORIENTED_EDGE ( 'NONE', *, *, #2732, .T. ) ;
#1702 = CARTESIAN_POINT ( 'NONE',  ( 37.21143577829783300, 58.05599029480117000, 135.2935960288857300 ) ) ;
#1703 = DIRECTION ( 'NONE',  ( 0.0000000000000000000, 0.0000000000000000000, -1.000000000000000000 ) ) ;
#1704 = DIRECTION ( 'NONE',  ( 1.000000000000000000, 0.0000000000000000000, 0.0000000000000000000 ) ) ;
#1705 = AXIS2_PLACEMENT_3D ( 'NONE', #3657, #1773, #3979 ) ;
#1706 = ORIENTED_EDGE ( 'NONE', *, *, #2152, .F. ) ;
#1707 = CARTESIAN_POINT ( 'NONE',  ( 52.21069449237420900, 52.47731263377245600, 127.6310428809344900 ) ) ;
#1708 = ADVANCED_FACE ( 'NONE', ( #2618, #3023 ), #1616, .T. ) ;
#1709 = CARTESIAN_POINT ( 'NONE',  ( 35.11836058040587700, 16.44154506996448700, 136.3624688773321900 ) ) ;
#1710 = ORIENTED_EDGE ( 'NONE', *, *, #3991, .T. ) ;
#1711 = APPROVAL_STATUS ( 'not_yet_approved' ) ;
#1712 = CARTESIAN_POINT ( 'NONE',  ( 33.92333007983899100, 57.23236018963265800, 135.8670268400905700 ) ) ;
#1713 = EDGE_LOOP ( 'NONE', ( #2616, #361 ) ) ;
#1714 = CARTESIAN_POINT ( 'NONE',  ( 16.16084173197255300, 47.40771251141125500, 116.8462299187812500 ) ) ;
#1715 = DIRECTION ( 'NONE',  ( 1.000000000000000000, -0.0000000000000000000, -0.0000000000000000000 ) ) ;
#1716 = CARTESIAN_POINT ( 'NONE',  ( 60.86727917545540800, 76.97668020465545200, 36.08009941648120400 ) ) ;
#1717 = DIRECTION ( 'NONE',  ( 0.0000000000000000000, 0.0000000000000000000, -1.000000000000000000 ) ) ;
#1718 = VERTEX_POINT ( 'NONE', #2529 ) ;
#1719 = CARTESIAN_POINT ( 'NONE',  ( 16.56387155194798000, 49.30623415392903300, 122.1385738390557100 ) ) ;
#1720 = EDGE_CURVE ( 'NONE', #2672, #2568, #2057, .T. ) ;
#1721 = CARTESIAN_POINT ( 'NONE',  ( 37.86453334127314500, 57.15559652455152000, 135.7340682719948900 ) ) ;
#1722 = EDGE_CURVE ( 'NONE', #3864, #232, #3629, .T. ) ;
#1723 = CARTESIAN_POINT ( 'NONE',  ( 16.63963285245200300, 50.32019820753151200, 121.9057228734298500 ) ) ;
#1724 = VERTEX_POINT ( 'NONE', #144 ) ;
#1725 = APPLICATION_PROTOCOL_DEFINITION ( 'international standard', 'config_control_design', 1994, #83 ) ;
#1726 = EDGE_LOOP ( 'NONE', ( #522, #481 ) ) ;
#1727 = ADVANCED_FACE ( 'NONE', ( #469 ), #824, .F. ) ;
#1728 = DIRECTION ( 'NONE',  ( 0.0000000000000000000, 0.0000000000000000000, -1.000000000000000000 ) ) ;
#1729 = CIRCLE ( 'NONE', #1455, 26.68795201467610000 ) ;
#1730 = VECTOR ( 'NONE', #2474, 1000.000000000000000 ) ;
#1731 = LINE ( 'NONE', #35, #1678 ) ;
#1732 = CARTESIAN_POINT ( 'NONE',  ( 35.11836058040589100, 66.29918910489270400, -0.6199005835188022800 ) ) ;
#1733 = FACE_OUTER_BOUND ( 'NONE', #4074, .T. ) ;
#1734 = CALENDAR_DATE ( 2014, 15, 12 ) ;
#1735 = APPROVAL ( #1711, 'UNSPECIFIED' ) ;
#1736 = CARTESIAN_POINT ( 'NONE',  ( -20.40819268389990200, 3.206737643567343200E-015, 26.18499999999998800 ) ) ;
#1737 = CARTESIAN_POINT ( 'NONE',  ( 33.12979832751498300, 38.70019644466660200, 101.6591501352955800 ) ) ;
#1738 = VECTOR ( 'NONE', #3882, 1000.000000000000000 ) ;
#1739 = SECURITY_CLASSIFICATION_LEVEL ( 'unclassified' ) ;
#1740 = EDGE_CURVE ( 'NONE', #4040, #3249, #929, .T. ) ;
#1741 = LOCAL_TIME ( 13, 17, 30.00000000000000000, #2601 ) ;
#1742 = ORIENTED_EDGE ( 'NONE', *, *, #1890, .F. ) ;
#1743 =( BOUNDED_SURFACE ( )  B_SPLINE_SURFACE ( 3, 2, ( 
 ( #1681, #201, #1737 ),
 ( #2303, #4002, #3306 ),
 ( #1233, #245, #3696 ),
 ( #3679, #3669, #3738 ),
 ( #3730, #3705, #2933 ),
 ( #2921, #2909, #2870 ),
 ( #2840, #2822, #3168 ),
 ( #3106, #3072, #3050 ),
 ( #2959, #2946, #1984 ),
 ( #1947, #1879, #1853 ),
 ( #1797, #1780, #3374 ),
 ( #3360, #3250, #3234 ),
 ( #3221, #3182, #2639 ),
 ( #1222, #2532, #2242 ),
 ( #2895, #2744, #1335 ),
 ( #1913, #1897, #1483 ),
 ( #1522, #1440, #1611 ),
 ( #1566, #1471, #1768 ),
 ( #1639, #1623, #294 ),
 ( #212, #100, #77 ),
 ( #3405, #3359, #2972 ),
 ( #3805, #3474, #3418 ),
 ( #1293, #1280, #1270 ),
 ( #1135, #1012, #863 ),
 ( #858, #849, #842 ),
 ( #1454, #1349, #1304 ),
 ( #2208, #2129, #2089 ),
 ( #2296, #2271, #2217 ),
 ( #4031, #3974, #519 ),
 ( #3816, #717, #704 ),
 ( #691, #832, #745 ),
 ( #731, #589, #580 ),
 ( #550, #631, #616 ),
 ( #605, #533, #524 ),
 ( #421, #340, #327 ),
 ( #313, #1256, #1193 ),
 ( #1181, #1171, #1160 ),
 ( #1155, #3461, #3448 ),
 ( #3393, #3644, #3540 ),
 ( #3528, #2576, #2546 ),
 ( #2494, #2615, #2599 ),
 ( #2585, #492, #387 ),
 ( #489, #2452, #2562 ),
 ( #2409, #1208, #1240 ),
 ( #4041, #2100, #1961 ),
 ( #835, #282, #406 ),
 ( #1581, #218, #32 ),
 ( #4072, #2801, #2784 ),
 ( #2758, #2738, #2729 ),
 ( #2656, #3791, #3765 ),
 ( #3751, #3996, #3989 ),
 ( #3830, #3167, #903 ),
 ( #128, #1860, #1251 ),
 ( #942, #3721, #1811 ),
 ( #4052, #2173, #3416 ),
 ( #2155, #3118, #1823 ) ),
 .UNSPECIFIED., .F., .F., .T. ) 
 B_SPLINE_SURFACE_WITH_KNOTS ( ( 4, 2, 2, 2, 2, 2, 2, 2, 2, 2, 2, 2, 2, 2, 2, 2, 2, 2, 2, 2, 2, 2, 2, 2, 2, 2, 2, 4 ),
 ( 3, 3 ),
 ( 0.0000000000000000000, 0.003908476631063314600, 0.005862714946594972300, 0.007816953262126629200, 0.01172542989318994500, 0.01367966820872160100, 0.01563390652425325800, 0.01954238315531657600, 0.02051950231308240200, 0.02149662147084823200, 0.02345085978637988900, 0.02540509810191154600, 0.02638221725967737600, 0.02735933641744320300, 0.03126781304850651700, 0.03322205136403817700, 0.03419917052180400400, 0.03517628967956983000, 0.03908476631063315100, 0.04103900462616480400, 0.04299324294169646500, 0.04690171957275977900, 0.04885595788829143200, 0.05081019620382309200, 0.05276443451935475300, 0.05471867283488640600, 0.05862714946594972000, 0.06253562609701303300 ),
 ( 0.0000000000000000000, 1.000000000000000000 ),
 .UNSPECIFIED. ) 
 GEOMETRIC_REPRESENTATION_ITEM ( )  RATIONAL_B_SPLINE_SURFACE ( (
 ( 1.000000000000000000, 0.6875268132357180700, 1.000000000000000000),
 ( 1.000000000000000000, 0.6872366608872679800, 1.000000000000000000),
 ( 1.000000000000000000, 0.6872223958675548500, 1.000000000000000000),
 ( 1.000000000000000000, 0.6875961432618961100, 1.000000000000000000),
 ( 1.000000000000000000, 0.6877862562736726200, 1.000000000000000000),
 ( 1.000000000000000000, 0.6882885817766389900, 1.000000000000000000),
 ( 1.000000000000000000, 0.6886023514199978200, 1.000000000000000000),
 ( 1.000000000000000000, 0.6896809815548971000, 1.000000000000000000),
 ( 1.000000000000000000, 0.6905855273048342500, 1.000000000000000000),
 ( 1.000000000000000000, 0.6920953734562430600, 1.000000000000000000),
 ( 1.000000000000000000, 0.6926264352218805000, 1.000000000000000000),
 ( 1.000000000000000000, 0.6937145644071949200, 1.000000000000000000),
 ( 1.000000000000000000, 0.6942667151623473900, 1.000000000000000000),
 ( 1.000000000000000000, 0.6959255184576622600, 1.000000000000000000),
 ( 1.000000000000000000, 0.6970328312971868500, 1.000000000000000000),
 ( 1.000000000000000000, 0.6983787409552350000, 1.000000000000000000),
 ( 1.000000000000000000, 0.6986468526920774900, 1.000000000000000000),
 ( 1.000000000000000000, 0.6991740578003100600, 1.000000000000000000),
 ( 1.000000000000000000, 0.6994334464896475600, 1.000000000000000000),
 ( 1.000000000000000000, 0.7001988923856564700, 1.000000000000000000),
 ( 1.000000000000000000, 0.7006921903931523400, 1.000000000000000000),
 ( 1.000000000000000000, 0.7016456107962011400, 1.000000000000000000),
 ( 1.000000000000000000, 0.7021057527260807800, 1.000000000000000000),
 ( 1.000000000000000000, 0.7027725079096086600, 1.000000000000000000),
 ( 1.000000000000000000, 0.7029908562280710000, 1.000000000000000000),
 ( 1.000000000000000000, 0.7034200377268143800, 1.000000000000000000),
 ( 1.000000000000000000, 0.7036312445094293800, 1.000000000000000000),
 ( 1.000000000000000000, 0.7046584337395238600, 1.000000000000000000),
 ( 1.000000000000000000, 0.7053965544270824900, 1.000000000000000000),
 ( 1.000000000000000000, 0.7064093385666003800, 1.000000000000000000),
 ( 1.000000000000000000, 0.7067310983940063900, 1.000000000000000000),
 ( 1.000000000000000000, 0.7071930690928348600, 1.000000000000000000),
 ( 1.000000000000000000, 0.7073436423513870300, 1.000000000000000000),
 ( 1.000000000000000000, 0.7076351604817083800, 1.000000000000000000),
 ( 1.000000000000000000, 0.7077765457935152300, 1.000000000000000000),
 ( 1.000000000000000000, 0.7084634716285604900, 1.000000000000000000),
 ( 1.000000000000000000, 0.7089497045060060300, 1.000000000000000000),
 ( 1.000000000000000000, 0.7096104223936549000, 1.000000000000000000),
 ( 1.000000000000000000, 0.7098201163351267600, 1.000000000000000000),
 ( 1.000000000000000000, 0.7102123651354390600, 1.000000000000000000),
 ( 1.000000000000000000, 0.7103954205402369700, 1.000000000000000000),
 ( 1.000000000000000000, 0.7109116268829077700, 1.000000000000000000),
 ( 1.000000000000000000, 0.7112121892871334800, 1.000000000000000000),
 ( 1.000000000000000000, 0.7116136103339442100, 1.000000000000000000),
 ( 1.000000000000000000, 0.7117372933776552300, 1.000000000000000000),
 ( 1.000000000000000000, 0.7119661945479635000, 1.000000000000000000),
 ( 1.000000000000000000, 0.7120716372335994500, 1.000000000000000000),
 ( 1.000000000000000000, 0.7122667532387959600, 1.000000000000000000),
 ( 1.000000000000000000, 0.7123564210624270300, 1.000000000000000000),
 ( 1.000000000000000000, 0.7125214669510920900, 1.000000000000000000),
 ( 1.000000000000000000, 0.7125970614482406400, 1.000000000000000000),
 ( 1.000000000000000000, 0.7127997066694367100, 1.000000000000000000),
 ( 1.000000000000000000, 0.7129046428036209800, 1.000000000000000000),
 ( 1.000000000000000000, 0.7130634186541622300, 1.000000000000000000),
 ( 1.000000000000000000, 0.7131171581168571600, 1.000000000000000000),
 ( 1.000000000000000000, 0.7131443077351559100, 1.000000000000000000) ) ) 
 REPRESENTATION_ITEM ( '' )  SURFACE ( )  );
#1744 = LINE ( 'NONE', #3551, #1109 ) ;
#1745 = CARTESIAN_POINT ( 'NONE',  ( -48.55504382660144800, 0.0000000000000000000, 0.0000000000000000000 ) ) ;
#1746 = COORDINATED_UNIVERSAL_TIME_OFFSET ( 0, 0, .AHEAD. ) ;
#1747 = ORIENTED_EDGE ( 'NONE', *, *, #1959, .F. ) ;
#1748 = CARTESIAN_POINT ( 'NONE',  ( 38.49933575780314500, 36.96216442754037200, 100.7580179007792200 ) ) ;
#1749 = CARTESIAN_POINT ( 'NONE',  ( 9.493360580405847000, 66.29918910489270400, 41.58009941648120400 ) ) ;
#1750 = VECTOR ( 'NONE', #3610, 999.9999999999998900 ) ;
#1751 = AXIS2_PLACEMENT_3D ( 'NONE', #2344, #2373, #2476 ) ;
#1752 = CIRCLE ( 'NONE', #1203, 16.05999999999999900 ) ;
#1753 = EDGE_CURVE ( 'NONE', #624, #1612, #3309, .T. ) ;
#1754 = ADVANCED_FACE ( 'NONE', ( #881, #1817 ), #4053, .F. ) ;
#1755 = ORIENTED_EDGE ( 'NONE', *, *, #2786, .T. ) ;
#1756 = CIRCLE ( 'NONE', #3658, 54.15999999999999700 ) ;
#1757 = CARTESIAN_POINT ( 'NONE',  ( 15.41785974248715600, 45.51012091946470400, 115.5635128456804600 ) ) ;
#1758 = DIRECTION ( 'NONE',  ( -1.000000000000000000, 0.0000000000000000000, -0.0000000000000000000 ) ) ;
#1759 = EDGE_LOOP ( 'NONE', ( #1294, #2151 ) ) ;
#1760 = SECURITY_CLASSIFICATION_LEVEL ( 'unclassified' ) ;
#1761 = CYLINDRICAL_SURFACE ( 'NONE', #2990, 27.12499999999998600 ) ;
#1762 = AXIS2_PLACEMENT_3D ( 'NONE', #2604, #3851, #2889 ) ;
#1763 = ORIENTED_EDGE ( 'NONE', *, *, #2998, .T. ) ;
#1764 = ORIENTED_EDGE ( 'NONE', *, *, #2813, .T. ) ;
#1765 = CARTESIAN_POINT ( 'NONE',  ( 35.11836058040589100, 82.35918910489270700, 85.58009941648120400 ) ) ;
#1766 = ORIENTED_EDGE ( 'NONE', *, *, #1791, .F. ) ;
#1767 = CARTESIAN_POINT ( 'NONE',  ( 18.90606899685571600, 42.26522338683835000, 109.9431854538166800 ) ) ;
#1768 = CARTESIAN_POINT ( 'NONE',  ( 50.49107897124853400, 42.53964320712980700, 108.3738716996162300 ) ) ;
#1769 = CC_DESIGN_PERSON_AND_ORGANIZATION_ASSIGNMENT ( #1249, #1659, ( #2648 ) ) ;
#1770 = CARTESIAN_POINT ( 'NONE',  ( 24.13607063331363300, 55.01218225236881000, 132.0215658509115400 ) ) ;
#1771 =( REPRESENTATION_RELATIONSHIP ('NONE','NONE', #1351, #3062 ) REPRESENTATION_RELATIONSHIP_WITH_TRANSFORMATION ( #2551 )SHAPE_REPRESENTATION_RELATIONSHIP( ) );
#1772 = ORIENTED_EDGE ( 'NONE', *, *, #1108, .F. ) ;
#1773 = DIRECTION ( 'NONE',  ( 0.0000000000000000000, 0.0000000000000000000, -1.000000000000000000 ) ) ;
#1774 = ADVANCED_FACE ( 'NONE', ( #2158 ), #1069, .T. ) ;
#1775 = VERTEX_POINT ( 'NONE', #1008 ) ;
#1776 = CARTESIAN_POINT ( 'NONE',  ( 45.12551591605797800, 42.16679454720055300, 38.58009941648120400 ) ) ;
#1777 = VERTEX_POINT ( 'NONE', #1608 ) ;
#1778 = DIRECTION ( 'NONE',  ( 0.0000000000000000000, 0.0000000000000000000, 1.000000000000000000 ) ) ;
#1779 = EDGE_LOOP ( 'NONE', ( #102, #2153 ) ) ;
#1780 = CARTESIAN_POINT ( 'NONE',  ( 45.02395884553428100, 39.14874468448159900, 104.5452860006218300 ) ) ;
#1781 = CONICAL_SURFACE ( 'NONE', #571, 26.12499999999998600, 0.7853981633974344000 ) ;
#1782 = EDGE_CURVE ( 'NONE', #1923, #2568, #3580, .T. ) ;
#1783 = LINE ( 'NONE', #2746, #1936 ) ;
#1784 = FACE_OUTER_BOUND ( 'NONE', #2049, .T. ) ;
#1785 = AXIS2_PLACEMENT_3D ( 'NONE', #1807, #2169, #3081 ) ;
#1786 = ORGANIZATION ( 'NAUO-ORG3', 'UNSPECIFIED', 'UNSPECIFIED' ) ;
#1787 = AXIS2_PLACEMENT_3D ( 'NONE', #1331, #3539, #1634 ) ;
#1788 = LINE ( 'NONE', #4045, #1738 ) ;
#1789 = EDGE_LOOP ( 'NONE', ( #1407, #3786 ) ) ;
#1790 = COORDINATED_UNIVERSAL_TIME_OFFSET ( 0, 0, .AHEAD. ) ;
#1791 = EDGE_CURVE ( 'NONE', #3722, #2156, #235, .T. ) ;
#1792 = ORIENTED_EDGE ( 'NONE', *, *, #1890, .T. ) ;
#1793 = DIRECTION ( 'NONE',  ( -0.0000000000000000000, -0.8660254037844397100, 0.4999999999999980600 ) ) ;
#1794 = CC_DESIGN_SECURITY_CLASSIFICATION ( #1563, ( #4093 ) ) ;
#1795 = ADVANCED_FACE ( 'NONE', ( #3212 ), #1362, .F. ) ;
#1796 = APPROVAL_PERSON_ORGANIZATION ( #2658, #3784, #2978 ) ;
#1797 = CARTESIAN_POINT ( 'NONE',  ( 45.56902354004534300, 38.70474403799819600, 103.7762543223257700 ) ) ;
#1798 = DIRECTION ( 'NONE',  ( 0.0000000000000000000, 0.0000000000000000000, -1.000000000000000000 ) ) ;
#1799 = CARTESIAN_POINT ( 'NONE',  ( 55.12210671337432900, 47.50896822807303700, 119.0256179407624300 ) ) ;
#1800 = ORIENTED_EDGE ( 'NONE', *, *, #4083, .F. ) ;
#1801 = CIRCLE ( 'NONE', #3683, 16.05999999999999200 ) ;
#1802 = EDGE_LOOP ( 'NONE', ( #3535, #3971 ) ) ;
#1803 = PLANE ( 'NONE',  #3414 ) ;
#1804 = CARTESIAN_POINT ( 'NONE',  ( 54.87343603798439100, 45.55115985879514500, 115.6345943736895400 ) ) ;
#1805 = CIRCLE ( 'NONE', #1077, 16.05999999999999900 ) ;
#1806 = DIRECTION ( 'NONE',  ( 0.0000000000000000000, 0.0000000000000000000, -1.000000000000000000 ) ) ;
#1807 = CARTESIAN_POINT ( 'NONE',  ( -41.35930008502347700, 22.79500000000000200, 0.0000000000000000000 ) ) ;
#1808 = PERSON ( 'UNSPECIFIED', 'UNSPECIFIED', 'UNSPECIFIED', ('UNSPECIFIED'), ('UNSPECIFIED'), ('UNSPECIFIED') ) ;
#1809 = AXIS2_PLACEMENT_3D ( 'NONE', #4017, #3982, #3967 ) ;
#1810 = DIRECTION ( 'NONE',  ( 0.0000000000000000000, 0.0000000000000000000, 1.000000000000000000 ) ) ;
#1811 = CARTESIAN_POINT ( 'NONE',  ( 39.58628773629334300, 57.35073355155139300, 134.1058932480719600 ) ) ;
#1812 = VERTEX_POINT ( 'NONE', #728 ) ;
#1813 = EDGE_CURVE ( 'NONE', #2390, #2635, #3202, .T. ) ;
#1814 = CARTESIAN_POINT ( 'NONE',  ( 37.10854652863145700, 56.70116715981308900, 134.9469735238166400 ) ) ;
#1815 = EDGE_LOOP ( 'NONE', ( #2161, #2364, #1562, #3007, #3066 ) ) ;
#1816 = EDGE_LOOP ( 'NONE', ( #1272, #1847, #621, #1213 ) ) ;
#1817 = FACE_OUTER_BOUND ( 'NONE', #1726, .T. ) ;
#1818 = CARTESIAN_POINT ( 'NONE',  ( 35.11836058040589100, 66.29918910489271900, 85.58009941648120400 ) ) ;
#1819 = CARTESIAN_POINT ( 'NONE',  ( 35.11836058040589100, 66.29918910489270400, -0.6199005835187954000 ) ) ;
#1820 = VECTOR ( 'NONE', #2160, 1000.000000000000000 ) ;
#1821 = PRODUCT_RELATED_PRODUCT_CATEGORY ( 'detail', '', ( #2648 ) ) ;
#1822 = DIRECTION ( 'NONE',  ( 0.0000000000000000000, -0.0000000000000000000, 1.000000000000000000 ) ) ;
#1823 = CARTESIAN_POINT ( 'NONE',  ( 37.10678201840323700, 57.54395787885783200, 134.4410290839698800 ) ) ;
#1824 = EDGE_CURVE ( 'NONE', #2884, #3136, #1506, .T. ) ;
#1825 = EDGE_LOOP ( 'NONE', ( #2674, #917, #2316, #3134 ) ) ;
#1826 = CARTESIAN_POINT ( 'NONE',  ( 35.11836058040589100, 66.29918910489270400, -0.6199005835187954000 ) ) ;
#1827 = ORIENTED_EDGE ( 'NONE', *, *, #1108, .T. ) ;
#1828 = ORIENTED_EDGE ( 'NONE', *, *, #67, .T. ) ;
#1829 = CARTESIAN_POINT ( 'NONE',  ( 48.74087014729690300, 39.88789623244177600, 105.8255340361886300 ) ) ;
#1830 = DIRECTION ( 'NONE',  ( 0.0000000000000000000, 0.0000000000000000000, 1.000000000000000000 ) ) ;
#1831 = DIRECTION ( 'NONE',  ( 0.0000000000000000000, 0.0000000000000000000, 1.000000000000000000 ) ) ;
#1832 = CIRCLE ( 'NONE', #47, 23.11500000000000600 ) ;
#1833 = CARTESIAN_POINT ( 'NONE',  ( 42.90577482188492600, 56.78303713560425300, 133.1212150254780500 ) ) ;
#1834 = FACE_OUTER_BOUND ( 'NONE', #3379, .T. ) ;
#1835 = EDGE_CURVE ( 'NONE', #3075, #1612, #3215, .T. ) ;
#1836 = CIRCLE ( 'NONE', #458, 26.18499999999998800 ) ;
#1837 = CIRCLE ( 'NONE', #1657, 16.05999999999999900 ) ;
#1838 = EDGE_CURVE ( 'NONE', #1667, #3962, #1022, .T. ) ;
#1839 = ITEM_DEFINED_TRANSFORMATION ( 'NONE', 'NONE', #289,  #3137 ) ;
#1840 = AXIS2_PLACEMENT_3D ( 'NONE', #1217, #739, #798 ) ;
#1841 = APPROVAL_DATE_TIME ( #2706, #3325 ) ;
#1842 = AXIS2_PLACEMENT_3D ( 'NONE', #622, #2876, #950 ) ;
#1843 = VERTEX_POINT ( 'NONE', #2799 ) ;
#1844 = CYLINDRICAL_SURFACE ( 'NONE', #2778, 26.12499999999998600 ) ;
#1845 = CARTESIAN_POINT ( 'NONE',  ( 28.56536736637783100, 37.78254793701414400, 102.1789638208794900 ) ) ;
#1846 = LOCAL_TIME ( 13, 17, 30.00000000000000000, #2713 ) ;
#1847 = ORIENTED_EDGE ( 'NONE', *, *, #1505, .T. ) ;
#1848 = CARTESIAN_POINT ( 'NONE',  ( 52.91827379030027600, 51.43945027561907300, 123.8489943186535400 ) ) ;
#1849 = CARTESIAN_POINT ( 'NONE',  ( 17.35992339759814800, 51.53326671363836900, 124.0118932547111400 ) ) ;
#1851 = CARTESIAN_POINT ( 'NONE',  ( 28.53679842830804200, 63.56996492244214600, 8.404536424704442500 ) ) ;
#1850 = CARTESIAN_POINT ( 'NONE',  ( 35.11836058040587700, 16.44154506996448700, 136.3624688773321900 ) ) ;
#1852 = CYLINDRICAL_SURFACE ( 'NONE', #1433, 16.05999999999999200 ) ;
#1853 = CARTESIAN_POINT ( 'NONE',  ( 44.50691001092265300, 39.87401050256700300, 103.7174662572156200 ) ) ;
#1854 = DIRECTION ( 'NONE',  ( 1.000000000000000000, -0.0000000000000000000, -0.0000000000000000000 ) ) ;
#1855 = VECTOR ( 'NONE', #4079, 1000.000000000000000 ) ;
#1856 = DIRECTION ( 'NONE',  ( 0.9237280213470682200, 0.3830490080632376600, 0.0000000000000000000 ) ) ;
#1857 = ORIENTED_EDGE ( 'NONE', *, *, #770, .F. ) ;
#1858 = CARTESIAN_POINT ( 'NONE',  ( 47.22329504362841100, 39.27086176501039500, 104.7567989885763600 ) ) ;
#1859 = CARTESIAN_POINT ( 'NONE',  ( 51.87270382608129200, 43.60052531867452100, 110.2229022461209800 ) ) ;
#1860 = CARTESIAN_POINT ( 'NONE',  ( 41.96254382270609500, 56.13751033034470300, 133.9706912571505800 ) ) ;
#1861 = DIRECTION ( 'NONE',  ( -0.0000000000000000000, -0.8660254037844397100, 0.4999999999999980600 ) ) ;
#1862 = ORIENTED_EDGE ( 'NONE', *, *, #1195, .T. ) ;
#1863 = DIRECTION ( 'NONE',  ( 0.9237280213470681100, 0.3830490080632375500, 0.0000000000000000000 ) ) ;
#1864 = EDGE_CURVE ( 'NONE', #2672, #2445, #3491, .T. ) ;
#1865 = CARTESIAN_POINT ( 'NONE',  ( 35.86734505447543600, 56.76652215961801300, 135.0601717039663800 ) ) ;
#1866 = EDGE_LOOP ( 'NONE', ( #2003, #2782, #2627, #2835, #3674 ) ) ;
#1867 = CARTESIAN_POINT ( 'NONE',  ( 35.11836058040589100, 66.29918910489270400, -0.1199005835188088300 ) ) ;
#1868 = DIRECTION ( 'NONE',  ( -0.3830490080632377700, 0.9237280213470682200, 0.0000000000000000000 ) ) ;
#1869 = AXIS2_PLACEMENT_3D ( 'NONE', #3677, #227, #2449 ) ;
#1870 = DIRECTION ( 'NONE',  ( 0.9237280213470682200, 0.3830490080632377700, 0.0000000000000000000 ) ) ;
#1871 = EDGE_LOOP ( 'NONE', ( #666, #1066, #843, #2637 ) ) ;
#1872 = CARTESIAN_POINT ( 'NONE',  ( -53.30290323835134800, 0.0000000000000000000, 20.85000000000000100 ) ) ;
#1873 = EDGE_LOOP ( 'NONE', ( #1989, #3834, #1345, #2046, #247, #2888 ) ) ;
#1874 = CC_DESIGN_DATE_AND_TIME_ASSIGNMENT ( #3904, #3029, ( #1035 ) ) ;
#1875 = CARTESIAN_POINT ( 'NONE',  ( 39.31087886663014800, 38.87576324345289400, 101.9674466677824000 ) ) ;
#1876 = CARTESIAN_POINT ( 'NONE',  ( 0.0000000000000000000, 38.10000000000000100, 0.0000000000000000000 ) ) ;
#1877 = EDGE_LOOP ( 'NONE', ( #2900, #2685, #3069, #2466 ) ) ;
#1878 = ORIENTED_EDGE ( 'NONE', *, *, #3991, .F. ) ;
#1879 = CARTESIAN_POINT ( 'NONE',  ( 44.48479980880267700, 38.99054051301994400, 104.2712683376848400 ) ) ;
#1880 = CARTESIAN_POINT ( 'NONE',  ( 35.90600802344511800, 57.25866124209206700, 135.9125815992428300 ) ) ;
#1881 = DIRECTION ( 'NONE',  ( 1.000000000000000000, 0.0000000000000000000, 0.0000000000000000000 ) ) ;
#1882 = DIRECTION ( 'NONE',  ( 0.0000000000000000000, 0.0000000000000000000, -1.000000000000000000 ) ) ;
#1883 = CARTESIAN_POINT ( 'NONE',  ( 10.98596602271375000, 56.29203376924061100, 41.08009941648124700 ) ) ;
#1884 = CARTESIAN_POINT ( 'NONE',  ( 9.369441985356376200, 55.62169800512995000, -76.68674752541282700 ) ) ;
#1885 = CIRCLE ( 'NONE', #675, 20.85000000000000100 ) ;
#1886 = AXIS2_PLACEMENT_3D ( 'NONE', #1496, #3946, #133 ) ;
#1887 = CYLINDRICAL_SURFACE ( 'NONE', #3397, 16.05999999999999900 ) ;
#1888 = CARTESIAN_POINT ( 'NONE',  ( 28.17888708864692400, 56.62927605810177300, 134.8224544830405000 ) ) ;
#1889 = COORDINATED_UNIVERSAL_TIME_OFFSET ( 0, 0, .AHEAD. ) ;
#1890 = EDGE_CURVE ( 'NONE', #2336, #2672, #3819, .T. ) ;
#1891 = CARTESIAN_POINT ( 'NONE',  ( -26.93262969212313600, 8.725608443924874400E-016, -7.124999999999985800 ) ) ;
#1892 = FACE_OUTER_BOUND ( 'NONE', #910, .T. ) ;
#1893 = CARTESIAN_POINT ( 'NONE',  ( 35.11836058040589100, 66.29918910489270400, -0.6199005835187954000 ) ) ;
#1894 = ORIENTED_EDGE ( 'NONE', *, *, #1189, .T. ) ;
#1895 = CARTESIAN_POINT ( 'NONE',  ( -60.10819268389990100, 0.0000000000000000000, 0.0000000000000000000 ) ) ;
#1896 = LOCAL_TIME ( 13, 17, 30.00000000000000000, #2754 ) ;
#1897 = CARTESIAN_POINT ( 'NONE',  ( 49.90037171050337900, 41.28864905112383400, 108.2517090869887300 ) ) ;
#1898 = DIRECTION ( 'NONE',  ( 1.000000000000000000, 0.0000000000000000000, 0.0000000000000000000 ) ) ;
#1899 = AXIS2_PLACEMENT_3D ( 'NONE', #572, #1323, #1032 ) ;
#1900 = DIRECTION ( 'NONE',  ( 0.0000000000000000000, 0.0000000000000000000, -1.000000000000000000 ) ) ;
#1901 = COORDINATED_UNIVERSAL_TIME_OFFSET ( 0, 0, .AHEAD. ) ;
#1902 = DIRECTION ( 'NONE',  ( -0.0000000000000000000, -0.8660254037844397100, 0.4999999999999980600 ) ) ;
#1903 = CARTESIAN_POINT ( 'NONE',  ( -46.22819268389991300, 0.0000000000000000000, -19.44999999999998500 ) ) ;
#1904 = FACE_OUTER_BOUND ( 'NONE', #3896, .T. ) ;
#1905 = CC_DESIGN_APPROVAL ( #1676, ( #1054 ) ) ;
#1906 = ORIENTED_EDGE ( 'NONE', *, *, #1195, .F. ) ;
#1907 = CARTESIAN_POINT ( 'NONE',  ( -20.40819268389990200, 0.0000000000000000000, 0.0000000000000000000 ) ) ;
#1908 = EDGE_CURVE ( 'NONE', #2163, #2219, #3292, .T. ) ;
#1909 = CYLINDRICAL_SURFACE ( 'NONE', #3277, 23.71000000000000100 ) ;
#1910 = CARTESIAN_POINT ( 'NONE',  ( 33.12979832751498300, 38.70019644466660200, 101.6591501352955800 ) ) ;
#1911 = DIRECTION ( 'NONE',  ( 1.000000000000000000, -0.0000000000000000000, -0.0000000000000000000 ) ) ;
#1912 = DIRECTION ( 'NONE',  ( -1.387778780781445700E-017, 0.8660254037844398200, -0.4999999999999980600 ) ) ;
#1913 = CARTESIAN_POINT ( 'NONE',  ( 50.69908694369480200, 40.96746186300748600, 107.6953965584336300 ) ) ;
#1914 = CARTESIAN_POINT ( 'NONE',  ( 16.40491987760474400, 50.83244899967765200, 124.7820554951598700 ) ) ;
#1915 = CIRCLE ( 'NONE', #986, 18.99999999999999600 ) ;
#1916 = VERTEX_POINT ( 'NONE', #1207 ) ;
#1917 = DIRECTION ( 'NONE',  ( 0.9237280213470681100, 0.3830490080632377200, 0.0000000000000000000 ) ) ;
#1918 = LINE ( 'NONE', #2383, #3681 ) ;
#1919 = ORIENTED_EDGE ( 'NONE', *, *, #40, .F. ) ;
#1920 = CARTESIAN_POINT ( 'NONE',  ( 46.69602174949234600, 39.07695619682488800, 104.4209446926085000 ) ) ;
#1921 = DIRECTION ( 'NONE',  ( 0.0000000000000000000, 0.0000000000000000000, -1.000000000000000000 ) ) ;
#1922 = CARTESIAN_POINT ( 'NONE',  ( 16.83665038342593000, 43.17244946576551700, 111.5145471164700700 ) ) ;
#1923 = VERTEX_POINT ( 'NONE', #3230 ) ;
#1924 = CARTESIAN_POINT ( 'NONE',  ( -17.72930008502348500, 0.0000000000000000000, 0.0000000000000000000 ) ) ;
#1925 = ORIENTED_EDGE ( 'NONE', *, *, #2223, .T. ) ;
#1926 = AXIS2_PLACEMENT_3D ( 'NONE', #838, #3068, #1151 ) ;
#1927 = CARTESIAN_POINT ( 'NONE',  ( 0.0000000000000000000, 0.0000000000000000000, 0.0000000000000000000 ) ) ;
#1928 = ORIENTED_EDGE ( 'NONE', *, *, #265, .T. ) ;
#1929 = CARTESIAN_POINT ( 'NONE',  ( 17.29320284788892800, 43.95384460691948900, 112.8679632017418200 ) ) ;
#1930 = VERTEX_POINT ( 'NONE', #1318 ) ;
#1931 = VERTEX_POINT ( 'NONE', #1552 ) ;
#1932 = ORIENTED_EDGE ( 'NONE', *, *, #1404, .T. ) ;
#1933 = CIRCLE ( 'NONE', #1307, 20.85000000000000100 ) ;
#1934 = CARTESIAN_POINT ( 'NONE',  ( 0.0000000000000000000, 38.10000000000000100, -44.00000000000000000 ) ) ;
#1935 = CIRCLE ( 'NONE', #1751, 22.79500000000000900 ) ;
#1936 = VECTOR ( 'NONE', #4020, 1000.000000000000000 ) ;
#1937 = CARTESIAN_POINT ( 'NONE',  ( 42.09175363561644200, 37.84092553076383300, 102.2800767792775800 ) ) ;
#1938 =( NAMED_UNIT ( * ) SI_UNIT ( $, .STERADIAN. ) SOLID_ANGLE_UNIT ( ) );
#1939 = COORDINATED_UNIVERSAL_TIME_OFFSET ( 0, 0, .AHEAD. ) ;
#1940 = EDGE_CURVE ( 'NONE', #3438, #1718, #3244, .T. ) ;
#1941 = DIRECTION ( 'NONE',  ( -1.000000000000000000, -0.0000000000000000000, -0.0000000000000000000 ) ) ;
#1942 = APPROVAL_PERSON_ORGANIZATION ( #2810, #3325, #1694 ) ;
#1943 = CARTESIAN_POINT ( 'NONE',  ( 35.11836058040587700, 47.24918910489267200, 118.5756673006683300 ) ) ;
#1944 = LINE ( 'NONE', #2401, #2919 ) ;
#1945 = DIRECTION ( 'NONE',  ( 1.000000000000000000, 0.0000000000000000000, 0.0000000000000000000 ) ) ;
#1946 = CONICAL_SURFACE ( 'NONE', #3741, 23.11499999999999800, 0.5235987755982984800 ) ;
#1947 = CARTESIAN_POINT ( 'NONE',  ( 45.00104419144481200, 38.53711218911263400, 103.4859074430892700 ) ) ;
#1948 = DIRECTION ( 'NONE',  ( -1.000000000000000000, 0.0000000000000000000, 0.0000000000000000000 ) ) ;
#1949 = ORGANIZATION ( 'UNSPECIFIED', 'UNSPECIFIED', '' ) ;
#1950 = EDGE_LOOP ( 'NONE', ( #2148, #2829, #2119, #2319 ) ) ;
#1951 = AXIS2_PLACEMENT_3D ( 'NONE', #2676, #2620, #2566 ) ;
#1952 = CIRCLE ( 'NONE', #790, 23.71000000000000100 ) ;
#1953 = VERTEX_POINT ( 'NONE', #3206 ) ;
#1954 = DIRECTION ( 'NONE',  ( 0.0000000000000000000, 0.0000000000000000000, -1.000000000000000000 ) ) ;
#1955 = CC_DESIGN_APPROVAL ( #1735, ( #1517 ) ) ;
#1956 = VERTEX_POINT ( 'NONE', #50 ) ;
#1957 = ORIENTED_EDGE ( 'NONE', *, *, #1838, .T. ) ;
#1958 = CIRCLE ( 'NONE', #436, 23.71000000000000100 ) ;
#1959 = EDGE_CURVE ( 'NONE', #3076, #2455, #3238, .T. ) ;
#1960 = DIRECTION ( 'NONE',  ( 0.0000000000000000000, 0.0000000000000000000, -1.000000000000000000 ) ) ;
#1961 = CARTESIAN_POINT ( 'NONE',  ( 49.08269801119723000, 54.54852558877802700, 129.2447687990373000 ) ) ;
#1962 = AXIS2_PLACEMENT_3D ( 'NONE', #1585, #2433, #774 ) ;
#1963 = CARTESIAN_POINT ( 'NONE',  ( 35.11836058040587700, 16.44154506996448700, 136.3624688773321900 ) ) ;
#1964 = CARTESIAN_POINT ( 'NONE',  ( -17.90819268389989800, 0.0000000000000000000, 0.0000000000000000000 ) ) ;
#1965 = APPLICATION_CONTEXT ( 'configuration controlled 3d designs of mechanical parts and assemblies' ) ;
#1966 = ORIENTED_EDGE ( 'NONE', *, *, #3697, .F. ) ;
#1967 = CARTESIAN_POINT ( 'NONE',  ( -26.93262969212313600, 0.0000000000000000000, 0.0000000000000000000 ) ) ;
#1968 = VERTEX_POINT ( 'NONE', #541 ) ;
#1969 = CARTESIAN_POINT ( 'NONE',  ( 56.94143508473036500, 75.34872192038669400, 27.70009941648121600 ) ) ;
#1970 = AXIS2_PLACEMENT_3D ( 'NONE', #3145, #3258, #1758 ) ;
#1971 = ORIENTED_EDGE ( 'NONE', *, *, #179, .T. ) ;
#1972 = ORIENTED_EDGE ( 'NONE', *, *, #915, .T. ) ;
#1973 = CC_DESIGN_PERSON_AND_ORGANIZATION_ASSIGNMENT ( #1393, #426, ( #2324 ) ) ;
#1974 = DIRECTION ( 'NONE',  ( 0.9237280213470682200, 0.3830490080632375500, 0.0000000000000000000 ) ) ;
#1975 = APPROVAL_STATUS ( 'not_yet_approved' ) ;
#1976 = CARTESIAN_POINT ( 'NONE',  ( 23.92771579553649600, 40.43292072562547900, 104.6956823081773500 ) ) ;
#1977 = VECTOR ( 'NONE', #3423, 1000.000000000000000 ) ;
#1978 = DIRECTION ( 'NONE',  ( 0.6531743478665551500, 0.2708565511283006500, -0.7071067811865352500 ) ) ;
#1979 = ADVANCED_FACE ( 'NONE', ( #3091 ), #4061, .T. ) ;
#1980 = CIRCLE ( 'NONE', #3184, 22.79500000000000900 ) ;
#1981 = DIRECTION ( 'NONE',  ( 0.0000000000000000000, -0.0000000000000000000, 1.000000000000000000 ) ) ;
#1982 = CARTESIAN_POINT ( 'NONE',  ( 35.11836058040589100, 66.29918910489270400, 3.671957845185369600 ) ) ;
#1983 = DIRECTION ( 'NONE',  ( 0.0000000000000000000, 0.0000000000000000000, -1.000000000000000000 ) ) ;
#1984 = CARTESIAN_POINT ( 'NONE',  ( 42.85816119845947700, 39.44376158449504300, 102.9638996899429900 ) ) ;
#1985 = CARTESIAN_POINT ( 'NONE',  ( 35.11836058040589100, 66.29918910489270400, 36.08009941648120400 ) ) ;
#1986 = TOROIDAL_SURFACE ( 'NONE', #3577, 38.10000000000000100, 19.00000000000000000 ) ;
#1987 = EDGE_LOOP ( 'NONE', ( #1553, #185, #3767, #432, #2307, #415 ) ) ;
#1988 = APPROVAL_DATE_TIME ( #2869, #2832 ) ;
#1989 = ORIENTED_EDGE ( 'NONE', *, *, #3447, .T. ) ;
#1990 = CARTESIAN_POINT ( 'NONE',  ( 40.20892832970714200, 37.55964987099637400, 101.7928930456278600 ) ) ;
#1991 = PRODUCT_DEFINITION_SHAPE ( 'NONE', 'NONE',  #4095 ) ;
#1992 = APPLICATION_PROTOCOL_DEFINITION ( 'international standard', 'config_control_design', 1994, #3870 ) ;
#1993 = CARTESIAN_POINT ( 'NONE',  ( -46.22819268389991300, 0.0000000000000000000, 0.0000000000000000000 ) ) ;
#1994 = LOCAL_TIME ( 13, 17, 30.00000000000000000, #2873 ) ;
#1995 = CARTESIAN_POINT ( 'NONE',  ( 16.73371305258838100, 44.83874152494584600, 114.4006496232188500 ) ) ;
#1996 = ORIENTED_EDGE ( 'NONE', *, *, #1410, .F. ) ;
#1997 = DIRECTION ( 'NONE',  ( 1.000000000000000000, -0.0000000000000000000, -0.0000000000000000000 ) ) ;
#1998 = DIRECTION ( 'NONE',  ( 0.0000000000000000000, 0.0000000000000000000, 1.000000000000000000 ) ) ;
#1999 = VERTEX_POINT ( 'NONE', #2857 ) ;
#2000 = AXIS2_PLACEMENT_3D ( 'NONE', #88, #2293, #385 ) ;
#2001 = ORIENTED_EDGE ( 'NONE', *, *, #884, .F. ) ;
#2002 = ADVANCED_FACE ( 'NONE', ( #3197 ), #4056, .T. ) ;
#2003 = ORIENTED_EDGE ( 'NONE', *, *, #1366, .T. ) ;
#2004 = CARTESIAN_POINT ( 'NONE',  ( 39.56575245691784200, 37.48056226029442000, 101.6559092856428400 ) ) ;
#2005 = PLANE ( 'NONE',  #1970 ) ;
#2006 = VERTEX_POINT ( 'NONE', #3189 ) ;
#2007 = APPROVAL_ROLE ( '' ) ;
#2008 = APPROVAL ( #3958, 'UNKNOWN' ) ;
#2009 = CARTESIAN_POINT ( 'NONE',  ( 28.32857365660492000, 38.38454338534472800, 103.2216505233149800 ) ) ;
#2010 = EDGE_LOOP ( 'NONE', ( #2357, #2993, #3480, #619 ) ) ;
#2011 = DIRECTION ( 'NONE',  ( 0.9237280213470682200, 0.3830490080632375500, 0.0000000000000000000 ) ) ;
#2012 = ORIENTED_EDGE ( 'NONE', *, *, #1149, .F. ) ;
#2013 = AXIS2_PLACEMENT_3D ( 'NONE', #1598, #3842, #1580 ) ;
#2014 = CARTESIAN_POINT ( 'NONE',  ( 35.11836058040589100, 66.29918910489270400, -76.68674752541282700 ) ) ;
#2015 = PERSON_AND_ORGANIZATION_ROLE ( 'design_supplier' ) ;
#2016 = ORIENTED_EDGE ( 'NONE', *, *, #3563, .F. ) ;
#2017 = CARTESIAN_POINT ( 'NONE',  ( 54.12688551620353600, 44.12750467635041200, 113.1687512652364900 ) ) ;
#2018 = ORIENTED_EDGE ( 'NONE', *, *, #1149, .T. ) ;
#2019 = ORIENTED_EDGE ( 'NONE', *, *, #2264, .F. ) ;
#2020 = VERTEX_POINT ( 'NONE', #1736 ) ;
#2021 = DIRECTION ( 'NONE',  ( -0.0000000000000000000, -0.8660254037844397100, 0.4999999999999980600 ) ) ;
#2022 = ADVANCED_FACE ( 'NONE', ( #4012, #2961 ), #2005, .T. ) ;
#2023 = ORIENTED_EDGE ( 'NONE', *, *, #3871, .F. ) ;
#2024 = AXIS2_PLACEMENT_3D ( 'NONE', #678, #2212, #2645 ) ;
#2025 = ORIENTED_EDGE ( 'NONE', *, *, #3583, .T. ) ;
#2026 = CARTESIAN_POINT ( 'NONE',  ( 16.28565032896336700, 49.40165999262996600, 120.3105605621154600 ) ) ;
#2027 = VERTEX_POINT ( 'NONE', #3149 ) ;
#2028 = CARTESIAN_POINT ( 'NONE',  ( 49.83437921702869000, 54.04839346576664400, 130.3522347047460200 ) ) ;
#2029 = CONICAL_SURFACE ( 'NONE', #2083, 16.05999999999999900, 0.7853981633974552700 ) ;
#2030 = PRODUCT_DEFINITION ( 'UNKNOWN', '', #3116, #2950 ) ;
#2031 = CARTESIAN_POINT ( 'NONE',  ( 16.08372988625433600, 47.86111628316680100, 117.6342992968953600 ) ) ;
#2032 = PERSON_AND_ORGANIZATION_ROLE ( 'creator' ) ;
#2033 = EDGE_CURVE ( 'NONE', #1999, #3207, #3047, .T. ) ;
#2034 = CIRCLE ( 'NONE', #2299, 16.05999999999999900 ) ;
#2035 = LOCAL_TIME ( 13, 17, 30.00000000000000000, #2913 ) ;
#2036 = CARTESIAN_POINT ( 'NONE',  ( 35.11836058040589100, 38.64847481948074700, 101.5682959393823000 ) ) ;
#2037 = CARTESIAN_POINT ( 'NONE',  ( 31.73738540300862000, 57.53621378224496400, 136.3933167005574200 ) ) ;
#2038 = VECTOR ( 'NONE', #3009, 999.9999999999998900 ) ;
#2039 = CARTESIAN_POINT ( 'NONE',  ( 17.33295417639252300, 50.65407165658311300, 124.4730968739884400 ) ) ;
#2040 = COORDINATED_UNIVERSAL_TIME_OFFSET ( 0, 0, .AHEAD. ) ;
#2041 = EDGE_LOOP ( 'NONE', ( #992, #3666, #1257, #3999, #3052 ) ) ;
#2042 = VECTOR ( 'NONE', #2608, 1000.000000000000000 ) ;
#2043 = CARTESIAN_POINT ( 'NONE',  ( 35.11836058040589100, 66.29918910489270400, -76.68674752541282700 ) ) ;
#2044 = LINE ( 'NONE', #3219, #2038 ) ;
#2045 = ADVANCED_FACE ( 'NONE', ( #3287 ), #3707, .F. ) ;
#2046 = ORIENTED_EDGE ( 'NONE', *, *, #1157, .F. ) ;
#2047 = LINE ( 'NONE', #1491, #570 ) ;
#2048 = DIRECTION ( 'NONE',  ( 0.0000000000000000000, 0.0000000000000000000, 1.000000000000000000 ) ) ;
#2049 = EDGE_LOOP ( 'NONE', ( #743, #660, #1357, #990, #2720 ) ) ;
#2050 = PERSON_AND_ORGANIZATION_ROLE ( 'design_owner' ) ;
#2051 = EDGE_CURVE ( 'NONE', #1674, #1546, #3661, .T. ) ;
#2052 = FACE_BOUND ( 'NONE', #3172, .T. ) ;
#2053 = FACE_OUTER_BOUND ( 'NONE', #1533, .T. ) ;
#2054 = DIRECTION ( 'NONE',  ( -1.000000000000000000, -0.0000000000000000000, -0.0000000000000000000 ) ) ;
#2055 = AXIS2_PLACEMENT_3D ( 'NONE', #3766, #2360, #2730 ) ;
#2056 = EDGE_LOOP ( 'NONE', ( #2325, #4078, #1225, #7 ) ) ;
#2057 = LINE ( 'NONE', #1671, #3532 ) ;
#2058 = CARTESIAN_POINT ( 'NONE',  ( 35.11836058040589100, 66.29918910489271900, 85.58009941648120400 ) ) ;
#2059 = AXIS2_PLACEMENT_3D ( 'NONE', #2858, #937, #3162 ) ;
#2060 = EDGE_LOOP ( 'NONE', ( #1660, #1474, #1600, #993 ) ) ;
#2061 = EDGE_LOOP ( 'NONE', ( #3161, #2227, #1672, #3021 ) ) ;
#2062 = DIRECTION ( 'NONE',  ( 0.9237280213470681100, 0.3830490080632377200, 0.0000000000000000000 ) ) ;
#2063 = CARTESIAN_POINT ( 'NONE',  ( 16.05999999999999900, 38.10000000000000100, -44.00000000000000000 ) ) ;
#2064 = EDGE_LOOP ( 'NONE', ( #1164, #1377, #1792, #2815 ) ) ;
#2065 = DATE_TIME_ROLE ( 'classification_date' ) ;
#2066 = ORIENTED_EDGE ( 'NONE', *, *, #3194, .F. ) ;
#2067 = DIRECTION ( 'NONE',  ( 0.0000000000000000000, 0.0000000000000000000, 1.000000000000000000 ) ) ;
#2068 = CARTESIAN_POINT ( 'NONE',  ( 25.88699862044132200, 56.42209958201690500, 132.4951319230823100 ) ) ;
#2069 = ADVANCED_FACE ( 'NONE', ( #3845 ), #1743, .F. ) ;
#2070 = DIRECTION ( 'NONE',  ( 0.0000000000000000000, 0.0000000000000000000, -1.000000000000000000 ) ) ;
#2071 = CARTESIAN_POINT ( 'NONE',  ( 35.11836058040587700, 36.85688425947938600, 124.5756673006683100 ) ) ;
#2072 = EDGE_LOOP ( 'NONE', ( #3917, #3469, #342, #865 ) ) ;
#2073 = CARTESIAN_POINT ( 'NONE',  ( 16.08447847157796300, 46.99390048120399400, 118.1334944338503300 ) ) ;
#2074 = DIRECTION ( 'NONE',  ( 0.9237280213470682200, 0.3830490080632378300, 0.0000000000000000000 ) ) ;
#2075 = VERTEX_POINT ( 'NONE', #3748 ) ;
#2076 = APPROVAL_ROLE ( '' ) ;
#2077 = ORIENTED_EDGE ( 'NONE', *, *, #3164, .F. ) ;
#2078 = AXIS2_PLACEMENT_3D ( 'NONE', #3584, #3885, #1264 ) ;
#2079 = EDGE_LOOP ( 'NONE', ( #680, #3693 ) ) ;
#2080 = CARTESIAN_POINT ( 'NONE',  ( 20.28328855757198200, 60.14742203539710600, 85.58009941648120400 ) ) ;
#2081 = FACE_BOUND ( 'NONE', #1759, .T. ) ;
#2082 = CARTESIAN_POINT ( 'NONE',  ( 35.11836058040589100, 66.29918910489270400, 38.58009941648120400 ) ) ;
#2083 = AXIS2_PLACEMENT_3D ( 'NONE', #3403, #2771, #3083 ) ;
#2084 = DIRECTION ( 'NONE',  ( 0.9237280213470682200, 0.3830490080632378300, 0.0000000000000000000 ) ) ;
#2085 = FACE_OUTER_BOUND ( 'NONE', #2891, .T. ) ;
#2086 = PERSON_AND_ORGANIZATION ( #3110, #2958 ) ;
#2087 = PRODUCT_DEFINITION_FORMATION_WITH_SPECIFIED_SOURCE ( 'ANY', '', #1527, .NOT_KNOWN. ) ;
#2088 = ADVANCED_FACE ( 'NONE', ( #3894 ), #3798, .T. ) ;
#2089 = CARTESIAN_POINT ( 'NONE',  ( 53.16945025835301000, 45.14694988853042200, 112.9148697124467300 ) ) ;
#2090 = CARTESIAN_POINT ( 'NONE',  ( 53.08487059560635400, 73.74949231172267600, -76.68674752541282700 ) ) ;
#2091 = DIRECTION ( 'NONE',  ( 0.9237280213470681100, 0.3830490080632375500, 0.0000000000000000000 ) ) ;
#2092 = VECTOR ( 'NONE', #3833, 1000.000000000000000 ) ;
#2093 = APPROVAL_STATUS ( 'not_yet_approved' ) ;
#2094 = ORIENTED_EDGE ( 'NONE', *, *, #2998, .F. ) ;
#2095 = APPROVAL_PERSON_ORGANIZATION ( #2963, #2832, #453 ) ;
#2096 = APPROVAL_DATE_TIME ( #2966, #1676 ) ;
#2097 = CARTESIAN_POINT ( 'NONE',  ( -60.10819268389990100, 0.0000000000000000000, 0.0000000000000000000 ) ) ;
#2098 = ORIENTED_EDGE ( 'NONE', *, *, #344, .F. ) ;
#2099 = CARTESIAN_POINT ( 'NONE',  ( 16.34379482547219500, 43.77908992441232500, 112.5652792127732300 ) ) ;
#2100 = CARTESIAN_POINT ( 'NONE',  ( 49.09230757617139300, 53.69824207712707000, 129.7457547092746200 ) ) ;
#2101 = CONICAL_SURFACE ( 'NONE', #3806, 23.62500000000000000, 0.7853981633974657100 ) ;
#2102 = ORIENTED_EDGE ( 'NONE', *, *, #4048, .T. ) ;
#2103 = CARTESIAN_POINT ( 'NONE',  ( 10.93054234143292200, 56.26905082875681800, -0.6199005835187954000 ) ) ;
#2104 = EDGE_CURVE ( 'NONE', #2445, #2672, #3955, .T. ) ;
#2105 = ORIENTED_EDGE ( 'NONE', *, *, #2266, .T. ) ;
#2106 = ORIENTED_EDGE ( 'NONE', *, *, #1327, .F. ) ;
#2107 = ADVANCED_BREP_SHAPE_REPRESENTATION ( '', ( #2557, #3137 ), #3533 ) ;
#2108 = AXIS2_PLACEMENT_3D ( 'NONE', #600, #1220, #3269 ) ;
#2109 = EDGE_LOOP ( 'NONE', ( #34, #1664 ) ) ;
#2110 = DIRECTION ( 'NONE',  ( -0.0000000000000000000, -0.0000000000000000000, -1.000000000000000000 ) ) ;
#2111 = ADVANCED_FACE ( 'NONE', ( #3794 ), #3515, .F. ) ;
#2112 = ORIENTED_EDGE ( 'NONE', *, *, #1662, .T. ) ;
#2113 = CC_DESIGN_SECURITY_CLASSIFICATION ( #1054, ( #854 ) ) ;
#2114 = ORIENTED_EDGE ( 'NONE', *, *, #1722, .F. ) ;
#2115 = ORIENTED_EDGE ( 'NONE', *, *, #776, .T. ) ;
#2116 = EDGE_CURVE ( 'NONE', #280, #137, #3841, .T. ) ;
#2117 = VERTEX_POINT ( 'NONE', #3157 ) ;
#2118 = DIRECTION ( 'NONE',  ( 0.0000000000000000000, 0.0000000000000000000, -1.000000000000000000 ) ) ;
#2119 = ORIENTED_EDGE ( 'NONE', *, *, #179, .F. ) ;
#2120 = CARTESIAN_POINT ( 'NONE',  ( -46.22819268389990600, 23.62499999999998900, 0.0000000000000000000 ) ) ;
#2121 = DIRECTION ( 'NONE',  ( 1.000000000000000000, -0.0000000000000000000, -0.0000000000000000000 ) ) ;
#2122 = ORIENTED_EDGE ( 'NONE', *, *, #1432, .T. ) ;
#2123 = VERTEX_POINT ( 'NONE', #1545 ) ;
#2124 = ORIENTED_EDGE ( 'NONE', *, *, #3620, .F. ) ;
#2125 = PLANE ( 'NONE',  #3160 ) ;
#2126 = EDGE_LOOP ( 'NONE', ( #883, #2578, #943, #2516 ) ) ;
#2127 = ORIENTED_EDGE ( 'NONE', *, *, #275, .F. ) ;
#2128 = ORIENTED_EDGE ( 'NONE', *, *, #1607, .T. ) ;
#2129 = CARTESIAN_POINT ( 'NONE',  ( 53.16001173760806600, 44.27393050528282000, 113.4223682404905800 ) ) ;
#2130 = EDGE_CURVE ( 'NONE', #232, #3864, #3479, .T. ) ;
#2131 = DIRECTION ( 'NONE',  ( 0.0000000000000000000, 0.0000000000000000000, -1.000000000000000000 ) ) ;
#2132 = DIRECTION ( 'NONE',  ( -1.000000000000000000, 0.0000000000000000000, 0.0000000000000000000 ) ) ;
#2133 = AXIS2_PLACEMENT_3D ( 'NONE', #3399, #1476, #3686 ) ;
#2134 = VECTOR ( 'NONE', #3755, 1000.000000000000000 ) ;
#2135 = LINE ( 'NONE', #2369, #1750 ) ;
#2136 = APPROVAL_DATE_TIME ( #3001, #2306 ) ;
#2137 = AXIS2_PLACEMENT_3D ( 'NONE', #1893, #1303, #2493 ) ;
#2138 = DIRECTION ( 'NONE',  ( -1.000000000000000000, 0.0000000000000000000, 0.0000000000000000000 ) ) ;
#2139 = CARTESIAN_POINT ( 'NONE',  ( 15.41785974244951300, 45.51012091945914100, 115.5635128456708300 ) ) ;
#2140 = LOCAL_TIME ( 13, 17, 30.00000000000000000, #3011 ) ;
#2141 = TOROIDAL_SURFACE ( 'NONE', #670, 38.10000000000000100, 19.00000000000000000 ) ;
#2142 = CARTESIAN_POINT ( 'NONE',  ( 35.11836058040589100, 28.19918910489271700, 85.58009941648120400 ) ) ;
#2143 = CIRCLE ( 'NONE', #2628, 22.04000000000000300 ) ;
#2144 = ORIENTED_EDGE ( 'NONE', *, *, #31, .F. ) ;
#2145 = DIRECTION ( 'NONE',  ( 0.0000000000000000000, 0.0000000000000000000, -1.000000000000000000 ) ) ;
#2146 = VERTEX_POINT ( 'NONE', #292 ) ;
#2147 = CARTESIAN_POINT ( 'NONE',  ( 52.02258337105723000, 73.30898595244994500, -0.6199005835187954000 ) ) ;
#2148 = ORIENTED_EDGE ( 'NONE', *, *, #1521, .F. ) ;
#2149 = CYLINDRICAL_SURFACE ( 'NONE', #2441, 26.18499999999998800 ) ;
#2150 = LINE ( 'NONE', #2486, #3724 ) ;
#2151 = ORIENTED_EDGE ( 'NONE', *, *, #1722, .T. ) ;
#2152 = EDGE_CURVE ( 'NONE', #721, #1953, #3744, .T. ) ;
#2153 = ORIENTED_EDGE ( 'NONE', *, *, #2929, .T. ) ;
#2154 = CARTESIAN_POINT ( 'NONE',  ( 45.02611169426933200, 56.20908231794367500, 132.1256102630717600 ) ) ;
#2155 = CARTESIAN_POINT ( 'NONE',  ( 37.21143577829783300, 57.18996489101672900, 135.7935960288857300 ) ) ;
#2156 = VERTEX_POINT ( 'NONE', #2370 ) ;
#2157 = VECTOR ( 'NONE', #628, 1000.000000000000000 ) ;
#2158 = FACE_OUTER_BOUND ( 'NONE', #1227, .T. ) ;
#2159 = MANIFOLD_SOLID_BREP ( 'Chamfer1', #2734 ) ;
#2160 = DIRECTION ( 'NONE',  ( -0.8660254037844388200, 6.123233995736762300E-017, -0.4999999999999996700 ) ) ;
#2161 = ORIENTED_EDGE ( 'NONE', *, *, #2661, .F. ) ;
#2162 = EDGE_LOOP ( 'NONE', ( #2517, #319, #2684, #2180 ) ) ;
#2163 = VERTEX_POINT ( 'NONE', #483 ) ;
#2164 = ORIENTED_EDGE ( 'NONE', *, *, #1835, .F. ) ;
#2165 = CARTESIAN_POINT ( 'NONE',  ( 18.03458382057808200, 41.99914082063192200, 109.4823169301388600 ) ) ;
#2166 = AXIS2_PLACEMENT_3D ( 'NONE', #2910, #1183, #298 ) ;
#2167 = ORIENTED_EDGE ( 'NONE', *, *, #3620, .T. ) ;
#2168 = DIRECTION ( 'NONE',  ( 0.0000000000000000000, 0.0000000000000000000, 1.000000000000000000 ) ) ;
#2169 = DIRECTION ( 'NONE',  ( 1.000000000000000000, 0.0000000000000000000, 0.0000000000000000000 ) ) ;
#2170 = CC_DESIGN_PERSON_AND_ORGANIZATION_ASSIGNMENT ( #3053, #2032, ( #1517 ) ) ;
#2171 = ORIENTED_EDGE ( 'NONE', *, *, #3194, .T. ) ;
#2172 = CARTESIAN_POINT ( 'NONE',  ( 53.77484835727992200, 50.00037789571606300, 121.3504300530989500 ) ) ;
#2173 = CARTESIAN_POINT ( 'NONE',  ( 38.34971167912118500, 56.63581407273061800, 134.8337786565115000 ) ) ;
#2174 = DIRECTION ( 'NONE',  ( 0.0000000000000000000, -0.8660254037844398200, 0.4999999999999980000 ) ) ;
#2175 = EDGE_CURVE ( 'NONE', #1026, #3396, #3553, .T. ) ;
#2176 = ORIENTED_EDGE ( 'NONE', *, *, #1296, .T. ) ;
#2177 = CARTESIAN_POINT ( 'NONE',  ( 59.25075513809803600, 76.30634444054477700, -76.68674752541282700 ) ) ;
#2178 = EDGE_LOOP ( 'NONE', ( #3019, #773 ) ) ;
#2179 = DIRECTION ( 'NONE',  ( -1.000000000000000000, -0.0000000000000000000, -0.0000000000000000000 ) ) ;
#2180 = ORIENTED_EDGE ( 'NONE', *, *, #1057, .F. ) ;
#2182 = CARTESIAN_POINT ( 'NONE',  ( 16.57925940751338700, 46.01057542287999500, 114.4172179460460700 ) ) ;
#2181 = TOROIDAL_SURFACE ( 'NONE', #3291, 38.10000000000000100, 16.05999999999999900 ) ;
#2183 = CARTESIAN_POINT ( 'NONE',  ( 24.65810254793942100, 55.77416141928900100, 133.3413524823208700 ) ) ;
#2184 = FACE_OUTER_BOUND ( 'NONE', #2905, .T. ) ;
#2185 = CARTESIAN_POINT ( 'NONE',  ( 50.22109262887170900, 42.35347135514829400, 108.0492597873061100 ) ) ;
#2186 = CARTESIAN_POINT ( 'NONE',  ( 18.99478213637052400, 53.13545787921383100, 126.7927591428703500 ) ) ;
#2187 = DIRECTION ( 'NONE',  ( 0.0000000000000000000, 0.0000000000000000000, -1.000000000000000000 ) ) ;
#2188 = LINE ( 'NONE', #1572, #4054 ) ;
#2189 = TOROIDAL_SURFACE ( 'NONE', #2982, 21.49999999999999600, 2.500000000000000000 ) ;
#2190 = AXIS2_PLACEMENT_3D ( 'NONE', #1993, #3259, #2262 ) ;
#2191 = LOCAL_TIME ( 13, 17, 30.00000000000000000, #3049 ) ;
#2192 = CARTESIAN_POINT ( 'NONE',  ( 17.15185056520542900, 58.84888589806273300, -76.68674752541282700 ) ) ;
#2193 = CIRCLE ( 'NONE', #705, 16.05999999999999900 ) ;
#2194 = AXIS2_PLACEMENT_3D ( 'NONE', #1548, #1419, #3865 ) ;
#2195 = CARTESIAN_POINT ( 'NONE',  ( 35.11836058040589100, 66.29918910489270400, -0.6199005835187954000 ) ) ;
#2196 = LINE ( 'NONE', #3146, #2134 ) ;
#2197 = ORIENTED_EDGE ( 'NONE', *, *, #1470, .T. ) ;
#2198 = CARTESIAN_POINT ( 'NONE',  ( 35.11836058040589100, 66.29918910489270400, 4.246302608349267000 ) ) ;
#2199 = COORDINATED_UNIVERSAL_TIME_OFFSET ( 0, 0, .AHEAD. ) ;
#2200 = CC_DESIGN_PERSON_AND_ORGANIZATION_ASSIGNMENT ( #1534, #3314, ( #97 ) ) ;
#2201 = ORIENTED_EDGE ( 'NONE', *, *, #25, .F. ) ;
#2202 = PRODUCT_DEFINITION_SHAPE ( 'NONE', 'NONE',  #3061 ) ;
#2203 = CIRCLE ( 'NONE', #2654, 23.62499999999999300 ) ;
#2204 = EDGE_CURVE ( 'NONE', #2027, #325, #4007, .T. ) ;
#2205 = APPROVAL_PERSON_ORGANIZATION ( #3057, #1676, #3272 ) ;
#2206 = CARTESIAN_POINT ( 'NONE',  ( 36.33156080796074100, 38.64847481948075400, 101.5682959393823100 ) ) ;
#2207 = CARTESIAN_POINT ( 'NONE',  ( 35.11836058040587700, 20.55331193413695300, 133.9885391714572600 ) ) ;
#2208 = CARTESIAN_POINT ( 'NONE',  ( 54.11950760976707600, 44.11625479275763000, 113.1492658952745700 ) ) ;
#2209 = DIRECTION ( 'NONE',  ( 0.0000000000000000000, 0.0000000000000000000, -1.000000000000000000 ) ) ;
#2210 = ORIENTED_EDGE ( 'NONE', *, *, #1404, .F. ) ;
#2211 = CONICAL_SURFACE ( 'NONE', #2935, 16.05999999999999900, 0.7853981633974552700 ) ;
#2212 = DIRECTION ( 'NONE',  ( 1.000000000000000000, -0.0000000000000000000, -0.0000000000000000000 ) ) ;
#2213 = CARTESIAN_POINT ( 'NONE',  ( 10.93054234143292200, 56.26905082875681800, 1.880099416481206800 ) ) ;
#2214 = DIRECTION ( 'NONE',  ( 1.000000000000000000, -0.0000000000000000000, -0.0000000000000000000 ) ) ;
#2215 = ORIENTED_EDGE ( 'NONE', *, *, #1296, .F. ) ;
#2216 = DIRECTION ( 'NONE',  ( 1.000000000000000000, -0.0000000000000000000, -0.0000000000000000000 ) ) ;
#2217 = CARTESIAN_POINT ( 'NONE',  ( 53.63315669455820300, 45.89081717843525600, 114.2090694403247800 ) ) ;
#2218 = CARTESIAN_POINT ( 'NONE',  ( 19.73750790306845800, 53.68616367787754500, 127.7484300379835200 ) ) ;
#2219 = VERTEX_POINT ( 'NONE', #3747 ) ;
#2220 = ORIENTED_EDGE ( 'NONE', *, *, #981, .F. ) ;
#2221 = CARTESIAN_POINT ( 'NONE',  ( 25.21912461731875200, 55.93993561047861400, 133.6284818040449000 ) ) ;
#2222 = DIRECTION ( 'NONE',  ( 0.1621570828487896900, -0.4933824785300862700, -0.8545635203783741300 ) ) ;
#2223 = EDGE_CURVE ( 'NONE', #1592, #2838, #3653, .T. ) ;
#2224 = CC_DESIGN_APPROVAL ( #2008, ( #1563 ) ) ;
#2225 = DIRECTION ( 'NONE',  ( 1.000000000000000000, -0.0000000000000000000, -0.0000000000000000000 ) ) ;
#2226 = ORIENTED_EDGE ( 'NONE', *, *, #2378, .T. ) ;
#2227 = ORIENTED_EDGE ( 'NONE', *, *, #890, .T. ) ;
#2228 = ORIENTED_EDGE ( 'NONE', *, *, #3773, .F. ) ;
#2229 = DIRECTION ( 'NONE',  ( 1.000000000000000000, -0.0000000000000000000, -0.0000000000000000000 ) ) ;
#2230 = EDGE_LOOP ( 'NONE', ( #1800, #1417, #3642, #2962 ) ) ;
#2231 = DIRECTION ( 'NONE',  ( -0.0000000000000000000, -0.8660254037844397100, 0.4999999999999980600 ) ) ;
#2232 = CARTESIAN_POINT ( 'NONE',  ( -17.90819268389989500, 18.29999999999999000, 0.0000000000000000000 ) ) ;
#2233 = CARTESIAN_POINT ( 'NONE',  ( 31.27361614606107700, 28.13964363591283300, 156.6241699455034700 ) ) ;
#2234 = FACE_OUTER_BOUND ( 'NONE', #4019, .T. ) ;
#2235 = AXIS2_PLACEMENT_3D ( 'NONE', #1982, #1703, #1670 ) ;
#2236 = FACE_OUTER_BOUND ( 'NONE', #1279, .T. ) ;
#2237 = CONTEXT_DEPENDENT_SHAPE_REPRESENTATION ( #1771, #1991 ) ;
#2238 = CARTESIAN_POINT ( 'NONE',  ( -20.40819268389990200, 0.0000000000000000000, 0.0000000000000000000 ) ) ;
#2239 = CYLINDRICAL_SURFACE ( 'NONE', #2762, 27.87499999999998600 ) ;
#2240 = DIRECTION ( 'NONE',  ( 0.0000000000000000000, 0.0000000000000000000, -1.000000000000000000 ) ) ;
#2241 = APPROVAL_PERSON_ORGANIZATION ( #3098, #2306, #3339 ) ;
#2242 = CARTESIAN_POINT ( 'NONE',  ( 48.03885104794988300, 41.13857642827596800, 105.9290200965625500 ) ) ;
#2243 = DIRECTION ( 'NONE',  ( -1.000000000000000000, -0.0000000000000000000, -0.0000000000000000000 ) ) ;
#2244 = AXIS2_PLACEMENT_3D ( 'NONE', #1525, #1677, #1549 ) ;
#2245 = APPROVAL_DATE_TIME ( #3105, #1176 ) ;
#2246 = DIRECTION ( 'NONE',  ( 1.000000000000000000, 0.0000000000000000000, 0.0000000000000000000 ) ) ;
#2247 = APPROVAL ( #2986, 'UNSPECIFIED' ) ;
#2248 = VECTOR ( 'NONE', #1048, 999.9999999999998900 ) ;
#2249 = DIRECTION ( 'NONE',  ( 1.387778780781445700E-017, -0.8660254037844398200, 0.4999999999999980600 ) ) ;
#2250 = EDGE_CURVE ( 'NONE', #1968, #1999, #3476, .T. ) ;
#2251 = FACE_OUTER_BOUND ( 'NONE', #467, .T. ) ;
#2252 = DIRECTION ( 'NONE',  ( -0.9659258262890678700, 3.169619151431781000E-017, -0.2588190451025220700 ) ) ;
#2253 = CIRCLE ( 'NONE', #3807, 26.12499999999998600 ) ;
#2254 = CARTESIAN_POINT ( 'NONE',  ( 35.11836058040589100, 66.29918910489271900, 41.58009941648120400 ) ) ;
#2255 = CARTESIAN_POINT ( 'NONE',  ( -54.60819268389989400, 0.0000000000000000000, 0.0000000000000000000 ) ) ;
#2256 = DIRECTION ( 'NONE',  ( -0.0000000000000000000, -0.8660254037844397100, 0.4999999999999980600 ) ) ;
#2257 = ORIENTED_EDGE ( 'NONE', *, *, #1042, .F. ) ;
#2258 = ORIENTED_EDGE ( 'NONE', *, *, #3089, .F. ) ;
#2259 = CARTESIAN_POINT ( 'NONE',  ( -17.90819268389989800, 0.0000000000000000000, 0.0000000000000000000 ) ) ;
#2260 = ORIENTED_EDGE ( 'NONE', *, *, #944, .F. ) ;
#2261 = CARTESIAN_POINT ( 'NONE',  ( 35.11836058040589100, 66.29918910489270400, 38.58009941648120400 ) ) ;
#2262 = DIRECTION ( 'NONE',  ( 0.0000000000000000000, 0.0000000000000000000, -1.000000000000000000 ) ) ;
#2263 = CARTESIAN_POINT ( 'NONE',  ( 0.0000000000000000000, 0.0000000000000000000, 0.0000000000000000000 ) ) ;
#2264 = EDGE_CURVE ( 'NONE', #3362, #3466, #1239, .T. ) ;
#2265 = CARTESIAN_POINT ( 'NONE',  ( 38.96310501475068100, 25.15878569353104400, 104.3139662324970500 ) ) ;
#2266 = EDGE_CURVE ( 'NONE', #822, #1502, #3560, .T. ) ;
#2267 = DIRECTION ( 'NONE',  ( 0.1621570828487894400, -0.4933824785300860400, -0.8545635203783742400 ) ) ;
#2268 = EDGE_LOOP ( 'NONE', ( #2787, #1466, #2726, #1398 ) ) ;
#2269 = FACE_OUTER_BOUND ( 'NONE', #3506, .T. ) ;
#2270 = VERTEX_POINT ( 'NONE', #2846 ) ;
#2271 = CARTESIAN_POINT ( 'NONE',  ( 53.62589633474259900, 45.01884780379744900, 114.7126028489411000 ) ) ;
#2272 = DIRECTION ( 'NONE',  ( 1.000000000000000000, 0.0000000000000000000, 0.0000000000000000000 ) ) ;
#2273 = AXIS2_PLACEMENT_3D ( 'NONE', #1985, #2209, #1223 ) ;
#2274 = VERTEX_POINT ( 'NONE', #3140 ) ;
#2275 = ORIENTED_EDGE ( 'NONE', *, *, #2775, .F. ) ;
#2276 = AXIS2_PLACEMENT_3D ( 'NONE', #965, #3190, #1275 ) ;
#2277 = CARTESIAN_POINT ( 'NONE',  ( 35.11836058040587700, 36.85688425947938600, 124.5756673006683100 ) ) ;
#2278 = DIRECTION ( 'NONE',  ( 0.0000000000000000000, 0.0000000000000000000, 1.000000000000000000 ) ) ;
#2279 = CARTESIAN_POINT ( 'NONE',  ( 31.71088954478644300, 37.35963017979128900, 101.4464487779464200 ) ) ;
#2280 = EDGE_LOOP ( 'NONE', ( #4047, #2105, #1206, #2077 ) ) ;
#2281 = EDGE_LOOP ( 'NONE', ( #1063, #3227, #4062, #527 ) ) ;
#2282 = ORIENTED_EDGE ( 'NONE', *, *, #1392, .F. ) ;
#2283 = DIRECTION ( 'NONE',  ( 0.0000000000000000000, 0.0000000000000000000, 1.000000000000000000 ) ) ;
#2284 = CIRCLE ( 'NONE', #3370, 16.05999999999999900 ) ;
#2285 = LINE ( 'NONE', #3761, #2341 ) ;
#2286 = CARTESIAN_POINT ( 'NONE',  ( 35.11836058040589100, 66.29918910489270400, 36.08009941648120400 ) ) ;
#2287 = COORDINATED_UNIVERSAL_TIME_OFFSET ( 0, 0, .AHEAD. ) ;
#2288 = DIRECTION ( 'NONE',  ( 0.0000000000000000000, 0.0000000000000000000, -1.000000000000000000 ) ) ;
#2289 = LINE ( 'NONE', #120, #1438 ) ;
#2290 = ORIENTED_EDGE ( 'NONE', *, *, #2590, .T. ) ;
#2291 = EDGE_CURVE ( 'NONE', #1953, #721, #2861, .T. ) ;
#2292 = LOCAL_TIME ( 13, 17, 30.00000000000000000, #3152 ) ;
#2293 = DIRECTION ( 'NONE',  ( -1.000000000000000000, -0.0000000000000000000, -0.0000000000000000000 ) ) ;
#2294 = CARTESIAN_POINT ( 'NONE',  ( 15.39403707209870100, 48.93022986274524300, 121.4873153028631100 ) ) ;
#2295 = CIRCLE ( 'NONE', #2420, 26.68795201467610000 ) ;
#2296 = CARTESIAN_POINT ( 'NONE',  ( 54.60761964816196500, 44.90186191496592000, 114.5099773457273100 ) ) ;
#2297 = DIRECTION ( 'NONE',  ( 0.0000000000000000000, 0.0000000000000000000, 1.000000000000000000 ) ) ;
#2298 = COORDINATED_UNIVERSAL_TIME_OFFSET ( 0, 0, .AHEAD. ) ;
#2299 = AXIS2_PLACEMENT_3D ( 'NONE', #878, #3100, #1177 ) ;
#2300 = ADVANCED_FACE ( 'NONE', ( #2748, #2804 ), #417, .F. ) ;
#2301 = SHAPE_REPRESENTATION ( 'WH-FEMALE-24', ( #3137 ), #3346 ) ;
#2302 = DIRECTION ( 'NONE',  ( 0.0000000000000000000, 0.0000000000000000000, -1.000000000000000000 ) ) ;
#2303 = CARTESIAN_POINT ( 'NONE',  ( 34.33938497424728800, 37.22111084204327400, 101.2065262471360500 ) ) ;
#2304 = CARTESIAN_POINT ( 'NONE',  ( 10.06223800136667800, 55.90898476117737900, -76.68674752541282700 ) ) ;
#2305 = PERSON_AND_ORGANIZATION_ROLE ( 'creator' ) ;
#2306 = APPROVAL ( #1106, 'UNSPECIFIED' ) ;
#2307 = ORIENTED_EDGE ( 'NONE', *, *, #4023, .F. ) ;
#2308 = CYLINDRICAL_SURFACE ( 'NONE', #1197, 27.12499999999998600 ) ;
#2309 = CARTESIAN_POINT ( 'NONE',  ( 18.03458382038843800, 41.99914082056826500, 109.4823169300286200 ) ) ;
#2310 = VERTEX_POINT ( 'NONE', #1654 ) ;
#2311 = DIRECTION ( 'NONE',  ( 0.0000000000000000000, 0.0000000000000000000, -1.000000000000000000 ) ) ;
#2312 = DIRECTION ( 'NONE',  ( 0.1621570828487897100, -0.4933824785300860400, -0.8545635203783742400 ) ) ;
#2313 = CARTESIAN_POINT ( 'NONE',  ( 35.11836058040589100, 28.19918910489271700, 85.58009941648120400 ) ) ;
#2314 = CARTESIAN_POINT ( 'NONE',  ( 54.11836058040588400, 66.29918910489271900, 41.58009941648120400 ) ) ;
#2315 = ORIENTED_EDGE ( 'NONE', *, *, #480, .F. ) ;
#2316 = ORIENTED_EDGE ( 'NONE', *, *, #1940, .T. ) ;
#2317 = CARTESIAN_POINT ( 'NONE',  ( 35.11836058040589100, 66.29918910489270400, -0.6199005835187954000 ) ) ;
#2318 = CARTESIAN_POINT ( 'NONE',  ( -26.93262969212313600, 0.0000000000000000000, -27.12499999999998600 ) ) ;
#2319 = ORIENTED_EDGE ( 'NONE', *, *, #242, .F. ) ;
#2320 = APPROVAL_ROLE ( '' ) ;
#2321 = DIRECTION ( 'NONE',  ( 0.9237280213470680000, 0.3830490080632380500, 0.0000000000000000000 ) ) ;
#2322 = CARTESIAN_POINT ( 'NONE',  ( 27.18125206311752600, 38.62534592034224100, 103.6387327485185600 ) ) ;
#2323 = CARTESIAN_POINT ( 'NONE',  ( 23.03610745579803900, 55.22038332782372500, 132.3821806917845000 ) ) ;
#2324 = PRODUCT ( 'PL-24-ELBOW-ISSUE3', 'PL-24-ELBOW-ISSUE3', '', ( #2337 ) ) ;
#2325 = ORIENTED_EDGE ( 'NONE', *, *, #2266, .F. ) ;
#2326 = DIRECTION ( 'NONE',  ( -0.7071067811865425800, 0.0000000000000000000, 0.7071067811865525700 ) ) ;
#2327 = CARTESIAN_POINT ( 'NONE',  ( 28.63181477229730400, 57.03090403285626300, 133.5511468247436800 ) ) ;
#2328 = ADVANCED_FACE ( 'NONE', ( #2553 ), #2504, .F. ) ;
#2329 = AXIS2_PLACEMENT_3D ( 'NONE', #1645, #62, #4060 ) ;
#2330 = CARTESIAN_POINT ( 'NONE',  ( 60.74336058040593400, 66.29918910489270400, 41.58009941648120400 ) ) ;
#2331 = ORIENTED_EDGE ( 'NONE', *, *, #1458, .F. ) ;
#2332 = CARTESIAN_POINT ( 'NONE',  ( 35.11836058040589100, 38.64847481948074700, 101.5682959393823000 ) ) ;
#2333 = ORIENTED_EDGE ( 'NONE', *, *, #1720, .T. ) ;
#2334 = PRODUCT_RELATED_PRODUCT_CATEGORY ( 'detail', '', ( #398 ) ) ;
#2335 = EDGE_LOOP ( 'NONE', ( #3445, #3186 ) ) ;
#2336 = VERTEX_POINT ( 'NONE', #1046 ) ;
#2337 = MECHANICAL_CONTEXT ( 'NONE', #3835, 'mechanical' ) ;
#2338 = ORIENTED_EDGE ( 'NONE', *, *, #1083, .F. ) ;
#2339 = EDGE_CURVE ( 'NONE', #117, #51, #2454, .T. ) ;
#2340 = DIRECTION ( 'NONE',  ( 0.0000000000000000000, 0.0000000000000000000, -1.000000000000000000 ) ) ;
#2341 = VECTOR ( 'NONE', #1250, 1000.000000000000000 ) ;
#2342 = CIRCLE ( 'NONE', #2549, 57.09999999999998700 ) ;
#2343 = CARTESIAN_POINT ( 'NONE',  ( -53.30290323835134800, 0.0000000000000000000, 0.0000000000000000000 ) ) ;
#2344 = CARTESIAN_POINT ( 'NONE',  ( 35.11836058040587700, 26.78500881346636900, 130.3906673006682700 ) ) ;
#2345 = DATE_AND_TIME ( #3193, #4009 ) ;
#2346 = VECTOR ( 'NONE', #941, 1000.000000000000000 ) ;
#2347 = FACE_OUTER_BOUND ( 'NONE', #3014, .T. ) ;
#2348 = CIRCLE ( 'NONE', #119, 24.12500000000000400 ) ;
#2349 = COORDINATED_UNIVERSAL_TIME_OFFSET ( 0, 0, .AHEAD. ) ;
#2350 = ADVANCED_FACE ( 'NONE', ( #2866 ), #2548, .F. ) ;
#2351 = PERSON_AND_ORGANIZATION_ROLE ( 'classification_officer' ) ;
#2352 = APPROVAL_PERSON_ORGANIZATION ( #3204, #1176, #2007 ) ;
#2353 = EDGE_CURVE ( 'NONE', #1956, #1775, #3389, .T. ) ;
#2354 = CARTESIAN_POINT ( 'NONE',  ( -29.72930008502348500, 0.0000000000000000000, 20.85000000000000100 ) ) ;
#2355 = VECTOR ( 'NONE', #143, 1000.000000000000000 ) ;
#2356 = AXIS2_PLACEMENT_3D ( 'NONE', #194, #3844, #2272 ) ;
#2357 = ORIENTED_EDGE ( 'NONE', *, *, #3647, .T. ) ;
#2358 = DIRECTION ( 'NONE',  ( -0.0000000000000000000, -0.0000000000000000000, 1.000000000000000000 ) ) ;
#2359 = DIRECTION ( 'NONE',  ( 0.0000000000000000000, 0.0000000000000000000, -1.000000000000000000 ) ) ;
#2360 = DIRECTION ( 'NONE',  ( 1.000000000000000000, -0.0000000000000000000, -0.0000000000000000000 ) ) ;
#2361 = AXIS2_PLACEMENT_3D ( 'NONE', #223, #2444, #529 ) ;
#2362 = CYLINDRICAL_SURFACE ( 'NONE', #2579, 23.62500000000000000 ) ;
#2363 = CARTESIAN_POINT ( 'NONE',  ( 47.41373974440159600, 55.13833809678659000, 132.2400741831094400 ) ) ;
#2364 = ORIENTED_EDGE ( 'NONE', *, *, #4027, .F. ) ;
#2365 = CARTESIAN_POINT ( 'NONE',  ( -17.90819268389989800, 0.0000000000000000000, 0.0000000000000000000 ) ) ;
#2366 = ORIENTED_EDGE ( 'NONE', *, *, #684, .T. ) ;
#2367 = APPROVAL_STATUS ( 'not_yet_approved' ) ;
#2368 = ORIENTED_EDGE ( 'NONE', *, *, #2175, .T. ) ;
#2369 = CARTESIAN_POINT ( 'NONE',  ( 61.24336058040587000, 66.29918910489270400, 41.08009941648124700 ) ) ;
#2370 = CARTESIAN_POINT ( 'NONE',  ( -18.40819268389988400, 2.893228062985621000E-015, 23.62499999999999300 ) ) ;
#2371 = ADVANCED_FACE ( 'NONE', ( #2347 ), #2239, .T. ) ;
#2372 = DIRECTION ( 'NONE',  ( 0.0000000000000000000, 0.0000000000000000000, -1.000000000000000000 ) ) ;
#2373 = DIRECTION ( 'NONE',  ( -0.0000000000000000000, -0.8660254037844397100, 0.4999999999999980600 ) ) ;
#2374 = CARTESIAN_POINT ( 'NONE',  ( 17.75073589320292900, 44.25351906748487400, 111.3599086618788800 ) ) ;
#2375 = CARTESIAN_POINT ( 'NONE',  ( 25.21912461731172400, 55.93993561048849700, 133.6284818040620600 ) ) ;
#2376 = DIRECTION ( 'NONE',  ( 0.9237280213470680000, 0.3830490080632380500, 0.0000000000000000000 ) ) ;
#2377 = EDGE_LOOP ( 'NONE', ( #2631, #2530, #1550, #2482 ) ) ;
#2378 = EDGE_CURVE ( 'NONE', #3466, #3579, #2342, .T. ) ;
#2379 = CARTESIAN_POINT ( 'NONE',  ( 23.63136126366116200, 54.82742984071870000, 131.7015652871084500 ) ) ;
#2380 = APPLICATION_PROTOCOL_DEFINITION ( 'international standard', 'config_control_design', 1994, #161 ) ;
#2381 = ORIENTED_EDGE ( 'NONE', *, *, #3131, .F. ) ;
#2382 = ORIENTED_EDGE ( 'NONE', *, *, #2116, .F. ) ;
#2383 = CARTESIAN_POINT ( 'NONE',  ( -53.30290323835134800, 2.553388576222231200E-015, -20.85000000000000100 ) ) ;
#2384 = CARTESIAN_POINT ( 'NONE',  ( 30.74702822720440300, 38.88194649703743300, 101.9783691639220300 ) ) ;
#2385 = AXIS2_PLACEMENT_3D ( 'NONE', #1353, #528, #909 ) ;
#2386 = VERTEX_POINT ( 'NONE', #1017 ) ;
#2387 = CARTESIAN_POINT ( 'NONE',  ( 0.0000000000000000000, 0.0000000000000000000, 0.0000000000000000000 ) ) ;
#2388 = ORIENTED_EDGE ( 'NONE', *, *, #2539, .F. ) ;
#2389 = CARTESIAN_POINT ( 'NONE',  ( 16.91054390739792600, 51.43283397202343800, 125.8219527713636300 ) ) ;
#2390 = VERTEX_POINT ( 'NONE', #3421 ) ;
#2391 = FACE_OUTER_BOUND ( 'NONE', #2079, .T. ) ;
#2392 = CC_DESIGN_DATE_AND_TIME_ASSIGNMENT ( #3750, #151, ( #1517 ) ) ;
#2393 = ADVANCED_FACE ( 'NONE', ( #2644 ), #2189, .F. ) ;
#2394 = CARTESIAN_POINT ( 'NONE',  ( -22.77439587576796100, 0.0000000000000000000, 0.0000000000000000000 ) ) ;
#2395 = APPROVAL_ROLE ( '' ) ;
#2396 = EDGE_CURVE ( 'NONE', #2753, #3684, #2196, .T. ) ;
#2397 = LINE ( 'NONE', #891, #2346 ) ;
#2398 = APPROVAL_PERSON_ORGANIZATION ( #3241, #738, #3039 ) ;
#2399 = FACE_OUTER_BOUND ( 'NONE', #581, .T. ) ;
#2400 = DIRECTION ( 'NONE',  ( -1.000000000000000000, -0.0000000000000000000, -0.0000000000000000000 ) ) ;
#2401 = CARTESIAN_POINT ( 'NONE',  ( 58.15865425799412900, 3.413702952623245400E-015, 27.87499999999998600 ) ) ;
#2402 = ORIENTED_EDGE ( 'NONE', *, *, #536, .F. ) ;
#2403 = CARTESIAN_POINT ( 'NONE',  ( 16.88025645315693500, 50.77173881740377200, 122.6897540334052200 ) ) ;
#2404 = LINE ( 'NONE', #659, #2248 ) ;
#2405 = APPROVAL_DATE_TIME ( #3247, #682 ) ;
#2406 = DIRECTION ( 'NONE',  ( 0.1621570828487896900, -0.4933824785300862700, -0.8545635203783741300 ) ) ;
#2407 = VECTOR ( 'NONE', #1582, 1000.000000000000000 ) ;
#2408 = DATE_AND_TIME ( #3253, #4067 ) ;
#2409 = CARTESIAN_POINT ( 'NONE',  ( 50.25601647166141800, 53.78814008565073100, 129.9014626275437100 ) ) ;
#2410 = EDGE_LOOP ( 'NONE', ( #1878, #367, #3132, #3180 ) ) ;
#2411 = CARTESIAN_POINT ( 'NONE',  ( 16.09132772041457200, 47.61354872748571400, 119.2067566792195100 ) ) ;
#2412 = EDGE_CURVE ( 'NONE', #1661, #673, #2649, .T. ) ;
#2413 = PERSON_AND_ORGANIZATION_ROLE ( 'classification_officer' ) ;
#2414 = VECTOR ( 'NONE', #33, 1000.000000000000000 ) ;
#2415 = SHAPE_DEFINITION_REPRESENTATION ( #2202, #1351 ) ;
#2416 = AXIS2_PLACEMENT_3D ( 'NONE', #3951, #1396, #2907 ) ;
#2417 = CARTESIAN_POINT ( 'NONE',  ( 53.29547476081474900, 43.05688610206578900, 111.3143854990485800 ) ) ;
#2418 = DIRECTION ( 'NONE',  ( 0.9237280213470682200, 0.3830490080632377200, 0.0000000000000000000 ) ) ;
#2419 = ADVANCED_FACE ( 'NONE', ( #2085 ), #1887, .F. ) ;
#2420 = AXIS2_PLACEMENT_3D ( 'NONE', #2394, #3739, #3487 ) ;
#2421 = CIRCLE ( 'NONE', #1128, 23.71000000000000100 ) ;
#2422 = EDGE_LOOP ( 'NONE', ( #3935, #1259 ) ) ;
#2423 = CARTESIAN_POINT ( 'NONE',  ( 58.15865425799412900, 0.0000000000000000000, -23.62499999999999300 ) ) ;
#2424 = CC_DESIGN_PERSON_AND_ORGANIZATION_ASSIGNMENT ( #1686, #2050, ( #1527 ) ) ;
#2425 = CARTESIAN_POINT ( 'NONE',  ( 18.99999999999999600, 38.10000000000000100, -44.00000000000000000 ) ) ;
#2426 = EDGE_CURVE ( 'NONE', #1068, #2336, #1980, .T. ) ;
#2427 = CARTESIAN_POINT ( 'NONE',  ( 19.02814284578129600, 52.31626576956686800, 127.3521015297311900 ) ) ;
#2428 = EDGE_LOOP ( 'NONE', ( #1919, #3220 ) ) ;
#2429 = ORIENTED_EDGE ( 'NONE', *, *, #2988, .F. ) ;
#2430 = DATE_TIME_ROLE ( 'classification_date' ) ;
#2431 = ORIENTED_EDGE ( 'NONE', *, *, #1791, .T. ) ;
#2432 = DIRECTION ( 'NONE',  ( 0.9237280213470681100, 0.3830490080632377200, 0.0000000000000000000 ) ) ;
#2433 = DIRECTION ( 'NONE',  ( 1.000000000000000000, -0.0000000000000000000, -0.0000000000000000000 ) ) ;
#2434 = CARTESIAN_POINT ( 'NONE',  ( 35.11836058040589100, 66.29918910489270400, 41.58009941648120400 ) ) ;
#2435 = ORIENTED_EDGE ( 'NONE', *, *, #1488, .T. ) ;
#2436 = ADVANCED_FACE ( 'NONE', ( #1892 ), #1986, .T. ) ;
#2437 = CARTESIAN_POINT ( 'NONE',  ( 16.38025324751198000, 49.70839439293685300, 120.8432928774223300 ) ) ;
#2438 = CARTESIAN_POINT ( 'NONE',  ( 60.17448315944510300, 76.68939344860801600, -76.68674752541282700 ) ) ;
#2439 = EDGE_CURVE ( 'NONE', #2020, #1173, #1788, .T. ) ;
#2440 = ORIENTED_EDGE ( 'NONE', *, *, #3978, .T. ) ;
#2441 = AXIS2_PLACEMENT_3D ( 'NONE', #3817, #1854, #2070 ) ;
#2442 = ORIENTED_EDGE ( 'NONE', *, *, #3903, .F. ) ;
#2443 = DIRECTION ( 'NONE',  ( -1.000000000000000000, 0.0000000000000000000, 0.0000000000000000000 ) ) ;
#2444 = DIRECTION ( 'NONE',  ( 0.0000000000000000000, -0.0000000000000000000, 1.000000000000000000 ) ) ;
#2445 = VERTEX_POINT ( 'NONE', #3499 ) ;
#2446 = AXIS2_PLACEMENT_3D ( 'NONE', #1347, #1653, #3248 ) ;
#2447 = CARTESIAN_POINT ( 'NONE',  ( 0.0000000000000000000, 54.15999999999999700, 0.0000000000000000000 ) ) ;
#2448 = EDGE_CURVE ( 'NONE', #1007, #362, #1731, .T. ) ;
#2449 = DIRECTION ( 'NONE',  ( -0.0000000000000000000, 0.0000000000000000000, 1.000000000000000000 ) ) ;
#2450 = CALENDAR_DATE ( 2014, 15, 12 ) ;
#2451 = CC_DESIGN_DATE_AND_TIME_ASSIGNMENT ( #3843, #195, ( #1563 ) ) ;
#2452 = CARTESIAN_POINT ( 'NONE',  ( 50.69168357197587200, 52.73250481870275100, 128.0730487108938300 ) ) ;
#2453 = CARTESIAN_POINT ( 'NONE',  ( 56.94143508473037200, 75.34872192038669400, -0.1199005835188088300 ) ) ;
#2454 = CIRCLE ( 'NONE', #1668, 26.68795201467610000 ) ;
#2455 = VERTEX_POINT ( 'NONE', #3780 ) ;
#2456 = EDGE_CURVE ( 'NONE', #2721, #290, #1684, .T. ) ;
#2457 = LOCAL_TIME ( 13, 17, 30.00000000000000000, #3295 ) ;
#2458 = CARTESIAN_POINT ( 'NONE',  ( 35.11836058040589100, 66.29918910489270400, 27.70009941648121600 ) ) ;
#2459 = LINE ( 'NONE', #894, #2414 ) ;
#2460 = CARTESIAN_POINT ( 'NONE',  ( -41.35930008502347700, 0.0000000000000000000, 17.06000000000001300 ) ) ;
#2461 = ADVANCED_FACE ( 'NONE', ( #1784 ), #1567, .T. ) ;
#2462 = COORDINATED_UNIVERSAL_TIME_OFFSET ( 0, 0, .AHEAD. ) ;
#2463 = CARTESIAN_POINT ( 'NONE',  ( 13.61836058040589700, 66.29918910489271900, 44.08009941648121100 ) ) ;
#2464 = AXIS2_PLACEMENT_3D ( 'NONE', #1465, #1516, #1422 ) ;
#2465 = LINE ( 'NONE', #156, #2355 ) ;
#2466 = ORIENTED_EDGE ( 'NONE', *, *, #2668, .F. ) ;
#2467 = CARTESIAN_POINT ( 'NONE',  ( 22.46889655209426500, 55.19328917046911400, 130.3634200656248900 ) ) ;
#2468 = ORIENTED_EDGE ( 'NONE', *, *, #2890, .T. ) ;
#2469 = VECTOR ( 'NONE', #498, 999.9999999999998900 ) ;
#2470 = ORIENTED_EDGE ( 'NONE', *, *, #526, .F. ) ;
#2471 = FACE_OUTER_BOUND ( 'NONE', #2230, .T. ) ;
#2472 = AXIS2_PLACEMENT_3D ( 'NONE', #1963, #1902, #2591 ) ;
#2473 = VERTEX_POINT ( 'NONE', #3821 ) ;
#2474 = DIRECTION ( 'NONE',  ( 0.0000000000000000000, 0.0000000000000000000, -1.000000000000000000 ) ) ;
#2475 = CARTESIAN_POINT ( 'NONE',  ( 35.11836058040589100, 28.19918910489271700, 85.58009941648120400 ) ) ;
#2476 = DIRECTION ( 'NONE',  ( 0.1621570828487897100, -0.4933824785300860400, -0.8545635203783742400 ) ) ;
#2477 = ORIENTED_EDGE ( 'NONE', *, *, #2590, .F. ) ;
#2478 = CARTESIAN_POINT ( 'NONE',  ( 16.83665038334804400, 43.17244946575140600, 111.5145471164456000 ) ) ;
#2479 = CC_DESIGN_APPROVAL ( #2247, ( #2030 ) ) ;
#2480 = CARTESIAN_POINT ( 'NONE',  ( 38.49933575780314500, 26.56985958212708400, 106.7580179007791900 ) ) ;
#2481 = CARTESIAN_POINT ( 'NONE',  ( 33.90447318261362100, 57.59607955726599500, 134.5314306724456500 ) ) ;
#2482 = ORIENTED_EDGE ( 'NONE', *, *, #322, .T. ) ;
#2483 = EDGE_CURVE ( 'NONE', #3249, #2635, #1618, .T. ) ;
#2484 = EDGE_LOOP ( 'NONE', ( #312, #3676, #2693, #756 ) ) ;
#2485 = CARTESIAN_POINT ( 'NONE',  ( 15.65874058286250500, 49.57555949725642800, 122.6050590174663200 ) ) ;
#2486 = CARTESIAN_POINT ( 'NONE',  ( -49.10930008502348400, 0.0000000000000000000, 23.11499999999999800 ) ) ;
#2487 = DIRECTION ( 'NONE',  ( 0.0000000000000000000, 0.0000000000000000000, 1.000000000000000000 ) ) ;
#2488 = ORIENTED_EDGE ( 'NONE', *, *, #1180, .T. ) ;
#2489 = EDGE_CURVE ( 'NONE', #1546, #1674, #1571, .T. ) ;
#2490 = CARTESIAN_POINT ( 'NONE',  ( 46.52165483570563300, 55.70250268667108900, 131.2468273091591300 ) ) ;
#2491 = DIRECTION ( 'NONE',  ( -0.0000000000000000000, -0.8660254037844397100, 0.4999999999999980600 ) ) ;
#2492 = VERTEX_POINT ( 'NONE', #2580 ) ;
#2493 = DIRECTION ( 'NONE',  ( -0.9237280213470682200, -0.3830490080632376600, 0.0000000000000000000 ) ) ;
#2494 = CARTESIAN_POINT ( 'NONE',  ( 53.12631994864010900, 51.60670623333614800, 126.1231083619841200 ) ) ;
#2495 = CIRCLE ( 'NONE', #2000, 22.79500000000000200 ) ;
#2496 = AXIS2_PLACEMENT_3D ( 'NONE', #3731, #2776, #4055 ) ;
#2497 = DIRECTION ( 'NONE',  ( -0.1146623728998086700, -0.2634983394085385100, 0.9578210508074709300 ) ) ;
#2498 = TOROIDAL_SURFACE ( 'NONE', #2844, 38.10000000000000100, 19.00000000000000000 ) ;
#2499 = CARTESIAN_POINT ( 'NONE',  ( -26.93262969212313600, 0.0000000000000000000, 7.124999999999985800 ) ) ;
#2500 = AXIS2_PLACEMENT_3D ( 'NONE', #3782, #1921, #24 ) ;
#2501 = CALENDAR_DATE ( 2014, 15, 12 ) ;
#2502 = CIRCLE ( 'NONE', #809, 16.05999999999999900 ) ;
#2503 = CARTESIAN_POINT ( 'NONE',  ( 54.07521499037089500, 48.81468223469366300, 119.2909683114001100 ) ) ;
#2504 = CONICAL_SURFACE ( 'NONE', #1258, 23.62500000000000000, 0.7853981633974657100 ) ;
#2505 = ORIENTED_EDGE ( 'NONE', *, *, #1740, .F. ) ;
#2506 = APPROVAL_PERSON_ORGANIZATION ( #3345, #682, #769 ) ;
#2507 = DIRECTION ( 'NONE',  ( -0.0000000000000000000, -0.0000000000000000000, 1.000000000000000000 ) ) ;
#2508 = LINE ( 'NONE', #2314, #2660 ) ;
#2509 = VECTOR ( 'NONE', #945, 1000.000000000000100 ) ;
#2510 = PERSON_AND_ORGANIZATION ( #1808, #1949 ) ;
#2511 = EDGE_LOOP ( 'NONE', ( #1906, #2793 ) ) ;
#2512 = DIRECTION ( 'NONE',  ( 1.000000000000000000, -0.0000000000000000000, -0.0000000000000000000 ) ) ;
#2513 = CYLINDRICAL_SURFACE ( 'NONE', #318, 16.05999999999999900 ) ;
#2514 = CIRCLE ( 'NONE', #2717, 26.18499999999999200 ) ;
#2515 = ORIENTED_EDGE ( 'NONE', *, *, #173, .F. ) ;
#2516 = ORIENTED_EDGE ( 'NONE', *, *, #3375, .T. ) ;
#2517 = ORIENTED_EDGE ( 'NONE', *, *, #2609, .F. ) ;
#2518 = CARTESIAN_POINT ( 'NONE',  ( 49.05350160523131800, 41.66397337978543900, 106.8462726348788200 ) ) ;
#2519 = CARTESIAN_POINT ( 'NONE',  ( 35.11836058040589100, 66.29918910489270400, -0.1199005835188088300 ) ) ;
#2520 = ORIENTED_EDGE ( 'NONE', *, *, #3470, .T. ) ;
#2521 = CARTESIAN_POINT ( 'NONE',  ( 37.21143577829784700, 57.18996489101672900, 135.7935960288857300 ) ) ;
#2522 = DIRECTION ( 'NONE',  ( 0.0000000000000000000, 0.0000000000000000000, -1.000000000000000000 ) ) ;
#2523 = AXIS2_PLACEMENT_3D ( 'NONE', #3703, #1822, #4029 ) ;
#2524 = DIRECTION ( 'NONE',  ( 0.0000000000000000000, 0.0000000000000000000, -1.000000000000000000 ) ) ;
#2525 = EDGE_LOOP ( 'NONE', ( #2429, #2877, #3622, #208, #567 ) ) ;
#2526 = DIRECTION ( 'NONE',  ( 0.9237280213470681100, 0.3830490080632377700, 0.0000000000000000000 ) ) ;
#2527 = CC_DESIGN_APPROVAL ( #2306, ( #2087 ) ) ;
#2528 = DIRECTION ( 'NONE',  ( 0.0000000000000000000, 1.000000000000000000, 1.224646799147353200E-016 ) ) ;
#2529 = CARTESIAN_POINT ( 'NONE',  ( -22.20005111260406500, 0.0000000000000000000, 19.44999999999998500 ) ) ;
#2530 = ORIENTED_EDGE ( 'NONE', *, *, #348, .F. ) ;
#2531 = EDGE_CURVE ( 'NONE', #2721, #501, #1624, .T. ) ;
#2532 = CARTESIAN_POINT ( 'NONE',  ( 48.01513135261181700, 40.25660014523383300, 106.4641479460852600 ) ) ;
#2533 = CARTESIAN_POINT ( 'NONE',  ( -16.05999999999999900, 38.10000000000000100, -44.00000000000000000 ) ) ;
#2534 = ORIENTED_EDGE ( 'NONE', *, *, #4000, .T. ) ;
#2535 = ORIENTED_EDGE ( 'NONE', *, *, #338, .T. ) ;
#2536 = ORIENTED_EDGE ( 'NONE', *, *, #1042, .T. ) ;
#2537 = ORIENTED_EDGE ( 'NONE', *, *, #684, .F. ) ;
#2538 = CARTESIAN_POINT ( 'NONE',  ( 20.76088575023657900, 41.02951372870585800, 107.8028735425309300 ) ) ;
#2539 = EDGE_CURVE ( 'NONE', #4044, #3943, #2289, .T. ) ;
#2540 = ORIENTED_EDGE ( 'NONE', *, *, #4071, .F. ) ;
#2541 = EDGE_LOOP ( 'NONE', ( #3783, #1451, #2258, #2016 ) ) ;
#2542 = CARTESIAN_POINT ( 'NONE',  ( 31.92258342048078700, 38.76317135604416100, 101.7697624465488100 ) ) ;
#2544 = PLANE ( 'NONE',  #285 ) ;
#2543 = DIRECTION ( 'NONE',  ( -0.0000000000000000000, -0.8660254037844397100, 0.4999999999999980600 ) ) ;
#2545 = DIRECTION ( 'NONE',  ( 0.0000000000000000000, 0.0000000000000000000, 1.000000000000000000 ) ) ;
#2546 = CARTESIAN_POINT ( 'NONE',  ( 52.48760901574696900, 51.96547675052654800, 124.7621233865265800 ) ) ;
#2547 = CARTESIAN_POINT ( 'NONE',  ( 58.15865425799412900, 0.0000000000000000000, -26.18499999999998800 ) ) ;
#2548 = TOROIDAL_SURFACE ( 'NONE', #2108, 38.10000000000000100, 16.05999999999999900 ) ;
#2549 = AXIS2_PLACEMENT_3D ( 'NONE', #3256, #3467, #3278 ) ;
#2550 = FACE_OUTER_BOUND ( 'NONE', #1085, .T. ) ;
#2551 = ITEM_DEFINED_TRANSFORMATION ( 'NONE', 'NONE', #931,  #3137 ) ;
#2552 = CARTESIAN_POINT ( 'NONE',  ( 32.51411782985432100, 24.36526767515766800, 150.0867590146088700 ) ) ;
#2553 = FACE_OUTER_BOUND ( 'NONE', #2541, .T. ) ;
#2554 = ORIENTED_EDGE ( 'NONE', *, *, #3103, .F. ) ;
#2555 = UNCERTAINTY_MEASURE_WITH_UNIT (LENGTH_MEASURE( 1.000000000000000100E-005 ), #1603, 'distance_accuracy_value', 'NONE');
#2556 = APPROVAL_DATE_TIME ( #3395, #192 ) ;
#2557 = MANIFOLD_SOLID_BREP ( 'Chamfer1', #629 ) ;
#2558 = PRODUCT_DEFINITION ( 'UNKNOWN', '', #3581, #596 ) ;
#2559 = EDGE_CURVE ( 'NONE', #679, #1429, #1479, .T. ) ;
#2560 = DATE_AND_TIME ( #3400, #124 ) ;
#2561 = DIRECTION ( 'NONE',  ( 0.0000000000000000000, 0.0000000000000000000, -1.000000000000000000 ) ) ;
#2562 = CARTESIAN_POINT ( 'NONE',  ( 50.68192623809382300, 53.58532506749374100, 127.5734675378440700 ) ) ;
#2563 = ORIENTED_EDGE ( 'NONE', *, *, #3797, .T. ) ;
#2564 = FACE_OUTER_BOUND ( 'NONE', #1321, .T. ) ;
#2565 = ORIENTED_EDGE ( 'NONE', *, *, #3788, .F. ) ;
#2566 = DIRECTION ( 'NONE',  ( 1.000000000000000000, 0.0000000000000000000, 0.0000000000000000000 ) ) ;
#2567 = CARTESIAN_POINT ( 'NONE',  ( 35.11836058040589100, 66.29918910489270400, 1.880099416481206800 ) ) ;
#2568 = VERTEX_POINT ( 'NONE', #286 ) ;
#2569 = DIRECTION ( 'NONE',  ( 0.0000000000000000000, 0.0000000000000000000, 1.000000000000000000 ) ) ;
#2570 = CARTESIAN_POINT ( 'NONE',  ( 28.91033937133838800, 38.27898171054740600, 103.0388123392244600 ) ) ;
#2571 = EDGE_LOOP ( 'NONE', ( #1755, #3776, #2554, #3293 ) ) ;
#2572 = ADVANCED_FACE ( 'NONE', ( #1532, #1387 ), #390, .F. ) ;
#2573 = DIRECTION ( 'NONE',  ( 0.0000000000000000000, 0.0000000000000000000, -1.000000000000000000 ) ) ;
#2574 = ORIENTED_EDGE ( 'NONE', *, *, #2378, .F. ) ;
#2575 = EDGE_CURVE ( 'NONE', #2006, #3323, #1341, .T. ) ;
#2576 = CARTESIAN_POINT ( 'NONE',  ( 52.49565812782562100, 51.10876078095531500, 125.2606415390755400 ) ) ;
#2577 = DIRECTION ( 'NONE',  ( 0.0000000000000000000, 0.0000000000000000000, 1.000000000000000000 ) ) ;
#2578 = ORIENTED_EDGE ( 'NONE', *, *, #55, .F. ) ;
#2579 = AXIS2_PLACEMENT_3D ( 'NONE', #2751, #3368, #2432 ) ;
#2580 = CARTESIAN_POINT ( 'NONE',  ( -49.10930008502348400, 0.0000000000000000000, 23.11499999999999800 ) ) ;
#2581 =( NAMED_UNIT ( * ) PLANE_ANGLE_UNIT ( ) SI_UNIT ( $, .RADIAN. ) );
#2582 = CARTESIAN_POINT ( 'NONE',  ( 22.49575541712075800, 41.02473365897068900, 105.7299803673158700 ) ) ;
#2583 = ORIENTED_EDGE ( 'NONE', *, *, #55, .T. ) ;
#2584 = ORIENTED_EDGE ( 'NONE', *, *, #3985, .F. ) ;
#2585 = CARTESIAN_POINT ( 'NONE',  ( 52.21701703820770000, 52.47220071587840800, 127.6221887794178500 ) ) ;
#2586 = DIRECTION ( 'NONE',  ( 1.000000000000000000, 0.0000000000000000000, 0.0000000000000000000 ) ) ;
#2587 = ORIENTED_EDGE ( 'NONE', *, *, #384, .F. ) ;
#2588 = ORIENTED_EDGE ( 'NONE', *, *, #3930, .F. ) ;
#2589 = ORIENTED_EDGE ( 'NONE', *, *, #2531, .F. ) ;
#2590 = EDGE_CURVE ( 'NONE', #879, #578, #1381, .T. ) ;
#2591 = DIRECTION ( 'NONE',  ( 0.1621570828487895700, -0.4933824785300858200, -0.8545635203783742400 ) ) ;
#2592 = DIRECTION ( 'NONE',  ( 1.000000000000000000, 0.0000000000000000000, 0.0000000000000000000 ) ) ;
#2593 = EDGE_CURVE ( 'NONE', #1070, #2274, #1244, .T. ) ;
#2594 = CYLINDRICAL_SURFACE ( 'NONE', #305, 19.44999999999998500 ) ;
#2595 = CARTESIAN_POINT ( 'NONE',  ( 31.97174923996224600, 57.14191705193372400, 135.7103747304000800 ) ) ;
#2596 = CARTESIAN_POINT ( 'NONE',  ( 31.27361614606107700, 31.77141050008529900, 154.5273683688395500 ) ) ;
#2597 = DIRECTION ( 'NONE',  ( 0.9237280213470681100, 0.3830490080632375500, 0.0000000000000000000 ) ) ;
#2598 = LOCAL_TIME ( 13, 17, 30.00000000000000000, #3428 ) ;
#2599 = CARTESIAN_POINT ( 'NONE',  ( 52.22592198025017000, 52.24656447902568600, 125.2500218488163500 ) ) ;
#2600 = AXIS2_PLACEMENT_3D ( 'NONE', #317, #886, #870 ) ;
#2601 = COORDINATED_UNIVERSAL_TIME_OFFSET ( 0, 0, .AHEAD. ) ;
#2602 = DIRECTION ( 'NONE',  ( -0.0000000000000000000, -0.8660254037844397100, 0.4999999999999980600 ) ) ;
#2603 = DIRECTION ( 'NONE',  ( 0.0000000000000000000, 0.0000000000000000000, -1.000000000000000000 ) ) ;
#2604 = CARTESIAN_POINT ( 'NONE',  ( 35.11836058040587700, 20.07331193413695300, 134.2656673006682700 ) ) ;
#2605 =( LENGTH_UNIT ( ) NAMED_UNIT ( * ) SI_UNIT ( .MILLI., .METRE. ) );
#2606 = PRODUCT_DEFINITION_FORMATION_WITH_SPECIFIED_SOURCE ( 'ANY', '', #97, .NOT_KNOWN. ) ;
#2607 = PERSON_AND_ORGANIZATION ( #1808, #1949 ) ;
#2608 = DIRECTION ( 'NONE',  ( -1.000000000000000000, -0.0000000000000000000, -0.0000000000000000000 ) ) ;
#2609 = EDGE_CURVE ( 'NONE', #857, #3034, #1344, .T. ) ;
#2610 = CARTESIAN_POINT ( 'NONE',  ( -57.10819268389989400, 0.0000000000000000000, 0.0000000000000000000 ) ) ;
#2611 = CIRCLE ( 'NONE', #1186, 27.12499999999998600 ) ;
#2612 = CYLINDRICAL_SURFACE ( 'NONE', #2059, 16.05999999999999900 ) ;
#2613 = CARTESIAN_POINT ( 'NONE',  ( -17.72930008502348500, 0.0000000000000000000, 20.85000000000000100 ) ) ;
#2614 = AXIS2_PLACEMENT_3D ( 'NONE', #2826, #2867, #2871 ) ;
#2615 = CARTESIAN_POINT ( 'NONE',  ( 52.23431622685301800, 51.39055448538516700, 125.7487225523774900 ) ) ;
#2616 = ORIENTED_EDGE ( 'NONE', *, *, #1824, .T. ) ;
#2617 = CYLINDRICAL_SURFACE ( 'NONE', #998, 16.05999999999998800 ) ;
#2618 = FACE_OUTER_BOUND ( 'NONE', #2996, .T. ) ;
#2619 = AXIS2_PLACEMENT_3D ( 'NONE', #1524, #1557, #744 ) ;
#2620 = DIRECTION ( 'NONE',  ( -0.0000000000000000000, -0.0000000000000000000, -1.000000000000000000 ) ) ;
#2621 = APPLICATION_PROTOCOL_DEFINITION ( 'international standard', 'config_control_design', 1994, #381 ) ;
#2622 = EDGE_CURVE ( 'NONE', #2635, #3249, #1242, .T. ) ;
#2623 = DIRECTION ( 'NONE',  ( 0.9237280213470681100, 0.3830490080632375500, 0.0000000000000000000 ) ) ;
#2624 = ORIENTED_EDGE ( 'NONE', *, *, #3800, .T. ) ;
#2625 = PLANE ( 'NONE',  #2659 ) ;
#2626 = ADVANCED_FACE ( 'NONE', ( #1047 ), #640, .F. ) ;
#2627 = ORIENTED_EDGE ( 'NONE', *, *, #1959, .T. ) ;
#2628 = AXIS2_PLACEMENT_3D ( 'NONE', #2142, #1535, #3635 ) ;
#2629 = SECURITY_CLASSIFICATION ( '', '', #2722 ) ;
#2630 = SECURITY_CLASSIFICATION_LEVEL ( 'unclassified' ) ;
#2631 = ORIENTED_EDGE ( 'NONE', *, *, #2708, .F. ) ;
#2632 = DIRECTION ( 'NONE',  ( 0.0000000000000000000, -0.0000000000000000000, 1.000000000000000000 ) ) ;
#2633 = CARTESIAN_POINT ( 'NONE',  ( 16.40288478434656100, 46.46702881376404500, 115.2109353705869500 ) ) ;
#2634 = ORIENTED_EDGE ( 'NONE', *, *, #440, .T. ) ;
#2635 = VERTEX_POINT ( 'NONE', #1340 ) ;
#2636 = ORIENTED_EDGE ( 'NONE', *, *, #2839, .T. ) ;
#2637 = ORIENTED_EDGE ( 'NONE', *, *, #2175, .F. ) ;
#2638 = CARTESIAN_POINT ( 'NONE',  ( 54.11836058040588400, 66.29918910489271900, 44.08009941648121100 ) ) ;
#2639 = CARTESIAN_POINT ( 'NONE',  ( 46.59426740833979600, 40.55696262258059900, 104.9124148817339700 ) ) ;
#2640 = CARTESIAN_POINT ( 'NONE',  ( 32.12638961788827200, 56.65545261926144600, 134.8677936169352200 ) ) ;
#2641 = ORIENTED_EDGE ( 'NONE', *, *, #373, .F. ) ;
#2642 = LINE ( 'NONE', #982, #389 ) ;
#2643 = ADVANCED_FACE ( 'NONE', ( #553 ), #748, .T. ) ;
#2644 = FACE_OUTER_BOUND ( 'NONE', #2072, .T. ) ;
#2645 = DIRECTION ( 'NONE',  ( 0.0000000000000000000, 0.0000000000000000000, -1.000000000000000000 ) ) ;
#2646 = DATE_TIME_ROLE ( 'creation_date' ) ;
#2647 = APPROVAL_DATE_TIME ( #3477, #3299 ) ;
#2648 = PRODUCT ( 'Part14^PL-24-60-WF', 'Part14^PL-24-60-WF', '', ( #3555 ) ) ;
#2649 = LINE ( 'NONE', #3450, #2092 ) ;
#2650 = ORIENTED_EDGE ( 'NONE', *, *, #1089, .T. ) ;
#2651 = CIRCLE ( 'NONE', #1375, 19.44999999999998500 ) ;
#2652 = APPROVAL_PERSON_ORGANIZATION ( #3482, #192, #3607 ) ;
#2653 = CARTESIAN_POINT ( 'NONE',  ( -40.35930008502347700, 0.0000000000000000000, 16.05999999999999900 ) ) ;
#2654 = AXIS2_PLACEMENT_3D ( 'NONE', #4003, #1898, #1798 ) ;
#2655 = DIRECTION ( 'NONE',  ( 0.0000000000000000000, 0.0000000000000000000, -1.000000000000000000 ) ) ;
#2656 = CARTESIAN_POINT ( 'NONE',  ( 45.81257962869897700, 55.70135994438111700, 133.2152566289144900 ) ) ;
#2657 = FACE_BOUND ( 'NONE', #3690, .T. ) ;
#2658 = PERSON_AND_ORGANIZATION ( #1808, #1949 ) ;
#2659 = AXIS2_PLACEMENT_3D ( 'NONE', #2954, #1036, #3265 ) ;
#2660 = VECTOR ( 'NONE', #445, 1000.000000000000000 ) ;
#2661 = EDGE_CURVE ( 'NONE', #940, #857, #646, .T. ) ;
#2662 = EDGE_LOOP ( 'NONE', ( #927, #1231, #250, #1689 ) ) ;
#2663 = APPLICATION_CONTEXT ( 'configuration controlled 3d designs of mechanical parts and assemblies' ) ;
#2664 = CC_DESIGN_PERSON_AND_ORGANIZATION_ASSIGNMENT ( #2086, #2413, ( #1563 ) ) ;
#2665 = LINE ( 'NONE', #2533, #3263 ) ;
#2666 = CIRCLE ( 'NONE', #1705, 18.99999999999999600 ) ;
#2667 = EDGE_LOOP ( 'NONE', ( #3185, #2402 ) ) ;
#2668 = EDGE_CURVE ( 'NONE', #3537, #972, #958, .T. ) ;
#2669 = CARTESIAN_POINT ( 'NONE',  ( 0.0000000000000000000, 19.04999999999992600, 32.99556788418716000 ) ) ;
#2670 = ADVANCED_FACE ( 'NONE', ( #391 ), #496, .T. ) ;
#2671 = DIRECTION ( 'NONE',  ( -1.000000000000000000, -0.0000000000000000000, -0.0000000000000000000 ) ) ;
#2672 = VERTEX_POINT ( 'NONE', #3850 ) ;
#2673 = CARTESIAN_POINT ( 'NONE',  ( 16.26347544100248800, 46.92893044829786900, 116.0139828252218900 ) ) ;
#2674 = ORIENTED_EDGE ( 'NONE', *, *, #3429, .F. ) ;
#2675 = AXIS2_PLACEMENT_3D ( 'NONE', #3777, #3763, #3688 ) ;
#2676 = CARTESIAN_POINT ( 'NONE',  ( 35.11836058040589100, 66.29918910489270400, 41.08009941648124700 ) ) ;
#2677 = ORIENTED_EDGE ( 'NONE', *, *, #1838, .F. ) ;
#2678 = APPROVAL_STATUS ( 'not_yet_approved' ) ;
#2679 = EDGE_CURVE ( 'NONE', #2980, #1916, #447, .T. ) ;
#2680 = CARTESIAN_POINT ( 'NONE',  ( 26.79788568873238900, 39.59499350173585000, 103.2287795129276700 ) ) ;
#2681 = AXIS2_PLACEMENT_3D ( 'NONE', #1274, #2524, #1262 ) ;
#2682 = PLANE ( 'NONE',  #3478 ) ;
#2683 = DIRECTION ( 'NONE',  ( -1.000000000000000000, 0.0000000000000000000, 0.0000000000000000000 ) ) ;
#2684 = ORIENTED_EDGE ( 'NONE', *, *, #242, .T. ) ;
#2685 = ORIENTED_EDGE ( 'NONE', *, *, #2708, .T. ) ;
#2686 = CARTESIAN_POINT ( 'NONE',  ( 16.09249412981741800, 48.47915908980585400, 118.7081502218612000 ) ) ;
#2687 = CARTESIAN_POINT ( 'NONE',  ( 45.80743394033885400, 55.70297857253090300, 133.2180601751084900 ) ) ;
#2688 = ORIENTED_EDGE ( 'NONE', *, *, #520, .F. ) ;
#2689 = CC_DESIGN_PERSON_AND_ORGANIZATION_ASSIGNMENT ( #2918, #3298, ( #2030 ) ) ;
#2690 = ADVANCED_FACE ( 'NONE', ( #1187, #306 ), #333, .F. ) ;
#2691 = EDGE_LOOP ( 'NONE', ( #1283, #3856 ) ) ;
#2692 = DIRECTION ( 'NONE',  ( -0.0000000000000000000, -0.8660254037844397100, 0.4999999999999980600 ) ) ;
#2693 = ORIENTED_EDGE ( 'NONE', *, *, #338, .F. ) ;
#2694 = PERSON_AND_ORGANIZATION_ROLE ( 'creator' ) ;
#2695 = ORIENTED_EDGE ( 'NONE', *, *, #665, .F. ) ;
#2696 = EDGE_CURVE ( 'NONE', #1968, #1373, #499, .T. ) ;
#2697 = ORIENTED_EDGE ( 'NONE', *, *, #1604, .F. ) ;
#2698 = CARTESIAN_POINT ( 'NONE',  ( 34.12224929705475100, 38.65711248208443600, 101.5834704815417800 ) ) ;
#2699 = DIRECTION ( 'NONE',  ( 1.000000000000000000, 0.0000000000000000000, 0.0000000000000000000 ) ) ;
#2700 = CARTESIAN_POINT ( 'NONE',  ( 27.95171728980480800, 37.89459779810319200, 102.3730398732667300 ) ) ;
#2701 = CARTESIAN_POINT ( 'NONE',  ( 35.11836058040589100, 50.23918910489271600, 85.58009941648120400 ) ) ;
#2702 = CIRCLE ( 'NONE', #2464, 23.11499999999999800 ) ;
#2703 = CIRCLE ( 'NONE', #3388, 23.62499999999999300 ) ;
#2704 = APPROVAL_DATE_TIME ( #3516, #3760 ) ;
#2705 = APPROVAL_ROLE ( '' ) ;
#2706 = DATE_AND_TIME ( #3517, #266 ) ;
#2707 = FACE_OUTER_BOUND ( 'NONE', #3082, .T. ) ;
#2708 = EDGE_CURVE ( 'NONE', #434, #1661, #69, .T. ) ;
#2709 = DIRECTION ( 'NONE',  ( 1.000000000000000000, 0.0000000000000000000, 0.0000000000000000000 ) ) ;
#2710 = DIRECTION ( 'NONE',  ( 1.000000000000000000, 0.0000000000000000000, 0.0000000000000000000 ) ) ;
#2711 = ADVANCED_FACE ( 'NONE', ( #546, #111 ), #3383, .T. ) ;
#2712 = AXIS2_PLACEMENT_3D ( 'NONE', #552, #2243, #2048 ) ;
#2713 = COORDINATED_UNIVERSAL_TIME_OFFSET ( 0, 0, .AHEAD. ) ;
#2714 = ORIENTED_EDGE ( 'NONE', *, *, #752, .F. ) ;
#2715 = DIRECTION ( 'NONE',  ( -1.000000000000000000, 0.0000000000000000000, 0.0000000000000000000 ) ) ;
#2716 = CARTESIAN_POINT ( 'NONE',  ( 15.91276850474549000, 44.39476821440616300, 113.6316652921597000 ) ) ;
#2717 = AXIS2_PLACEMENT_3D ( 'NONE', #2567, #647, #2899 ) ;
#2718 = CYLINDRICAL_SURFACE ( 'NONE', #1613, 26.12499999999998600 ) ;
#2719 = DIRECTION ( 'NONE',  ( 1.000000000000000000, -0.0000000000000000000, -0.0000000000000000000 ) ) ;
#2720 = ORIENTED_EDGE ( 'NONE', *, *, #3895, .T. ) ;
#2721 = VERTEX_POINT ( 'NONE', #557 ) ;
#2722 = SECURITY_CLASSIFICATION_LEVEL ( 'unclassified' ) ;
#2723 = DIRECTION ( 'NONE',  ( 1.224646799147353200E-016, 1.000000000000000000, 0.0000000000000000000 ) ) ;
#2724 = VERTEX_POINT ( 'NONE', #3606 ) ;
#2725 = CARTESIAN_POINT ( 'NONE',  ( 16.74119878432629300, 45.62876925457666700, 113.7532610586746800 ) ) ;
#2726 = ORIENTED_EDGE ( 'NONE', *, *, #3040, .T. ) ;
#2727 = CARTESIAN_POINT ( 'NONE',  ( 58.15865425799412900, 0.0000000000000000000, -26.12499999999998600 ) ) ;
#2728 = ADVANCED_FACE ( 'NONE', ( #9 ), #503, .T. ) ;
#2729 = CARTESIAN_POINT ( 'NONE',  ( 46.30908864437680700, 55.78145580703206000, 131.3837933877800900 ) ) ;
#2730 = DIRECTION ( 'NONE',  ( 0.0000000000000000000, 0.0000000000000000000, -1.000000000000000000 ) ) ;
#2731 =( REPRESENTATION_RELATIONSHIP ('NONE','NONE', #1351, #612 ) REPRESENTATION_RELATIONSHIP_WITH_TRANSFORMATION ( #3656 )SHAPE_REPRESENTATION_RELATIONSHIP( ) );
#2732 = EDGE_CURVE ( 'NONE', #3376, #1777, #215, .T. ) ;
#2733 = ORIENTED_EDGE ( 'NONE', *, *, #1864, .F. ) ;
#2734 = CLOSED_SHELL ( 'NONE', ( #2985, #150, #1436, #1055, #2393, #3026, #89, #2111, #2752, #1418, #2088, #424, #2328, #2969, #719, #3064, #166, #2670, #3849, #3079, #3695, #3045, #1635, #3920, #1376, #2461, #1152, #980, #803, #2643, #1795, #1754, #2626, #2045, #2690, #3286, #1708, #3795, #1113, #402, #1774, #3587, #2896, #1727, #3547, #3648, #129, #1170, #785, #1339, #484, #2002, #530, #380, #2069, #3877 ) ) ;
#2735 = EDGE_LOOP ( 'NONE', ( #1747, #1015, #1519, #272, #3762 ) ) ;
#2736 = CARTESIAN_POINT ( 'NONE',  ( 60.86727917545540800, 76.97668020465545200, -76.68674752541282700 ) ) ;
#2737 = CARTESIAN_POINT ( 'NONE',  ( 26.74201274657360000, 38.15000284835346600, 102.8154143968099000 ) ) ;
#2738 = CARTESIAN_POINT ( 'NONE',  ( 46.31780357998856300, 54.93425212911050400, 131.8865869179790000 ) ) ;
#2739 = EDGE_LOOP ( 'NONE', ( #2176, #105, #187, #3787 ) ) ;
#2740 = DIRECTION ( 'NONE',  ( 0.0000000000000000000, 0.0000000000000000000, -1.000000000000000000 ) ) ;
#2741 = CARTESIAN_POINT ( 'NONE',  ( 21.46969923856194400, 41.51359725299098400, 106.5837640029878300 ) ) ;
#2742 = PRODUCT_DEFINITION_SHAPE ( 'NONE', 'NONE',  #2030 ) ;
#2743 = CC_DESIGN_PERSON_AND_ORGANIZATION_ASSIGNMENT ( #1292, #1420, ( #2087 ) ) ;
#2744 = CARTESIAN_POINT ( 'NONE',  ( 48.89846716390045600, 40.68948448640555400, 107.2139256188148400 ) ) ;
#2745 = CARTESIAN_POINT ( 'NONE',  ( 59.25075513809803600, 76.30634444054477700, 38.58009941648120400 ) ) ;
#2746 = CARTESIAN_POINT ( 'NONE',  ( 58.15865425799412900, 0.0000000000000000000, -16.05999999999998800 ) ) ;
#2747 = FACE_OUTER_BOUND ( 'NONE', #889, .T. ) ;
#2748 = FACE_BOUND ( 'NONE', #1079, .T. ) ;
#2749 = CARTESIAN_POINT ( 'NONE',  ( 51.31642354814071200, 41.37176285144835200, 108.3956664119635300 ) ) ;
#2750 = DATE_AND_TIME ( #3556, #304 ) ;
#2751 = CARTESIAN_POINT ( 'NONE',  ( 35.11836058040589100, 66.29918910489270400, -76.68674752541282700 ) ) ;
#2752 = ADVANCED_FACE ( 'NONE', ( #220 ), #996, .F. ) ;
#2753 = VERTEX_POINT ( 'NONE', #287 ) ;
#2754 = COORDINATED_UNIVERSAL_TIME_OFFSET ( 0, 0, .AHEAD. ) ;
#2755 = DIRECTION ( 'NONE',  ( 1.000000000000000000, 0.0000000000000000000, 0.0000000000000000000 ) ) ;
#2756 = FACE_OUTER_BOUND ( 'NONE', #4, .T. ) ;
#2757 = PERSON_AND_ORGANIZATION ( #1808, #1949 ) ;
#2758 = CARTESIAN_POINT ( 'NONE',  ( 46.89807433200565600, 55.33267291082422900, 132.5766719547021100 ) ) ;
#2759 = CARTESIAN_POINT ( 'NONE',  ( 19.72798716003137900, 52.83372293220098500, 128.2483636261530900 ) ) ;
#2760 = LINE ( 'NONE', #3321, #4065 ) ;
#2761 = SHAPE_REPRESENTATION_RELATIONSHIP ( 'NONE' , 'NONE' ,  #2301, #211 ) ;
#2762 = AXIS2_PLACEMENT_3D ( 'NONE', #1365, #369, #734 ) ;
#2763 = EDGE_LOOP ( 'NONE', ( #270, #1021 ) ) ;
#2764 = CARTESIAN_POINT ( 'NONE',  ( 51.50654282653204800, 41.50537780823876900, 108.6270943057756700 ) ) ;
#2765 = DIRECTION ( 'NONE',  ( -1.000000000000000000, 0.0000000000000000000, 0.0000000000000000000 ) ) ;
#2766 = CLOSED_SHELL ( 'NONE', ( #2436, #2350, #4011, #742, #3632, #1359, #1459, #2022, #26, #228 ) ) ;
#2767 = FACE_OUTER_BOUND ( 'NONE', #1460, .T. ) ;
#2768 = ORIENTED_EDGE ( 'NONE', *, *, #2426, .F. ) ;
#2769 = CARTESIAN_POINT ( 'NONE',  ( -57.10819268389989400, 0.0000000000000000000, -26.12499999999998600 ) ) ;
#2770 = APPROVAL ( #106, 'UNSPECIFIED' ) ;
#2771 = DIRECTION ( 'NONE',  ( 0.0000000000000000000, -0.8660254037844397100, 0.4999999999999980600 ) ) ;
#2772 = CARTESIAN_POINT ( 'NONE',  ( 21.16295306527474200, 54.57375563241124900, 129.2885586166881100 ) ) ;
#2773 = ORIENTED_EDGE ( 'NONE', *, *, #348, .T. ) ;
#2774 = ADVANCED_FACE ( 'NONE', ( #3041, #303 ), #1514, .T. ) ;
#2775 = EDGE_CURVE ( 'NONE', #2568, #1923, #1832, .T. ) ;
#2776 = DIRECTION ( 'NONE',  ( 0.3830490080632376600, -0.9237280213470682200, -0.0000000000000000000 ) ) ;
#2777 = ORIENTED_EDGE ( 'NONE', *, *, #770, .T. ) ;
#2778 = AXIS2_PLACEMENT_3D ( 'NONE', #1649, #439, #2941 ) ;
#2779 = DIRECTION ( 'NONE',  ( 1.000000000000000000, -0.0000000000000000000, -0.0000000000000000000 ) ) ;
#2780 = DIRECTION ( 'NONE',  ( 1.000000000000000000, 0.0000000000000000000, -0.0000000000000000000 ) ) ;
#2781 = CARTESIAN_POINT ( 'NONE',  ( -57.10819268389989400, 0.0000000000000000000, 0.0000000000000000000 ) ) ;
#2782 = ORIENTED_EDGE ( 'NONE', *, *, #3641, .T. ) ;
#2783 = CARTESIAN_POINT ( 'NONE',  ( 37.70670091373310100, 57.51242024353531000, 134.3863290082762800 ) ) ;
#2784 = CARTESIAN_POINT ( 'NONE',  ( 46.80445294389873800, 55.59492901105306800, 131.0602085179040400 ) ) ;
#2785 = CARTESIAN_POINT ( 'NONE',  ( 17.84686911799870400, 52.29683973619808800, 127.3184546529465000 ) ) ;
#2786 = EDGE_CURVE ( 'NONE', #3869, #2020, #1836, .T. ) ;
#2787 = ORIENTED_EDGE ( 'NONE', *, *, #3337, .F. ) ;
#2788 = VERTEX_POINT ( 'NONE', #1493 ) ;
#2789 = AXIS2_PLACEMENT_3D ( 'NONE', #508, #253, #3107 ) ;
#2790 = ORIENTED_EDGE ( 'NONE', *, *, #217, .T. ) ;
#2791 = CARTESIAN_POINT ( 'NONE',  ( 52.05566279844499200, 41.91196400494201400, 109.3313222561218700 ) ) ;
#2792 = DIRECTION ( 'NONE',  ( 1.000000000000000000, 0.0000000000000000000, 0.0000000000000000000 ) ) ;
#2793 = ORIENTED_EDGE ( 'NONE', *, *, #2559, .F. ) ;
#2794 = ORIENTED_EDGE ( 'NONE', *, *, #3521, .T. ) ;
#2795 = AXIS2_PLACEMENT_3D ( 'NONE', #1165, #2110, #2765 ) ;
#2796 = DIRECTION ( 'NONE',  ( 0.0000000000000000000, 0.0000000000000000000, -1.000000000000000000 ) ) ;
#2797 = DIRECTION ( 'NONE',  ( 0.0000000000000000000, 0.0000000000000000000, -1.000000000000000000 ) ) ;
#2798 = DIRECTION ( 'NONE',  ( 0.0000000000000000000, 0.0000000000000000000, -1.000000000000000000 ) ) ;
#2799 = CARTESIAN_POINT ( 'NONE',  ( 37.88476041380622700, 18.36790372974309400, 115.8118136430132100 ) ) ;
#2800 = FACE_OUTER_BOUND ( 'NONE', #1950, .T. ) ;
#2801 = CARTESIAN_POINT ( 'NONE',  ( 46.81340410850459900, 54.74725433455454000, 131.5626972369121900 ) ) ;
#2802 = TOROIDAL_SURFACE ( 'NONE', #3980, 7.124999999999985800, 20.00000000000000000 ) ;
#2803 = DIRECTION ( 'NONE',  ( -1.000000000000000000, -0.0000000000000000000, -0.0000000000000000000 ) ) ;
#2804 = FACE_OUTER_BOUND ( 'NONE', #1379, .T. ) ;
#2805 = CIRCLE ( 'NONE', #3997, 25.62500000000004300 ) ;
#2806 = APPROVAL_PERSON_ORGANIZATION ( #3603, #3760, #2395 ) ;
#2807 = DIRECTION ( 'NONE',  ( 0.0000000000000000000, 0.0000000000000000000, 1.000000000000000000 ) ) ;
#2808 = FACE_OUTER_BOUND ( 'NONE', #3205, .T. ) ;
#2809 = DIRECTION ( 'NONE',  ( -1.000000000000000000, -0.0000000000000000000, -0.0000000000000000000 ) ) ;
#2810 = PERSON_AND_ORGANIZATION ( #1808, #1949 ) ;
#2811 = FACE_OUTER_BOUND ( 'NONE', #893, .T. ) ;
#2812 = CIRCLE ( 'NONE', #2273, 27.12499999999998600 ) ;
#2813 = EDGE_CURVE ( 'NONE', #232, #1667, #1783, .T. ) ;
#2814 = SHAPE_DEFINITION_REPRESENTATION ( #3271, #1543 ) ;
#2815 = ORIENTED_EDGE ( 'NONE', *, *, #1864, .T. ) ;
#2816 = CARTESIAN_POINT ( 'NONE',  ( 48.78435828266486100, 54.72649222289177100, 129.5535677276857600 ) ) ;
#2817 = DIRECTION ( 'NONE',  ( 0.1621570828487895700, -0.4933824785300858200, -0.8545635203783742400 ) ) ;
#2818 = DIRECTION ( 'NONE',  ( 0.1621570828487893800, -0.4933824785300860400, -0.8545635203783740200 ) ) ;
#2819 = CARTESIAN_POINT ( 'NONE',  ( -53.30290323835134800, 1.966782759430649000E-015, -16.05999999999999900 ) ) ;
#2820 = ORIENTED_EDGE ( 'NONE', *, *, #1266, .T. ) ;
#2821 = FACE_OUTER_BOUND ( 'NONE', #2571, .T. ) ;
#2822 = CARTESIAN_POINT ( 'NONE',  ( 39.90643232786374700, 38.06459375523201800, 102.6674815081015200 ) ) ;
#2823 = CARTESIAN_POINT ( 'NONE',  ( 9.369441985356379700, 55.62169800512995000, 36.08009941648120400 ) ) ;
#2824 = LINE ( 'NONE', #1246, #3355 ) ;
#2825 = DIRECTION ( 'NONE',  ( 1.000000000000000000, -0.0000000000000000000, -0.0000000000000000000 ) ) ;
#2826 = CARTESIAN_POINT ( 'NONE',  ( 58.15865425799412900, 0.0000000000000000000, 0.0000000000000000000 ) ) ;
#2827 = AXIS2_PLACEMENT_3D ( 'NONE', #2365, #2443, #749 ) ;
#2828 = DIRECTION ( 'NONE',  ( 1.000000000000000000, 0.0000000000000000000, 0.0000000000000000000 ) ) ;
#2829 = ORIENTED_EDGE ( 'NONE', *, *, #2609, .T. ) ;
#2830 = CARTESIAN_POINT ( 'NONE',  ( 52.73128862328523100, 42.46936205956430400, 110.2967640067677000 ) ) ;
#2831 = DIRECTION ( 'NONE',  ( 0.0000000000000000000, 0.0000000000000000000, -1.000000000000000000 ) ) ;
#2832 = APPROVAL ( #2367, 'UNSPECIFIED' ) ;
#2833 = CARTESIAN_POINT ( 'NONE',  ( 54.12368107385371700, 47.90961282314805900, 117.7184698690206700 ) ) ;
#2834 = CARTESIAN_POINT ( 'NONE',  ( 29.20779259912402300, 57.13015178352178900, 133.7232935842872600 ) ) ;
#2835 = ORIENTED_EDGE ( 'NONE', *, *, #520, .T. ) ;
#2836 = ORIENTED_EDGE ( 'NONE', *, *, #322, .F. ) ;
#2837 = CARTESIAN_POINT ( 'NONE',  ( 28.80495270448934900, 56.73916767542832700, 135.0127923475761000 ) ) ;
#2838 = VERTEX_POINT ( 'NONE', #2318 ) ;
#2839 = EDGE_CURVE ( 'NONE', #2146, #579, #1885, .T. ) ;
#2840 = CARTESIAN_POINT ( 'NONE',  ( 40.17329054197542600, 37.55496395725116800, 101.7847768049412700 ) ) ;
#2841 = CARTESIAN_POINT ( 'NONE',  ( -60.10819268389990100, 3.199389762772458500E-015, 26.12499999999998600 ) ) ;
#2842 = CARTESIAN_POINT ( 'NONE',  ( 35.11836058040587700, 20.07331193413695300, 134.2656673006682700 ) ) ;
#2843 = CARTESIAN_POINT ( 'NONE',  ( 35.11836058040589100, 66.29918910489270400, 41.08009941648124700 ) ) ;
#2844 = AXIS2_PLACEMENT_3D ( 'NONE', #2313, #688, #2487 ) ;
#2845 = CARTESIAN_POINT ( 'NONE',  ( 47.33882292685779400, 40.83422687142545700, 105.3972632874134100 ) ) ;
#2846 = CARTESIAN_POINT ( 'NONE',  ( -18.99999999999999600, 38.10000000000000100, -44.00000000000000000 ) ) ;
#2847 = ORIENTED_EDGE ( 'NONE', *, *, #905, .F. ) ;
#2848 = CARTESIAN_POINT ( 'NONE',  ( 17.11581222569623500, 42.87202980842238300, 110.9942050063592900 ) ) ;
#2849 = CARTESIAN_POINT ( 'NONE',  ( -17.90819268389989800, 0.0000000000000000000, 0.0000000000000000000 ) ) ;
#2850 = EDGE_LOOP ( 'NONE', ( #1306, #668, #1972, #694 ) ) ;
#2851 = CARTESIAN_POINT ( 'NONE',  ( 24.65810254790897100, 55.77416141931706100, 133.3413524823695000 ) ) ;
#2852 = AXIS2_PLACEMENT_3D ( 'NONE', #2207, #615, #2312 ) ;
#2853 = CARTESIAN_POINT ( 'NONE',  ( -54.60819268389989400, 0.0000000000000000000, 0.0000000000000000000 ) ) ;
#2854 = FACE_OUTER_BOUND ( 'NONE', #2280, .T. ) ;
#2855 = DIRECTION ( 'NONE',  ( 0.1621570828487897100, -0.4933824785300860400, -0.8545635203783742400 ) ) ;
#2856 = DIRECTION ( 'NONE',  ( -1.000000000000000000, -0.0000000000000000000, -0.0000000000000000000 ) ) ;
#2857 = CARTESIAN_POINT ( 'NONE',  ( 60.17448315944510300, 76.68939344860801600, 36.08009941648120400 ) ) ;
#2858 = CARTESIAN_POINT ( 'NONE',  ( 0.0000000000000000000, 38.10000000000000100, -44.00000000000000000 ) ) ;
#2859 = FACE_BOUND ( 'NONE', #1326, .T. ) ;
#2860 = CC_DESIGN_PERSON_AND_ORGANIZATION_ASSIGNMENT ( #1103, #2951, ( #398 ) ) ;
#2861 = CIRCLE ( 'NONE', #837, 19.00000000000000000 ) ;
#2862 = DIRECTION ( 'NONE',  ( 1.000000000000000000, -0.0000000000000000000, -0.0000000000000000000 ) ) ;
#2863 = CARTESIAN_POINT ( 'NONE',  ( 16.12828181642731800, 44.08692909153074900, 113.0984722907820300 ) ) ;
#2864 = PLANE ( 'NONE',  #3552 ) ;
#2865 = DIRECTION ( 'NONE',  ( 0.0000000000000000000, 0.0000000000000000000, -1.000000000000000000 ) ) ;
#2866 = FACE_OUTER_BOUND ( 'NONE', #602, .T. ) ;
#2867 = DIRECTION ( 'NONE',  ( 1.000000000000000000, -0.0000000000000000000, -0.0000000000000000000 ) ) ;
#2868 = FACE_OUTER_BOUND ( 'NONE', #2268, .T. ) ;
#2869 = DATE_AND_TIME ( #3664, #400 ) ;
#2870 = CARTESIAN_POINT ( 'NONE',  ( 39.30825644664192000, 38.87514726188657500, 101.9663657987845400 ) ) ;
#2871 = DIRECTION ( 'NONE',  ( 0.0000000000000000000, 0.0000000000000000000, -1.000000000000000000 ) ) ;
#2872 = CIRCLE ( 'NONE', #4081, 27.87499999999998600 ) ;
#2873 = COORDINATED_UNIVERSAL_TIME_OFFSET ( 0, 0, .AHEAD. ) ;
#2874 = DIRECTION ( 'NONE',  ( 0.0000000000000000000, -0.0000000000000000000, 1.000000000000000000 ) ) ;
#2875 = DIRECTION ( 'NONE',  ( -1.000000000000000000, 0.0000000000000000000, 0.0000000000000000000 ) ) ;
#2876 = DIRECTION ( 'NONE',  ( 0.0000000000000000000, 0.0000000000000000000, 1.000000000000000000 ) ) ;
#2877 = ORIENTED_EDGE ( 'NONE', *, *, #3801, .F. ) ;
#2878 = DIRECTION ( 'NONE',  ( 0.0000000000000000000, -0.0000000000000000000, 1.000000000000000000 ) ) ;
#2879 = VECTOR ( 'NONE', #741, 1000.000000000000000 ) ;
#2880 = CIRCLE ( 'NONE', #3596, 18.99999999999999600 ) ;
#2881 = CARTESIAN_POINT ( 'NONE',  ( 52.02258337105723000, 73.30898595244994500, -0.6199005835187954000 ) ) ;
#2882 = CARTESIAN_POINT ( 'NONE',  ( -49.10930008502348400, 23.11499999999999800, 0.0000000000000000000 ) ) ;
#2883 = CARTESIAN_POINT ( 'NONE',  ( 16.35589771223161600, 45.75066203098069900, 115.9801422721406300 ) ) ;
#2884 = VERTEX_POINT ( 'NONE', #3742 ) ;
#2885 = CARTESIAN_POINT ( 'NONE',  ( 13.29528607608141200, 57.24965628939870800, -0.1199005835188088300 ) ) ;
#2886 = AXIS2_PLACEMENT_3D ( 'NONE', #3565, #1665, #3875 ) ;
#2887 = DIRECTION ( 'NONE',  ( -0.0000000000000000000, -0.8660254037844397100, 0.4999999999999980600 ) ) ;
#2888 = ORIENTED_EDGE ( 'NONE', *, *, #104, .T. ) ;
#2889 = DIRECTION ( 'NONE',  ( 0.1621570828487896300, -0.4933824785300860400, -0.8545635203783741300 ) ) ;
#2890 = EDGE_CURVE ( 'NONE', #3356, #1026, #441, .T. ) ;
#2891 = EDGE_LOOP ( 'NONE', ( #1673, #3266, #934, #2228 ) ) ;
#2892 = SECURITY_CLASSIFICATION ( '', '', #823 ) ;
#2893 = CARTESIAN_POINT ( 'NONE',  ( 31.42198987686772300, 27.68819866805780100, 155.8422443243572400 ) ) ;
#2894 = CARTESIAN_POINT ( 'NONE',  ( 58.15865425799412900, 0.0000000000000000000, 0.0000000000000000000 ) ) ;
#2895 = CARTESIAN_POINT ( 'NONE',  ( 49.64743546928563900, 40.33537839106809700, 106.6005958704100700 ) ) ;
#2896 = ADVANCED_FACE ( 'NONE', ( #2184, #951 ), #3027, .T. ) ;
#2897 = EDGE_LOOP ( 'NONE', ( #1772, #1766, #175, #1088 ) ) ;
#2898 = CARTESIAN_POINT ( 'NONE',  ( -53.30290323835134800, 0.0000000000000000000, 0.0000000000000000000 ) ) ;
#2899 = DIRECTION ( 'NONE',  ( 0.9237280213470682200, 0.3830490080632375500, 0.0000000000000000000 ) ) ;
#2900 = ORIENTED_EDGE ( 'NONE', *, *, #834, .F. ) ;
#2901 = AXIS2_PLACEMENT_3D ( 'NONE', #4075, #4058, #730 ) ;
#2902 = DIRECTION ( 'NONE',  ( 0.0000000000000000000, 0.0000000000000000000, 1.000000000000000000 ) ) ;
#2903 = CARTESIAN_POINT ( 'NONE',  ( -17.90819268389989800, 0.0000000000000000000, -16.05999999999999200 ) ) ;
#2904 = CARTESIAN_POINT ( 'NONE',  ( 35.11836058040589100, 66.29918910489270400, -76.68674752541282700 ) ) ;
#2905 = EDGE_LOOP ( 'NONE', ( #2773, #99 ) ) ;
#2906 = CARTESIAN_POINT ( 'NONE',  ( 17.15185056520542900, 58.84888589806273300, 3.671957845185369600 ) ) ;
#2907 = DIRECTION ( 'NONE',  ( 0.0000000000000000000, 0.0000000000000000000, -1.000000000000000000 ) ) ;
#2908 = CARTESIAN_POINT ( 'NONE',  ( 13.29528607608141600, 57.24965628939870800, 27.70009941648121600 ) ) ;
#2909 = CARTESIAN_POINT ( 'NONE',  ( 39.29578557610265900, 37.99062445565794400, 102.5393629230391600 ) ) ;
#2910 = CARTESIAN_POINT ( 'NONE',  ( -57.10819268389989400, 26.12499999999998600, 0.0000000000000000000 ) ) ;
#2911 = DIRECTION ( 'NONE',  ( -1.000000000000000000, 0.0000000000000000000, 0.0000000000000000000 ) ) ;
#2912 = CIRCLE ( 'NONE', #3848, 19.44999999999998900 ) ;
#2913 = COORDINATED_UNIVERSAL_TIME_OFFSET ( 0, 0, .AHEAD. ) ;
#2914 = CC_DESIGN_DATE_AND_TIME_ASSIGNMENT ( #3608, #1378, ( #2030 ) ) ;
#2915 = CARTESIAN_POINT ( 'NONE',  ( 20.57053448693099200, 54.13747971373402400, 130.5065366124811400 ) ) ;
#2916 = CIRCLE ( 'NONE', #925, 2.500000000000002200 ) ;
#2917 = EDGE_CURVE ( 'NONE', #3864, #3962, #1386, .T. ) ;
#2918 = PERSON_AND_ORGANIZATION ( #1808, #1949 ) ;
#2919 = VECTOR ( 'NONE', #3968, 1000.000000000000000 ) ;
#2920 = AXIS2_PLACEMENT_3D ( 'NONE', #45, #1254, #1663 ) ;
#2921 = CARTESIAN_POINT ( 'NONE',  ( 39.52877728168844100, 37.47637985005140100, 101.6486651386038300 ) ) ;
#2922 = CARTESIAN_POINT ( 'NONE',  ( -49.10930008502348400, 2.830771076229107100E-015, -23.11499999999999800 ) ) ;
#2923 = EDGE_LOOP ( 'NONE', ( #565, #3585, #1764, #1957 ) ) ;
#2924 = MANIFOLD_SOLID_BREP ( 'Boss-Extrude2', #2766 ) ;
#2925 = FACE_OUTER_BOUND ( 'NONE', #461, .T. ) ;
#2926 = CIRCLE ( 'NONE', #356, 20.00000000000000000 ) ;
#2927 = DIRECTION ( 'NONE',  ( 0.0000000000000000000, 0.0000000000000000000, 1.000000000000000000 ) ) ;
#2928 = DIRECTION ( 'NONE',  ( 0.0000000000000000000, 0.0000000000000000000, 1.000000000000000000 ) ) ;
#2929 = EDGE_CURVE ( 'NONE', #3663, #3700, #1933, .T. ) ;
#2930 = ORIENTED_EDGE ( 'NONE', *, *, #450, .T. ) ;
#2931 = ORIENTED_EDGE ( 'NONE', *, *, #3800, .F. ) ;
#2932 = DIRECTION ( 'NONE',  ( -1.000000000000000000, -0.0000000000000000000, -0.0000000000000000000 ) ) ;
#2933 = CARTESIAN_POINT ( 'NONE',  ( 38.08307381615203000, 38.75869576087439600, 101.7619009324231000 ) ) ;
#2934 = CARTESIAN_POINT ( 'NONE',  ( 15.92035623596778700, 50.05165061504436600, 123.4296730225073000 ) ) ;
#2935 = AXIS2_PLACEMENT_3D ( 'NONE', #590, #921, #3670 ) ;
#2936 = ORIENTED_EDGE ( 'NONE', *, *, #2775, .T. ) ;
#2937 = ORIENTED_EDGE ( 'NONE', *, *, #2531, .T. ) ;
#2938 =( GEOMETRIC_REPRESENTATION_CONTEXT ( 3 ) GLOBAL_UNCERTAINTY_ASSIGNED_CONTEXT ( ( #766 ) ) GLOBAL_UNIT_ASSIGNED_CONTEXT ( ( #1287, #3500, #1590 ) ) REPRESENTATION_CONTEXT ( 'NONE', 'WORKASPACE' ) );
#2939 = CARTESIAN_POINT ( 'NONE',  ( 35.11836058040587700, 26.78500881346636900, 130.3906673006682700 ) ) ;
#2940 =( NAMED_UNIT ( * ) SI_UNIT ( $, .STERADIAN. ) SOLID_ANGLE_UNIT ( ) );
#2941 = DIRECTION ( 'NONE',  ( 0.9237280213470682200, 0.3830490080632377200, 0.0000000000000000000 ) ) ;
#2942 = CARTESIAN_POINT ( 'NONE',  ( 21.17599554063390200, 40.79819310859545600, 107.4022144756569000 ) ) ;
#2943 = DIRECTION ( 'NONE',  ( 0.0000000000000000000, 0.0000000000000000000, -1.000000000000000000 ) ) ;
#2944 = CARTESIAN_POINT ( 'NONE',  ( -18.40819268389988400, 0.0000000000000000000, 0.0000000000000000000 ) ) ;
#2945 = DIRECTION ( 'NONE',  ( -0.9237280213470682200, -0.3830490080632378300, 0.0000000000000000000 ) ) ;
#2946 = CARTESIAN_POINT ( 'NONE',  ( 42.83666350839995100, 38.55940908890442400, 103.5245268063853800 ) ) ;
#2947 = EDGE_LOOP ( 'NONE', ( #2505, #316, #6, #3915 ) ) ;
#2948 = ADVANCED_FACE ( 'NONE', ( #1185, #495 ), #2976, .T. ) ;
#2949 = EDGE_LOOP ( 'NONE', ( #2574, #2777, #1453, #2171, #2023, #2210 ) ) ;
#2950 = DESIGN_CONTEXT ( 'detailed design', #2663, 'design' ) ;
#2951 = PERSON_AND_ORGANIZATION_ROLE ( 'design_owner' ) ;
#2952 = FACE_OUTER_BOUND ( 'NONE', #1651, .T. ) ;
#2953 = CARTESIAN_POINT ( 'NONE',  ( 35.11836058040587700, 16.44154506996448700, 136.3624688773321900 ) ) ;
#2954 = CARTESIAN_POINT ( 'NONE',  ( 45.14849885654177100, 42.11137086591972400, -0.6199005835188022800 ) ) ;
#2955 = VECTOR ( 'NONE', #1911, 1000.000000000000000 ) ;
#2956 = CARTESIAN_POINT ( 'NONE',  ( -17.72930008502348500, 1.966782759430649000E-015, -16.05999999999999900 ) ) ;
#2957 = DIRECTION ( 'NONE',  ( 0.1621570828487895500, -0.4933824785300862100, -0.8545635203783741300 ) ) ;
#2958 = ORGANIZATION ( 'NAUO-ORG2', 'UNSPECIFIED', 'UNSPECIFIED' ) ;
#2959 = CARTESIAN_POINT ( 'NONE',  ( 43.26551912578815300, 38.08051891630949400, 102.6950646962000800 ) ) ;
#2960 = CARTESIAN_POINT ( 'NONE',  ( 16.22993473186412700, 46.21620972127705300, 116.7864945250736100 ) ) ;
#2961 = FACE_BOUND ( 'NONE', #777, .T. ) ;
#2962 = ORIENTED_EDGE ( 'NONE', *, *, #1215, .F. ) ;
#2963 = PERSON_AND_ORGANIZATION ( #1808, #1949 ) ;
#2964 = DATE_TIME_ROLE ( 'classification_date' ) ;
#2965 = CC_DESIGN_PERSON_AND_ORGANIZATION_ASSIGNMENT ( #449, #3628, ( #2087 ) ) ;
#2966 = DATE_AND_TIME ( #3753, #507 ) ;
#2967 = DIRECTION ( 'NONE',  ( -1.000000000000000000, -0.0000000000000000000, -0.0000000000000000000 ) ) ;
#2968 = DIRECTION ( 'NONE',  ( 0.9237280213470680000, 0.3830490080632380500, 0.0000000000000000000 ) ) ;
#2969 = ADVANCED_FACE ( 'NONE', ( #638 ), #1430, .T. ) ;
#2970 = FACE_OUTER_BOUND ( 'NONE', #3495, .T. ) ;
#2971 = CARTESIAN_POINT ( 'NONE',  ( 35.11836058040589100, 66.29918910489270400, 27.70009941648121600 ) ) ;
#2972 = CARTESIAN_POINT ( 'NONE',  ( 51.51716874790929500, 43.31390990657374100, 109.7234410609232400 ) ) ;
#2973 = ORIENTED_EDGE ( 'NONE', *, *, #40, .T. ) ;
#2974 = VECTOR ( 'NONE', #601, 999.9999999999998900 ) ;
#2975 = AXIS2_PLACEMENT_3D ( 'NONE', #2463, #2723, #2715 ) ;
#2976 = PLANE ( 'NONE',  #2166 ) ;
#2977 = ORIENTED_EDGE ( 'NONE', *, *, #3225, .T. ) ;
#2978 = APPROVAL_ROLE ( '' ) ;
#2979 = CARTESIAN_POINT ( 'NONE',  ( 20.74024533649685200, 41.90960359757776400, 107.2749518692943400 ) ) ;
#2980 = VERTEX_POINT ( 'NONE', #392 ) ;
#2981 = CARTESIAN_POINT ( 'NONE',  ( 58.15865425799412900, 3.321854442687194000E-015, 27.12499999999998600 ) ) ;
#2982 = AXIS2_PLACEMENT_3D ( 'NONE', #3518, #2874, #2828 ) ;
#2983 = DIRECTION ( 'NONE',  ( 0.0000000000000000000, 0.0000000000000000000, -1.000000000000000000 ) ) ;
#2984 = CC_DESIGN_APPROVAL ( #2770, ( #2558 ) ) ;
#2985 = ADVANCED_FACE ( 'NONE', ( #261 ), #3191, .F. ) ;
#2986 = APPROVAL_STATUS ( 'not_yet_approved' ) ;
#2987 = ORIENTED_EDGE ( 'NONE', *, *, #905, .T. ) ;
#2988 = EDGE_CURVE ( 'NONE', #2270, #959, #643, .T. ) ;
#2989 = CARTESIAN_POINT ( 'NONE',  ( 33.02513715631019400, 37.29037051607338100, 101.3264875214718600 ) ) ;
#2990 = AXIS2_PLACEMENT_3D ( 'NONE', #180, #2862, #3992 ) ;
#2991 = DIRECTION ( 'NONE',  ( 0.0000000000000000000, -0.8660254037844398200, 0.4999999999999980000 ) ) ;
#2992 = EDGE_LOOP ( 'NONE', ( #2470, #1329 ) ) ;
#2993 = ORIENTED_EDGE ( 'NONE', *, *, #4083, .T. ) ;
#2994 = DIRECTION ( 'NONE',  ( 0.0000000000000000000, 0.0000000000000000000, 1.000000000000000000 ) ) ;
#2995 = CARTESIAN_POINT ( 'NONE',  ( -40.35930008502347700, 0.0000000000000000000, 0.0000000000000000000 ) ) ;
#2996 = EDGE_LOOP ( 'NONE', ( #2977, #438 ) ) ;
#2997 = CARTESIAN_POINT ( 'NONE',  ( 54.66746752679242900, 49.45390217382077900, 122.3943423521629400 ) ) ;
#2998 = EDGE_CURVE ( 'NONE', #1612, #3313, #795, .T. ) ;
#2999 = APPLICATION_PROTOCOL_DEFINITION ( 'international standard', 'config_control_design', 1994, #1965 ) ;
#3000 = CIRCLE ( 'NONE', #534, 26.12499999999998600 ) ;
#3001 = DATE_AND_TIME ( #3799, #555 ) ;
#3002 = FACE_OUTER_BOUND ( 'NONE', #1625, .T. ) ;
#3003 = CARTESIAN_POINT ( 'NONE',  ( 37.72260333095743300, 19.72731161205762300, 116.1663771633915900 ) ) ;
#3004 = CARTESIAN_POINT ( 'NONE',  ( 28.46420712521919700, 39.24014642816360500, 102.6067890983469700 ) ) ;
#3005 = ADVANCED_FACE ( 'NONE', ( #8 ), #3949, .T. ) ;
#3006 = AXIS2_PLACEMENT_3D ( 'NONE', #267, #1281, #1209 ) ;
#3007 = ORIENTED_EDGE ( 'NONE', *, *, #2396, .T. ) ;
#3008 = CARTESIAN_POINT ( 'NONE',  ( 37.21143577829784700, 57.18996489101672900, 135.7935960288857300 ) ) ;
#3009 = DIRECTION ( 'NONE',  ( -0.1920538547740129100, -0.07964036693249357300, 0.9781476007338055800 ) ) ;
#3010 = DIRECTION ( 'NONE',  ( 0.0000000000000000000, 0.0000000000000000000, -1.000000000000000000 ) ) ;
#3011 = COORDINATED_UNIVERSAL_TIME_OFFSET ( 0, 0, .AHEAD. ) ;
#3012 = CARTESIAN_POINT ( 'NONE',  ( 43.51296300081450900, 56.34488142653597700, 134.3298685317687700 ) ) ;
#3013 = CIRCLE ( 'NONE', #2356, 16.05999999999999900 ) ;
#3014 = EDGE_LOOP ( 'NONE', ( #690, #1588, #2987, #3074 ) ) ;
#3015 = SECURITY_CLASSIFICATION_LEVEL ( 'unclassified' ) ;
#3016 = CIRCLE ( 'NONE', #3530, 16.05999999999999900 ) ;
#3017 = FACE_OUTER_BOUND ( 'NONE', #1597, .T. ) ;
#3018 = CARTESIAN_POINT ( 'NONE',  ( 33.12979832751498300, 38.70019644466660200, 101.6591501352955800 ) ) ;
#3019 = ORIENTED_EDGE ( 'NONE', *, *, #3126, .T. ) ;
#3020 = DIRECTION ( 'NONE',  ( 1.000000000000000000, 0.0000000000000000000, 0.0000000000000000000 ) ) ;
#3021 = ORIENTED_EDGE ( 'NONE', *, *, #3824, .F. ) ;
#3022 = DIRECTION ( 'NONE',  ( 0.0000000000000000000, 0.0000000000000000000, -1.000000000000000000 ) ) ;
#3023 = FACE_BOUND ( 'NONE', #1713, .T. ) ;
#3024 = CARTESIAN_POINT ( 'NONE',  ( 36.11623266440704300, 57.58732642333787100, 134.5162489923947400 ) ) ;
#3025 = EDGE_CURVE ( 'NONE', #3313, #1070, #1675, .T. ) ;
#3026 = ADVANCED_FACE ( 'NONE', ( #2234 ), #3954, .F. ) ;
#3027 = PLANE ( 'NONE',  #1512 ) ;
#3028 = VECTOR ( 'NONE', #326, 1000.000000000000000 ) ;
#3029 = DATE_TIME_ROLE ( 'creation_date' ) ;
#3030 = AXIS2_PLACEMENT_3D ( 'NONE', #1732, #3937, #2062 ) ;
#3031 = CARTESIAN_POINT ( 'NONE',  ( 10.06223800136668200, 55.90898476117737900, 8.404536424704442500 ) ) ;
#3032 = CARTESIAN_POINT ( 'NONE',  ( -53.30290323835134800, 0.0000000000000000000, 0.0000000000000000000 ) ) ;
#3033 = CARTESIAN_POINT ( 'NONE',  ( 18.71044369104656000, 52.90119519761932300, 126.3862042312001100 ) ) ;
#3034 = VERTEX_POINT ( 'NONE', #1540 ) ;
#3035 = ORIENTED_EDGE ( 'NONE', *, *, #1835, .T. ) ;
#3036 = CC_DESIGN_APPROVAL ( #2832, ( #2606 ) ) ;
#3037 = CARTESIAN_POINT ( 'NONE',  ( 16.35143402731292300, 46.62026216792706600, 115.4773604720977400 ) ) ;
#3038 = EDGE_LOOP ( 'NONE', ( #2768, #1221, #3088, #1742 ) ) ;
#3039 = APPROVAL_ROLE ( '' ) ;
#3040 = EDGE_CURVE ( 'NONE', #2724, #36, #2188, .T. ) ;
#3041 = FACE_OUTER_BOUND ( 'NONE', #2422, .T. ) ;
#3042 = CIRCLE ( 'NONE', #2523, 27.12499999999998600 ) ;
#3043 = DIRECTION ( 'NONE',  ( 0.9237280213470682200, 0.3830490080632377200, 0.0000000000000000000 ) ) ;
#3044 = CARTESIAN_POINT ( 'NONE',  ( 16.11612507523384600, 48.60430132165054600, 118.9255366603359400 ) ) ;
#3045 = ADVANCED_FACE ( 'NONE', ( #3900 ), #3792, .F. ) ;
#3046 = AXIS2_PLACEMENT_3D ( 'NONE', #1278, #1253, #1216 ) ;
#3047 = LINE ( 'NONE', #2438, #3902 ) ;
#3048 = DIRECTION ( 'NONE',  ( 1.000000000000000000, -0.0000000000000000000, -0.0000000000000000000 ) ) ;
#3049 = COORDINATED_UNIVERSAL_TIME_OFFSET ( 0, 0, .AHEAD. ) ;
#3050 = CARTESIAN_POINT ( 'NONE',  ( 41.71173888612204900, 39.21239912644203000, 102.5581760851382000 ) ) ;
#3051 = APPROVAL_STATUS ( 'not_yet_approved' ) ;
#3052 = ORIENTED_EDGE ( 'NONE', *, *, #251, .F. ) ;
#3053 = PERSON_AND_ORGANIZATION ( #1808, #1949 ) ;
#3054 = CARTESIAN_POINT ( 'NONE',  ( 17.07778575462443300, 45.11917033781392000, 112.8665665611789000 ) ) ;
#3055 = DIRECTION ( 'NONE',  ( 0.0000000000000000000, 0.0000000000000000000, 1.000000000000000000 ) ) ;
#3056 = AXIS2_PLACEMENT_3D ( 'NONE', #535, #2803, #2577 ) ;
#3057 = PERSON_AND_ORGANIZATION ( #1808, #1949 ) ;
#3058 = DIRECTION ( 'NONE',  ( 0.0000000000000000000, 0.0000000000000000000, 1.000000000000000000 ) ) ;
#3059 = DIRECTION ( 'NONE',  ( -1.000000000000000000, -0.0000000000000000000, -0.0000000000000000000 ) ) ;
#3060 = CARTESIAN_POINT ( 'NONE',  ( 17.76345604341966900, 43.37835005087465800, 111.8711773911817000 ) ) ;
#3061 = PRODUCT_DEFINITION ( 'UNKNOWN', '', #854, #3973 ) ;
#3062 = SHAPE_REPRESENTATION ( 'Part14^PL-24-60-WF', ( #3137 ), #3734 ) ;
#3063 = ORIENTED_EDGE ( 'NONE', *, *, #1299, .T. ) ;
#3064 = ADVANCED_FACE ( 'NONE', ( #1484 ), #3796, .T. ) ;
#3065 = CARTESIAN_POINT ( 'NONE',  ( 28.52018163183545600, 56.16773157391270400, 134.0230359864709700 ) ) ;
#3066 = ORIENTED_EDGE ( 'NONE', *, *, #3512, .T. ) ;
#3067 = CARTESIAN_POINT ( 'NONE',  ( 0.0000000000000000000, 38.10000000000000100, -44.00000000000000000 ) ) ;
#3068 = DIRECTION ( 'NONE',  ( -1.000000000000000000, -0.0000000000000000000, -0.0000000000000000000 ) ) ;
#3069 = ORIENTED_EDGE ( 'NONE', *, *, #3178, .T. ) ;
#3070 = CARTESIAN_POINT ( 'NONE',  ( -49.10930008502348400, 0.0000000000000000000, 0.0000000000000000000 ) ) ;
#3071 = CARTESIAN_POINT ( 'NONE',  ( 22.51835531423361700, 40.14303078118210500, 106.2674400373828500 ) ) ;
#3072 = CARTESIAN_POINT ( 'NONE',  ( 41.69260221791304800, 38.32803124258894200, 103.1237686208029200 ) ) ;
#3073 = CARTESIAN_POINT ( 'NONE',  ( 38.49933575780314500, 6.154520392612191400, 118.5448194774430800 ) ) ;
#3074 = ORIENTED_EDGE ( 'NONE', *, *, #2204, .F. ) ;
#3075 = VERTEX_POINT ( 'NONE', #1883 ) ;
#3076 = VERTEX_POINT ( 'NONE', #2080 ) ;
#3077 = EDGE_CURVE ( 'NONE', #1148, #1245, #1486, .T. ) ;
#3078 = AXIS2_PLACEMENT_3D ( 'NONE', #3541, #997, #882 ) ;
#3079 = ADVANCED_FACE ( 'NONE', ( #3892 ), #3836, .T. ) ;
#3080 = AXIS2_PLACEMENT_3D ( 'NONE', #1071, #3304, #1380 ) ;
#3081 = DIRECTION ( 'NONE',  ( 0.0000000000000000000, 0.0000000000000000000, -1.000000000000000000 ) ) ;
#3082 = EDGE_LOOP ( 'NONE', ( #2025, #3711, #1461, #3737, #465 ) ) ;
#3083 = DIRECTION ( 'NONE',  ( 0.1621570828487894400, -0.4933824785300860400, -0.8545635203783742400 ) ) ;
#3084 = DIRECTION ( 'NONE',  ( 0.9237280213470681100, 0.3830490080632377200, 0.0000000000000000000 ) ) ;
#3085 = VERTEX_POINT ( 'NONE', #2701 ) ;
#3086 = CC_DESIGN_SECURITY_CLASSIFICATION ( #2892, ( #4094 ) ) ;
#3087 = ORIENTED_EDGE ( 'NONE', *, *, #470, .F. ) ;
#3088 = ORIENTED_EDGE ( 'NONE', *, *, #2104, .T. ) ;
#3089 = EDGE_CURVE ( 'NONE', #3412, #673, #3840, .T. ) ;
#3090 = LINE ( 'NONE', #3073, #3095 ) ;
#3091 = FACE_OUTER_BOUND ( 'NONE', #1825, .T. ) ;
#3092 = CYLINDRICAL_SURFACE ( 'NONE', #3099, 18.99999999999999600 ) ;
#3093 = CARTESIAN_POINT ( 'NONE',  ( 58.15865425799412900, 1.966782759430647800E-015, 16.05999999999998800 ) ) ;
#3094 = APPROVAL_PERSON_ORGANIZATION ( #3898, #437, #204 ) ;
#3095 = VECTOR ( 'NONE', #1793, 1000.000000000000000 ) ;
#3096 = CARTESIAN_POINT ( 'NONE',  ( -41.35930008502347700, 2.089247439345385700E-015, -17.06000000000001300 ) ) ;
#3097 = CARTESIAN_POINT ( 'NONE',  ( 17.11581222579105300, 42.87202980845420800, 110.9942050064144500 ) ) ;
#3098 = PERSON_AND_ORGANIZATION ( #1808, #1949 ) ;
#3099 = AXIS2_PLACEMENT_3D ( 'NONE', #3651, #3567, #3643 ) ;
#3100 = DIRECTION ( 'NONE',  ( -1.000000000000000000, -0.0000000000000000000, -0.0000000000000000000 ) ) ;
#3101 = DIRECTION ( 'NONE',  ( 0.0000000000000000000, 0.0000000000000000000, -1.000000000000000000 ) ) ;
#3102 = FACE_OUTER_BOUND ( 'NONE', #2850, .T. ) ;
#3103 = EDGE_CURVE ( 'NONE', #1115, #1173, #4005, .T. ) ;
#3104 = CIRCLE ( 'NONE', #1168, 26.18499999999998800 ) ;
#3105 = DATE_AND_TIME ( #3909, #650 ) ;
#3106 = CARTESIAN_POINT ( 'NONE',  ( 42.05875879700077000, 37.83477189505894200, 102.2694183695854000 ) ) ;
#3107 = DIRECTION ( 'NONE',  ( 0.9237280213470681100, 0.3830490080632378300, 0.0000000000000000000 ) ) ;
#3108 = DIRECTION ( 'NONE',  ( -0.1621570828487894400, 0.4933824785300860400, 0.8545635203783742400 ) ) ;
#3109 = CIRCLE ( 'NONE', #1261, 20.84999999999999800 ) ;
#3110 = PERSON ( 'NAUO-PER2', 'UNSPECIFIED', 'UNSPECIFIED', ('UNSPECIFIED'), ('UNSPECIFIED'), ('UNSPECIFIED') ) ;
#3111 = SHAPE_REPRESENTATION_RELATIONSHIP ( 'NONE' , 'NONE' ,  #3062, #3938 ) ;
#3112 = AXIS2_PLACEMENT_3D ( 'NONE', #1589, #1214, #1105 ) ;
#3113 = DIRECTION ( 'NONE',  ( 0.2390784044194903500, 0.09914037849439545600, 0.9659258262890678700 ) ) ;
#3114 = CYLINDRICAL_SURFACE ( 'NONE', #2055, 26.18499999999998800 ) ;
#3115 = FACE_BOUND ( 'NONE', #2428, .T. ) ;
#3116 = PRODUCT_DEFINITION_FORMATION_WITH_SPECIFIED_SOURCE ( 'ANY', '', #2324, .NOT_KNOWN. ) ;
#3117 = DIRECTION ( 'NONE',  ( -1.000000000000000000, 0.0000000000000000000, 0.0000000000000000000 ) ) ;
#3118 = CARTESIAN_POINT ( 'NONE',  ( 37.10854652863144300, 56.70116715981308900, 134.9469735238166400 ) ) ;
#3119 = DIRECTION ( 'NONE',  ( 0.0000000000000000000, 0.0000000000000000000, -1.000000000000000000 ) ) ;
#3120 = EDGE_CURVE ( 'NONE', #2390, #4040, #3740, .T. ) ;
#3121 = CARTESIAN_POINT ( 'NONE',  ( 29.11542384602298800, 56.27228220092489200, 134.2041229844199100 ) ) ;
#3122 = ORIENTED_EDGE ( 'NONE', *, *, #217, .F. ) ;
#3123 = DIRECTION ( 'NONE',  ( -1.000000000000000000, 0.0000000000000000000, 0.0000000000000000000 ) ) ;
#3124 = DIRECTION ( 'NONE',  ( -1.000000000000000000, -0.0000000000000000000, -0.0000000000000000000 ) ) ;
#3125 = CARTESIAN_POINT ( 'NONE',  ( -53.30290323835134800, 0.0000000000000000000, 0.0000000000000000000 ) ) ;
#3126 = EDGE_CURVE ( 'NONE', #3323, #2006, #3743, .T. ) ;
#3127 = CARTESIAN_POINT ( 'NONE',  ( 50.33314715014823500, 53.79795825266442200, 127.9424223379171400 ) ) ;
#3128 = CARTESIAN_POINT ( 'NONE',  ( 35.11836058040587700, 16.44154506996448700, 136.3624688773321900 ) ) ;
#3129 = ORIENTED_EDGE ( 'NONE', *, *, #309, .F. ) ;
#3130 = CARTESIAN_POINT ( 'NONE',  ( 17.34059191287583300, 51.51218605356027100, 123.9753146674676000 ) ) ;
#3131 = EDGE_CURVE ( 'NONE', #679, #2006, #3594, .T. ) ;
#3132 = ORIENTED_EDGE ( 'NONE', *, *, #3302, .F. ) ;
#3133 = AXIS2_PLACEMENT_3D ( 'NONE', #1028, #3568, #3605 ) ;
#3134 = ORIENTED_EDGE ( 'NONE', *, *, #123, .T. ) ;
#3135 = DIRECTION ( 'NONE',  ( 0.0000000000000000000, 0.0000000000000000000, 1.000000000000000000 ) ) ;
#3136 = VERTEX_POINT ( 'NONE', #819 ) ;
#3137 = AXIS2_PLACEMENT_3D ( 'NONE', #1927, #39, #2246 ) ;
#3138 = FACE_BOUND ( 'NONE', #2763, .T. ) ;
#3139 = CARTESIAN_POINT ( 'NONE',  ( 53.85335008243951900, 46.42126556624439400, 115.1315036150699900 ) ) ;
#3140 = CARTESIAN_POINT ( 'NONE',  ( 10.98596602271375000, 56.29203376924061100, 38.58009941648120400 ) ) ;
#3141 = CYLINDRICAL_SURFACE ( 'NONE', #429, 18.99999999999999600 ) ;
#3142 = FACE_OUTER_BOUND ( 'NONE', #2667, .T. ) ;
#3143 = VECTOR ( 'NONE', #575, 1000.000000000000000 ) ;
#3144 = CIRCLE ( 'NONE', #2901, 16.05999999999999900 ) ;
#3145 = CARTESIAN_POINT ( 'NONE',  ( 0.0000000000000000000, 38.10000000000000100, -44.00000000000000000 ) ) ;
#3146 = CARTESIAN_POINT ( 'NONE',  ( 37.72260333095743300, 8.517822464771304800, 122.6381787400555100 ) ) ;
#3147 = VECTOR ( 'NONE', #3822, 1000.000000000000100 ) ;
#3148 = DIRECTION ( 'NONE',  ( -0.0000000000000000000, 0.0000000000000000000, -1.000000000000000000 ) ) ;
#3149 = CARTESIAN_POINT ( 'NONE',  ( -54.60819268389989400, 3.413702952623245400E-015, 27.87499999999998600 ) ) ;
#3150 = EDGE_LOOP ( 'NONE', ( #1971, #276 ) ) ;
#3151 = DIRECTION ( 'NONE',  ( 1.000000000000000000, 0.0000000000000000000, 0.0000000000000000000 ) ) ;
#3152 = COORDINATED_UNIVERSAL_TIME_OFFSET ( 0, 0, .AHEAD. ) ;
#3153 = FACE_OUTER_BOUND ( 'NONE', #2126, .T. ) ;
#3154 = TOROIDAL_SURFACE ( 'NONE', #202, 21.49999999999999600, 2.500000000000000000 ) ;
#3155 = PERSON_AND_ORGANIZATION ( #1808, #1949 ) ;
#3156 = CARTESIAN_POINT ( 'NONE',  ( 44.35562418982896600, 39.81554279340367200, 103.6152432008906300 ) ) ;
#3157 = CARTESIAN_POINT ( 'NONE',  ( 1.966782759430649000E-015, 22.04000000000000300, 0.0000000000000000000 ) ) ;
#3158 = EDGE_CURVE ( 'NONE', #3464, #3538, #3701, .T. ) ;
#3159 = CARTESIAN_POINT ( 'NONE',  ( -17.72930008502348500, 0.0000000000000000000, 16.05999999999999900 ) ) ;
#3160 = AXIS2_PLACEMENT_3D ( 'NONE', #547, #2138, #249 ) ;
#3161 = ORIENTED_EDGE ( 'NONE', *, *, #2786, .F. ) ;
#3162 = DIRECTION ( 'NONE',  ( 1.000000000000000000, 0.0000000000000000000, 0.0000000000000000000 ) ) ;
#3163 = MANIFOLD_SOLID_BREP ( 'Chamfer1', #1360 ) ;
#3164 = EDGE_CURVE ( 'NONE', #793, #410, #3706, .T. ) ;
#3165 = SECURITY_CLASSIFICATION ( '', '', #1739 ) ;
#3166 = CARTESIAN_POINT ( 'NONE',  ( -17.90819268389989100, 26.18499999999998800, 0.0000000000000000000 ) ) ;
#3167 = CARTESIAN_POINT ( 'NONE',  ( 43.10386980335872700, 55.89629258298399600, 133.5528898630283300 ) ) ;
#3168 = CARTESIAN_POINT ( 'NONE',  ( 39.92054404392143900, 38.94907723416088200, 102.0961441085061100 ) ) ;
#3169 = VERTEX_POINT ( 'NONE', #491 ) ;
#3170 = CARTESIAN_POINT ( 'NONE',  ( 15.09113273768213200, 47.63358215482137600, 119.2414555932212500 ) ) ;
#3171 = DIRECTION ( 'NONE',  ( -0.0000000000000000000, -0.0000000000000000000, 1.000000000000000000 ) ) ;
#3172 = EDGE_LOOP ( 'NONE', ( #1030, #2563 ) ) ;
#3173 = DIRECTION ( 'NONE',  ( -1.000000000000000000, -0.0000000000000000000, -0.0000000000000000000 ) ) ;
#3174 = AXIS2_PLACEMENT_3D ( 'NONE', #431, #365, #351 ) ;
#3175 = ORIENTED_EDGE ( 'NONE', *, *, #1505, .F. ) ;
#3176 = DIRECTION ( 'NONE',  ( 0.0000000000000000000, 0.0000000000000000000, -1.000000000000000000 ) ) ;
#3177 = CARTESIAN_POINT ( 'NONE',  ( 35.11836058040589100, 66.29918910489270400, 36.08009941648120400 ) ) ;
#3178 = EDGE_CURVE ( 'NONE', #1661, #972, #3646, .T. ) ;
#3179 = CARTESIAN_POINT ( 'NONE',  ( 35.11836058040589100, 66.29918910489270400, 41.08009941648124700 ) ) ;
#3180 = ORIENTED_EDGE ( 'NONE', *, *, #1470, .F. ) ;
#3181 = ORIENTED_EDGE ( 'NONE', *, *, #2489, .F. ) ;
#3182 = CARTESIAN_POINT ( 'NONE',  ( 46.57129553231551700, 39.67447174546724400, 105.4558719811738400 ) ) ;
#3183 = CARTESIAN_POINT ( 'NONE',  ( 16.22693441466054800, 47.08471257001990300, 116.2847834552964300 ) ) ;
#3184 = AXIS2_PLACEMENT_3D ( 'NONE', #2939, #2887, #2855 ) ;
#3185 = ORIENTED_EDGE ( 'NONE', *, *, #248, .F. ) ;
#3186 = ORIENTED_EDGE ( 'NONE', *, *, #1698, .F. ) ;
#3187 = VERTEX_POINT ( 'NONE', #2425 ) ;
#3188 = CARTESIAN_POINT ( 'NONE',  ( -53.30290323835134800, 0.0000000000000000000, 0.0000000000000000000 ) ) ;
#3189 = CARTESIAN_POINT ( 'NONE',  ( 31.73738540300862000, 47.14390893683168600, 142.3933167005574500 ) ) ;
#3190 = DIRECTION ( 'NONE',  ( -0.0000000000000000000, -0.8660254037844397100, 0.4999999999999980600 ) ) ;
#3191 = TOROIDAL_SURFACE ( 'NONE', #2600, 38.10000000000000100, 16.05999999999999900 ) ;
#3192 = CC_DESIGN_PERSON_AND_ORGANIZATION_ASSIGNMENT ( #2757, #412, ( #2558 ) ) ;
#3193 = CALENDAR_DATE ( 2014, 15, 12 ) ;
#3194 = EDGE_CURVE ( 'NONE', #977, #1573, #3387, .T. ) ;
#3195 = DIRECTION ( 'NONE',  ( 1.000000000000000000, -0.0000000000000000000, -0.0000000000000000000 ) ) ;
#3196 = DIRECTION ( 'NONE',  ( 1.000000000000000000, 0.0000000000000000000, 0.0000000000000000000 ) ) ;
#3197 = FACE_OUTER_BOUND ( 'NONE', #1685, .T. ) ;
#3198 = DIRECTION ( 'NONE',  ( 0.0000000000000000000, 0.0000000000000000000, -1.000000000000000000 ) ) ;
#3199 = VECTOR ( 'NONE', #459, 1000.000000000000000 ) ;
#3200 = PERSON_AND_ORGANIZATION ( #1808, #1949 ) ;
#3201 = PLANE ( 'NONE',  #3078 ) ;
#3202 = LINE ( 'NONE', #3527, #3923 ) ;
#3203 = CIRCLE ( 'NONE', #3771, 23.62500000000000000 ) ;
#3204 = PERSON_AND_ORGANIZATION ( #1808, #1949 ) ;
#3205 = EDGE_LOOP ( 'NONE', ( #1669, #3344, #419, #238 ) ) ;
#3206 = CARTESIAN_POINT ( 'NONE',  ( 2.326828918379971000E-015, 9.549999999999963400, 16.54108521228280200 ) ) ;
#3207 = VERTEX_POINT ( 'NONE', #3972 ) ;
#3208 = CIRCLE ( 'NONE', #1025, 19.44999999999998900 ) ;
#3209 = CIRCLE ( 'NONE', #2361, 18.99999999999999600 ) ;
#3210 = CARTESIAN_POINT ( 'NONE',  ( 35.11836058040587700, 20.55331193413695300, 133.9885391714572600 ) ) ;
#3211 = CARTESIAN_POINT ( 'NONE',  ( 37.10678201840323700, 57.54395787885783200, 134.4410290839698800 ) ) ;
#3212 = FACE_OUTER_BOUND ( 'NONE', #1815, .T. ) ;
#3213 = AXIS2_PLACEMENT_3D ( 'NONE', #1818, #4021, #2132 ) ;
#3214 = ORIENTED_EDGE ( 'NONE', *, *, #470, .T. ) ;
#3215 = CIRCLE ( 'NONE', #284, 26.12499999999998200 ) ;
#3216 =( NAMED_UNIT ( * ) PLANE_ANGLE_UNIT ( ) SI_UNIT ( $, .RADIAN. ) );
#3217 = CARTESIAN_POINT ( 'NONE',  ( 16.72615375802081800, 45.71059445631249900, 113.8954703877503200 ) ) ;
#3218 = DIRECTION ( 'NONE',  ( -1.000000000000000000, -0.0000000000000000000, -0.0000000000000000000 ) ) ;
#3219 = CARTESIAN_POINT ( 'NONE',  ( 10.93054234143291800, 56.26905082875681800, 1.880099416481206800 ) ) ;
#3220 = ORIENTED_EDGE ( 'NONE', *, *, #1, .F. ) ;
#3221 = CARTESIAN_POINT ( 'NONE',  ( 47.19826250451932000, 39.26134915872732700, 104.7403226711816400 ) ) ;
#3222 = EDGE_LOOP ( 'NONE', ( #1862, #252, #1230, #403 ) ) ;
#3223 = DIRECTION ( 'NONE',  ( -0.0000000000000000000, -0.0000000000000000000, 1.000000000000000000 ) ) ;
#3224 = CARTESIAN_POINT ( 'NONE',  ( 35.11836058040587700, 62.60321336984063800, 109.7110172581566300 ) ) ;
#3225 = EDGE_CURVE ( 'NONE', #624, #153, #3285, .T. ) ;
#3226 = CARTESIAN_POINT ( 'NONE',  ( 26.61426481234511200, 38.76111983748762700, 103.8739000713478000 ) ) ;
#3227 = ORIENTED_EDGE ( 'NONE', *, *, #1508, .T. ) ;
#3228 = ORIENTED_EDGE ( 'NONE', *, *, #3801, .T. ) ;
#3229 = CARTESIAN_POINT ( 'NONE',  ( 35.11836058040589100, 57.59607955726598800, 134.5314306724456800 ) ) ;
#3230 = CARTESIAN_POINT ( 'NONE',  ( 31.37009961035610300, 31.47784792535988900, 154.0189030742143900 ) ) ;
#3231 = DIRECTION ( 'NONE',  ( -0.0000000000000000000, -0.0000000000000000000, -1.000000000000000000 ) ) ;
#3232 = CARTESIAN_POINT ( 'NONE',  ( 42.12815742796314600, 49.39496631424135800, -0.6199005835187988400 ) ) ;
#3233 = UNCERTAINTY_MEASURE_WITH_UNIT (LENGTH_MEASURE( 1.000000000000000100E-005 ), #989, 'distance_accuracy_value', 'NONE');
#3234 = CARTESIAN_POINT ( 'NONE',  ( 46.09236330692289800, 40.37428858679595600, 104.5929487097958200 ) ) ;
#3235 = FACE_OUTER_BOUND ( 'NONE', #2162, .T. ) ;
#3236 = AXIS2_PLACEMENT_3D ( 'NONE', #474, #2719, #801 ) ;
#3237 = VECTOR ( 'NONE', #1131, 1000.000000000000000 ) ;
#3238 = LINE ( 'NONE', #494, #3143 ) ;
#3239 = ORIENTED_EDGE ( 'NONE', *, *, #3330, .T. ) ;
#3240 = CARTESIAN_POINT ( 'NONE',  ( 0.0000000000000000000, 0.0000000000000000000, 0.0000000000000000000 ) ) ;
#3241 = PERSON_AND_ORGANIZATION ( #538, #4057 ) ;
#3242 = CC_DESIGN_PERSON_AND_ORGANIZATION_ASSIGNMENT ( #1150, #2694, ( #2606 ) ) ;
#3243 = DIRECTION ( 'NONE',  ( 0.0000000000000000000, 0.0000000000000000000, 1.000000000000000000 ) ) ;
#3244 = LINE ( 'NONE', #3756, #3147 ) ;
#3245 = ORIENTED_EDGE ( 'NONE', *, *, #1521, .T. ) ;
#3246 = EDGE_CURVE ( 'NONE', #3169, #2724, #3513, .T. ) ;
#3247 = DATE_AND_TIME ( #4064, #807 ) ;
#3248 = DIRECTION ( 'NONE',  ( 0.0000000000000000000, 0.0000000000000000000, -1.000000000000000000 ) ) ;
#3249 = VERTEX_POINT ( 'NONE', #2103 ) ;
#3250 = CARTESIAN_POINT ( 'NONE',  ( 46.06939382195447800, 39.49152694350821900, 105.1390022892024800 ) ) ;
#3251 = CARTESIAN_POINT ( 'NONE',  ( 0.0000000000000000000, 28.54999999999988700, 49.45005055609151900 ) ) ;
#3252 = CYLINDRICAL_SURFACE ( 'NONE', #3174, 23.62499999999999300 ) ;
#3253 = CALENDAR_DATE ( 2014, 15, 12 ) ;
#3254 = EDGE_LOOP ( 'NONE', ( #3981, #3627 ) ) ;
#3255 = AXIS2_PLACEMENT_3D ( 'NONE', #723, #762, #537 ) ;
#3256 = CARTESIAN_POINT ( 'NONE',  ( 35.11836058040589100, 28.19918910489271700, 85.58009941648120400 ) ) ;
#3257 = VECTOR ( 'NONE', #335, 1000.000000000000000 ) ;
#3258 = DIRECTION ( 'NONE',  ( 0.0000000000000000000, 0.0000000000000000000, -1.000000000000000000 ) ) ;
#3259 = DIRECTION ( 'NONE',  ( 1.000000000000000000, -0.0000000000000000000, -0.0000000000000000000 ) ) ;
#3260 = ORIENTED_EDGE ( 'NONE', *, *, #625, .F. ) ;
#3261 = APPLICATION_PROTOCOL_DEFINITION ( 'international standard', 'config_control_design', 1994, #1034 ) ;
#3262 = EDGE_CURVE ( 'NONE', #1429, #3323, #3090, .T. ) ;
#3263 = VECTOR ( 'NONE', #466, 1000.000000000000000 ) ;
#3264 = ORIENTED_EDGE ( 'NONE', *, *, #3563, .T. ) ;
#3265 = DIRECTION ( 'NONE',  ( 0.9237280213470682200, 0.3830490080632377700, 0.0000000000000000000 ) ) ;
#3266 = ORIENTED_EDGE ( 'NONE', *, *, #1652, .T. ) ;
#3267 = APPROVAL ( #1342, 'UNSPECIFIED' ) ;
#3268 = ADVANCED_FACE ( 'NONE', ( #3425, #3138 ), #3998, .F. ) ;
#3269 = DIRECTION ( 'NONE',  ( 0.0000000000000000000, 0.0000000000000000000, 1.000000000000000000 ) ) ;
#3270 = ORIENTED_EDGE ( 'NONE', *, *, #2559, .T. ) ;
#3271 = PRODUCT_DEFINITION_SHAPE ( 'NONE', 'NONE',  #1035 ) ;
#3272 = APPROVAL_ROLE ( '' ) ;
#3273 = CARTESIAN_POINT ( 'NONE',  ( 35.11836058040589100, 66.29918910489270400, 1.880099416481206800 ) ) ;
#3274 = CARTESIAN_POINT ( 'NONE',  ( 2.326828918379971000E-015, 19.10000000000000500, 0.0000000000000000000 ) ) ;
#3275 = CARTESIAN_POINT ( 'NONE',  ( 22.92690318380071800, 55.39089226722634200, 130.7062372128360200 ) ) ;
#3276 = DIRECTION ( 'NONE',  ( 0.0000000000000000000, 0.0000000000000000000, 1.000000000000000000 ) ) ;
#3277 = AXIS2_PLACEMENT_3D ( 'NONE', #2898, #2967, #2902 ) ;
#3278 = DIRECTION ( 'NONE',  ( 0.0000000000000000000, 0.0000000000000000000, 1.000000000000000000 ) ) ;
#3279 = DIRECTION ( 'NONE',  ( 1.000000000000000000, 0.0000000000000000000, -0.0000000000000000000 ) ) ;
#3280 = ORIENTED_EDGE ( 'NONE', *, *, #2661, .T. ) ;
#3281 = PERSON_AND_ORGANIZATION_ROLE ( 'design_supplier' ) ;
#3282 = VERTEX_POINT ( 'NONE', #860 ) ;
#3283 = CARTESIAN_POINT ( 'NONE',  ( 0.0000000000000000000, 19.04999999999992600, 32.99556788418716000 ) ) ;
#3284 = EDGE_CURVE ( 'NONE', #1332, #924, #3475, .T. ) ;
#3285 = CIRCLE ( 'NONE', #1029, 25.62500000000004300 ) ;
#3286 = ADVANCED_FACE ( 'NONE', ( #3235 ), #2029, .F. ) ;
#3287 = FACE_OUTER_BOUND ( 'NONE', #1315, .T. ) ;
#3288 = AXIS2_PLACEMENT_3D ( 'NONE', #1934, #2507, #2586 ) ;
#3289 = LOCAL_TIME ( 13, 17, 30.00000000000000000, #11 ) ;
#3290 = CARTESIAN_POINT ( 'NONE',  ( 20.57053448688866100, 54.13747971375077800, 130.5065366125101900 ) ) ;
#3291 = AXIS2_PLACEMENT_3D ( 'NONE', #1687, #3887, #127 ) ;
#3292 = CIRCLE ( 'NONE', #923, 27.87499999999999300 ) ;
#3293 = ORIENTED_EDGE ( 'NONE', *, *, #915, .F. ) ;
#3294 = FACE_OUTER_BOUND ( 'NONE', #2010, .T. ) ;
#3295 = COORDINATED_UNIVERSAL_TIME_OFFSET ( 0, 0, .AHEAD. ) ;
#3296 = EDGE_CURVE ( 'NONE', #924, #1332, #2034, .T. ) ;
#3297 = CARTESIAN_POINT ( 'NONE',  ( 53.67622636229661000, 43.50898807155383700, 112.0974490804038500 ) ) ;
#3298 = PERSON_AND_ORGANIZATION_ROLE ( 'creator' ) ;
#3299 = APPROVAL ( #3051, 'UNKNOWN' ) ;
#3300 = PERSON_AND_ORGANIZATION ( #1808, #1949 ) ;
#3301 = CARTESIAN_POINT ( 'NONE',  ( 58.15865425799412900, 2.381938024341600300E-015, 19.44999999999998500 ) ) ;
#3302 = EDGE_CURVE ( 'NONE', #1373, #3207, #3042, .T. ) ;
#3303 = CIRCLE ( 'NONE', #1074, 1.000000000000006900 ) ;
#3304 = DIRECTION ( 'NONE',  ( 0.0000000000000000000, 0.0000000000000000000, 1.000000000000000000 ) ) ;
#3305 = PLANE ( 'NONE',  #4035 ) ;
#3306 = CARTESIAN_POINT ( 'NONE',  ( 34.37833377657342000, 38.63506602850685600, 101.5447517867699500 ) ) ;
#3307 = FACE_OUTER_BOUND ( 'NONE', #2109, .T. ) ;
#3308 = CARTESIAN_POINT ( 'NONE',  ( 53.89094102802045700, 50.70850038850077400, 124.5673702030739100 ) ) ;
#3309 = LINE ( 'NONE', #3, #2974 ) ;
#3310 = AXIS2_PLACEMENT_3D ( 'NONE', #74, #3855, #3829 ) ;
#3311 = ADVANCED_FACE ( 'NONE', ( #2081, #3142 ), #2125, .T. ) ;
#3312 = CARTESIAN_POINT ( 'NONE',  ( -54.60819268389989400, 27.87499999999998600, 0.0000000000000000000 ) ) ;
#3313 = VERTEX_POINT ( 'NONE', #1498 ) ;
#3314 = PERSON_AND_ORGANIZATION_ROLE ( 'design_owner' ) ;
#3315 = EDGE_CURVE ( 'NONE', #782, #977, #1182, .T. ) ;
#3316 = EDGE_LOOP ( 'NONE', ( #297, #2435 ) ) ;
#3317 = DIRECTION ( 'NONE',  ( 0.0000000000000000000, -0.0000000000000000000, 1.000000000000000000 ) ) ;
#3318 = CARTESIAN_POINT ( 'NONE',  ( 27.34981232893325000, 39.46702388794732000, 103.0045268195962100 ) ) ;
#3319 = AXIS2_PLACEMENT_3D ( 'NONE', #371, #2875, #1065 ) ;
#3320 = DIRECTION ( 'NONE',  ( 0.0000000000000000000, 0.0000000000000000000, 1.000000000000000000 ) ) ;
#3321 = CARTESIAN_POINT ( 'NONE',  ( -18.40819268389988400, 2.893228062985621000E-015, 23.62499999999999300 ) ) ;
#3322 = CARTESIAN_POINT ( 'NONE',  ( 40.44311430850591900, 56.88943349808385400, 135.2730603870565700 ) ) ;
#3323 = VERTEX_POINT ( 'NONE', #2480 ) ;
#3324 = AXIS2_PLACEMENT_3D ( 'NONE', #1895, #3616, #364 ) ;
#3325 = APPROVAL ( #3582, 'UNSPECIFIED' ) ;
#3326 = CARTESIAN_POINT ( 'NONE',  ( 16.26696305450234100, 46.06005757757405000, 116.5160310784651500 ) ) ;
#3327 = DIRECTION ( 'NONE',  ( 0.9237280213470682200, 0.3830490080632376600, 0.0000000000000000000 ) ) ;
#3328 = DATE_TIME_ROLE ( 'classification_date' ) ;
#3329 = ORIENTED_EDGE ( 'NONE', *, *, #1488, .F. ) ;
#3330 = EDGE_CURVE ( 'NONE', #689, #2838, #2397, .T. ) ;
#3331 = DIRECTION ( 'NONE',  ( 0.0000000000000000000, 0.0000000000000000000, -1.000000000000000000 ) ) ;
#3332 = ADVANCED_FACE ( 'NONE', ( #2859, #2391 ), #2864, .T. ) ;
#3333 = ORIENTED_EDGE ( 'NONE', *, *, #2917, .T. ) ;
#3334 = DIRECTION ( 'NONE',  ( 0.9237280213470682200, 0.3830490080632377700, 0.0000000000000000000 ) ) ;
#3335 = CARTESIAN_POINT ( 'NONE',  ( -46.22819268389991300, 0.0000000000000000000, 0.0000000000000000000 ) ) ;
#3336 = CARTESIAN_POINT ( 'NONE',  ( 19.32081251161956500, 53.38552611410420900, 129.2041147729880200 ) ) ;
#3337 = EDGE_CURVE ( 'NONE', #3169, #2310, #2285, .T. ) ;
#3338 = CARTESIAN_POINT ( 'NONE',  ( 16.63434142050476100, 49.45950315434666300, 122.4040435350057700 ) ) ;
#3339 = APPROVAL_ROLE ( '' ) ;
#3340 = EDGE_CURVE ( 'NONE', #737, #1931, #2284, .T. ) ;
#3341 = LOCAL_TIME ( 13, 17, 30.00000000000000000, #65 ) ;
#3342 = AXIS2_PLACEMENT_3D ( 'NONE', #145, #1444, #1948 ) ;
#3343 = DIRECTION ( 'NONE',  ( -1.000000000000000000, 0.0000000000000000000, 0.0000000000000000000 ) ) ;
#3344 = ORIENTED_EDGE ( 'NONE', *, *, #3296, .F. ) ;
#3345 = PERSON_AND_ORGANIZATION ( #1808, #1949 ) ;
#3346 =( GEOMETRIC_REPRESENTATION_CONTEXT ( 3 ) GLOBAL_UNCERTAINTY_ASSIGNED_CONTEXT ( ( #3804 ) ) GLOBAL_UNIT_ASSIGNED_CONTEXT ( ( #346, #2581, #664 ) ) REPRESENTATION_CONTEXT ( 'NONE', 'WORKASPACE' ) );
#3347 = CARTESIAN_POINT ( 'NONE',  ( 35.11836058040589100, 66.29918910489270400, 1.880099416481206800 ) ) ;
#3348 = ADVANCED_FACE ( 'NONE', ( #2952 ), #2802, .T. ) ;
#3349 = DATE_AND_TIME ( #79, #916 ) ;
#3350 = CARTESIAN_POINT ( 'NONE',  ( 34.57385702648412000, 57.26250790213626400, 135.9192442098788000 ) ) ;
#3351 = DIRECTION ( 'NONE',  ( 0.0000000000000000000, 0.0000000000000000000, -1.000000000000000000 ) ) ;
#3352 = PERSON_AND_ORGANIZATION_ROLE ( 'classification_officer' ) ;
#3353 = DIRECTION ( 'NONE',  ( 1.000000000000000000, -0.0000000000000000000, -0.0000000000000000000 ) ) ;
#3354 = CYLINDRICAL_SURFACE ( 'NONE', #2194, 23.71000000000000100 ) ;
#3355 = VECTOR ( 'NONE', #3173, 1000.000000000000000 ) ;
#3356 = VERTEX_POINT ( 'NONE', #2881 ) ;
#3357 = ORIENTED_EDGE ( 'NONE', *, *, #3340, .T. ) ;
#3358 = CARTESIAN_POINT ( 'NONE',  ( -22.77439587576796100, 0.0000000000000000000, 0.0000000000000000000 ) ) ;
#3359 = CARTESIAN_POINT ( 'NONE',  ( 51.50107188456832600, 42.43668948601205700, 110.2401734493667200 ) ) ;
#3360 = CARTESIAN_POINT ( 'NONE',  ( 46.66994239786500000, 39.06770024164303100, 104.4049129079609600 ) ) ;
#3361 = CARTESIAN_POINT ( 'NONE',  ( 22.17900920167483000, 55.08321101589168500, 130.1724559347759400 ) ) ;
#3362 = VERTEX_POINT ( 'NONE', #1910 ) ;
#3363 = ORIENTED_EDGE ( 'NONE', *, *, #4015, .F. ) ;
#3364 = DATE_TIME_ROLE ( 'classification_date' ) ;
#3365 = DIRECTION ( 'NONE',  ( 0.0000000000000000000, 0.0000000000000000000, 1.000000000000000000 ) ) ;
#3366 = CARTESIAN_POINT ( 'NONE',  ( 55.69240993511054000, 48.93967669359129500, 121.5036776938589800 ) ) ;
#3367 = DIRECTION ( 'NONE',  ( 0.1621570828487896300, -0.4933824785300860400, -0.8545635203783741300 ) ) ;
#3368 = DIRECTION ( 'NONE',  ( 0.0000000000000000000, 0.0000000000000000000, -1.000000000000000000 ) ) ;
#3369 = ADVANCED_FACE ( 'NONE', ( #2747 ), #2594, .T. ) ;
#3370 = AXIS2_PLACEMENT_3D ( 'NONE', #957, #3176, #1267 ) ;
#3371 = CARTESIAN_POINT ( 'NONE',  ( 56.61836058040588400, 66.29918910489271900, 44.08009941648121100 ) ) ;
#3372 = DIRECTION ( 'NONE',  ( 0.1621570828487896000, -0.4933824785300860400, -0.8545635203783742400 ) ) ;
#3373 = CARTESIAN_POINT ( 'NONE',  ( 16.34379482555007700, 43.77908992442640800, 112.5652792127976300 ) ) ;
#3374 = CARTESIAN_POINT ( 'NONE',  ( 45.04649039213251900, 40.03202244619173900, 103.9940922921585000 ) ) ;
#3375 = EDGE_CURVE ( 'NONE', #1930, #3538, #699, .T. ) ;
#3376 = VERTEX_POINT ( 'NONE', #970 ) ;
#3377 = CC_DESIGN_PERSON_AND_ORGANIZATION_ASSIGNMENT ( #3710, #3944, ( #3165 ) ) ;
#3378 = CARTESIAN_POINT ( 'NONE',  ( 16.78938691106736800, 49.76224740769399100, 122.9284119635032500 ) ) ;
#3379 = EDGE_LOOP ( 'NONE', ( #1421, #1928, #1710, #3087 ) ) ;
#3380 = DIRECTION ( 'NONE',  ( 0.0000000000000000000, 0.0000000000000000000, -1.000000000000000000 ) ) ;
#3381 = EDGE_LOOP ( 'NONE', ( #2220, #205 ) ) ;
#3382 = EDGE_CURVE ( 'NONE', #2020, #3869, #544, .T. ) ;
#3383 = PLANE ( 'NONE',  #3504 ) ;
#3384 = CARTESIAN_POINT ( 'NONE',  ( -20.40819268389990200, 0.0000000000000000000, -26.18499999999998800 ) ) ;
#3385 = ORIENTED_EDGE ( 'NONE', *, *, #1189, .F. ) ;
#3386 = DIRECTION ( 'NONE',  ( -0.09077053687842000200, 0.0000000000000000000, -0.9958718339398917600 ) ) ;
#3387 = CIRCLE ( 'NONE', #815, 19.10000000000000500 ) ;
#3388 = AXIS2_PLACEMENT_3D ( 'NONE', #603, #1361, #543 ) ;
#3389 = CIRCLE ( 'NONE', #1899, 16.05999999999999900 ) ;
#3390 = DIRECTION ( 'NONE',  ( -1.000000000000000000, -0.0000000000000000000, -0.0000000000000000000 ) ) ;
#3391 = CONTEXT_DEPENDENT_SHAPE_REPRESENTATION ( #2731, #3759 ) ;
#3392 = ADVANCED_FACE ( 'NONE', ( #2854 ), #1234, .T. ) ;
#3393 = CARTESIAN_POINT ( 'NONE',  ( 53.89606871742861200, 50.70156877290073500, 124.5553642926760900 ) ) ;
#3394 = CARTESIAN_POINT ( 'NONE',  ( 18.70140236433793400, 52.04680155917544900, 126.8853758265099400 ) ) ;
#3395 = DATE_AND_TIME ( #118, #961 ) ;
#3396 = VERTEX_POINT ( 'NONE', #2906 ) ;
#3397 = AXIS2_PLACEMENT_3D ( 'NONE', #3188, #3733, #3135 ) ;
#3398 = DIRECTION ( 'NONE',  ( 0.0000000000000000000, 0.0000000000000000000, -1.000000000000000000 ) ) ;
#3399 = CARTESIAN_POINT ( 'NONE',  ( 35.11836058040589100, 66.29918910489271900, 85.58009941648120400 ) ) ;
#3400 = CALENDAR_DATE ( 2014, 15, 12 ) ;
#3401 = CONICAL_SURFACE ( 'NONE', #1510, 26.18499999999998800, 0.2094395102393202800 ) ;
#3402 = CC_DESIGN_DATE_AND_TIME_ASSIGNMENT ( #3484, #2646, ( #2558 ) ) ;
#3403 = CARTESIAN_POINT ( 'NONE',  ( 35.11836058040587700, 27.65103421725080700, 129.8906673006682700 ) ) ;
#3404 = EDGE_CURVE ( 'NONE', #1068, #2445, #347, .T. ) ;
#3405 = CARTESIAN_POINT ( 'NONE',  ( 52.38026391461901500, 42.17935929174764500, 109.7944644785736900 ) ) ;
#3406 = LINE ( 'NONE', #1450, #2469 ) ;
#3407 = DIRECTION ( 'NONE',  ( -0.0000000000000000000, 0.0000000000000000000, -1.000000000000000000 ) ) ;
#3408 = B_SPLINE_CURVE_WITH_KNOTS ( 'NONE', 3,
 ( #3936, #3778, #3024, #3588, #1104 ),
 .UNSPECIFIED., .F., .F.,
 ( 4, 1, 4 ),
 ( 0.06017846608805864400, 0.06117682688170064700, 0.06217518767534265000 ),
 .UNSPECIFIED. ) ;
#3409 = ORIENTED_EDGE ( 'NONE', *, *, #3025, .T. ) ;
#3410 = AXIS2_PLACEMENT_3D ( 'NONE', #1087, #3010, #1426 ) ;
#3411 = DIRECTION ( 'NONE',  ( 0.9237280213470682200, 0.3830490080632377700, 0.0000000000000000000 ) ) ;
#3412 = VERTEX_POINT ( 'NONE', #1290 ) ;
#3413 = CARTESIAN_POINT ( 'NONE',  ( -57.10819268389989400, 0.0000000000000000000, 0.0000000000000000000 ) ) ;
#3414 = AXIS2_PLACEMENT_3D ( 'NONE', #2120, #2780, #871 ) ;
#3415 = CARTESIAN_POINT ( 'NONE',  ( 39.49131424735981000, 57.34622431316415000, 134.0980693588386100 ) ) ;
#3416 = CARTESIAN_POINT ( 'NONE',  ( 38.34680717863245300, 57.47876996494957800, 134.3279646836808800 ) ) ;
#3417 = ORIENTED_EDGE ( 'NONE', *, *, #1392, .T. ) ;
#3418 = CARTESIAN_POINT ( 'NONE',  ( 52.10786729539024300, 43.85545898830262200, 110.6667796551345600 ) ) ;
#3419 = VERTEX_POINT ( 'NONE', #652 ) ;
#3420 = CARTESIAN_POINT ( 'NONE',  ( 35.11836058040589100, 66.29918910489270400, -76.68674752541282700 ) ) ;
#3421 = CARTESIAN_POINT ( 'NONE',  ( 59.30617881937886400, 76.32932738102857700, 1.880099416481206800 ) ) ;
#3422 = CIRCLE ( 'NONE', #2235, 19.44999999999998900 ) ;
#3423 = DIRECTION ( 'NONE',  ( 1.000000000000000000, -0.0000000000000000000, -0.0000000000000000000 ) ) ;
#3424 = CARTESIAN_POINT ( 'NONE',  ( -40.35930008502347700, 0.0000000000000000000, 0.0000000000000000000 ) ) ;
#3425 = FACE_OUTER_BOUND ( 'NONE', #2992, .T. ) ;
#3426 = PLANE ( 'NONE',  #1282 ) ;
#3427 = CIRCLE ( 'NONE', #2675, 22.79500000000000200 ) ;
#3428 = COORDINATED_UNIVERSAL_TIME_OFFSET ( 0, 0, .AHEAD. ) ;
#3429 = EDGE_CURVE ( 'NONE', #1812, #3943, #2642, .T. ) ;
#3430 = CARTESIAN_POINT ( 'NONE',  ( 51.66219516499281600, 52.80144567583174400, 126.2131060272571300 ) ) ;
#3431 = DIRECTION ( 'NONE',  ( -0.0000000000000000000, -0.8660254037844397100, 0.4999999999999980600 ) ) ;
#3432 = CARTESIAN_POINT ( 'NONE',  ( 15.60351724051741800, 45.02824686020429100, 114.7288824921919900 ) ) ;
#3433 = EDGE_CURVE ( 'NONE', #1956, #2117, #446, .T. ) ;
#3434 = CIRCLE ( 'NONE', #3572, 27.87499999999999300 ) ;
#3435 = PERSON_AND_ORGANIZATION ( #1808, #1949 ) ;
#3436 = APPROVAL_DATE_TIME ( #174, #3267 ) ;
#3437 = CYLINDRICAL_SURFACE ( 'NONE', #591, 23.71000000000000100 ) ;
#3438 = VERTEX_POINT ( 'NONE', #669 ) ;
#3439 = AXIS2_PLACEMENT_3D ( 'NONE', #1709, #38, #1628 ) ;
#3440 = CARTESIAN_POINT ( 'NONE',  ( 58.15865425799412900, 0.0000000000000000000, 0.0000000000000000000 ) ) ;
#3441 = CIRCLE ( 'NONE', #1842, 16.05999999999999900 ) ;
#3442 = CC_DESIGN_PERSON_AND_ORGANIZATION_ASSIGNMENT ( #308, #781, ( #2606 ) ) ;
#3443 = CARTESIAN_POINT ( 'NONE',  ( 53.25060185409291300, 45.26113729786531800, 113.1135787536529900 ) ) ;
#3444 = CARTESIAN_POINT ( 'NONE',  ( 18.38794149870602000, 52.61406362862167200, 125.8878716529476800 ) ) ;
#3445 = ORIENTED_EDGE ( 'NONE', *, *, #3647, .F. ) ;
#3446 = DIRECTION ( 'NONE',  ( 0.1621570828487897100, -0.4933824785300860400, -0.8545635203783742400 ) ) ;
#3447 = EDGE_CURVE ( 'NONE', #2753, #1724, #551, .T. ) ;
#3448 = CARTESIAN_POINT ( 'NONE',  ( 53.16497450484858000, 51.09124549506664400, 123.2444917862517100 ) ) ;
#3449 = DIRECTION ( 'NONE',  ( 1.000000000000000000, -0.0000000000000000000, -0.0000000000000000000 ) ) ;
#3450 = CARTESIAN_POINT ( 'NONE',  ( 13.29528607608141200, 57.24965628939870800, -0.1199005835188088300 ) ) ;
#3451 = ORIENTED_EDGE ( 'NONE', *, *, #2456, .F. ) ;
#3452 = CARTESIAN_POINT ( 'NONE',  ( 13.29528607608141200, 57.24965628939870800, -76.68674752541282700 ) ) ;
#3453 = CARTESIAN_POINT ( 'NONE',  ( -54.60819268389989400, 3.321854442687194000E-015, 27.12499999999998600 ) ) ;
#3454 = AXIS2_PLACEMENT_3D ( 'NONE', #1413, #1313, #1273 ) ;
#3455 = CARTESIAN_POINT ( 'NONE',  ( 23.95198719305063800, 39.54973710345908700, 105.2398252437278200 ) ) ;
#3456 = DESIGN_CONTEXT ( 'detailed design', #161, 'design' ) ;
#3457 = EDGE_CURVE ( 'NONE', #3700, #3663, #213, .T. ) ;
#3458 = ORIENTED_EDGE ( 'NONE', *, *, #2483, .T. ) ;
#3459 = CARTESIAN_POINT ( 'NONE',  ( 41.62306660180826200, 39.21286302588624300, 102.5589410772447000 ) ) ;
#3460 = CARTESIAN_POINT ( 'NONE',  ( 18.21413778975455200, 59.28939225733545700, -0.6199005835187954000 ) ) ;
#3461 = CARTESIAN_POINT ( 'NONE',  ( 53.17172549046625100, 50.23236854305916700, 123.7426856556656500 ) ) ;
#3462 = CARTESIAN_POINT ( 'NONE',  ( 24.14467530834283700, 55.85919135419216300, 131.5186463524591100 ) ) ;
#3463 = AXIS2_PLACEMENT_3D ( 'NONE', #3128, #2491, #2817 ) ;
#3464 = VERTEX_POINT ( 'NONE', #3514 ) ;
#3465 = AXIS2_PLACEMENT_3D ( 'NONE', #3927, #836, #2297 ) ;
#3466 = VERTEX_POINT ( 'NONE', #3229 ) ;
#3467 = DIRECTION ( 'NONE',  ( -1.000000000000000000, -0.0000000000000000000, -0.0000000000000000000 ) ) ;
#3468 = CC_DESIGN_APPROVAL ( #3267, ( #3061 ) ) ;
#3469 = ORIENTED_EDGE ( 'NONE', *, *, #373, .T. ) ;
#3470 = EDGE_CURVE ( 'NONE', #2219, #2163, #1288, .T. ) ;
#3471 = DIRECTION ( 'NONE',  ( 1.000000000000000000, 0.0000000000000000000, -0.0000000000000000000 ) ) ;
#3472 = CARTESIAN_POINT ( 'NONE',  ( -54.60819268389989400, 0.0000000000000000000, 0.0000000000000000000 ) ) ;
#3473 = DIRECTION ( 'NONE',  ( 0.1621570828487896300, -0.4933824785300860400, -0.8545635203783741300 ) ) ;
#3474 = CARTESIAN_POINT ( 'NONE',  ( 52.09367203066772600, 42.97940866928834700, 111.1801906490325400 ) ) ;
#3475 = CIRCLE ( 'NONE', #1642, 16.05999999999999900 ) ;
#3476 = CIRCLE ( 'NONE', #618, 27.12499999999998600 ) ;
#3477 = DATE_AND_TIME ( #216, #1049 ) ;
#3478 = AXIS2_PLACEMENT_3D ( 'NONE', #3232, #1632, #1638 ) ;
#3479 = CIRCLE ( 'NONE', #2416, 16.05999999999998500 ) ;
#3480 = ORIENTED_EDGE ( 'NONE', *, *, #4048, .F. ) ;
#3481 = CARTESIAN_POINT ( 'NONE',  ( 35.11836058040587700, 47.24918910489267200, 118.5756673006683300 ) ) ;
#3482 = PERSON_AND_ORGANIZATION ( #1808, #1949 ) ;
#3483 = CARTESIAN_POINT ( 'NONE',  ( 28.56536736637175300, 37.78254793700225600, 102.1789638208588700 ) ) ;
#3484 = DATE_AND_TIME ( #224, #1058 ) ;
#3485 = DIRECTION ( 'NONE',  ( 0.0000000000000000000, 0.0000000000000000000, 1.000000000000000000 ) ) ;
#3486 = CARTESIAN_POINT ( 'NONE',  ( 25.19747373515226800, 40.01353487022295500, 103.9618340480131000 ) ) ;
#3487 = DIRECTION ( 'NONE',  ( 0.0000000000000000000, 0.0000000000000000000, -1.000000000000000000 ) ) ;
#3488 = AXIS2_PLACEMENT_3D ( 'NONE', #1358, #2311, #2968 ) ;
#3489 = VECTOR ( 'NONE', #1112, 1000.000000000000000 ) ;
#3490 = ORIENTED_EDGE ( 'NONE', *, *, #140, .F. ) ;
#3491 = CIRCLE ( 'NONE', #701, 22.79500000000000900 ) ;
#3492 = CARTESIAN_POINT ( 'NONE',  ( 26.14435843905707900, 38.29398635007740400, 103.0648011372474300 ) ) ;
#3493 = CC_DESIGN_APPROVAL ( #3299, ( #2892 ) ) ;
#3494 = DIRECTION ( 'NONE',  ( -1.000000000000000000, -0.0000000000000000000, -0.0000000000000000000 ) ) ;
#3495 = EDGE_LOOP ( 'NONE', ( #2641, #2697, #1309, #2515 ) ) ;
#3496 = CARTESIAN_POINT ( 'NONE',  ( 33.02513715631019400, 37.29037051607338100, 101.3264875214718600 ) ) ;
#3497 = EDGE_CURVE ( 'NONE', #1502, #410, #754, .T. ) ;
#3498 = DIRECTION ( 'NONE',  ( 0.0000000000000000000, 0.0000000000000000000, -1.000000000000000000 ) ) ;
#3499 = CARTESIAN_POINT ( 'NONE',  ( 31.42198987686771600, 31.79996553223026700, 153.4683146184822800 ) ) ;
#3500 =( NAMED_UNIT ( * ) PLANE_ANGLE_UNIT ( ) SI_UNIT ( $, .RADIAN. ) );
#3501 = AXIS2_PLACEMENT_3D ( 'NONE', #3335, #3449, #3524 ) ;
#3502 = CARTESIAN_POINT ( 'NONE',  ( 26.14435843911113700, 38.29398635011706600, 103.0648011373161400 ) ) ;
#3503 = DIRECTION ( 'NONE',  ( -0.0000000000000000000, -0.8660254037844397100, 0.4999999999999980600 ) ) ;
#3504 = AXIS2_PLACEMENT_3D ( 'NONE', #2232, #3781, #3407 ) ;
#3505 = EDGE_LOOP ( 'NONE', ( #3490, #1925, #2012, #3921 ) ) ;
#3506 = EDGE_LOOP ( 'NONE', ( #343, #2836, #3264, #2127 ) ) ;
#3507 = ORIENTED_EDGE ( 'NONE', *, *, #2575, .F. ) ;
#3508 = CARTESIAN_POINT ( 'NONE',  ( 16.11836058040589500, 66.29918910489271900, 41.58009941648120400 ) ) ;
#3509 = CC_DESIGN_APPROVAL ( #3325, ( #3116 ) ) ;
#3510 = DIRECTION ( 'NONE',  ( 0.7071067811865352500, 8.659560562355083200E-017, 0.7071067811865597900 ) ) ;
#3511 = FACE_OUTER_BOUND ( 'NONE', #2525, .T. ) ;
#3512 = EDGE_CURVE ( 'NONE', #3684, #857, #1045, .T. ) ;
#3513 = CIRCLE ( 'NONE', #1226, 23.71000000000000100 ) ;
#3514 = CARTESIAN_POINT ( 'NONE',  ( -41.35930008502347700, 2.791582378656391900E-015, -22.79500000000000200 ) ) ;
#3515 = CYLINDRICAL_SURFACE ( 'NONE', #3862, 22.79500000000000900 ) ;
#3516 = DATE_AND_TIME ( #262, #1097 ) ;
#3517 = CALENDAR_DATE ( 2014, 15, 12 ) ;
#3518 = CARTESIAN_POINT ( 'NONE',  ( 35.11836058040589100, 66.29918910489271900, 44.08009941648121100 ) ) ;
#3519 = VECTOR ( 'NONE', #152, 1000.000000000000000 ) ;
#3520 = DIRECTION ( 'NONE',  ( 0.0000000000000000000, 0.8660254037844397100, -0.4999999999999980600 ) ) ;
#3521 = EDGE_CURVE ( 'NONE', #3464, #683, #2495, .T. ) ;
#3522 = FACE_OUTER_BOUND ( 'NONE', #1116, .T. ) ;
#3523 = APPROVAL_PERSON_ORGANIZATION ( #269, #3267, #3544 ) ;
#3524 = DIRECTION ( 'NONE',  ( 0.0000000000000000000, 0.0000000000000000000, -1.000000000000000000 ) ) ;
#3525 = ORIENTED_EDGE ( 'NONE', *, *, #76, .F. ) ;
#3526 = CIRCLE ( 'NONE', #1416, 26.68795201467610000 ) ;
#3527 = CARTESIAN_POINT ( 'NONE',  ( 59.30617881937886400, 76.32932738102857700, -76.68674752541282700 ) ) ;
#3528 = CARTESIAN_POINT ( 'NONE',  ( 53.40177998612543300, 51.31035614585538700, 125.6098149536399500 ) ) ;
#3529 = VERTEX_POINT ( 'NONE', #1617 ) ;
#3530 = AXIS2_PLACEMENT_3D ( 'NONE', #2995, #3990, #3498 ) ;
#3531 = ORIENTED_EDGE ( 'NONE', *, *, #2264, .T. ) ;
#3532 = VECTOR ( 'NONE', #85, 1000.000000000000100 ) ;
#3533 =( GEOMETRIC_REPRESENTATION_CONTEXT ( 3 ) GLOBAL_UNCERTAINTY_ASSIGNED_CONTEXT ( ( #3233 ) ) GLOBAL_UNIT_ASSIGNED_CONTEXT ( ( #989, #3216, #1297 ) ) REPRESENTATION_CONTEXT ( 'NONE', 'WORKASPACE' ) );
#3534 = DIRECTION ( 'NONE',  ( 1.000000000000000000, -0.0000000000000000000, -0.0000000000000000000 ) ) ;
#3535 = ORIENTED_EDGE ( 'NONE', *, *, #3911, .T. ) ;
#3536 = DIRECTION ( 'NONE',  ( 1.000000000000000000, 0.0000000000000000000, 0.0000000000000000000 ) ) ;
#3537 = VERTEX_POINT ( 'NONE', #1969 ) ;
#3538 = VERTEX_POINT ( 'NONE', #1023 ) ;
#3539 = DIRECTION ( 'NONE',  ( -0.0000000000000000000, -0.8660254037844397100, 0.4999999999999980600 ) ) ;
#3540 = CARTESIAN_POINT ( 'NONE',  ( 52.95718331066996100, 51.38808129760907000, 123.7598171018553000 ) ) ;
#3541 = CARTESIAN_POINT ( 'NONE',  ( 45.79585168016863900, 40.55027050984318000, 36.08009941648120400 ) ) ;
#3542 = DIRECTION ( 'NONE',  ( -1.000000000000000000, -0.0000000000000000000, -0.0000000000000000000 ) ) ;
#3543 = DIRECTION ( 'NONE',  ( 0.0000000000000000000, 0.0000000000000000000, 1.000000000000000000 ) ) ;
#3544 = APPROVAL_ROLE ( '' ) ;
#3545 = ORIENTED_EDGE ( 'NONE', *, *, #104, .F. ) ;
#3546 = EDGE_LOOP ( 'NONE', ( #1265, #1473, #1602, #148 ) ) ;
#3547 = ADVANCED_FACE ( 'NONE', ( #388, #1338 ), #2625, .T. ) ;
#3548 = CARTESIAN_POINT ( 'NONE',  ( 15.08190721814482800, 46.98149801174049100, 118.1120127265951100 ) ) ;
#3549 = DIRECTION ( 'NONE',  ( 0.1621570828487895500, -0.4933824785300862100, -0.8545635203783741300 ) ) ;
#3550 = CARTESIAN_POINT ( 'NONE',  ( 54.91303701092904500, 48.81457297119842300, 121.2869916904585500 ) ) ;
#3551 = CARTESIAN_POINT ( 'NONE',  ( 10.98596602271374700, 56.29203376924061100, -76.68674752541282700 ) ) ;
#3552 = AXIS2_PLACEMENT_3D ( 'NONE', #3166, #3471, #1554 ) ;
#3553 = LINE ( 'NONE', #3460, #3601 ) ;
#3554 = DIRECTION ( 'NONE',  ( 0.0000000000000000000, 0.0000000000000000000, -1.000000000000000000 ) ) ;
#3555 = MECHANICAL_CONTEXT ( 'NONE', #1629, 'mechanical' ) ;
#3556 = CALENDAR_DATE ( 2014, 15, 12 ) ;
#3557 = CC_DESIGN_DATE_AND_TIME_ASSIGNMENT ( #352, #2065, ( #3165 ) ) ;
#3558 = CARTESIAN_POINT ( 'NONE',  ( 28.89301702707252100, 39.16326014683611600, 102.4719359416949700 ) ) ;
#3559 = CARTESIAN_POINT ( 'NONE',  ( 36.55790779943141200, 57.22435590752984800, 135.8531630168104100 ) ) ;
#3560 = LINE ( 'NONE', #2, #2955 ) ;
#3561 = EDGE_LOOP ( 'NONE', ( #1218, #108, #3575, #2931, #2382 ) ) ;
#3562 = CIRCLE ( 'NONE', #3501, 19.44999999999998500 ) ;
#3563 = EDGE_CURVE ( 'NONE', #972, #3412, #1091, .T. ) ;
#3564 = PERSON_AND_ORGANIZATION ( #1808, #1949 ) ;
#3565 = CARTESIAN_POINT ( 'NONE',  ( 35.11836058040589100, 66.29918910489270400, 41.08009941648124700 ) ) ;
#3566 = DIRECTION ( 'NONE',  ( 1.000000000000000000, 3.718450321711053000E-015, 0.0000000000000000000 ) ) ;
#3567 = DIRECTION ( 'NONE',  ( -0.0000000000000000000, -0.0000000000000000000, 1.000000000000000000 ) ) ;
#3568 = DIRECTION ( 'NONE',  ( 1.000000000000000000, -0.0000000000000000000, -0.0000000000000000000 ) ) ;
#3569 = APPROVAL_DATE_TIME ( #311, #2770 ) ;
#3570 = DIRECTION ( 'NONE',  ( -0.0000000000000000000, -0.8660254037844397100, 0.4999999999999980600 ) ) ;
#3571 = FACE_OUTER_BOUND ( 'NONE', #845, .T. ) ;
#3572 = AXIS2_PLACEMENT_3D ( 'NONE', #296, #281, #255 ) ;
#3573 = ADVANCED_FACE ( 'NONE', ( #109 ), #256, .F. ) ;
#3574 = PERSON_AND_ORGANIZATION_ROLE ( 'classification_officer' ) ;
#3575 = ORIENTED_EDGE ( 'NONE', *, *, #3433, .T. ) ;
#3576 = VERTEX_POINT ( 'NONE', #2638 ) ;
#3577 = AXIS2_PLACEMENT_3D ( 'NONE', #3725, #3542, #2807 ) ;
#3578 = DIRECTION ( 'NONE',  ( 0.0000000000000000000, 0.0000000000000000000, -1.000000000000000000 ) ) ;
#3579 = VERTEX_POINT ( 'NONE', #727 ) ;
#3580 = CIRCLE ( 'NONE', #1405, 23.11500000000000600 ) ;
#3581 = PRODUCT_DEFINITION_FORMATION_WITH_SPECIFIED_SOURCE ( 'ANY', '', #2648, .NOT_KNOWN. ) ;
#3582 = APPROVAL_STATUS ( 'not_yet_approved' ) ;
#3583 = EDGE_CURVE ( 'NONE', #3313, #2473, #906, .T. ) ;
#3584 = CARTESIAN_POINT ( 'NONE',  ( 35.11836058040587700, 26.78500881346636900, 130.3906673006682700 ) ) ;
#3585 = ORIENTED_EDGE ( 'NONE', *, *, #2130, .F. ) ;
#3586 = CARTESIAN_POINT ( 'NONE',  ( 16.23485034417323200, 49.19904273958348300, 119.9586277284483900 ) ) ;
#3587 = ADVANCED_FACE ( 'NONE', ( #160 ), #1289, .T. ) ;
#3588 = CARTESIAN_POINT ( 'NONE',  ( 36.77720595103532700, 57.56128363723052400, 134.4710795390767300 ) ) ;
#3589 = AXIS2_PLACEMENT_3D ( 'NONE', #1819, #1806, #1856 ) ;
#3590 = CARTESIAN_POINT ( 'NONE',  ( 53.12049276017567900, 51.61269900493798000, 126.1334881468766700 ) ) ;
#3591 = CARTESIAN_POINT ( 'NONE',  ( -17.72930008502348500, 0.0000000000000000000, 0.0000000000000000000 ) ) ;
#3592 = EDGE_LOOP ( 'NONE', ( #1020, #3458 ) ) ;
#3593 = APPLICATION_PROTOCOL_DEFINITION ( 'international standard', 'config_control_design', 1994, #1391 ) ;
#3594 = LINE ( 'NONE', #3956, #3652 ) ;
#3595 = CARTESIAN_POINT ( 'NONE',  ( 35.11836058040589100, 66.29918910489270400, -0.6199005835187954000 ) ) ;
#3596 = AXIS2_PLACEMENT_3D ( 'NONE', #2058, #789, #1050 ) ;
#3597 = CIRCLE ( 'NONE', #3310, 19.44999999999998500 ) ;
#3598 = CARTESIAN_POINT ( 'NONE',  ( 27.36497414784411200, 55.93217917169926800, 133.6150472579942100 ) ) ;
#3599 = VECTOR ( 'NONE', #3048, 1000.000000000000000 ) ;
#3600 = AXIS2_PLACEMENT_3D ( 'NONE', #559, #2792, #887 ) ;
#3601 = VECTOR ( 'NONE', #1237, 1000.000000000000100 ) ;
#3602 = CARTESIAN_POINT ( 'NONE',  ( 38.51424008986795400, 57.10518264826134800, 135.6467488768537600 ) ) ;
#3603 = PERSON_AND_ORGANIZATION ( #1808, #1949 ) ;
#3604 = ADVANCED_FACE ( 'NONE', ( #746 ), #800, .T. ) ;
#3605 = DIRECTION ( 'NONE',  ( 0.0000000000000000000, 0.0000000000000000000, -1.000000000000000000 ) ) ;
#3606 = CARTESIAN_POINT ( 'NONE',  ( -29.72930008502348500, 0.0000000000000000000, 23.71000000000000100 ) ) ;
#3607 = APPROVAL_ROLE ( '' ) ;
#3608 = DATE_AND_TIME ( #355, #1192 ) ;
#3609 = CIRCLE ( 'NONE', #875, 22.79500000000000200 ) ;
#3610 = DIRECTION ( 'NONE',  ( 0.7071067811865376900, 8.659560562354813300E-017, -0.7071067811865574500 ) ) ;
#3611 = CARTESIAN_POINT ( 'NONE',  ( 16.41061357795238300, 49.79233529188212500, 120.9890729210491400 ) ) ;
#3612 = SHAPE_DEFINITION_REPRESENTATION ( #939, #2301 ) ;
#3613 = CIRCLE ( 'NONE', #620, 18.99999999999999600 ) ;
#3614 = CARTESIAN_POINT ( 'NONE',  ( 55.09352286578750600, 47.83856588944708200, 119.5964978363181900 ) ) ;
#3615 = DIRECTION ( 'NONE',  ( 0.0000000000000000000, 0.0000000000000000000, -1.000000000000000000 ) ) ;
#3616 = DIRECTION ( 'NONE',  ( 1.000000000000000000, -0.0000000000000000000, -0.0000000000000000000 ) ) ;
#3617 = ORIENTED_EDGE ( 'NONE', *, *, #2033, .T. ) ;
#3618 = CARTESIAN_POINT ( 'NONE',  ( 58.15865425799412900, 2.893228062985621000E-015, 23.62499999999999300 ) ) ;
#3619 = DIRECTION ( 'NONE',  ( -1.000000000000000000, -0.0000000000000000000, -0.0000000000000000000 ) ) ;
#3620 = EDGE_CURVE ( 'NONE', #290, #3889, #61, .T. ) ;
#3621 = LINE ( 'NONE', #1872, #1855 ) ;
#3622 = ORIENTED_EDGE ( 'NONE', *, *, #251, .T. ) ;
#3623 = DIRECTION ( 'NONE',  ( -0.0000000000000000000, -0.8660254037844397100, 0.4999999999999980600 ) ) ;
#3624 = EDGE_CURVE ( 'NONE', #4001, #2075, #1241, .T. ) ;
#3625 = EDGE_LOOP ( 'NONE', ( #3260, #967, #2115, #135 ) ) ;
#3626 = CARTESIAN_POINT ( 'NONE',  ( 17.82093474119333400, 52.08163086330755200, 124.9637756918100000 ) ) ;
#3627 = ORIENTED_EDGE ( 'NONE', *, *, #3723, .T. ) ;
#3628 = PERSON_AND_ORGANIZATION_ROLE ( 'design_supplier' ) ;
#3629 = CIRCLE ( 'NONE', #3324, 16.05999999999998500 ) ;
#3630 = CARTESIAN_POINT ( 'NONE',  ( -53.30290323835134800, 0.0000000000000000000, 16.05999999999999900 ) ) ;
#3631 = CARTESIAN_POINT ( 'NONE',  ( 22.33994673818166300, 41.09463703353783600, 105.8521043659950000 ) ) ;
#3632 = ADVANCED_FACE ( 'NONE', ( #1478 ), #2181, .F. ) ;
#3633 = AXIS2_PLACEMENT_3D ( 'NONE', #1445, #2118, #2091 ) ;
#3634 = EDGE_LOOP ( 'NONE', ( #2381, #3270, #933, #3507 ) ) ;
#3635 = DIRECTION ( 'NONE',  ( 0.0000000000000000000, 0.0000000000000000000, 1.000000000000000000 ) ) ;
#3636 = DIRECTION ( 'NONE',  ( 0.9237280213470682200, 0.3830490080632375500, 0.0000000000000000000 ) ) ;
#3637 =( BOUNDED_SURFACE ( )  B_SPLINE_SURFACE ( 3, 2, ( 
 ( #2521, #1814, #1162 ),
 ( #1880, #1865, #422 ),
 ( #3350, #78, #4042 ),
 ( #850, #2640, #283 ),
 ( #1076, #1472, #821 ),
 ( #1509, #3121, #1099 ),
 ( #1013, #3065, #190 ),
 ( #295, #3598, #3793 ),
 ( #3908, #115, #341 ),
 ( #2375, #3650, #1305 ),
 ( #2851, #632, #1406 ),
 ( #1372, #1770, #3462 ),
 ( #3680, #2379, #3881 ),
 ( #407, #791, #3361 ),
 ( #3290, #974, #366 ),
 ( #3336, #4086, #1415 ),
 ( #176, #2759, #2218 ),
 ( #3942, #2427, #92 ),
 ( #2785, #3394, #3033 ),
 ( #2389, #639, #3626 ),
 ( #1914, #2039, #3130 ),
 ( #2934, #1120, #2403 ),
 ( #1640, #3378, #1691 ),
 ( #804, #3338, #1723 ),
 ( #1136, #1719, #4032 ),
 ( #476, #525, #2437 ),
 ( #1271, #1062, #2026 ),
 ( #732, #2411, #2686 ),
 ( #692, #2073, #2031 ),
 ( #328, #2960, #3183 ),
 ( #219, #3326, #2673 ),
 ( #451, #2883, #3037 ),
 ( #1757, #1696, #2633 ),
 ( #1059, #414, #2182 ),
 ( #1004, #1995, #3217 ),
 ( #2863, #1086, #3054 ),
 ( #2099, #1929, #1140 ),
 ( #1922, #3060, #2374 ),
 ( #3097, #3785, #3857 ),
 ( #2309, #1767, #1043 ),
 ( #938, #1232, #563 ),
 ( #4049, #2538, #2979 ),
 ( #3812, #2942, #3901 ),
 ( #320, #775, #698 ),
 ( #3873, #3071, #2582 ),
 ( #1314, #3455, #1976 ),
 ( #168, #3689, #1328 ),
 ( #3502, #3226, #1143 ),
 ( #397, #2322, #1369 ),
 ( #2700, #2009, #1605 ),
 ( #1845, #2570, #3558 ),
 ( #95, #899, #244 ),
 ( #2279, #488, #1414 ),
 ( #1118, #460, #4082 ) ),
 .UNSPECIFIED., .F., .F., .F. ) 
 B_SPLINE_SURFACE_WITH_KNOTS ( ( 4, 2, 2, 2, 2, 2, 2, 2, 2, 2, 2, 2, 2, 2, 2, 2, 2, 2, 2, 2, 2, 2, 2, 2, 2, 2, 4 ),
 ( 3, 3 ),
 ( 0.06253562609701302000, 0.06644410272807632600, 0.07035257935913964700, 0.07230681767467131400, 0.07426105599020296800, 0.07621529430573462100, 0.07816953262126627400, 0.08207800925232959500, 0.08403224756786126200, 0.08598648588339291600, 0.08989496251445622300, 0.09087208167222204900, 0.09184920082998787600, 0.09380343914551954300, 0.09771191577658286400, 0.09868903493434869100, 0.09966615409211451700, 0.1016203924076461700, 0.1035746307231778200, 0.1055288690387094900, 0.1094373456697728100, 0.1113915839853044700, 0.1133458223008361200, 0.1172542989318994400, 0.1192085372474311100, 0.1211627755629627600, 0.1250712521940260700 ),
 ( 0.0000000000000000000, 1.000000000000000000 ),
 .UNSPECIFIED. ) 
 GEOMETRIC_REPRESENTATION_ITEM ( )  RATIONAL_B_SPLINE_SURFACE ( (
 ( 1.000000000000000000, 0.7131443077351559100, 1.000000000000000000),
 ( 1.000000000000000000, 0.7131717054884260100, 1.000000000000000000),
 ( 1.000000000000000000, 0.7131730930727530100, 1.000000000000000000),
 ( 1.000000000000000000, 0.7131252456108957400, 1.000000000000000000),
 ( 1.000000000000000000, 0.7130764726393984400, 1.000000000000000000),
 ( 1.000000000000000000, 0.7129625657632647800, 1.000000000000000000),
 ( 1.000000000000000000, 0.7129174519611452000, 1.000000000000000000),
 ( 1.000000000000000000, 0.7128142764871379100, 1.000000000000000000),
 ( 1.000000000000000000, 0.7127561074150990900, 1.000000000000000000),
 ( 1.000000000000000000, 0.7126257178701399500, 1.000000000000000000),
 ( 1.000000000000000000, 0.7125535010060420900, 1.000000000000000000),
 ( 1.000000000000000000, 0.7123934531456092000, 1.000000000000000000),
 ( 1.000000000000000000, 0.7123054332966426400, 1.000000000000000000),
 ( 1.000000000000000000, 0.7120155907702200300, 1.000000000000000000),
 ( 1.000000000000000000, 0.7117933087798578000, 1.000000000000000000),
 ( 1.000000000000000000, 0.7114046063595249600, 1.000000000000000000),
 ( 1.000000000000000000, 0.7112657414136788200, 1.000000000000000000),
 ( 1.000000000000000000, 0.7109661387063849200, 1.000000000000000000),
 ( 1.000000000000000000, 0.7108050592450974000, 1.000000000000000000),
 ( 1.000000000000000000, 0.7102946930744849000, 1.000000000000000000),
 ( 1.000000000000000000, 0.7099156300876082700, 1.000000000000000000),
 ( 1.000000000000000000, 0.7093750251523791600, 1.000000000000000000),
 ( 1.000000000000000000, 0.7092635239878291000, 1.000000000000000000),
 ( 1.000000000000000000, 0.7090331144548616100, 1.000000000000000000),
 ( 1.000000000000000000, 0.7089138622329583800, 1.000000000000000000),
 ( 1.000000000000000000, 0.7085473361825429500, 1.000000000000000000),
 ( 1.000000000000000000, 0.7082910090791090200, 1.000000000000000000),
 ( 1.000000000000000000, 0.7074803149110620000, 1.000000000000000000),
 ( 1.000000000000000000, 0.7068848631132645900, 1.000000000000000000),
 ( 1.000000000000000000, 0.7060449671503125100, 1.000000000000000000),
 ( 1.000000000000000000, 0.7058717861603661700, 1.000000000000000000),
 ( 1.000000000000000000, 0.7055187285169198800, 1.000000000000000000),
 ( 1.000000000000000000, 0.7053384948911614000, 1.000000000000000000),
 ( 1.000000000000000000, 0.7047859633096665900, 1.000000000000000000),
 ( 1.000000000000000000, 0.7044018449785369700, 1.000000000000000000),
 ( 1.000000000000000000, 0.7035980088642537200, 1.000000000000000000),
 ( 1.000000000000000000, 0.7031782882815463800, 1.000000000000000000),
 ( 1.000000000000000000, 0.7022988754950415500, 1.000000000000000000),
 ( 1.000000000000000000, 0.7018364241896191100, 1.000000000000000000),
 ( 1.000000000000000000, 0.7004061966925064800, 1.000000000000000000),
 ( 1.000000000000000000, 0.6993965301728364300, 1.000000000000000000),
 ( 1.000000000000000000, 0.6978035336852529400, 1.000000000000000000),
 ( 1.000000000000000000, 0.6972596476177817000, 1.000000000000000000),
 ( 1.000000000000000000, 0.6961507892899598800, 1.000000000000000000),
 ( 1.000000000000000000, 0.6955910037310481000, 1.000000000000000000),
 ( 1.000000000000000000, 0.6939277837644198800, 1.000000000000000000),
 ( 1.000000000000000000, 0.6928306706721801800, 1.000000000000000000),
 ( 1.000000000000000000, 0.6912967501972988600, 1.000000000000000000),
 ( 1.000000000000000000, 0.6908025262096451100, 1.000000000000000000),
 ( 1.000000000000000000, 0.6898930678857437800, 1.000000000000000000),
 ( 1.000000000000000000, 0.6894760637804460100, 1.000000000000000000),
 ( 1.000000000000000000, 0.6883663355887544900, 1.000000000000000000),
 ( 1.000000000000000000, 0.6878153867629378500, 1.000000000000000000),
 ( 1.000000000000000000, 0.6875268132357180700, 1.000000000000000000) ) ) 
 REPRESENTATION_ITEM ( '' )  SURFACE ( )  );
#3638 = SECURITY_CLASSIFICATION ( '', '', #3015 ) ;
#3639 =( REPRESENTATION_RELATIONSHIP ('NONE','NONE', #1351, #2301 ) REPRESENTATION_RELATIONSHIP_WITH_TRANSFORMATION ( #703 )SHAPE_REPRESENTATION_RELATIONSHIP( ) );
#3640 = ORIENTED_EDGE ( 'NONE', *, *, #1604, .T. ) ;
#3641 = EDGE_CURVE ( 'NONE', #478, #3076, #1385, .T. ) ;
#3642 = ORIENTED_EDGE ( 'NONE', *, *, #740, .T. ) ;
#3643 = DIRECTION ( 'NONE',  ( 1.000000000000000000, 0.0000000000000000000, 0.0000000000000000000 ) ) ;
#3644 = CARTESIAN_POINT ( 'NONE',  ( 52.96441924068514600, 50.52994557060002700, 124.2581041865207300 ) ) ;
#3645 = EDGE_LOOP ( 'NONE', ( #2535, #2290 ) ) ;
#3646 = CIRCLE ( 'NONE', #594, 23.62500000000000000 ) ;
#3647 = EDGE_CURVE ( 'NONE', #1064, #2386, #1644, .T. ) ;
#3648 = ADVANCED_FACE ( 'NONE', ( #900 ), #1210, .T. ) ;
#3649 = AXIS2_PLACEMENT_3D ( 'NONE', #3420, #2522, #1277 ) ;
#3650 = CARTESIAN_POINT ( 'NONE',  ( 25.70639429534945500, 55.51193592537355000, 132.8871646038227500 ) ) ;
#3651 = CARTESIAN_POINT ( 'NONE',  ( 0.0000000000000000000, 38.10000000000000100, -44.00000000000000000 ) ) ;
#3652 = VECTOR ( 'NONE', #3623, 1000.000000000000000 ) ;
#3653 = CIRCLE ( 'NONE', #404, 20.00000000000000000 ) ;
#3654 = AXIS2_PLACEMENT_3D ( 'NONE', #1876, #302, #2710 ) ;
#3655 = CIRCLE ( 'NONE', #3702, 18.99999999999999600 ) ;
#3656 = ITEM_DEFINED_TRANSFORMATION ( 'NONE', 'NONE', #708,  #3137 ) ;
#3657 = CARTESIAN_POINT ( 'NONE',  ( 0.0000000000000000000, 38.10000000000000100, -44.00000000000000000 ) ) ;
#3658 = AXIS2_PLACEMENT_3D ( 'NONE', #134, #3619, #779 ) ;
#3659 = FACE_OUTER_BOUND ( 'NONE', #1871, .T. ) ;
#3660 = CARTESIAN_POINT ( 'NONE',  ( 35.11836058040587700, 47.24918910489267200, 118.5756673006683300 ) ) ;
#3661 = CIRCLE ( 'NONE', #2190, 23.62499999999998900 ) ;
#3662 = DIRECTION ( 'NONE',  ( 0.0000000000000000000, 0.0000000000000000000, -1.000000000000000000 ) ) ;
#3663 = VERTEX_POINT ( 'NONE', #442 ) ;
#3664 = CALENDAR_DATE ( 2014, 15, 12 ) ;
#3665 = CC_DESIGN_PERSON_AND_ORGANIZATION_ASSIGNMENT ( #2607, #1647, ( #3061 ) ) ;
#3666 = ORIENTED_EDGE ( 'NONE', *, *, #2988, .T. ) ;
#3667 = DIRECTION ( 'NONE',  ( -1.000000000000000000, -0.0000000000000000000, -0.0000000000000000000 ) ) ;
#3668 = APPROVAL_PERSON_ORGANIZATION ( #409, #2770, #2320 ) ;
#3669 = CARTESIAN_POINT ( 'NONE',  ( 37.46126845007163600, 37.83112557829448300, 102.2631027636854800 ) ) ;
#3670 = DIRECTION ( 'NONE',  ( 0.0000000000000000000, 0.0000000000000000000, 1.000000000000000000 ) ) ;
#3671 = CIRCLE ( 'NONE', #1538, 24.12500000000000400 ) ;
#3672 = ADVANCED_FACE ( 'NONE', ( #4080 ), #1469, .T. ) ;
#3673 = CIRCLE ( 'NONE', #1337, 16.05999999999999900 ) ;
#3674 = ORIENTED_EDGE ( 'NONE', *, *, #2448, .F. ) ;
#3675 = CARTESIAN_POINT ( 'NONE',  ( 0.0000000000000000000, 38.10000000000000100, 0.0000000000000000000 ) ) ;
#3676 = ORIENTED_EDGE ( 'NONE', *, *, #4015, .T. ) ;
#3677 = CARTESIAN_POINT ( 'NONE',  ( -17.72930008502348500, 20.85000000000000100, 0.0000000000000000000 ) ) ;
#3678 = ORIENTED_EDGE ( 'NONE', *, *, #1682, .T. ) ;
#3679 = CARTESIAN_POINT ( 'NONE',  ( 37.59220354652028100, 37.30692075869029600, 101.3551533825619400 ) ) ;
#3680 = CARTESIAN_POINT ( 'NONE',  ( 23.03610745590216500, 55.22038332778101500, 132.3821806917105400 ) ) ;
#3681 = VECTOR ( 'NONE', #2054, 1000.000000000000000 ) ;
#3682 = CARTESIAN_POINT ( 'NONE',  ( 33.02513715631019400, 38.15639591985782200, 100.8264875214718600 ) ) ;
#3683 = AXIS2_PLACEMENT_3D ( 'NONE', #1511, #1728, #2597 ) ;
#3684 = VERTEX_POINT ( 'NONE', #3003 ) ;
#3685 = DIRECTION ( 'NONE',  ( -1.000000000000000000, -0.0000000000000000000, -0.0000000000000000000 ) ) ;
#3686 = DIRECTION ( 'NONE',  ( -1.000000000000000000, 0.0000000000000000000, 0.0000000000000000000 ) ) ;
#3687 = AXIS2_PLACEMENT_3D ( 'NONE', #416, #110, #401 ) ;
#3688 = DIRECTION ( 'NONE',  ( 0.0000000000000000000, 0.0000000000000000000, 1.000000000000000000 ) ) ;
#3689 = CARTESIAN_POINT ( 'NONE',  ( 24.97585079530566100, 39.20432271586179200, 104.6415499747854200 ) ) ;
#3690 = EDGE_LOOP ( 'NONE', ( #423, #2688 ) ) ;
#3691 = AXIS2_PLACEMENT_3D ( 'NONE', #293, #1912, #686 ) ;
#3692 = DIRECTION ( 'NONE',  ( -1.000000000000000000, -0.0000000000000000000, -0.0000000000000000000 ) ) ;
#3693 = ORIENTED_EDGE ( 'NONE', *, *, #239, .T. ) ;
#3694 = CC_DESIGN_DATE_AND_TIME_ASSIGNMENT ( #2750, #3364, ( #2892 ) ) ;
#3695 = ADVANCED_FACE ( 'NONE', ( #3659 ), #243, .T. ) ;
#3696 = CARTESIAN_POINT ( 'NONE',  ( 35.61904204721096800, 38.63176149666242100, 101.5389430898657300 ) ) ;
#3697 = EDGE_CURVE ( 'NONE', #977, #3362, #630, .T. ) ;
#3698 = ORIENTED_EDGE ( 'NONE', *, *, #3583, .F. ) ;
#3699 = CARTESIAN_POINT ( 'NONE',  ( 44.16789339589988100, 44.47611460056822400, 27.70009941648120800 ) ) ;
#3700 = VERTEX_POINT ( 'NONE', #2354 ) ;
#3701 = LINE ( 'NONE', #171, #3237 ) ;
#3702 = AXIS2_PLACEMENT_3D ( 'NONE', #3675, #3662, #3838 ) ;
#3703 = CARTESIAN_POINT ( 'NONE',  ( 35.11836058040589100, 66.29918910489270400, 8.404536424704442500 ) ) ;
#3704 = EDGE_CURVE ( 'NONE', #153, #2473, #2135, .T. ) ;
#3705 = CARTESIAN_POINT ( 'NONE',  ( 38.07393633121392200, 37.87407766196853500, 102.3374979548967600 ) ) ;
#3706 = LINE ( 'NONE', #2727, #3599 ) ;
#3707 = CONICAL_SURFACE ( 'NONE', #1762, 23.11500000000000600, 0.5235987755982984800 ) ;
#3708 = AXIS2_PLACEMENT_3D ( 'NONE', #674, #2340, #2321 ) ;
#3709 = CONICAL_SURFACE ( 'NONE', #3454, 23.11499999999999800, 0.5235987755982984800 ) ;
#3710 = PERSON_AND_ORGANIZATION ( #1808, #1949 ) ;
#3711 = ORIENTED_EDGE ( 'NONE', *, *, #3985, .T. ) ;
#3712 = AXIS2_PLACEMENT_3D ( 'NONE', #2842, #1080, #3713 ) ;
#3713 = DIRECTION ( 'NONE',  ( 0.1621570828487896300, -0.4933824785300860400, -0.8545635203783741300 ) ) ;
#3714 = DIRECTION ( 'NONE',  ( 0.0000000000000000000, 0.0000000000000000000, -1.000000000000000000 ) ) ;
#3715 = CIRCLE ( 'NONE', #2975, 2.500000000000000400 ) ;
#3716 = APPROVAL_DATE_TIME ( #454, #2247 ) ;
#3717 = LINE ( 'NONE', #2819, #2042 ) ;
#3718 = CIRCLE ( 'NONE', #1840, 19.44999999999998500 ) ;
#3719 = CC_DESIGN_PERSON_AND_ORGANIZATION_ASSIGNMENT ( #1005, #3897, ( #3116 ) ) ;
#3720 = CARTESIAN_POINT ( 'NONE',  ( 41.79952464430531500, 57.01010659948519100, 133.5150746328991400 ) ) ;
#3721 = CARTESIAN_POINT ( 'NONE',  ( 39.59034581037540300, 56.50744005930672400, 134.6114283429302500 ) ) ;
#3722 = VERTEX_POINT ( 'NONE', #3931 ) ;
#3723 = EDGE_CURVE ( 'NONE', #501, #3889, #3818, .T. ) ;
#3724 = VECTOR ( 'NONE', #260, 1000.000000000000000 ) ;
#3725 = CARTESIAN_POINT ( 'NONE',  ( 0.0000000000000000000, 0.0000000000000000000, 0.0000000000000000000 ) ) ;
#3726 = CIRCLE ( 'NONE', #58, 19.10000000000000100 ) ;
#3727 = CARTESIAN_POINT ( 'NONE',  ( 35.90098455092358900, 57.24268033169201400, 135.8849018504787100 ) ) ;
#3728 = EDGE_CURVE ( 'NONE', #2146, #3663, #1918, .T. ) ;
#3729 = CARTESIAN_POINT ( 'NONE',  ( 52.69611234093209600, 51.72138544881580200, 124.3384155554195900 ) ) ;
#3730 = CARTESIAN_POINT ( 'NONE',  ( 38.23911135489404200, 37.35257852936755500, 101.4342349611352700 ) ) ;
#3731 = CARTESIAN_POINT ( 'NONE',  ( 41.69992273250373700, 69.02841328734325500, 8.404536424704442500 ) ) ;
#3732 = AXIS2_PLACEMENT_3D ( 'NONE', #2097, #2121, #2131 ) ;
#3733 = DIRECTION ( 'NONE',  ( -1.000000000000000000, -0.0000000000000000000, -0.0000000000000000000 ) ) ;
#3734 =( GEOMETRIC_REPRESENTATION_CONTEXT ( 3 ) GLOBAL_UNCERTAINTY_ASSIGNED_CONTEXT ( ( #2555 ) ) GLOBAL_UNIT_ASSIGNED_CONTEXT ( ( #1603, #3810, #1938 ) ) REPRESENTATION_CONTEXT ( 'NONE', 'WORKASPACE' ) );
#3735 = CARTESIAN_POINT ( 'NONE',  ( 52.62469960998876700, 44.41370309978996300, 111.6387718254659200 ) ) ;
#3736 = CARTESIAN_POINT ( 'NONE',  ( 19.32542866384940100, 53.39060470113485500, 127.2355390346090800 ) ) ;
#3737 = ORIENTED_EDGE ( 'NONE', *, *, #2593, .F. ) ;
#3738 = CARTESIAN_POINT ( 'NONE',  ( 37.46851139821593800, 38.71575932618354400, 101.6864871239522000 ) ) ;
#3739 = DIRECTION ( 'NONE',  ( 1.000000000000000000, -0.0000000000000000000, -0.0000000000000000000 ) ) ;
#3740 = CIRCLE ( 'NONE', #186, 26.18499999999999200 ) ;
#3741 = AXIS2_PLACEMENT_3D ( 'NONE', #3070, #3059, #2994 ) ;
#3742 = CARTESIAN_POINT ( 'NONE',  ( 56.61836058040588400, 66.29918910489271900, 41.58009941648120400 ) ) ;
#3743 = CIRCLE ( 'NONE', #378, 20.84999999999999800 ) ;
#3744 = CIRCLE ( 'NONE', #4087, 19.00000000000000000 ) ;
#3745 = APPROVAL_DATE_TIME ( #497, #2008 ) ;
#3746 = CARTESIAN_POINT ( 'NONE',  ( 39.90205144142327500, 38.94703278495158100, 102.0925543772691500 ) ) ;
#3747 = CARTESIAN_POINT ( 'NONE',  ( 9.369441985356379700, 55.62169800512995000, 38.58009941648120400 ) ) ;
#3748 = CARTESIAN_POINT ( 'NONE',  ( -26.93262969212313600, 3.321854442687194000E-015, 27.12499999999998600 ) ) ;
#3749 = ORIENTED_EDGE ( 'NONE', *, *, #2291, .T. ) ;
#3750 = DATE_AND_TIME ( #502, #1346 ) ;
#3751 = CARTESIAN_POINT ( 'NONE',  ( 45.24598159665522000, 55.87400709424726100, 133.5142902642645900 ) ) ;
#3752 = CARTESIAN_POINT ( 'NONE',  ( 18.21413778975455200, 59.28939225733545700, -0.6199005835187954000 ) ) ;
#3753 = CALENDAR_DATE ( 2014, 15, 12 ) ;
#3754 = AXIS2_PLACEMENT_3D ( 'NONE', #2238, #339, #2573 ) ;
#3755 = DIRECTION ( 'NONE',  ( -0.0000000000000000000, -0.8660254037844397100, 0.4999999999999980600 ) ) ;
#3756 = CARTESIAN_POINT ( 'NONE',  ( -17.90819268389989800, 0.0000000000000000000, 18.29999999999999000 ) ) ;
#3757 = CIRCLE ( 'NONE', #3708, 19.44999999999998900 ) ;
#3758 = CARTESIAN_POINT ( 'NONE',  ( 30.69205226736779600, 57.01892022929623500, 135.4973379844224200 ) ) ;
#3759 = PRODUCT_DEFINITION_SHAPE ( 'NONE', 'NONE',  #4094 ) ;
#3760 = APPROVAL ( #178, 'UNSPECIFIED' ) ;
#3761 = CARTESIAN_POINT ( 'NONE',  ( -53.30290323835134800, 2.903637560778374600E-015, -23.71000000000000100 ) ) ;
#3762 = ORIENTED_EDGE ( 'NONE', *, *, #561, .T. ) ;
#3763 = DIRECTION ( 'NONE',  ( -1.000000000000000000, -0.0000000000000000000, -0.0000000000000000000 ) ) ;
#3764 = EDGE_CURVE ( 'NONE', #3538, #1930, #3609, .T. ) ;
#3765 = CARTESIAN_POINT ( 'NONE',  ( 45.27786867633317800, 56.13130546652710300, 131.9906914539797100 ) ) ;
#3766 = CARTESIAN_POINT ( 'NONE',  ( 58.15865425799412900, 0.0000000000000000000, 0.0000000000000000000 ) ) ;
#3767 = ORIENTED_EDGE ( 'NONE', *, *, #31, .T. ) ;
#3768 = DIRECTION ( 'NONE',  ( -0.9944914627724951200, 0.05240880286894368500, 0.09077470933287246100 ) ) ;
#3769 = DIRECTION ( 'NONE',  ( 0.0000000000000000000, 0.0000000000000000000, -1.000000000000000000 ) ) ;
#3770 = DIRECTION ( 'NONE',  ( 0.1621570828487894400, -0.4933824785300860400, -0.8545635203783742400 ) ) ;
#3771 = AXIS2_PLACEMENT_3D ( 'NONE', #420, #405, #386 ) ;
#3772 = CARTESIAN_POINT ( 'NONE',  ( 31.71080929797077300, 37.35963440843584500, 101.4464561021736300 ) ) ;
#3773 = EDGE_CURVE ( 'NONE', #924, #290, #229, .T. ) ;
#3774 = CARTESIAN_POINT ( 'NONE',  ( 58.15865425799412900, 0.0000000000000000000, 0.0000000000000000000 ) ) ;
#3775 = CARTESIAN_POINT ( 'NONE',  ( 35.11836058040587700, 20.07331193413695300, 134.2656673006682700 ) ) ;
#3776 = ORIENTED_EDGE ( 'NONE', *, *, #2439, .T. ) ;
#3777 = CARTESIAN_POINT ( 'NONE',  ( -41.35930008502347700, 0.0000000000000000000, 0.0000000000000000000 ) ) ;
#3778 = CARTESIAN_POINT ( 'NONE',  ( 35.45160183447744400, 57.59607955726598800, 134.5314306724456800 ) ) ;
#3779 = AXIS2_PLACEMENT_3D ( 'NONE', #1002, #3534, #987 ) ;
#3780 = CARTESIAN_POINT ( 'NONE',  ( 20.28328855757198600, 60.14742203539710600, -0.6199005835187954000 ) ) ;
#3781 = DIRECTION ( 'NONE',  ( 1.000000000000000000, 0.0000000000000000000, -0.0000000000000000000 ) ) ;
#3782 = CARTESIAN_POINT ( 'NONE',  ( 0.0000000000000000000, 38.10000000000000100, 0.0000000000000000000 ) ) ;
#3783 = ORIENTED_EDGE ( 'NONE', *, *, #3178, .F. ) ;
#3784 = APPROVAL ( #736, 'UNSPECIFIED' ) ;
#3785 = CARTESIAN_POINT ( 'NONE',  ( 18.02972738626926500, 43.09341913496488300, 111.3776625681844100 ) ) ;
#3786 = ORIENTED_EDGE ( 'NONE', *, *, #125, .F. ) ;
#3787 = ORIENTED_EDGE ( 'NONE', *, *, #776, .F. ) ;
#3788 = EDGE_CURVE ( 'NONE', #737, #3880, #971, .T. ) ;
#3789 = DIRECTION ( 'NONE',  ( 0.0000000000000000000, 0.0000000000000000000, -1.000000000000000000 ) ) ;
#3790 = DIRECTION ( 'NONE',  ( 1.000000000000000000, -0.0000000000000000000, -0.0000000000000000000 ) ) ;
#3791 = CARTESIAN_POINT ( 'NONE',  ( 45.28603065000512400, 55.28497271418463300, 132.4940527905948800 ) ) ;
#3792 = CYLINDRICAL_SURFACE ( 'NONE', #3633, 16.05999999999999200 ) ;
#3793 = CARTESIAN_POINT ( 'NONE',  ( 27.37152349274485600, 56.77689161680992700, 133.1105488911249800 ) ) ;
#3794 = FACE_OUTER_BOUND ( 'NONE', #3038, .T. ) ;
#3795 = ADVANCED_FACE ( 'NONE', ( #2564 ), #876, .T. ) ;
#3796 = CYLINDRICAL_SURFACE ( 'NONE', #3831, 27.12499999999998600 ) ;
#3797 = EDGE_CURVE ( 'NONE', #2274, #1070, #1697, .T. ) ;
#3798 = CYLINDRICAL_SURFACE ( 'NONE', #3463, 20.85000000000001200 ) ;
#3799 = CALENDAR_DATE ( 2014, 15, 12 ) ;
#3800 = EDGE_CURVE ( 'NONE', #137, #2117, #1805, .T. ) ;
#3801 = EDGE_CURVE ( 'NONE', #3187, #2270, #2666, .T. ) ;
#3802 = APPROVAL_PERSON_ORGANIZATION ( #560, #2247, #1067 ) ;
#3803 = DIRECTION ( 'NONE',  ( 0.0000000000000000000, 0.0000000000000000000, -1.000000000000000000 ) ) ;
#3804 = UNCERTAINTY_MEASURE_WITH_UNIT (LENGTH_MEASURE( 1.000000000000000100E-005 ), #346, 'distance_accuracy_value', 'NONE');
#3805 = CARTESIAN_POINT ( 'NONE',  ( 53.00205185933777600, 42.75179929691999100, 110.7859596518171800 ) ) ;
#3806 = AXIS2_PLACEMENT_3D ( 'NONE', #1867, #716, #1917 ) ;
#3807 = AXIS2_PLACEMENT_3D ( 'NONE', #3413, #1503, #3714 ) ;
#3808 = TOROIDAL_SURFACE ( 'NONE', #158, 38.10000000000000100, 16.05999999999999900 ) ;
#3809 = FACE_BOUND ( 'NONE', #1789, .T. ) ;
#3810 =( NAMED_UNIT ( * ) PLANE_ANGLE_UNIT ( ) SI_UNIT ( $, .RADIAN. ) );
#3811 = CARTESIAN_POINT ( 'NONE',  ( -29.72930008502348500, 0.0000000000000000000, 0.0000000000000000000 ) ) ;
#3812 = CARTESIAN_POINT ( 'NONE',  ( 20.41977475545703400, 40.44955101926817100, 106.7983486632862600 ) ) ;
#3813 = ORIENTED_EDGE ( 'NONE', *, *, #735, .T. ) ;
#3814 = CARTESIAN_POINT ( 'NONE',  ( 35.11836058040589100, 66.29918910489270400, 8.404536424704442500 ) ) ;
#3815 = CARTESIAN_POINT ( 'NONE',  ( -22.20005111260406500, 0.0000000000000000000, 0.0000000000000000000 ) ) ;
#3816 = CARTESIAN_POINT ( 'NONE',  ( 55.07583839642346400, 46.51362342293050000, 117.3016301672058000 ) ) ;
#3817 = CARTESIAN_POINT ( 'NONE',  ( 58.15865425799412900, 0.0000000000000000000, 0.0000000000000000000 ) ) ;
#3818 = CIRCLE ( 'NONE', #644, 17.06000000000001300 ) ;
#3819 = LINE ( 'NONE', #4039, #3028 ) ;
#3820 = CARTESIAN_POINT ( 'NONE',  ( 34.58024643329917300, 57.24671767322801200, 135.8918947311465200 ) ) ;
#3821 = CARTESIAN_POINT ( 'NONE',  ( 61.24336058040587000, 66.29918910489270400, 41.08009941648124700 ) ) ;
#3822 = DIRECTION ( 'NONE',  ( -0.9659258262890678700, 0.0000000000000000000, 0.2588190451025220700 ) ) ;
#3823 = DIRECTION ( 'NONE',  ( -0.9237280213470682200, -0.3830490080632377700, 0.0000000000000000000 ) ) ;
#3824 = EDGE_CURVE ( 'NONE', #2020, #873, #3406, .T. ) ;
#3825 = CARTESIAN_POINT ( 'NONE',  ( -17.90819268389989800, 0.0000000000000000000, -26.18499999999998800 ) ) ;
#3826 = CARTESIAN_POINT ( 'NONE',  ( 35.11836058040589100, 66.29918910489270400, 38.58009941648120400 ) ) ;
#3827 = DIRECTION ( 'NONE',  ( -0.0000000000000000000, 0.0000000000000000000, -1.000000000000000000 ) ) ;
#3828 = DIRECTION ( 'NONE',  ( -0.0000000000000000000, -0.8660254037844397100, 0.4999999999999980600 ) ) ;
#3829 = DIRECTION ( 'NONE',  ( 0.0000000000000000000, 0.0000000000000000000, -1.000000000000000000 ) ) ;
#3830 = CARTESIAN_POINT ( 'NONE',  ( 43.51688595248558000, 56.34400892722882000, 134.3283573186391800 ) ) ;
#3831 = AXIS2_PLACEMENT_3D ( 'NONE', #2014, #177, #2074 ) ;
#3832 = ORIENTED_EDGE ( 'NONE', *, *, #2353, .T. ) ;
#3833 = DIRECTION ( 'NONE',  ( -0.6531743478665551500, -0.2708565511283007000, -0.7071067811865352500 ) ) ;
#3834 = ORIENTED_EDGE ( 'NONE', *, *, #3839, .T. ) ;
#3835 = APPLICATION_CONTEXT ( 'configuration controlled 3d designs of mechanical parts and assemblies' ) ;
#3836 = CYLINDRICAL_SURFACE ( 'NONE', #4059, 19.44999999999998900 ) ;
#3837 = CC_DESIGN_PERSON_AND_ORGANIZATION_ASSIGNMENT ( #3564, #1094, ( #3638 ) ) ;
#3838 = DIRECTION ( 'NONE',  ( -1.000000000000000000, 0.0000000000000000000, 0.0000000000000000000 ) ) ;
#3839 = EDGE_CURVE ( 'NONE', #1724, #478, #30, .T. ) ;
#3840 = CIRCLE ( 'NONE', #3030, 24.12500000000000400 ) ;
#3841 = CIRCLE ( 'NONE', #3654, 16.05999999999999900 ) ;
#3842 = DIRECTION ( 'NONE',  ( 0.0000000000000000000, -0.8660254037844397100, 0.4999999999999980600 ) ) ;
#3843 = DATE_AND_TIME ( #597, #1435 ) ;
#3844 = DIRECTION ( 'NONE',  ( 0.0000000000000000000, 0.0000000000000000000, 1.000000000000000000 ) ) ;
#3845 = FACE_OUTER_BOUND ( 'NONE', #609, .T. ) ;
#3846 = ORIENTED_EDGE ( 'NONE', *, *, #3940, .T. ) ;
#3847 = APPROVAL_DATE_TIME ( #604, #1735 ) ;
#3848 = AXIS2_PLACEMENT_3D ( 'NONE', #2458, #2655, #1656 ) ;
#3849 = ADVANCED_FACE ( 'NONE', ( #1587 ), #2362, .F. ) ;
#3850 = CARTESIAN_POINT ( 'NONE',  ( 38.81473128394404200, 9.306658336043637900, 114.5087637244322100 ) ) ;
#3851 = DIRECTION ( 'NONE',  ( -0.0000000000000000000, -0.8660254037844397100, 0.4999999999999980600 ) ) ;
#3852 = DATE_TIME_ROLE ( 'creation_date' ) ;
#3853 = EDGE_CURVE ( 'NONE', #3376, #3576, #3209, .T. ) ;
#3854 = DATE_AND_TIME ( #607, #1443 ) ;
#3855 = DIRECTION ( 'NONE',  ( 1.000000000000000000, -0.0000000000000000000, -0.0000000000000000000 ) ) ;
#3856 = ORIENTED_EDGE ( 'NONE', *, *, #275, .T. ) ;
#3857 = CARTESIAN_POINT ( 'NONE',  ( 18.01593964342595600, 43.96922328553559100, 110.8648964105979500 ) ) ;
#3858 = CIRCLE ( 'NONE', #3732, 26.12499999999998600 ) ;
#3859 = CARTESIAN_POINT ( 'NONE',  ( 56.94143508473037200, 75.34872192038669400, -0.1199005835188088300 ) ) ;
#3860 = CARTESIAN_POINT ( 'NONE',  ( 23.88092638061370800, 55.76406343011289800, 131.3536220243151700 ) ) ;
#3861 = CIRCLE ( 'NONE', #747, 27.12499999999998600 ) ;
#3862 = AXIS2_PLACEMENT_3D ( 'NONE', #548, #3431, #4038 ) ;
#3863 = CARTESIAN_POINT ( 'NONE',  ( 55.07728903699694500, 46.52371721321461700, 117.3191131248188100 ) ) ;
#3864 = VERTEX_POINT ( 'NONE', #3994 ) ;
#3865 = DIRECTION ( 'NONE',  ( 0.1621570828487895500, -0.4933824785300862100, -0.8545635203783741300 ) ) ;
#3866 = AXIS2_PLACEMENT_3D ( 'NONE', #1826, #91, #1863 ) ;
#3867 = CIRCLE ( 'NONE', #2078, 17.06000000000001300 ) ;
#3868 = CC_DESIGN_DATE_AND_TIME_ASSIGNMENT ( #3349, #3852, ( #3061 ) ) ;
#3869 = VERTEX_POINT ( 'NONE', #3384 ) ;
#3870 = APPLICATION_CONTEXT ( 'configuration controlled 3d designs of mechanical parts and assemblies' ) ;
#3871 = EDGE_CURVE ( 'NONE', #3419, #1573, #771, .T. ) ;
#3872 = CARTESIAN_POINT ( 'NONE',  ( 0.0000000000000000000, 38.10000000000000100, 0.0000000000000000000 ) ) ;
#3873 = CARTESIAN_POINT ( 'NONE',  ( 21.83140777699176400, 39.75700980731365100, 105.5988320978457000 ) ) ;
#3874 = ORIENTED_EDGE ( 'NONE', *, *, #1753, .T. ) ;
#3875 = DIRECTION ( 'NONE',  ( 1.000000000000000000, -3.718450321711053000E-015, 0.0000000000000000000 ) ) ;
#3876 = CARTESIAN_POINT ( 'NONE',  ( 35.11836058040589100, 66.29918910489270400, 4.246302608349267000 ) ) ;
#3877 = ADVANCED_FACE ( 'NONE', ( #4024 ), #1402, .T. ) ;
#3878 = DIRECTION ( 'NONE',  ( 0.9945070982098259700, -0.05233457654904537900, -0.09064614557554973000 ) ) ;
#3879 = CARTESIAN_POINT ( 'NONE',  ( -49.10930008502348400, 0.0000000000000000000, 23.71000000000000100 ) ) ;
#3880 = VERTEX_POINT ( 'NONE', #4010 ) ;
#3881 = CARTESIAN_POINT ( 'NONE',  ( 23.64022011204588100, 55.67490518568828200, 131.1989517266355600 ) ) ;
#3882 = DIRECTION ( 'NONE',  ( 1.000000000000000000, -0.0000000000000000000, -0.0000000000000000000 ) ) ;
#3883 = APPROVAL_STATUS ( 'not_yet_approved' ) ;
#3884 = ORIENTED_EDGE ( 'NONE', *, *, #2539, .T. ) ;
#3885 = DIRECTION ( 'NONE',  ( 0.0000000000000000000, 0.8660254037844397100, -0.4999999999999980600 ) ) ;
#3886 = ORIENTED_EDGE ( 'NONE', *, *, #960, .F. ) ;
#3887 = DIRECTION ( 'NONE',  ( -1.000000000000000000, -0.0000000000000000000, -0.0000000000000000000 ) ) ;
#3888 = AXIS2_PLACEMENT_3D ( 'NONE', #797, #830, #3276 ) ;
#3889 = VERTEX_POINT ( 'NONE', #2460 ) ;
#3890 = CARTESIAN_POINT ( 'NONE',  ( 0.0000000000000000000, 38.10000000000000100, 0.0000000000000000000 ) ) ;
#3891 = AXIS2_PLACEMENT_3D ( 'NONE', #3905, #2021, #141 ) ;
#3892 = FACE_OUTER_BOUND ( 'NONE', #2739, .T. ) ;
#3893 = ADVANCED_FACE ( 'NONE', ( #3307, #3115 ), #1803, .T. ) ;
#3894 = FACE_OUTER_BOUND ( 'NONE', #3222, .T. ) ;
#3895 = EDGE_CURVE ( 'NONE', #1573, #1777, #3916, .T. ) ;
#3896 = EDGE_LOOP ( 'NONE', ( #383, #3966 ) ) ;
#3897 = PERSON_AND_ORGANIZATION_ROLE ( 'creator' ) ;
#3898 = PERSON_AND_ORGANIZATION ( #584, #642 ) ;
#3899 = CC_DESIGN_PERSON_AND_ORGANIZATION_ASSIGNMENT ( #955, #1446, ( #2892 ) ) ;
#3900 = FACE_OUTER_BOUND ( 'NONE', #1866, .T. ) ;
#3901 = CARTESIAN_POINT ( 'NONE',  ( 21.15470404679204800, 41.67871989653173900, 106.8720144449975900 ) ) ;
#3902 = VECTOR ( 'NONE', #3351, 1000.000000000000000 ) ;
#3903 = EDGE_CURVE ( 'NONE', #3889, #501, #662, .T. ) ;
#3904 = DATE_AND_TIME ( #648, #1489 ) ;
#3905 = CARTESIAN_POINT ( 'NONE',  ( 35.11836058040587700, 36.85688425947938600, 124.5756673006683100 ) ) ;
#3906 = CARTESIAN_POINT ( 'NONE',  ( 16.21525491669122200, 47.10602794129240300, 116.3218603230916600 ) ) ;
#3907 = FACE_OUTER_BOUND ( 'NONE', #2735, .T. ) ;
#3908 = CARTESIAN_POINT ( 'NONE',  ( 26.37197142200881200, 56.24369315809546100, 134.1546053096998600 ) ) ;
#3909 = CALENDAR_DATE ( 2014, 15, 12 ) ;
#3910 = CARTESIAN_POINT ( 'NONE',  ( 51.49455894014118900, 53.02258682055602200, 128.5754854764994400 ) ) ;
#3911 = EDGE_CURVE ( 'NONE', #410, #1502, #2253, .T. ) ;
#3912 = FACE_OUTER_BOUND ( 'NONE', #1520, .T. ) ;
#3913 = DIRECTION ( 'NONE',  ( -0.9237280213470681100, -0.3830490080632377700, 0.0000000000000000000 ) ) ;
#3914 = APPROVAL_ROLE ( '' ) ;
#3915 = ORIENTED_EDGE ( 'NONE', *, *, #2483, .F. ) ;
#3916 = CIRCLE ( 'NONE', #3213, 18.99999999999999600 ) ;
#3917 = ORIENTED_EDGE ( 'NONE', *, *, #3853, .F. ) ;
#3918 = CARTESIAN_POINT ( 'NONE',  ( 34.78601749859013400, 38.64847481948075400, 101.5682959393823000 ) ) ;
#3919 = CARTESIAN_POINT ( 'NONE',  ( 19.88685152888122300, 42.41473346241937000, 108.1562569901271300 ) ) ;
#3920 = ADVANCED_FACE ( 'NONE', ( #569 ), #3808, .F. ) ;
#3921 = ORIENTED_EDGE ( 'NONE', *, *, #3948, .F. ) ;
#3922 = DIRECTION ( 'NONE',  ( 0.0000000000000000000, 0.0000000000000000000, -1.000000000000000000 ) ) ;
#3923 = VECTOR ( 'NONE', #2187, 1000.000000000000000 ) ;
#3924 = ORIENTED_EDGE ( 'NONE', *, *, #960, .T. ) ;
#3925 = CARTESIAN_POINT ( 'NONE',  ( 37.21143577829784700, 57.18996489101672900, 135.7935960288857300 ) ) ;
#3926 = CC_DESIGN_PERSON_AND_ORGANIZATION_ASSIGNMENT ( #169, #2015, ( #3116 ) ) ;
#3927 = CARTESIAN_POINT ( 'NONE',  ( -49.10930008502348400, 0.0000000000000000000, 0.0000000000000000000 ) ) ;
#3928 = ORIENTED_EDGE ( 'NONE', *, *, #3624, .F. ) ;
#3929 = MECHANICAL_CONTEXT ( 'NONE', #83, 'mechanical' ) ;
#3930 = EDGE_CURVE ( 'NONE', #3356, #1448, #1500, .T. ) ;
#3931 = CARTESIAN_POINT ( 'NONE',  ( -18.40819268389988400, 0.0000000000000000000, -23.62499999999999300 ) ) ;
#3932 = CARTESIAN_POINT ( 'NONE',  ( 17.31817582358980100, 44.78099197018053700, 112.2780698426341400 ) ) ;
#3933 = DIRECTION ( 'NONE',  ( 0.0000000000000000000, 0.0000000000000000000, -1.000000000000000000 ) ) ;
#3934 = CARTESIAN_POINT ( 'NONE',  ( 59.77076968872814400, 76.52198265135366700, 4.246302608349267000 ) ) ;
#3935 = ORIENTED_EDGE ( 'NONE', *, *, #196, .T. ) ;
#3936 = CARTESIAN_POINT ( 'NONE',  ( 35.11836058040589100, 57.59607955726598800, 134.5314306724456800 ) ) ;
#3937 = DIRECTION ( 'NONE',  ( -0.0000000000000000000, -0.0000000000000000000, 1.000000000000000000 ) ) ;
#3938 = ADVANCED_BREP_SHAPE_REPRESENTATION ( '', ( #2159, #3137 ), #3734 ) ;
#3939 = ORIENTED_EDGE ( 'NONE', *, *, #2696, .T. ) ;
#3940 = EDGE_CURVE ( 'NONE', #1930, #2492, #2150, .T. ) ;
#3941 = ADVANCED_FACE ( 'NONE', ( #2053 ), #363, .T. ) ;
#3942 = CARTESIAN_POINT ( 'NONE',  ( 18.19102116624273800, 52.58018785758331100, 127.8092279954148900 ) ) ;
#3943 = VERTEX_POINT ( 'NONE', #1515 ) ;
#3944 = PERSON_AND_ORGANIZATION_ROLE ( 'classification_officer' ) ;
#3945 = EDGE_LOOP ( 'NONE', ( #3363, #2520, #2488, #2477 ) ) ;
#3946 = DIRECTION ( 'NONE',  ( 0.0000000000000000000, -0.0000000000000000000, 1.000000000000000000 ) ) ;
#3947 = AXIS2_PLACEMENT_3D ( 'NONE', #1252, #3827, #1556 ) ;
#3948 = EDGE_CURVE ( 'NONE', #873, #2075, #2926, .T. ) ;
#3949 = CONICAL_SURFACE ( 'NONE', #2827, 18.29999999999999000, 0.2617993877991508500 ) ;
#3950 = DIRECTION ( 'NONE',  ( -1.000000000000000000, -0.0000000000000000000, -0.0000000000000000000 ) ) ;
#3951 = CARTESIAN_POINT ( 'NONE',  ( -60.10819268389990100, 0.0000000000000000000, 0.0000000000000000000 ) ) ;
#3952 = CARTESIAN_POINT ( 'NONE',  ( 35.11836058040587700, 20.07331193413695300, 134.2656673006682700 ) ) ;
#3953 = ORIENTED_EDGE ( 'NONE', *, *, #2339, .F. ) ;
#3954 = CYLINDRICAL_SURFACE ( 'NONE', #3439, 16.06000000000000200 ) ;
#3955 = CIRCLE ( 'NONE', #2852, 22.79500000000000900 ) ;
#3956 = CARTESIAN_POINT ( 'NONE',  ( 31.73738540300862000, 26.72856974731678600, 154.1801182772213100 ) ) ;
#3957 = ORIENTED_EDGE ( 'NONE', *, *, #3895, .F. ) ;
#3958 = APPROVAL_STATUS ( 'not_yet_approved' ) ;
#3959 = ORIENTED_EDGE ( 'NONE', *, *, #661, .T. ) ;
#3960 = APPROVAL_PERSON_ORGANIZATION ( #707, #1735, #3914 ) ;
#3961 = DIRECTION ( 'NONE',  ( -1.000000000000000000, -0.0000000000000000000, -0.0000000000000000000 ) ) ;
#3962 = VERTEX_POINT ( 'NONE', #271 ) ;
#3963 = VECTOR ( 'NONE', #68, 1000.000000000000000 ) ;
#3964 = ADVANCED_FACE ( 'NONE', ( #3017 ), #273, .F. ) ;
#3965 = PERSON_AND_ORGANIZATION ( #1808, #1949 ) ;
#3966 = ORIENTED_EDGE ( 'NONE', *, *, #3470, .F. ) ;
#3967 = DIRECTION ( 'NONE',  ( 0.1621570828487894400, -0.4933824785300860400, -0.8545635203783742400 ) ) ;
#3968 = DIRECTION ( 'NONE',  ( 1.000000000000000000, -0.0000000000000000000, -0.0000000000000000000 ) ) ;
#3969 = ORIENTED_EDGE ( 'NONE', *, *, #3077, .F. ) ;
#3970 = LINE ( 'NONE', #3301, #3963 ) ;
#3971 = ORIENTED_EDGE ( 'NONE', *, *, #3497, .T. ) ;
#3972 = CARTESIAN_POINT ( 'NONE',  ( 60.17448315944509600, 76.68939344860801600, 8.404536424704442500 ) ) ;
#3973 = DESIGN_CONTEXT ( 'detailed design', #1034, 'design' ) ;
#3974 = CARTESIAN_POINT ( 'NONE',  ( 53.87735066692277300, 45.62538107075003800, 115.7631492838007100 ) ) ;
#3975 = CARTESIAN_POINT ( 'NONE',  ( -41.35930008502347700, 0.0000000000000000000, 22.79500000000000200 ) ) ;
#3976 = ORIENTED_EDGE ( 'NONE', *, *, #230, .F. ) ;
#3977 = SECURITY_CLASSIFICATION_LEVEL ( 'unclassified' ) ;
#3978 = EDGE_CURVE ( 'NONE', #2310, #36, #1952, .T. ) ;
#3979 = DIRECTION ( 'NONE',  ( -1.000000000000000000, 0.0000000000000000000, 0.0000000000000000000 ) ) ;
#3980 = AXIS2_PLACEMENT_3D ( 'NONE', #626, #3117, #3485 ) ;
#3981 = ORIENTED_EDGE ( 'NONE', *, *, #3903, .T. ) ;
#3982 = DIRECTION ( 'NONE',  ( -0.0000000000000000000, -0.8660254037844397100, 0.4999999999999980600 ) ) ;
#3983 = CARTESIAN_POINT ( 'NONE',  ( 45.12551591605797800, 42.16679454720055300, 41.58009941648120400 ) ) ;
#3984 = PLANE ( 'NONE',  #1785 ) ;
#3985 = EDGE_CURVE ( 'NONE', #2473, #3075, #462, .T. ) ;
#3986 = CC_DESIGN_APPROVAL ( #3760, ( #3165 ) ) ;
#3987 = ADVANCED_FACE ( 'NONE', ( #1110 ), #2718, .T. ) ;
#3988 = ORIENTED_EDGE ( 'NONE', *, *, #3375, .F. ) ;
#3989 = CARTESIAN_POINT ( 'NONE',  ( 44.73960054588630400, 56.29513560929487400, 132.2748845185266200 ) ) ;
#3990 = DIRECTION ( 'NONE',  ( -1.000000000000000000, 0.0000000000000000000, 0.0000000000000000000 ) ) ;
#3991 = EDGE_CURVE ( 'NONE', #51, #117, #3526, .T. ) ;
#3992 = DIRECTION ( 'NONE',  ( 0.0000000000000000000, 0.0000000000000000000, -1.000000000000000000 ) ) ;
#3993 = ORIENTED_EDGE ( 'NONE', *, *, #1595, .T. ) ;
#3994 = CARTESIAN_POINT ( 'NONE',  ( -60.10819268389990100, 1.966782759430647800E-015, 16.05999999999998500 ) ) ;
#3995 = UNCERTAINTY_MEASURE_WITH_UNIT (LENGTH_MEASURE( 1.000000000000000100E-005 ), #2605, 'distance_accuracy_value', 'NONE');
#3996 = CARTESIAN_POINT ( 'NONE',  ( 44.74743074899564700, 55.44921708423548500, 132.7785323843764300 ) ) ;
#3997 = AXIS2_PLACEMENT_3D ( 'NONE', #225, #206, #199 ) ;
#3998 = PLANE ( 'NONE',  #1869 ) ;
#3999 = ORIENTED_EDGE ( 'NONE', *, *, #25, .T. ) ;
#4000 = EDGE_CURVE ( 'NONE', #579, #3700, #3621, .T. ) ;
#4001 = VERTEX_POINT ( 'NONE', #3453 ) ;
#4002 = CARTESIAN_POINT ( 'NONE',  ( 34.38120071844744500, 37.75035074648887000, 102.1231966509818800 ) ) ;
#4003 = CARTESIAN_POINT ( 'NONE',  ( -18.40819268389988400, 0.0000000000000000000, 0.0000000000000000000 ) ) ;
#4004 = CARTESIAN_POINT ( 'NONE',  ( 8.993360580405905600, 66.29918910489270400, 41.08009941648124700 ) ) ;
#4005 = CIRCLE ( 'NONE', #3236, 26.18499999999998800 ) ;
#4006 = CARTESIAN_POINT ( 'NONE',  ( 15.36370105083281600, 45.67187511354853100, 115.8436793281710800 ) ) ;
#4007 = CIRCLE ( 'NONE', #207, 27.87499999999998600 ) ;
#4008 = AXIS2_PLACEMENT_3D ( 'NONE', #2317, #2302, #49 ) ;
#4009 = LOCAL_TIME ( 13, 17, 30.00000000000000000, #751 ) ;
#4010 = CARTESIAN_POINT ( 'NONE',  ( 16.05999999999999900, 38.10000000000000100, 0.0000000000000000000 ) ) ;
#4011 = ADVANCED_FACE ( 'NONE', ( #1204 ), #2612, .F. ) ;
#4012 = FACE_OUTER_BOUND ( 'NONE', #877, .T. ) ;
#4013 = APPROVAL_DATE_TIME ( #757, #1235 ) ;
#4014 = CC_DESIGN_APPROVAL ( #3784, ( #3581 ) ) ;
#4015 = EDGE_CURVE ( 'NONE', #2219, #879, #1018, .T. ) ;
#4016 = DATE_AND_TIME ( #764, #1578 ) ;
#4017 = CARTESIAN_POINT ( 'NONE',  ( 35.11836058040587700, 47.24918910489267200, 118.5756673006683300 ) ) ;
#4018 = FACE_BOUND ( 'NONE', #3254, .T. ) ;
#4019 = EDGE_LOOP ( 'NONE', ( #2144, #3280, #3245, #513, #3545 ) ) ;
#4020 = DIRECTION ( 'NONE',  ( 1.000000000000000000, -0.0000000000000000000, -0.0000000000000000000 ) ) ;
#4021 = DIRECTION ( 'NONE',  ( 0.0000000000000000000, 0.0000000000000000000, -1.000000000000000000 ) ) ;
#4022 = TOROIDAL_SURFACE ( 'NONE', #839, 38.10000000000000100, 19.00000000000000000 ) ;
#4023 = EDGE_CURVE ( 'NONE', #3076, #3085, #3441, .T. ) ;
#4024 = FACE_OUTER_BOUND ( 'NONE', #234, .T. ) ;
#4025 = DIRECTION ( 'NONE',  ( -1.000000000000000000, 0.0000000000000000000, 0.0000000000000000000 ) ) ;
#4026 = PERSON ( 'NAUO-PER3', 'UNSPECIFIED', 'UNSPECIFIED', ('UNSPECIFIED'), ('UNSPECIFIED'), ('UNSPECIFIED') ) ;
#4027 = EDGE_CURVE ( 'NONE', #1724, #940, #1752, .T. ) ;
#4028 = ORIENTED_EDGE ( 'NONE', *, *, #3433, .F. ) ;
#4029 = DIRECTION ( 'NONE',  ( -0.9237280213470682200, -0.3830490080632378300, 0.0000000000000000000 ) ) ;
#4030 = ORIENTED_EDGE ( 'NONE', *, *, #2033, .F. ) ;
#4031 = CARTESIAN_POINT ( 'NONE',  ( 54.86985715518667200, 45.54058426255865300, 115.6162769036875900 ) ) ;
#4032 = CARTESIAN_POINT ( 'NONE',  ( 16.56885449893431400, 50.16730415586252400, 121.6402262278350300 ) ) ;
#4033 = ORIENTED_EDGE ( 'NONE', *, *, #848, .F. ) ;
#4034 = EDGE_CURVE ( 'NONE', #683, #1930, #2824, .T. ) ;
#4035 = AXIS2_PLACEMENT_3D ( 'NONE', #1776, #1831, #44 ) ;
#4036 = AXIS2_PLACEMENT_3D ( 'NONE', #3424, #911, #2168 ) ;
#4037 = CARTESIAN_POINT ( 'NONE',  ( 44.50194836112456200, 56.36324555558383800, 132.3930321194453100 ) ) ;
#4038 = DIRECTION ( 'NONE',  ( 0.1621570828487897100, -0.4933824785300860400, -0.8545635203783742400 ) ) ;
#4039 = CARTESIAN_POINT ( 'NONE',  ( 38.81473128394404200, 5.194891471871172500, 116.8826934303071400 ) ) ;
#4040 = VERTEX_POINT ( 'NONE', #2213 ) ;
#4041 = CARTESIAN_POINT ( 'NONE',  ( 49.81766313909122300, 54.03326162362278500, 130.3260255853407400 ) ) ;
#4042 = CARTESIAN_POINT ( 'NONE',  ( 34.60108220416869100, 57.61280333543756200, 134.5604371384540600 ) ) ;
#4043 = DIRECTION ( 'NONE',  ( -0.0000000000000000000, -0.8660254037844397100, 0.4999999999999980600 ) ) ;
#4044 = VERTEX_POINT ( 'NONE', #1903 ) ;
#4045 = CARTESIAN_POINT ( 'NONE',  ( 58.15865425799412900, 3.206737643567343200E-015, 26.18499999999998800 ) ) ;
#4046 = DIRECTION ( 'NONE',  ( 0.0000000000000000000, 0.0000000000000000000, -1.000000000000000000 ) ) ;
#4047 = ORIENTED_EDGE ( 'NONE', *, *, #248, .T. ) ;
#4048 = EDGE_CURVE ( 'NONE', #54, #1308, #1636, .T. ) ;
#4049 = CARTESIAN_POINT ( 'NONE',  ( 19.98350242896039900, 40.69393766963479900, 107.2216387584128500 ) ) ;
#4050 = EDGE_CURVE ( 'NONE', #959, #1122, #82, .T. ) ;
#4051 = CARTESIAN_POINT ( 'NONE',  ( 53.50045670009735200, 50.58212722966821700, 122.3605928798443000 ) ) ;
#4052 = CARTESIAN_POINT ( 'NONE',  ( 38.51672542220617900, 57.12127580784080300, 135.6746230468997100 ) ) ;
#4053 = PLANE ( 'NONE',  #3691 ) ;
#4054 = VECTOR ( 'NONE', #2856, 1000.000000000000000 ) ;
#4055 = DIRECTION ( 'NONE',  ( 0.9237280213470683300, 0.3830490080632374900, 0.0000000000000000000 ) ) ;
#4056 = TOROIDAL_SURFACE ( 'NONE', #1536, 7.124999999999985800, 20.00000000000000000 ) ;
#4057 = ORGANIZATION ( 'NAUO-ORG1', 'UNSPECIFIED', 'UNSPECIFIED' ) ;
#4058 = DIRECTION ( 'NONE',  ( -0.0000000000000000000, -0.8660254037844397100, 0.4999999999999980600 ) ) ;
#4059 = AXIS2_PLACEMENT_3D ( 'NONE', #2043, #159, #2376 ) ;
#4060 = DIRECTION ( 'NONE',  ( 0.0000000000000000000, 0.0000000000000000000, -1.000000000000000000 ) ) ;
#4061 = CONICAL_SURFACE ( 'NONE', #1126, 18.29999999999999000, 0.2617993877991508500 ) ;
#4062 = ORIENTED_EDGE ( 'NONE', *, *, #1782, .T. ) ;
#4063 = CARTESIAN_POINT ( 'NONE',  ( -49.10930008502348400, 0.0000000000000000000, 0.0000000000000000000 ) ) ;
#4064 = CALENDAR_DATE ( 2014, 15, 12 ) ;
#4065 = VECTOR ( 'NONE', #3510, 1000.000000000000000 ) ;
#4066 = CC_DESIGN_DATE_AND_TIME_ASSIGNMENT ( #222, #3328, ( #3638 ) ) ;
#4067 = LOCAL_TIME ( 13, 17, 30.00000000000000000, #814 ) ;
#4068 = CARTESIAN_POINT ( 'NONE',  ( 51.27244822759661200, 43.08528997744482300, 109.3252232910006700 ) ) ;
#4069 = CARTESIAN_POINT ( 'NONE',  ( 54.61275879861452200, 44.91274742594416800, 114.5288316038079900 ) ) ;
#4070 = CARTESIAN_POINT ( 'NONE',  ( -46.22819268389991300, 2.893228062985620600E-015, 23.62499999999998900 ) ) ;
#4071 = EDGE_CURVE ( 'NONE', #4040, #2390, #2514, .T. ) ;
#4072 = CARTESIAN_POINT ( 'NONE',  ( 47.41951043670139400, 55.13609849163427200, 132.2361950731967700 ) ) ;
#4073 = ORIENTED_EDGE ( 'NONE', *, *, #3704, .F. ) ;
#4074 = EDGE_LOOP ( 'NONE', ( #3531, #2226, #2537, #3957, #2066, #203 ) ) ;
#4075 = CARTESIAN_POINT ( 'NONE',  ( 35.11836058040587700, 47.24918910489267200, 118.5756673006683300 ) ) ;
#4076 = CARTESIAN_POINT ( 'NONE',  ( 2.326828918379971000E-015, 0.0000000000000000000, 0.0000000000000000000 ) ) ;
#4077 = FACE_OUTER_BOUND ( 'NONE', #1427, .T. ) ;
#4078 = ORIENTED_EDGE ( 'NONE', *, *, #536, .T. ) ;
#4079 = DIRECTION ( 'NONE',  ( -1.000000000000000000, -0.0000000000000000000, -0.0000000000000000000 ) ) ;
#4080 = FACE_OUTER_BOUND ( 'NONE', #3505, .T. ) ;
#4081 = AXIS2_PLACEMENT_3D ( 'NONE', #2781, #2779, #2796 ) ;
#4082 = CARTESIAN_POINT ( 'NONE',  ( 33.12979832751498300, 38.70019644466660200, 101.6591501352955800 ) ) ;
#4083 = EDGE_CURVE ( 'NONE', #2386, #1308, #922, .T. ) ;
#4084 = CARTESIAN_POINT ( 'NONE',  ( 37.53127524423145200, 38.70553484446578800, 101.6685626047145900 ) ) ;
#4085 = EDGE_LOOP ( 'NONE', ( #3928, #2634, #3239, #715 ) ) ;
#4086 = CARTESIAN_POINT ( 'NONE',  ( 20.10109529170088600, 53.08217200840851300, 128.6786900492382100 ) ) ;
#4087 = AXIS2_PLACEMENT_3D ( 'NONE', #2669, #457, #3196 ) ;
#4088 = ORIENTED_EDGE ( 'NONE', *, *, #2152, .T. ) ;
#4089 = AXIS2_PLACEMENT_3D ( 'NONE', #1924, #1941, #1998 ) ;
#4090 = DIRECTION ( 'NONE',  ( 1.000000000000000000, -0.0000000000000000000, -0.0000000000000000000 ) ) ;
#4091 = ORIENTED_EDGE ( 'NONE', *, *, #2116, .T. ) ;
#4092 = NEXT_ASSEMBLY_USAGE_OCCURRENCE ( 'NAUO1', ' ', ' ', #3061, #1035, $ ) ;
#4093 = NEXT_ASSEMBLY_USAGE_OCCURRENCE ( 'NAUO2', ' ', ' ', #3061, #1517, $ ) ;
#4094 = NEXT_ASSEMBLY_USAGE_OCCURRENCE ( 'NAUO3', ' ', ' ', #3061, #2030, $ ) ;
#4095 = NEXT_ASSEMBLY_USAGE_OCCURRENCE ( 'NAUO4', ' ', ' ', #3061, #2558, $ ) ;
ENDSEC;
END-ISO-10303-21;
