ISO-10303-21;
HEADER;
FILE_DESCRIPTION (( 'STEP AP203' ),
    '1' );
FILE_NAME ('PL-24-90-WF.STEP',
    '2017-06-28T07:11:46',
    ( '' ),
    ( '' ),
    'SwSTEP 2.0',
    'SolidWorks 2016',
    '' );
FILE_SCHEMA (( 'CONFIG_CONTROL_DESIGN' ));
ENDSEC;

DATA;
#1 = CARTESIAN_POINT ( 'NONE',  ( -8.766771740140882200, 18.13816930062134200, 89.07704168178072700 ) ) ;
#2 = CALENDAR_DATE ( 2017, 28, 6 ) ;
#3 = DIRECTION ( 'NONE',  ( -0.9999506762177210500, -0.009932025559894029300, 0.0000000000000000000 ) ) ;
#4 = CARTESIAN_POINT ( 'NONE',  ( -6.860359130697002400, 19.15833633615071800, 85.20672901336858700 ) ) ;
#5 = DIRECTION ( 'NONE',  ( 0.0000000000000000000, 0.0000000000000000000, 1.000000000000000000 ) ) ;
#6 = DIRECTION ( 'NONE',  ( 0.0000000000000000000, 0.0000000000000000000, 1.000000000000000000 ) ) ;
#7 = EDGE_CURVE ( 'NONE', #2668, #3215, #1281, .T. ) ;
#8 = APPROVAL_STATUS ( 'not_yet_approved' ) ;
#9 = APPROVAL ( #1534, 'UNSPECIFIED' ) ;
#10 = CARTESIAN_POINT ( 'NONE',  ( -6.489265597578869600, 19.15986054345597700, 84.65731412700213800 ) ) ;
#11 = CARTESIAN_POINT ( 'NONE',  ( 0.0000000000000000000, 38.10000000000000100, -26.00000000000000000 ) ) ;
#12 = CARTESIAN_POINT ( 'NONE',  ( 9.058385992382248700, 56.23816930062032800, 57.56773067771505500 ) ) ;
#13 = FACE_OUTER_BOUND ( 'NONE', #122, .T. ) ;
#14 =( BOUNDED_SURFACE ( )  B_SPLINE_SURFACE ( 3, 2, ( 
 ( #1173, #1805, #4000 ),
 ( #2110, #245, #2443 ),
 ( #555, #2750, #867 ),
 ( #3060, #1186, #3376 ),
 ( #1503, #3685, #1820 ),
 ( #4018, #2124, #256 ),
 ( #2456, #572, #2759 ),
 ( #878, #3080, #1197 ),
 ( #3384, #1516, #3704 ),
 ( #1826, #4030, #2145 ),
 ( #268, #2465, #585 ),
 ( #2778, #889, #3088 ),
 ( #1217, #3396, #1525 ),
 ( #3715, #1844, #4038 ),
 ( #2157, #286, #2479 ),
 ( #595, #2795, #906 ),
 ( #3099, #1234, #3419 ),
 ( #1538, #3731, #1860 ),
 ( #4057, #2168, #298 ),
 ( #2500, #606, #2805 ),
 ( #922, #3119, #1246 ),
 ( #3429, #1557, #3743 ),
 ( #1873, #2601, #2185 ),
 ( #309, #2515, #626 ),
 ( #2820, #937, #3134 ),
 ( #1265, #1670, #1772 ),
 ( #3973, #2090, #208 ),
 ( #2405, #530, #2716 ),
 ( #831, #3035, #1155 ),
 ( #3343, #1470, #3661 ),
 ( #1784, #3984, #2101 ),
 ( #227, #2415, #543 ),
 ( #2734, #842, #3045 ),
 ( #1171, #3360, #1480 ),
 ( #3674, #1803, #3994 ),
 ( #2109, #244, #2441 ),
 ( #553, #2749, #863 ),
 ( #3056, #1183, #3374 ),
 ( #1500, #3684, #1816 ),
 ( #4014, #2121, #253 ),
 ( #2455, #571, #2757 ),
 ( #877, #3077, #1194 ),
 ( #3383, #1515, #3701 ),
 ( #1825, #4029, #2142 ),
 ( #265, #2464, #583 ),
 ( #2777, #886, #3086 ),
 ( #1214, #3394, #1522 ),
 ( #3713, #1843, #4036 ),
 ( #2155, #284, #2476 ),
 ( #594, #2793, #904 ),
 ( #3098, #1232, #3415 ),
 ( #1536, #3729, #1859 ),
 ( #4055, #2167, #297 ),
 ( #2498, #603, #2803 ),
 ( #921, #3118, #1244 ),
 ( #3427, #1555, #3741 ) ),
 .UNSPECIFIED., .F., .F., .F. ) 
 B_SPLINE_SURFACE_WITH_KNOTS ( ( 4, 2, 2, 2, 2, 2, 2, 2, 2, 2, 2, 2, 2, 2, 2, 2, 2, 2, 2, 2, 2, 2, 2, 2, 2, 2, 2, 4 ),
 ( 3, 3 ),
 ( 0.0000000000000000000, 0.003908476631063312000, 0.005862714946594968000, 0.007816953262126624000, 0.01172542989318993600, 0.01367966820872159100, 0.01563390652425324800, 0.01954238315531656200, 0.02051950231308238800, 0.02149662147084821500, 0.02345085978637987200, 0.02540509810191152900, 0.02638221725967735500, 0.02735933641744318200, 0.03126781304850649600, 0.03322205136403814900, 0.03419917052180397600, 0.03517628967956981000, 0.03908476631063312300, 0.04103900462616477700, 0.04299324294169643000, 0.04690171957275974400, 0.04885595788829140400, 0.05081019620382305800, 0.05276443451935471100, 0.05471867283488636400, 0.05862714946594967800, 0.06253562609701299200 ),
 ( 0.0000000000000000000, 1.000000000000000000 ),
 .UNSPECIFIED. ) 
 GEOMETRIC_REPRESENTATION_ITEM ( )  RATIONAL_B_SPLINE_SURFACE ( (
 ( 1.000000000000000000, 0.6875268132357284000, 1.000000000000000000),
 ( 1.000000000000000000, 0.6872366608867767100, 1.000000000000000000),
 ( 1.000000000000000000, 0.6872223958682087700, 1.000000000000000000),
 ( 1.000000000000000000, 0.6875961432615732600, 1.000000000000000000),
 ( 1.000000000000000000, 0.6877862562708384500, 1.000000000000000000),
 ( 1.000000000000000000, 0.6882885817794909300, 1.000000000000000000),
 ( 1.000000000000000000, 0.6886023514206485200, 1.000000000000000000),
 ( 1.000000000000000000, 0.6896809815535825900, 1.000000000000000000),
 ( 1.000000000000000000, 0.6905855273065836200, 1.000000000000000000),
 ( 1.000000000000000000, 0.6920953734553797500, 1.000000000000000000),
 ( 1.000000000000000000, 0.6926264352214385200, 1.000000000000000000),
 ( 1.000000000000000000, 0.6937145644076313500, 1.000000000000000000),
 ( 1.000000000000000000, 0.6942667151629314800, 1.000000000000000000),
 ( 1.000000000000000000, 0.6959255184565077400, 1.000000000000000000),
 ( 1.000000000000000000, 0.6970328312969694700, 1.000000000000000000),
 ( 1.000000000000000000, 0.6983787409552914000, 1.000000000000000000),
 ( 1.000000000000000000, 0.6986468526927959200, 1.000000000000000000),
 ( 1.000000000000000000, 0.6991740577996022900, 1.000000000000000000),
 ( 1.000000000000000000, 0.6994334464897210600, 1.000000000000000000),
 ( 1.000000000000000000, 0.7001988923855119200, 1.000000000000000000),
 ( 1.000000000000000000, 0.7006921903936922400, 1.000000000000000000),
 ( 1.000000000000000000, 0.7016456107956563500, 1.000000000000000000),
 ( 1.000000000000000000, 0.7021057527288757600, 1.000000000000000000),
 ( 1.000000000000000000, 0.7027725079082077800, 1.000000000000000000),
 ( 1.000000000000000000, 0.7029908562289652900, 1.000000000000000000),
 ( 1.000000000000000000, 0.7034200377259178800, 1.000000000000000000),
 ( 1.000000000000000000, 0.7036312445086834200, 1.000000000000000000),
 ( 1.000000000000000000, 0.7046584337425225700, 1.000000000000000000),
 ( 1.000000000000000000, 0.7053965544246221200, 1.000000000000000000),
 ( 1.000000000000000000, 0.7064093385678335000, 1.000000000000000000),
 ( 1.000000000000000000, 0.7067310983939336700, 1.000000000000000000),
 ( 1.000000000000000000, 0.7071930690928718300, 1.000000000000000000),
 ( 1.000000000000000000, 0.7073436423510395300, 1.000000000000000000),
 ( 1.000000000000000000, 0.7076351604820545500, 1.000000000000000000),
 ( 1.000000000000000000, 0.7077765457929196000, 1.000000000000000000),
 ( 1.000000000000000000, 0.7084634716309596800, 1.000000000000000000),
 ( 1.000000000000000000, 0.7089497045048391800, 1.000000000000000000),
 ( 1.000000000000000000, 0.7096104223942338900, 1.000000000000000000),
 ( 1.000000000000000000, 0.7098201163345437800, 1.000000000000000000),
 ( 1.000000000000000000, 0.7102123651360231500, 1.000000000000000000),
 ( 1.000000000000000000, 0.7103954205383538100, 1.000000000000000000),
 ( 1.000000000000000000, 0.7109116268866686500, 1.000000000000000000),
 ( 1.000000000000000000, 0.7112121892836874600, 1.000000000000000000),
 ( 1.000000000000000000, 0.7116136103356653900, 1.000000000000000000),
 ( 1.000000000000000000, 0.7117372933797990700, 1.000000000000000000),
 ( 1.000000000000000000, 0.7119661945458281000, 1.000000000000000000),
 ( 1.000000000000000000, 0.7120716372339984700, 1.000000000000000000),
 ( 1.000000000000000000, 0.7122667532383991600, 1.000000000000000000),
 ( 1.000000000000000000, 0.7123564210652680900, 1.000000000000000000),
 ( 1.000000000000000000, 0.7125214669482512500, 1.000000000000000000),
 ( 1.000000000000000000, 0.7125970614485657200, 1.000000000000000000),
 ( 1.000000000000000000, 0.7127997066687785700, 1.000000000000000000),
 ( 1.000000000000000000, 0.7129046428018855900, 1.000000000000000000),
 ( 1.000000000000000000, 0.7130634186559085000, 1.000000000000000000),
 ( 1.000000000000000000, 0.7131171581155411100, 1.000000000000000000),
 ( 1.000000000000000000, 0.7131443077351595800, 1.000000000000000000) ) ) 
 REPRESENTATION_ITEM ( '' )  SURFACE ( )  );
#15 = PERSON_AND_ORGANIZATION_ROLE ( 'creator' ) ;
#16 = DIRECTION ( 'NONE',  ( 0.0000000000000000000, 0.0000000000000000000, -1.000000000000000000 ) ) ;
#17 = AXIS2_PLACEMENT_3D ( 'NONE', #3249, #2617, #432 ) ;
#18 = EDGE_LOOP ( 'NONE', ( #2242, #1023, #23, #3410 ) ) ;
#19 = CIRCLE ( 'NONE', #1956, 19.00000000000000000 ) ;
#20 = CARTESIAN_POINT ( 'NONE',  ( -18.40819268389988400, 0.0000000000000000000, -23.62499999999999300 ) ) ;
#21 = EDGE_CURVE ( 'NONE', #2686, #2981, #1896, .T. ) ;
#22 = FACE_OUTER_BOUND ( 'NONE', #801, .T. ) ;
#23 = ORIENTED_EDGE ( 'NONE', *, *, #2653, .F. ) ;
#24 = DATE_AND_TIME ( #844, #1693 ) ;
#25 = ORIENTED_EDGE ( 'NONE', *, *, #7, .F. ) ;
#26 = EDGE_LOOP ( 'NONE', ( #2279, #182, #69, #3458 ) ) ;
#27 = CC_DESIGN_SECURITY_CLASSIFICATION ( #3884, ( #4075 ) ) ;
#28 = CARTESIAN_POINT ( 'NONE',  ( -2.721240097038940800, 18.13816930062023800, 79.42923404116754700 ) ) ;
#29 = CARTESIAN_POINT ( 'NONE',  ( -18.06527610002342500, 55.96876310730819200, -1.607832314061710600 ) ) ;
#30 = TOROIDAL_SURFACE ( 'NONE', #189, 7.124999999999985800, 20.00000000000000000 ) ;
#31 = CARTESIAN_POINT ( 'NONE',  ( -14.56544873326140900, 56.00352519676783200, -10.13226932228496200 ) ) ;
#32 = ORIENTED_EDGE ( 'NONE', *, *, #3646, .T. ) ;
#33 = VERTEX_POINT ( 'NONE', #669 ) ;
#34 = SHAPE_DEFINITION_REPRESENTATION ( #1233, #3971 ) ;
#35 = VERTEX_POINT ( 'NONE', #2235 ) ;
#36 = DIRECTION ( 'NONE',  ( -1.000000000000000000, -0.0000000000000000000, -0.0000000000000000000 ) ) ;
#37 = VERTEX_POINT ( 'NONE', #3811 ) ;
#38 = VERTEX_POINT ( 'NONE', #3484 ) ;
#39 = AXIS2_PLACEMENT_3D ( 'NONE', #384, #3822, #690 ) ;
#40 = CYLINDRICAL_SURFACE ( 'NONE', #3361, 22.79499999999999500 ) ;
#41 =( GEOMETRIC_REPRESENTATION_CONTEXT ( 3 ) GLOBAL_UNCERTAINTY_ASSIGNED_CONTEXT ( ( #1471 ) ) GLOBAL_UNIT_ASSIGNED_CONTEXT ( ( #2648, #767, #2959 ) ) REPRESENTATION_CONTEXT ( 'NONE', 'WORKASPACE' ) );
#42 = FACE_OUTER_BOUND ( 'NONE', #261, .T. ) ;
#43 = CARTESIAN_POINT ( 'NONE',  ( 2.268599068580898800, 18.13816930062024100, 77.93843923861405200 ) ) ;
#44 = DIRECTION ( 'NONE',  ( 0.0000000000000000000, 0.0000000000000000000, -1.000000000000000000 ) ) ;
#45 = CARTESIAN_POINT ( 'NONE',  ( 8.062274709031095600, 19.19331108356914200, 76.65601825484222300 ) ) ;
#46 = DIRECTION ( 'NONE',  ( 1.000000000000000000, 0.0000000000000000000, 0.0000000000000000000 ) ) ;
#47 = CYLINDRICAL_SURFACE ( 'NONE', #1514, 27.87499999999998600 ) ;
#48 = CARTESIAN_POINT ( 'NONE',  ( -40.35930008502347700, 0.0000000000000000000, 0.0000000000000000000 ) ) ;
#49 = AXIS2_PLACEMENT_3D ( 'NONE', #2631, #742, #2946 ) ;
#50 = PERSON_AND_ORGANIZATION_ROLE ( 'classification_officer' ) ;
#51 = DIRECTION ( 'NONE',  ( -0.0000000000000000000, 0.0000000000000000000, -1.000000000000000000 ) ) ;
#52 = LOCAL_TIME ( 8, 11, 46.00000000000000000, #874 ) ;
#53 = EDGE_CURVE ( 'NONE', #4058, #2280, #435, .T. ) ;
#54 = CARTESIAN_POINT ( 'NONE',  ( 7.069823739491337900, 19.19278306278409500, 76.74310073883368900 ) ) ;
#55 = DIRECTION ( 'NONE',  ( 0.0000000000000000000, 0.0000000000000000000, 1.000000000000000000 ) ) ;
#56 = DIRECTION ( 'NONE',  ( -0.0000000000000000000, -0.0000000000000000000, 1.000000000000000000 ) ) ;
#57 = DIRECTION ( 'NONE',  ( 1.000000000000000000, -0.0000000000000000000, -0.0000000000000000000 ) ) ;
#58 = CARTESIAN_POINT ( 'NONE',  ( -48.55504382660144800, 0.0000000000000000000, 0.0000000000000000000 ) ) ;
#59 = EDGE_CURVE ( 'NONE', #1446, #2299, #2843, .T. ) ;
#60 = AXIS2_PLACEMENT_3D ( 'NONE', #3569, #1102, #2955 ) ;
#61 = FACE_OUTER_BOUND ( 'NONE', #3805, .T. ) ;
#62 = CARTESIAN_POINT ( 'NONE',  ( -9.240711382402039900, 56.05641323287427000, -10.63226932228494800 ) ) ;
#63 = CARTESIAN_POINT ( 'NONE',  ( 27.23550017279108500, 18.13816930062021300, 87.28312467206117700 ) ) ;
#64 = DIRECTION ( 'NONE',  ( 0.0000000000000000000, 0.0000000000000000000, 1.000000000000000000 ) ) ;
#65 = CARTESIAN_POINT ( 'NONE',  ( 15.56309201378461700, 19.18686987481705600, 77.77867584326656900 ) ) ;
#66 = CARTESIAN_POINT ( 'NONE',  ( 2.969211727161856100, 19.18766671354504500, 77.63252788325395700 ) ) ;
#67 = DIRECTION ( 'NONE',  ( -3.494407001967670000E-015, -3.494407001967670000E-015, 1.000000000000000000 ) ) ;
#68 = LINE ( 'NONE', #2818, #2667 ) ;
#69 = ORIENTED_EDGE ( 'NONE', *, *, #102, .T. ) ;
#70 = ORIENTED_EDGE ( 'NONE', *, *, #3206, .T. ) ;
#71 = FACE_OUTER_BOUND ( 'NONE', #958, .T. ) ;
#72 = ORIENTED_EDGE ( 'NONE', *, *, #3941, .F. ) ;
#73 = EDGE_CURVE ( 'NONE', #2976, #3061, #2098, .T. ) ;
#74 = VERTEX_POINT ( 'NONE', #1930 ) ;
#75 = APPROVAL_PERSON_ORGANIZATION ( #901, #507, #884 ) ;
#76 = VERTEX_POINT ( 'NONE', #1311 ) ;
#77 = ORIENTED_EDGE ( 'NONE', *, *, #1736, .T. ) ;
#78 = ORIENTED_EDGE ( 'NONE', *, *, #3628, .F. ) ;
#79 = ORIENTED_EDGE ( 'NONE', *, *, #3779, .T. ) ;
#80 = DIRECTION ( 'NONE',  ( 0.0000000000000000000, 0.0000000000000000000, 1.000000000000000000 ) ) ;
#81 = CARTESIAN_POINT ( 'NONE',  ( 16.18303456043349800, 56.30893498273457000, -1.607832314061710600 ) ) ;
#82 = EDGE_CURVE ( 'NONE', #1845, #699, #2009, .T. ) ;
#83 = LINE ( 'NONE', #3959, #910 ) ;
#84 = DIRECTION ( 'NONE',  ( -0.9999506762177210500, -0.009932025559894206200, 0.0000000000000000000 ) ) ;
#85 = DIRECTION ( 'NONE',  ( 0.0000000000000000000, 0.0000000000000000000, -1.000000000000000000 ) ) ;
#86 = CARTESIAN_POINT ( 'NONE',  ( 9.058385992382248700, -5.491830699379813800, 95.66773067771497100 ) ) ;
#87 = CIRCLE ( 'NONE', #1708, 26.68795201467610000 ) ;
#88 = AXIS2_PLACEMENT_3D ( 'NONE', #1615, #1924, #51 ) ;
#89 = LINE ( 'NONE', #305, #1662 ) ;
#90 = PRODUCT_RELATED_PRODUCT_CATEGORY ( 'detail', '', ( #3019 ) ) ;
#91 = ORIENTED_EDGE ( 'NONE', *, *, #2701, .F. ) ;
#92 = ORIENTED_EDGE ( 'NONE', *, *, #1037, .F. ) ;
#93 = DIRECTION ( 'NONE',  ( 0.0000000000000000000, 0.0000000000000000000, -1.000000000000000000 ) ) ;
#94 = DIRECTION ( 'NONE',  ( 0.0000000000000000000, 0.0000000000000000000, 1.000000000000000000 ) ) ;
#95 = CALENDAR_DATE ( 2017, 28, 6 ) ;
#96 = CARTESIAN_POINT ( 'NONE',  ( 18.99999999999999600, 38.10000000000000100, -26.00000000000000000 ) ) ;
#97 = DIRECTION ( 'NONE',  ( 0.0000000000000000000, -1.000000000000000000, -3.491481338843133400E-015 ) ) ;
#98 = AXIS2_PLACEMENT_3D ( 'NONE', #1477, #858, #237 ) ;
#99 = DATE_AND_TIME ( #929, #1769 ) ;
#100 = DIRECTION ( 'NONE',  ( -3.511882195144949800E-015, -3.511882195144949800E-015, 1.000000000000000000 ) ) ;
#101 = DIRECTION ( 'NONE',  ( -1.000000000000000000, -0.0000000000000000000, -0.0000000000000000000 ) ) ;
#102 = EDGE_CURVE ( 'NONE', #1750, #175, #3667, .T. ) ;
#103 = PRODUCT_RELATED_PRODUCT_CATEGORY ( 'detail', '', ( #2309 ) ) ;
#104 = CARTESIAN_POINT ( 'NONE',  ( 0.0000000000000000000, 38.10000000000000100, 0.0000000000000000000 ) ) ;
#105 = CARTESIAN_POINT ( 'NONE',  ( 9.846033435421615500, 18.13816930062010600, 115.6866749521190900 ) ) ;
#106 = CARTESIAN_POINT ( 'NONE',  ( 9.058385992382248700, 56.23816930062032800, 31.56773067771505100 ) ) ;
#107 = CARTESIAN_POINT ( 'NONE',  ( 6.965162568286553200, 18.13816930062024800, 75.75009350007640300 ) ) ;
#108 = DIRECTION ( 'NONE',  ( 0.0000000000000000000, 0.0000000000000000000, -1.000000000000000000 ) ) ;
#109 = AXIS2_PLACEMENT_3D ( 'NONE', #2809, #928, #3126 ) ;
#110 = AXIS2_PLACEMENT_3D ( 'NONE', #2210, #339, #2530 ) ;
#111 = VECTOR ( 'NONE', #3542, 1000.000000000000000 ) ;
#112 = ORIENTED_EDGE ( 'NONE', *, *, #1812, .F. ) ;
#113 = CIRCLE ( 'NONE', #2587, 18.29999999999999000 ) ;
#114 = CARTESIAN_POINT ( 'NONE',  ( 35.24209444914326600, 56.49823938990615300, -8.132269322284946300 ) ) ;
#115 = CARTESIAN_POINT ( 'NONE',  ( 3.055449257998734700, 18.13816930062467800, 113.7139168697895700 ) ) ;
#116 = EDGE_CURVE ( 'NONE', #3648, #1594, #1169, .T. ) ;
#117 = CIRCLE ( 'NONE', #1082, 26.18499999999999500 ) ;
#118 = CARTESIAN_POINT ( 'NONE',  ( -29.72930008502348500, 23.71000000000000100, 0.0000000000000000000 ) ) ;
#119 = ORIENTED_EDGE ( 'NONE', *, *, #2089, .T. ) ;
#120 = APPROVAL_DATE_TIME ( #952, #9 ) ;
#121 = VERTEX_POINT ( 'NONE', #1010 ) ;
#122 = EDGE_LOOP ( 'NONE', ( #3262, #2919, #575, #274, #757 ) ) ;
#123 = FACE_OUTER_BOUND ( 'NONE', #2232, .T. ) ;
#124 = ORIENTED_EDGE ( 'NONE', *, *, #353, .F. ) ;
#125 = DIRECTION ( 'NONE',  ( -0.9659258262890678700, 0.0000000000000000000, 0.2588190451025220700 ) ) ;
#126 = ORIENTED_EDGE ( 'NONE', *, *, #1571, .F. ) ;
#127 = EDGE_CURVE ( 'NONE', #2976, #1206, #344, .T. ) ;
#128 = ORIENTED_EDGE ( 'NONE', *, *, #1466, .T. ) ;
#129 = ORIENTED_EDGE ( 'NONE', *, *, #3342, .F. ) ;
#130 = FACE_OUTER_BOUND ( 'NONE', #2211, .T. ) ;
#131 = DIRECTION ( 'NONE',  ( 0.0000000000000000000, 0.0000000000000000000, 1.000000000000000000 ) ) ;
#132 = ADVANCED_FACE ( 'NONE', ( #2739 ), #242, .T. ) ;
#133 = CARTESIAN_POINT ( 'NONE',  ( -0.3458881725504578400, 19.12249848157938500, 112.1798397066228100 ) ) ;
#134 = EDGE_CURVE ( 'NONE', #1150, #1795, #1117, .T. ) ;
#135 = AXIS2_PLACEMENT_3D ( 'NONE', #3893, #1710, #1386 ) ;
#136 = CIRCLE ( 'NONE', #1776, 16.05999999999999200 ) ;
#137 = CARTESIAN_POINT ( 'NONE',  ( -10.39065466005241400, 56.04499140348038100, 17.68773067771506300 ) ) ;
#138 = VECTOR ( 'NONE', #3887, 1000.000000000000000 ) ;
#139 = DIRECTION ( 'NONE',  ( -0.0000000000000000000, -0.0000000000000000000, 1.000000000000000000 ) ) ;
#140 = ORGANIZATION ( 'NAUO-ORG4', 'UNSPECIFIED', 'UNSPECIFIED' ) ;
#141 = CALENDAR_DATE ( 2017, 28, 6 ) ;
#142 = CARTESIAN_POINT ( 'NONE',  ( -22.77439587576796100, 3.268331501057124200E-015, -26.68795201467610000 ) ) ;
#143 = CARTESIAN_POINT ( 'NONE',  ( -5.489440101132703200, 18.13816930062012700, 109.4443118954350900 ) ) ;
#144 = CARTESIAN_POINT ( 'NONE',  ( 9.058385992382248700, 56.23816930062032800, -86.69911626417898300 ) ) ;
#145 = AXIS2_PLACEMENT_3D ( 'NONE', #3388, #1208, #881 ) ;
#146 = ORIENTED_EDGE ( 'NONE', *, *, #2027, .T. ) ;
#147 = CARTESIAN_POINT ( 'NONE',  ( 35.18209740857019300, 56.49764346837256600, 31.31773067771506500 ) ) ;
#148 = CARTESIAN_POINT ( 'NONE',  ( 9.058385992382248700, 56.23816930062032800, -6.340410893580783000 ) ) ;
#149 = EDGE_CURVE ( 'NONE', #4063, #2679, #1073, .T. ) ;
#150 = ADVANCED_FACE ( 'NONE', ( #1909, #3570 ), #3538, .T. ) ;
#151 = ORIENTED_EDGE ( 'NONE', *, *, #2112, .F. ) ;
#152 = CARTESIAN_POINT ( 'NONE',  ( 4.632077679344190500, 18.13816930062011000, 115.2071929265223000 ) ) ;
#153 = CARTESIAN_POINT ( 'NONE',  ( -7.358572223686008900, 18.13816930062014200, 105.2629555862932000 ) ) ;
#154 = DIRECTION ( 'NONE',  ( 0.0000000000000000000, 0.0000000000000000000, -1.000000000000000000 ) ) ;
#155 = DIRECTION ( 'NONE',  ( 0.0000000000000000000, 0.0000000000000000000, 1.000000000000000000 ) ) ;
#156 = LINE ( 'NONE', #1345, #3487 ) ;
#157 = DIRECTION ( 'NONE',  ( 0.7071067811865573400, 8.659560562355053700E-017, -0.7071067811865378000 ) ) ;
#158 = CC_DESIGN_PERSON_AND_ORGANIZATION_ASSIGNMENT ( #1175, #637, ( #2309 ) ) ;
#159 = CARTESIAN_POINT ( 'NONE',  ( 0.0000000000000000000, -1.890986293117441100E-013, 54.15999999999999700 ) ) ;
#160 = CARTESIAN_POINT ( 'NONE',  ( 9.058385992382248700, -17.43543385270768900, 95.66773067771492800 ) ) ;
#161 = CONICAL_SURFACE ( 'NONE', #1218, 23.62499999999999300, 0.7853981633974657100 ) ;
#162 = ORIENTED_EDGE ( 'NONE', *, *, #3776, .F. ) ;
#163 = ORIENTED_EDGE ( 'NONE', *, *, #207, .T. ) ;
#164 = FACE_OUTER_BOUND ( 'NONE', #1062, .T. ) ;
#165 = DIRECTION ( 'NONE',  ( 0.0000000000000000000, 0.0000000000000000000, 1.000000000000000000 ) ) ;
#166 = ORIENTED_EDGE ( 'NONE', *, *, #1052, .F. ) ;
#167 = ORIENTED_EDGE ( 'NONE', *, *, #2230, .F. ) ;
#168 = CALENDAR_DATE ( 2017, 28, 6 ) ;
#169 = ADVANCED_FACE ( 'NONE', ( #1807 ), #2554, .F. ) ;
#170 = CARTESIAN_POINT ( 'NONE',  ( -7.868953421861824900, 18.13816930062014500, 106.3297281831721100 ) ) ;
#171 = ORIENTED_EDGE ( 'NONE', *, *, #1974, .T. ) ;
#172 = CARTESIAN_POINT ( 'NONE',  ( -9.264717628292695300, 19.13205983424406800, 100.6922924982294600 ) ) ;
#173 = CARTESIAN_POINT ( 'NONE',  ( 11.15146119027423100, 18.13816930062010600, 115.5492822499632300 ) ) ;
#174 = AXIS2_PLACEMENT_3D ( 'NONE', #1313, #57, #672 ) ;
#175 = VERTEX_POINT ( 'NONE', #1684 ) ;
#176 = VERTEX_POINT ( 'NONE', #3876 ) ;
#177 = ORIENTED_EDGE ( 'NONE', *, *, #961, .F. ) ;
#178 = LINE ( 'NONE', #1527, #810 ) ;
#179 = DIRECTION ( 'NONE',  ( -0.0000000000000000000, -1.000000000000000000, -3.491481338843133400E-015 ) ) ;
#180 = DIRECTION ( 'NONE',  ( 0.0000000000000000000, -1.000000000000000000, -3.491481338843133400E-015 ) ) ;
#181 = DIRECTION ( 'NONE',  ( 0.0000000000000000000, 0.0000000000000000000, 1.000000000000000000 ) ) ;
#182 = ORIENTED_EDGE ( 'NONE', *, *, #2867, .F. ) ;
#183 = ORIENTED_EDGE ( 'NONE', *, *, #3350, .T. ) ;
#184 = CC_DESIGN_APPROVAL ( #4040, ( #3405 ) ) ;
#185 = FACE_OUTER_BOUND ( 'NONE', #2713, .T. ) ;
#186 = FACE_OUTER_BOUND ( 'NONE', #1922, .T. ) ;
#187 = CARTESIAN_POINT ( 'NONE',  ( -10.64211484557412700, 18.13816930062018800, 92.18959430684796500 ) ) ;
#188 = EDGE_CURVE ( 'NONE', #1331, #3962, #2641, .T. ) ;
#189 = AXIS2_PLACEMENT_3D ( 'NONE', #778, #2347, #3603 ) ;
#190 = ORIENTED_EDGE ( 'NONE', *, *, #1143, .F. ) ;
#191 = AXIS2_PLACEMENT_3D ( 'NONE', #3463, #1584, #3778 ) ;
#192 = ITEM_DEFINED_TRANSFORMATION ( 'NONE', 'NONE', #2349,  #870 ) ;
#193 = DIRECTION ( 'NONE',  ( 0.0000000000000000000, -1.000000000000000000, -3.491481338843133400E-015 ) ) ;
#194 = UNCERTAINTY_MEASURE_WITH_UNIT (LENGTH_MEASURE( 1.000000000000000100E-005 ), #2980, 'distance_accuracy_value', 'NONE');
#195 = DIRECTION ( 'NONE',  ( 0.9945070982098257500, 3.654503947945056600E-016, -0.1046691530980927000 ) ) ;
#196 = DIRECTION ( 'NONE',  ( 0.0000000000000000000, 0.0000000000000000000, -1.000000000000000000 ) ) ;
#197 = ADVANCED_FACE ( 'NONE', ( #972 ), #1715, .T. ) ;
#198 = PERSON_AND_ORGANIZATION ( #2705, #2437 ) ;
#199 = CARTESIAN_POINT ( 'NONE',  ( 9.058385992382248700, -13.24183069937982200, 95.66773067771494300 ) ) ;
#200 = CARTESIAN_POINT ( 'NONE',  ( -1.643272795661157200, 18.13816930062024100, 78.69733685198130500 ) ) ;
#201 = CARTESIAN_POINT ( 'NONE',  ( 9.058385992382248700, 56.23816930062032800, -10.63226932228494800 ) ) ;
#202 = CARTESIAN_POINT ( 'NONE',  ( 9.058385992382248700, 56.23816930062032800, 17.68773067771506300 ) ) ;
#203 = DIRECTION ( 'NONE',  ( 1.000000000000000000, 0.0000000000000000000, 0.0000000000000000000 ) ) ;
#204 = EDGE_CURVE ( 'NONE', #2284, #1545, #3371, .T. ) ;
#205 = DIRECTION ( 'NONE',  ( 0.0000000000000000000, -1.000000000000000000, -3.491481338843133400E-015 ) ) ;
#206 = VECTOR ( 'NONE', #3237, 1000.000000000000200 ) ;
#207 = EDGE_CURVE ( 'NONE', #2796, #849, #2936, .T. ) ;
#208 = CARTESIAN_POINT ( 'NONE',  ( 27.10947567032942400, 19.14797552853138600, 89.71421655245248400 ) ) ;
#209 = ADVANCED_FACE ( 'NONE', ( #3470 ), #1616, .T. ) ;
#210 = DIRECTION ( 'NONE',  ( 0.0000000000000000000, 0.0000000000000000000, -1.000000000000000000 ) ) ;
#211 = CARTESIAN_POINT ( 'NONE',  ( 14.01735959097865900, 19.12134721924384800, 114.0104263103848700 ) ) ;
#212 = FACE_OUTER_BOUND ( 'NONE', #1264, .T. ) ;
#213 = CYLINDRICAL_SURFACE ( 'NONE', #3676, 27.12499999999998600 ) ;
#214 = DIRECTION ( 'NONE',  ( 0.0000000000000000000, 0.0000000000000000000, -1.000000000000000000 ) ) ;
#215 = ORIENTED_EDGE ( 'NONE', *, *, #4071, .T. ) ;
#216 = CC_DESIGN_APPROVAL ( #9, ( #3872 ) ) ;
#217 = DIRECTION ( 'NONE',  ( 0.0000000000000000000, 0.0000000000000000000, -1.000000000000000000 ) ) ;
#218 = DIRECTION ( 'NONE',  ( -1.000000000000000000, -0.0000000000000000000, -0.0000000000000000000 ) ) ;
#219 = ORIENTED_EDGE ( 'NONE', *, *, #1076, .T. ) ;
#220 = APPROVAL_PERSON_ORGANIZATION ( #1056, #9, #3727 ) ;
#221 = VERTEX_POINT ( 'NONE', #1396 ) ;
#222 = ORIENTED_EDGE ( 'NONE', *, *, #1685, .T. ) ;
#223 = CONICAL_SURFACE ( 'NONE', #2367, 23.11499999999999500, 0.5235987755982984800 ) ;
#224 = CARTESIAN_POINT ( 'NONE',  ( 9.058385992382248700, 35.86746938564365900, 95.66773067771511300 ) ) ;
#225 = ORIENTED_EDGE ( 'NONE', *, *, #1421, .F. ) ;
#226 = ORIENTED_EDGE ( 'NONE', *, *, #340, .T. ) ;
#227 = CARTESIAN_POINT ( 'NONE',  ( 29.06025131382087400, 18.13816930062017700, 95.83864673483643100 ) ) ;
#228 = CARTESIAN_POINT ( 'NONE',  ( 9.058385992382248700, 56.23816930062032800, -86.69911626417898300 ) ) ;
#229 = ORIENTED_EDGE ( 'NONE', *, *, #1521, .F. ) ;
#230 = CARTESIAN_POINT ( 'NONE',  ( 26.14399225090872400, 19.12880575308626900, 103.9903920358619200 ) ) ;
#231 = ORIENTED_EDGE ( 'NONE', *, *, #188, .T. ) ;
#232 = CARTESIAN_POINT ( 'NONE',  ( 27.61625177427296800, 18.13816930062020600, 88.18732861103738700 ) ) ;
#233 = CYLINDRICAL_SURFACE ( 'NONE', #2048, 19.44999999999998500 ) ;
#234 = EDGE_CURVE ( 'NONE', #2738, #1442, #2453, .T. ) ;
#235 = FACE_OUTER_BOUND ( 'NONE', #1506, .T. ) ;
#236 = PLANE ( 'NONE',  #1622 ) ;
#237 = DIRECTION ( 'NONE',  ( 0.0000000000000000000, 0.0000000000000000000, 1.000000000000000000 ) ) ;
#238 = ADVANCED_FACE ( 'NONE', ( #3282 ), #679, .F. ) ;
#239 = APPROVAL ( #676, 'UNKNOWN' ) ;
#240 = ORIENTED_EDGE ( 'NONE', *, *, #3574, .F. ) ;
#241 = APPLICATION_CONTEXT ( 'configuration controlled 3d designs of mechanical parts and assemblies' ) ;
#242 = CYLINDRICAL_SURFACE ( 'NONE', #3477, 26.18499999999999500 ) ;
#243 = COORDINATED_UNIVERSAL_TIME_OFFSET ( 0, 0, .AHEAD. ) ;
#244 = CARTESIAN_POINT ( 'NONE',  ( 27.86982204517864400, 18.13816930062471400, 98.62484313373728600 ) ) ;
#245 = CARTESIAN_POINT ( 'NONE',  ( 8.321226130425746000, 18.13816930062025200, 76.67005396088116200 ) ) ;
#246 = AXIS2_PLACEMENT_3D ( 'NONE', #721, #2916, #1035 ) ;
#247 = DATE_AND_TIME ( #1078, #1914 ) ;
#248 = AXIS2_PLACEMENT_3D ( 'NONE', #3247, #2614, #2007 ) ;
#249 = CARTESIAN_POINT ( 'NONE',  ( -46.22819268389990600, 23.62499999999998900, 0.0000000000000000000 ) ) ;
#250 = CARTESIAN_POINT ( 'NONE',  ( 8.798911824630014400, 82.36188071680827200, 31.56773067771505100 ) ) ;
#251 = CARTESIAN_POINT ( 'NONE',  ( -9.649361010071263700, 19.13389569390017500, 99.02937434809560100 ) ) ;
#252 = PERSON_AND_ORGANIZATION_ROLE ( 'creator' ) ;
#253 = CARTESIAN_POINT ( 'NONE',  ( 26.42763442772367100, 19.12936617036469800, 103.3835026302812600 ) ) ;
#254 = PRODUCT_DEFINITION_SHAPE ( 'NONE', 'NONE',  #4072 ) ;
#255 = ADVANCED_FACE ( 'NONE', ( #4020 ), #47, .T. ) ;
#256 = CARTESIAN_POINT ( 'NONE',  ( 13.24828185862056000, 19.19068708316438800, 77.09663271646606100 ) ) ;
#257 = DIRECTION ( 'NONE',  ( -0.9999506762177209400, -0.009932025559894211400, 0.0000000000000000000 ) ) ;
#258 = DIRECTION ( 'NONE',  ( 0.0000000000000000000, 0.0000000000000000000, -1.000000000000000000 ) ) ;
#259 = ORIENTED_EDGE ( 'NONE', *, *, #234, .F. ) ;
#260 = FACE_OUTER_BOUND ( 'NONE', #415, .T. ) ;
#261 = EDGE_LOOP ( 'NONE', ( #3358, #2992, #1146, #2049, #2584 ) ) ;
#262 = PERSON_AND_ORGANIZATION_ROLE ( 'design_owner' ) ;
#263 = EDGE_CURVE ( 'NONE', #2722, #2491, #3187, .T. ) ;
#264 = FACE_OUTER_BOUND ( 'NONE', #3395, .T. ) ;
#265 = CARTESIAN_POINT ( 'NONE',  ( 23.75768855106419900, 18.13816930062012700, 109.2358757151775600 ) ) ;
#266 = AXIS2_PLACEMENT_3D ( 'NONE', #2368, #3934, #2159 ) ;
#267 = ORIENTED_EDGE ( 'NONE', *, *, #353, .T. ) ;
#268 = CARTESIAN_POINT ( 'NONE',  ( 19.50904895202398800, 18.13816930062023800, 78.57884054392124500 ) ) ;
#269 = ORIENTED_EDGE ( 'NONE', *, *, #520, .F. ) ;
#270 = VECTOR ( 'NONE', #3678, 1000.000000000000000 ) ;
#271 = ORIENTED_EDGE ( 'NONE', *, *, #1679, .T. ) ;
#272 = DATE_AND_TIME ( #1105, #1939 ) ;
#273 = EDGE_LOOP ( 'NONE', ( #1888, #3612, #77, #1314, #3230 ) ) ;
#274 = ORIENTED_EDGE ( 'NONE', *, *, #3014, .F. ) ;
#275 = CARTESIAN_POINT ( 'NONE',  ( -41.35930008502347700, 0.0000000000000000000, 0.0000000000000000000 ) ) ;
#276 = DIRECTION ( 'NONE',  ( 1.000000000000000000, -0.0000000000000000000, -0.0000000000000000000 ) ) ;
#277 = CARTESIAN_POINT ( 'NONE',  ( 9.058385992382250500, 19.12095759666142000, 114.6592723206341300 ) ) ;
#278 = DIRECTION ( 'NONE',  ( -0.2079014358267889100, -0.002064984227402764800, 0.9781476007338055800 ) ) ;
#279 = ADVANCED_FACE ( 'NONE', ( #1513, #773 ), #2656, .T. ) ;
#280 = ORIENTED_EDGE ( 'NONE', *, *, #1202, .T. ) ;
#281 = ORIENTED_EDGE ( 'NONE', *, *, #551, .F. ) ;
#282 = CIRCLE ( 'NONE', #687, 20.85000000000000900 ) ;
#283 = DATE_TIME_ROLE ( 'classification_date' ) ;
#284 = CARTESIAN_POINT ( 'NONE',  ( 20.25782899196628500, 18.13816930062012000, 111.0378567261612700 ) ) ;
#285 = CYLINDRICAL_SURFACE ( 'NONE', #645, 23.62500000000000000 ) ;
#286 = CARTESIAN_POINT ( 'NONE',  ( 22.83849257586970100, 18.13816930062022000, 82.54832144074045200 ) ) ;
#287 = CIRCLE ( 'NONE', #793, 20.85000000000000100 ) ;
#288 = EDGE_CURVE ( 'NONE', #699, #1845, #3920, .T. ) ;
#289 = CARTESIAN_POINT ( 'NONE',  ( -9.975496116454374700, 18.13816930062018400, 95.15715343031480700 ) ) ;
#290 = DIRECTION ( 'NONE',  ( -0.0000000000000000000, -0.0000000000000000000, 1.000000000000000000 ) ) ;
#291 = CARTESIAN_POINT ( 'NONE',  ( 9.058385992382165200, -17.43543385270777400, 119.3777306777149200 ) ) ;
#292 = ORIENTED_EDGE ( 'NONE', *, *, #968, .T. ) ;
#293 = EDGE_CURVE ( 'NONE', #4063, #3648, #2254, .T. ) ;
#294 = APPROVAL_DATE_TIME ( #1125, #528 ) ;
#295 = APPROVAL_ROLE ( '' ) ;
#296 = CARTESIAN_POINT ( 'NONE',  ( 26.15071990435056600, 18.13816930062015200, 106.1239777354746500 ) ) ;
#297 = CARTESIAN_POINT ( 'NONE',  ( 15.89659324997223400, 19.12170325375767600, 113.4292700994560600 ) ) ;
#298 = CARTESIAN_POINT ( 'NONE',  ( 24.61221674500335900, 19.15975513868227200, 84.73180125238627600 ) ) ;
#299 = AXIS2_PLACEMENT_3D ( 'NONE', #2256, #378, #2568 ) ;
#300 = PRODUCT_DEFINITION ( 'UNKNOWN', '', #1354, #1501 ) ;
#301 = CARTESIAN_POINT ( 'NONE',  ( -9.657089803677108000, 19.14316458371149200, 92.36270720377575600 ) ) ;
#302 = DIRECTION ( 'NONE',  ( 0.0000000000000000000, 0.0000000000000000000, -1.000000000000000000 ) ) ;
#303 = CARTESIAN_POINT ( 'NONE',  ( 0.0000000000000000000, -1.330254390099233700E-013, 38.10000000000000100 ) ) ;
#304 = CARTESIAN_POINT ( 'NONE',  ( -9.950013544763999500, 19.13843859335278100, 95.45027718359955300 ) ) ;
#305 = CARTESIAN_POINT ( 'NONE',  ( -20.40819268389990200, 3.206737643567343200E-015, -26.18499999999998800 ) ) ;
#306 = CARTESIAN_POINT ( 'NONE',  ( 22.85497254811589600, 18.13816930062012700, 110.1961120261173300 ) ) ;
#307 = APPROVAL_STATUS ( 'not_yet_approved' ) ;
#308 = AXIS2_PLACEMENT_3D ( 'NONE', #2410, #218, #2096 ) ;
#309 = CARTESIAN_POINT ( 'NONE',  ( 27.60714164183993400, 18.13816930062020600, 88.16469821080444500 ) ) ;
#310 = EDGE_CURVE ( 'NONE', #2299, #1446, #2348, .T. ) ;
#311 = ORIENTED_EDGE ( 'NONE', *, *, #481, .T. ) ;
#312 = LINE ( 'NONE', #408, #2523 ) ;
#313 = DIRECTION ( 'NONE',  ( 0.0000000000000000000, 0.0000000000000000000, 1.000000000000000000 ) ) ;
#314 = CC_DESIGN_SECURITY_CLASSIFICATION ( #381, ( #4072 ) ) ;
#315 = CARTESIAN_POINT ( 'NONE',  ( -9.223324204594872500, 18.13816930062020900, 87.51425139945452300 ) ) ;
#316 = CIRCLE ( 'NONE', #1526, 17.06000000000002000 ) ;
#317 = CARTESIAN_POINT ( 'NONE',  ( -54.60819268389989400, 0.0000000000000000000, 0.0000000000000000000 ) ) ;
#318 = EDGE_LOOP ( 'NONE', ( #1897, #997 ) ) ;
#319 = CARTESIAN_POINT ( 'NONE',  ( -53.30290323835134800, 2.553388576222231200E-015, -20.85000000000000100 ) ) ;
#320 = LINE ( 'NONE', #3513, #950 ) ;
#321 = APPLICATION_PROTOCOL_DEFINITION ( 'international standard', 'config_control_design', 1994, #2748 ) ;
#322 = VERTEX_POINT ( 'NONE', #3933 ) ;
#323 = CALENDAR_DATE ( 2017, 28, 6 ) ;
#324 = ORIENTED_EDGE ( 'NONE', *, *, #3014, .T. ) ;
#325 = ORIENTED_EDGE ( 'NONE', *, *, #2752, .F. ) ;
#326 = CARTESIAN_POINT ( 'NONE',  ( 9.058385992382248700, 6.138169300620177200, 95.66773067771501400 ) ) ;
#327 = AXIS2_PLACEMENT_3D ( 'NONE', #2784, #2149, #1529 ) ;
#328 = LINE ( 'NONE', #1185, #2626 ) ;
#329 = ORIENTED_EDGE ( 'NONE', *, *, #2258, .F. ) ;
#330 = AXIS2_PLACEMENT_3D ( 'NONE', #1276, #3446, #1577 ) ;
#331 = ORIENTED_EDGE ( 'NONE', *, *, #989, .T. ) ;
#332 = VERTEX_POINT ( 'NONE', #173 ) ;
#333 = ORIENTED_EDGE ( 'NONE', *, *, #82, .F. ) ;
#334 = CARTESIAN_POINT ( 'NONE',  ( -5.299088837783339800, 18.13816930062022300, 83.22837992534024900 ) ) ;
#335 = DIRECTION ( 'NONE',  ( -1.000000000000000000, 0.0000000000000000000, 0.0000000000000000000 ) ) ;
#336 = CYLINDRICAL_SURFACE ( 'NONE', #1199, 18.99999999999999600 ) ;
#337 = DIRECTION ( 'NONE',  ( 1.000000000000000000, 0.0000000000000000000, 0.0000000000000000000 ) ) ;
#338 = DIRECTION ( 'NONE',  ( -1.000000000000000000, -0.0000000000000000000, -0.0000000000000000000 ) ) ;
#339 = DIRECTION ( 'NONE',  ( -1.000000000000000000, -0.0000000000000000000, -0.0000000000000000000 ) ) ;
#340 = EDGE_CURVE ( 'NONE', #821, #1442, #582, .T. ) ;
#341 = SECURITY_CLASSIFICATION_LEVEL ( 'unclassified' ) ;
#342 = CYLINDRICAL_SURFACE ( 'NONE', #1365, 16.05999999999999900 ) ;
#343 = VERTEX_POINT ( 'NONE', #2365 ) ;
#344 = CIRCLE ( 'NONE', #2853, 19.10000000000000100 ) ;
#345 = CARTESIAN_POINT ( 'NONE',  ( 29.01731444897330500, 18.13816930062018100, 94.21678689435894700 ) ) ;
#346 = DATE_AND_TIME ( #822, #1667 ) ;
#347 = EDGE_CURVE ( 'NONE', #3562, #609, #3081, .T. ) ;
#348 = CARTESIAN_POINT ( 'NONE',  ( -2.132258792486680900, 19.17510022140909600, 80.23917688043707100 ) ) ;
#349 = DIRECTION ( 'NONE',  ( 1.000000000000000000, -0.0000000000000000000, -0.0000000000000000000 ) ) ;
#350 = PERSON_AND_ORGANIZATION ( #2705, #2437 ) ;
#351 = DIRECTION ( 'NONE',  ( 1.000000000000000000, -0.0000000000000000000, -0.0000000000000000000 ) ) ;
#352 = DIRECTION ( 'NONE',  ( 0.0000000000000000000, 0.0000000000000000000, 1.000000000000000000 ) ) ;
#353 = EDGE_CURVE ( 'NONE', #2780, #2738, #2987, .T. ) ;
#354 = AXIS2_PLACEMENT_3D ( 'NONE', #2951, #748, #2638 ) ;
#355 = SECURITY_CLASSIFICATION_LEVEL ( 'unclassified' ) ;
#356 = DIRECTION ( 'NONE',  ( 1.000000000000000000, -0.0000000000000000000, -0.0000000000000000000 ) ) ;
#357 = CARTESIAN_POINT ( 'NONE',  ( 2.505392778353336500, 18.13816930062024500, 76.73444834195532800 ) ) ;
#358 = CARTESIAN_POINT ( 'NONE',  ( 9.058385992382248700, -17.43543385270768900, 95.66773067771492800 ) ) ;
#359 = DIRECTION ( 'NONE',  ( 0.0000000000000000000, 0.0000000000000000000, -1.000000000000000000 ) ) ;
#360 =( REPRESENTATION_RELATIONSHIP ('NONE','NONE', #3979, #2608 ) REPRESENTATION_RELATIONSHIP_WITH_TRANSFORMATION ( #2014 )SHAPE_REPRESENTATION_RELATIONSHIP( ) );
#361 = VERTEX_POINT ( 'NONE', #2067 ) ;
#362 = CYLINDRICAL_SURFACE ( 'NONE', #1874, 16.05999999999999900 ) ;
#363 = EDGE_CURVE ( 'NONE', #1936, #1384, #3819, .T. ) ;
#364 = FACE_OUTER_BOUND ( 'NONE', #1059, .T. ) ;
#365 = EDGE_LOOP ( 'NONE', ( #72, #1871, #2340, #2830 ) ) ;
#366 = ORIENTED_EDGE ( 'NONE', *, *, #1389, .T. ) ;
#367 = CARTESIAN_POINT ( 'NONE',  ( 9.058385992382245200, 19.19341791940477600, 76.63855788453945200 ) ) ;
#368 = FACE_OUTER_BOUND ( 'NONE', #3413, .T. ) ;
#369 = CARTESIAN_POINT ( 'NONE',  ( -17.90819268389989100, 0.0000000000000000000, -24.12500000000000400 ) ) ;
#370 = ORIENTED_EDGE ( 'NONE', *, *, #1679, .F. ) ;
#371 = PERSON_AND_ORGANIZATION ( #2705, #2437 ) ;
#372 = CARTESIAN_POINT ( 'NONE',  ( -6.173123059142410400, 19.16111305603989500, 84.22702883509622000 ) ) ;
#373 = EDGE_LOOP ( 'NONE', ( #1158, #1999 ) ) ;
#374 = DIRECTION ( 'NONE',  ( 0.0000000000000000000, 0.0000000000000000000, 1.000000000000000000 ) ) ;
#375 = EDGE_LOOP ( 'NONE', ( #2381, #1270 ) ) ;
#376 = ORIENTED_EDGE ( 'NONE', *, *, #3457, .F. ) ;
#377 = ORIENTED_EDGE ( 'NONE', *, *, #2244, .F. ) ;
#378 = DIRECTION ( 'NONE',  ( -1.000000000000000000, -0.0000000000000000000, -0.0000000000000000000 ) ) ;
#379 = AXIS2_PLACEMENT_3D ( 'NONE', #774, #2975, #1088 ) ;
#380 = CONICAL_SURFACE ( 'NONE', #1399, 26.18499999999998800, 0.2094395102393202800 ) ;
#381 = SECURITY_CLASSIFICATION ( '', '', #1288 ) ;
#382 = FACE_OUTER_BOUND ( 'NONE', #3807, .T. ) ;
#383 = CARTESIAN_POINT ( 'NONE',  ( 9.058385992382248700, 56.23816930062032800, -8.132269322284946300 ) ) ;
#384 = CARTESIAN_POINT ( 'NONE',  ( 9.058385992382248700, 56.23816930062032800, -86.69911626417898300 ) ) ;
#385 = DIRECTION ( 'NONE',  ( 0.0000000000000000000, -1.000000000000000000, -3.491481338843133400E-015 ) ) ;
#386 = CARTESIAN_POINT ( 'NONE',  ( -17.90819268389989100, 0.0000000000000000000, 0.0000000000000000000 ) ) ;
#387 = CARTESIAN_POINT ( 'NONE',  ( 18.29564960180530500, 19.18065480201108700, 78.99480020017408300 ) ) ;
#388 = CIRCLE ( 'NONE', #3829, 22.79500000000000200 ) ;
#389 = DIRECTION ( 'NONE',  ( -0.7071067811865425800, 0.0000000000000000000, 0.7071067811865525700 ) ) ;
#390 = AXIS2_PLACEMENT_3D ( 'NONE', #1921, #3788, #1608 ) ;
#391 = DESIGN_CONTEXT ( 'detailed design', #3681, 'design' ) ;
#392 = CLOSED_SHELL ( 'NONE', ( #3418, #2462, #803, #2789, #782, #1414, #3005, #255, #2758, #865, #3642, #3607, #2102, #2719, #3625, #169, #132, #1700, #3565, #905, #3375, #3938, #2053, #4026, #2974, #3999, #3895, #3334, #4037, #3664, #2013, #1444, #584, #1096, #1180, #1079, #500, #1467, #3285, #3071, #2374, #2165, #238, #2662, #3703, #197, #1063, #3982, #458, #1511, #2065, #1226, #526, #2997, #3087, #3960 ) ) ;
#393 = DATE_AND_TIME ( #1228, #2061 ) ;
#394 = CC_DESIGN_SECURITY_CLASSIFICATION ( #3405, ( #2362 ) ) ;
#395 = CARTESIAN_POINT ( 'NONE',  ( -49.10930008502348400, 0.0000000000000000000, 0.0000000000000000000 ) ) ;
#396 = DIRECTION ( 'NONE',  ( 0.9999506762177210500, 0.009932025559894126400, 0.0000000000000000000 ) ) ;
#397 = DIRECTION ( 'NONE',  ( -1.000000000000000000, 0.0000000000000000000, 0.0000000000000000000 ) ) ;
#398 = CARTESIAN_POINT ( 'NONE',  ( 58.15865425799412900, 1.966782759430647800E-015, 16.05999999999998800 ) ) ;
#399 = EDGE_CURVE ( 'NONE', #1706, #1537, #2147, .T. ) ;
#400 = AXIS2_PLACEMENT_3D ( 'NONE', #2062, #179, #2371 ) ;
#401 = AXIS2_PLACEMENT_3D ( 'NONE', #2220, #351, #2548 ) ;
#402 = VERTEX_POINT ( 'NONE', #1131 ) ;
#403 = ORIENTED_EDGE ( 'NONE', *, *, #829, .F. ) ;
#404 = DIRECTION ( 'NONE',  ( 1.000000000000000000, -0.0000000000000000000, -0.0000000000000000000 ) ) ;
#405 = CIRCLE ( 'NONE', #2010, 27.12499999999998600 ) ;
#406 = CARTESIAN_POINT ( 'NONE',  ( 11.15146119027423100, 18.13816930062010600, 115.5492822499632400 ) ) ;
#407 = CARTESIAN_POINT ( 'NONE',  ( 9.391627246453806400, 19.12095759666141600, 114.6592723206341200 ) ) ;
#408 = CARTESIAN_POINT ( 'NONE',  ( -18.99999999999999600, 38.10000000000000100, -26.00000000000000000 ) ) ;
#409 = CIRCLE ( 'NONE', #924, 23.11499999999999800 ) ;
#410 = VERTEX_POINT ( 'NONE', #1768 ) ;
#411 = CARTESIAN_POINT ( 'NONE',  ( 35.24209444914326600, 56.49823938990615300, -86.69911626417898300 ) ) ;
#412 = FACE_OUTER_BOUND ( 'NONE', #3220, .T. ) ;
#413 = ORIENTED_EDGE ( 'NONE', *, *, #3414, .T. ) ;
#414 = EDGE_CURVE ( 'NONE', #1795, #2686, #1162, .T. ) ;
#415 = EDGE_LOOP ( 'NONE', ( #1355, #846 ) ) ;
#416 = DATE_AND_TIME ( #1262, #2083 ) ;
#417 = ORIENTED_EDGE ( 'NONE', *, *, #1764, .F. ) ;
#418 = VERTEX_POINT ( 'NONE', #1775 ) ;
#419 = DIRECTION ( 'NONE',  ( 0.0000000000000000000, 0.0000000000000000000, -1.000000000000000000 ) ) ;
#420 = EDGE_LOOP ( 'NONE', ( #2682, #2776 ) ) ;
#421 = DIRECTION ( 'NONE',  ( -1.000000000000000000, 0.0000000000000000000, 0.0000000000000000000 ) ) ;
#422 = VERTEX_POINT ( 'NONE', #2885 ) ;
#423 = CARTESIAN_POINT ( 'NONE',  ( 9.806651061890638800, 19.12094187438097100, 114.6854458185885100 ) ) ;
#424 = DIRECTION ( 'NONE',  ( 1.000000000000000000, 0.0000000000000000000, 0.0000000000000000000 ) ) ;
#425 = EDGE_CURVE ( 'NONE', #2184, #3913, #2891, .T. ) ;
#426 = DIRECTION ( 'NONE',  ( -3.494407001967670000E-015, -3.494407001967670000E-015, 1.000000000000000000 ) ) ;
#427 = ORIENTED_EDGE ( 'NONE', *, *, #3040, .T. ) ;
#428 = DIRECTION ( 'NONE',  ( 0.0000000000000000000, 0.0000000000000000000, 1.000000000000000000 ) ) ;
#429 = EDGE_LOOP ( 'NONE', ( #1745, #2825, #2046, #3842 ) ) ;
#430 = CYLINDRICAL_SURFACE ( 'NONE', #776, 16.05999999999999900 ) ;
#431 = CARTESIAN_POINT ( 'NONE',  ( 58.15865425799412900, 3.199389762772458500E-015, 26.12499999999998600 ) ) ;
#432 = DIRECTION ( 'NONE',  ( -3.491481338843133400E-015, -3.491481338843133400E-015, 1.000000000000000000 ) ) ;
#433 = CIRCLE ( 'NONE', #3533, 19.44999999999998500 ) ;
#434 = CC_DESIGN_PERSON_AND_ORGANIZATION_ASSIGNMENT ( #3351, #1856, ( #3872 ) ) ;
#435 = CIRCLE ( 'NONE', #1588, 27.87499999999998600 ) ;
#436 = CARTESIAN_POINT ( 'NONE',  ( 9.058385992382248700, 56.23816930062032800, 31.56773067771505100 ) ) ;
#437 = CARTESIAN_POINT ( 'NONE',  ( 2.118912500671090300, 18.13816930062011000, 114.4279045840442600 ) ) ;
#438 = DIRECTION ( 'NONE',  ( -3.494407001967670000E-015, -3.494407001967670000E-015, 1.000000000000000000 ) ) ;
#439 = PERSON_AND_ORGANIZATION ( #1997, #1282 ) ;
#440 = CARTESIAN_POINT ( 'NONE',  ( 24.16111804084803800, 19.16155711626431200, 84.10373548568375700 ) ) ;
#441 = CARTESIAN_POINT ( 'NONE',  ( 9.058385992382248700, 56.23816930062032800, -86.69911626417898300 ) ) ;
#442 = AXIS2_PLACEMENT_3D ( 'NONE', #2308, #1994, #3564 ) ;
#443 = CARTESIAN_POINT ( 'NONE',  ( 11.80455875324954300, 18.13816930062010600, 115.4805455170328200 ) ) ;
#444 = LOCAL_TIME ( 8, 11, 46.00000000000000000, #1286 ) ;
#445 = DIRECTION ( 'NONE',  ( 0.0000000000000000000, 0.0000000000000000000, 1.000000000000000000 ) ) ;
#446 = CARTESIAN_POINT ( 'NONE',  ( -60.10819268389990100, 3.199389762772458500E-015, 26.12499999999998600 ) ) ;
#447 = EDGE_CURVE ( 'NONE', #1790, #35, #486, .T. ) ;
#448 = ADVANCED_FACE ( 'NONE', ( #1327 ), #3620, .F. ) ;
#449 = CC_DESIGN_APPROVAL ( #239, ( #3884 ) ) ;
#450 = DIRECTION ( 'NONE',  ( -0.9999506762177210500, -0.009932025559894029300, 0.0000000000000000000 ) ) ;
#451 = CARTESIAN_POINT ( 'NONE',  ( -0.8868886285821979700, 18.13816930062352700, 111.8778105078848500 ) ) ;
#452 = CARTESIAN_POINT ( 'NONE',  ( -26.93262969212313600, 0.0000000000000000000, 0.0000000000000000000 ) ) ;
#453 = AXIS2_PLACEMENT_3D ( 'NONE', #2592, #701, #80 ) ;
#454 = AXIS2_PLACEMENT_3D ( 'NONE', #3578, #1707, #3889 ) ;
#455 = CARTESIAN_POINT ( 'NONE',  ( 9.058385992382325100, -5.491830699379733900, 72.87273067771496900 ) ) ;
#456 = CARTESIAN_POINT ( 'NONE',  ( 9.058385992382191900, -4.491830699379869800, 111.7277306777149600 ) ) ;
#457 = FACE_OUTER_BOUND ( 'NONE', #2397, .T. ) ;
#458 = ADVANCED_FACE ( 'NONE', ( #3712, #2791 ), #2238, .F. ) ;
#459 = CARTESIAN_POINT ( 'NONE',  ( 27.35748336716653400, 56.41992536836638500, -10.63226932228494800 ) ) ;
#460 = CARTESIAN_POINT ( 'NONE',  ( -4.762048796415586900, 19.12487000607816900, 108.7551294165335200 ) ) ;
#461 = DIRECTION ( 'NONE',  ( 0.0000000000000000000, 0.0000000000000000000, -1.000000000000000000 ) ) ;
#462 = AXIS2_PLACEMENT_3D ( 'NONE', #452, #2644, #762 ) ;
#463 = TOROIDAL_SURFACE ( 'NONE', #3601, 21.49999999999999600, 2.500000000000000000 ) ;
#464 = EDGE_LOOP ( 'NONE', ( #2384, #2922 ) ) ;
#465 = CALENDAR_DATE ( 2017, 28, 6 ) ;
#466 = ORIENTED_EDGE ( 'NONE', *, *, #3000, .T. ) ;
#467 =( NAMED_UNIT ( * ) PLANE_ANGLE_UNIT ( ) SI_UNIT ( $, .RADIAN. ) );
#468 = CYLINDRICAL_SURFACE ( 'NONE', #1872, 26.12499999999998600 ) ;
#469 = DIRECTION ( 'NONE',  ( 0.0000000000000000000, 0.0000000000000000000, -1.000000000000000000 ) ) ;
#470 = ORIENTED_EDGE ( 'NONE', *, *, #53, .T. ) ;
#471 = DIRECTION ( 'NONE',  ( 0.0000000000000000000, 0.0000000000000000000, -1.000000000000000000 ) ) ;
#472 = LOCAL_TIME ( 8, 11, 46.00000000000000000, #1315 ) ;
#473 = ORIENTED_EDGE ( 'NONE', *, *, #1541, .T. ) ;
#474 = EDGE_LOOP ( 'NONE', ( #370, #2493, #1741, #2282 ) ) ;
#475 = ORIENTED_EDGE ( 'NONE', *, *, #2701, .T. ) ;
#476 = DIRECTION ( 'NONE',  ( -1.000000000000000000, -0.0000000000000000000, -0.0000000000000000000 ) ) ;
#477 = ORIENTED_EDGE ( 'NONE', *, *, #938, .F. ) ;
#478 = FACE_OUTER_BOUND ( 'NONE', #1153, .T. ) ;
#479 = CARTESIAN_POINT ( 'NONE',  ( 2.118912500623308900, 18.13816930062011300, 114.4279045841333400 ) ) ;
#480 = CARTESIAN_POINT ( 'NONE',  ( -9.149430680631391900, 18.13816930062014500, 104.0350204119742300 ) ) ;
#481 = EDGE_CURVE ( 'NONE', #1747, #610, #388, .T. ) ;
#482 = AXIS2_PLACEMENT_3D ( 'NONE', #1235, #2216, #1917 ) ;
#483 = VECTOR ( 'NONE', #3591, 1000.000000000000000 ) ;
#484 = CARTESIAN_POINT ( 'NONE',  ( 9.058385992382248700, 56.23816930062032800, -28.54046200618484600 ) ) ;
#485 = CARTESIAN_POINT ( 'NONE',  ( 9.058385992382248700, 56.23816930062032800, 57.56773067771505500 ) ) ;
#486 = CIRCLE ( 'NONE', #3617, 17.06000000000002000 ) ;
#487 = DIRECTION ( 'NONE',  ( 0.0000000000000000000, 0.0000000000000000000, -1.000000000000000000 ) ) ;
#488 = DIRECTION ( 'NONE',  ( 0.0000000000000000000, 0.0000000000000000000, 1.000000000000000000 ) ) ;
#489 = ADVANCED_FACE ( 'NONE', ( #1959 ), #1857, .F. ) ;
#490 = VERTEX_POINT ( 'NONE', #31 ) ;
#491 = CARTESIAN_POINT ( 'NONE',  ( -9.149430680469148300, 18.13816930062015200, 104.0350204119104400 ) ) ;
#492 = CARTESIAN_POINT ( 'NONE',  ( -9.425633167517485600, 18.13816930062015900, 100.0883587766252300 ) ) ;
#493 = CARTESIAN_POINT ( 'NONE',  ( -57.10819268389989400, 0.0000000000000000000, 0.0000000000000000000 ) ) ;
#494 = CARTESIAN_POINT ( 'NONE',  ( 9.058385992382302000, -17.43543385270763200, 79.60773067771492600 ) ) ;
#495 = DIRECTION ( 'NONE',  ( 1.000000000000000000, 0.0000000000000000000, 0.0000000000000000000 ) ) ;
#496 = DIRECTION ( 'NONE',  ( 1.000000000000000000, -0.0000000000000000000, -0.0000000000000000000 ) ) ;
#497 = EDGE_CURVE ( 'NONE', #74, #1359, #2690, .T. ) ;
#498 = DIRECTION ( 'NONE',  ( 3.456485132705968800E-015, 3.510492712904499400E-015, -1.000000000000000000 ) ) ;
#499 = EDGE_CURVE ( 'NONE', #2225, #2358, #287, .T. ) ;
#500 = ADVANCED_FACE ( 'NONE', ( #2056 ), #1758, .T. ) ;
#501 = CARTESIAN_POINT ( 'NONE',  ( -10.14720608327815800, 18.13816930062019800, 89.95888889674198200 ) ) ;
#502 = CARTESIAN_POINT ( 'NONE',  ( 9.058385992382248700, 56.23816930062032800, -10.63226932228495500 ) ) ;
#503 = PRODUCT_DEFINITION_SHAPE ( 'NONE', 'NONE',  #4075 ) ;
#504 = VECTOR ( 'NONE', #694, 1000.000000000000000 ) ;
#505 = AXIS2_PLACEMENT_3D ( 'NONE', #678, #3799, #2873 ) ;
#506 = MANIFOLD_SOLID_BREP ( 'Chamfer1', #3806 ) ;
#507 = APPROVAL ( #2771, 'UNSPECIFIED' ) ;
#508 = CARTESIAN_POINT ( 'NONE',  ( 58.15865425799412900, 0.0000000000000000000, 0.0000000000000000000 ) ) ;
#509 = FACE_BOUND ( 'NONE', #2322, .T. ) ;
#510 = ORIENTED_EDGE ( 'NONE', *, *, #2602, .F. ) ;
#511 = VECTOR ( 'NONE', #3483, 1000.000000000000000 ) ;
#512 = ORIENTED_EDGE ( 'NONE', *, *, #499, .F. ) ;
#513 = PERSON_AND_ORGANIZATION ( #2705, #2437 ) ;
#514 = CARTESIAN_POINT ( 'NONE',  ( 0.6820381585499532000, 18.13816930062024500, 77.46935816463660300 ) ) ;
#515 = ORIENTED_EDGE ( 'NONE', *, *, #2524, .F. ) ;
#516 = DIRECTION ( 'NONE',  ( -0.9999506762177209400, -0.009932025559894211400, 0.0000000000000000000 ) ) ;
#517 = AXIS2_PLACEMENT_3D ( 'NONE', #539, #1465, #1780 ) ;
#518 = EDGE_LOOP ( 'NONE', ( #1991, #4050, #696, #3066 ) ) ;
#519 = ORIENTED_EDGE ( 'NONE', *, *, #2677, .T. ) ;
#520 = EDGE_CURVE ( 'NONE', #2491, #1938, #3421, .T. ) ;
#521 = VERTEX_POINT ( 'NONE', #1576 ) ;
#522 = FACE_OUTER_BOUND ( 'NONE', #1644, .T. ) ;
#523 = DIRECTION ( 'NONE',  ( -0.9999506762177209400, -0.009932025559893977200, 0.0000000000000000000 ) ) ;
#524 = CARTESIAN_POINT ( 'NONE',  ( 0.0000000000000000000, 38.10000000000000100, 0.0000000000000000000 ) ) ;
#525 = CARTESIAN_POINT ( 'NONE',  ( -53.30290323835134800, 0.0000000000000000000, 0.0000000000000000000 ) ) ;
#526 = ADVANCED_FACE ( 'NONE', ( #2596 ), #3323, .F. ) ;
#527 = ORIENTED_EDGE ( 'NONE', *, *, #1182, .T. ) ;
#528 = APPROVAL ( #3466, 'UNKNOWN' ) ;
#529 = CIRCLE ( 'NONE', #573, 16.05999999999999900 ) ;
#530 = CARTESIAN_POINT ( 'NONE',  ( 27.56592174672878000, 18.13816930062019800, 91.20704807550129100 ) ) ;
#531 = CIRCLE ( 'NONE', #3115, 23.62499999999998900 ) ;
#532 = DIRECTION ( 'NONE',  ( 1.000000000000000000, 0.0000000000000000000, 0.0000000000000000000 ) ) ;
#533 = CARTESIAN_POINT ( 'NONE',  ( 16.84580023386127200, 19.12195002863180800, 113.0314685347149600 ) ) ;
#534 = AXIS2_PLACEMENT_3D ( 'NONE', #4065, #2173, #302 ) ;
#535 = ORIENTED_EDGE ( 'NONE', *, *, #3306, .T. ) ;
#536 = EDGE_LOOP ( 'NONE', ( #860, #710, #2247, #2571, #2725 ) ) ;
#537 = AXIS2_PLACEMENT_3D ( 'NONE', #1257, #3435, #2196 ) ;
#538 = LOCAL_TIME ( 8, 11, 46.00000000000000000, #1377 ) ;
#539 = CARTESIAN_POINT ( 'NONE',  ( 9.058385992382248700, 56.23816930062032800, 31.31773067771506500 ) ) ;
#540 = CALENDAR_DATE ( 2017, 28, 6 ) ;
#541 = DIRECTION ( 'NONE',  ( 0.0000000000000000000, 1.000000000000000000, 3.491481338843133400E-015 ) ) ;
#542 = EDGE_CURVE ( 'NONE', #3449, #38, #920, .T. ) ;
#543 = CARTESIAN_POINT ( 'NONE',  ( 28.06015804780814400, 19.13792527409962600, 95.82945109224441200 ) ) ;
#544 = ADVANCED_FACE ( 'NONE', ( #186 ), #2502, .F. ) ;
#545 = DIRECTION ( 'NONE',  ( 0.0000000000000000000, 0.0000000000000000000, -1.000000000000000000 ) ) ;
#546 = CARTESIAN_POINT ( 'NONE',  ( 26.85829920227663300, 19.13037841396816300, 102.3296964231162700 ) ) ;
#547 = CARTESIAN_POINT ( 'NONE',  ( 8.798911824630014400, 82.36188071680827200, 28.56773067771505100 ) ) ;
#548 = DIRECTION ( 'NONE',  ( -1.000000000000000000, 0.0000000000000000000, 0.0000000000000000000 ) ) ;
#549 = EDGE_CURVE ( 'NONE', #2730, #3017, #1020, .T. ) ;
#550 = APPLICATION_CONTEXT ( 'configuration controlled 3d designs of mechanical parts and assemblies' ) ;
#551 = EDGE_CURVE ( 'NONE', #418, #1788, #89, .T. ) ;
#552 = CARTESIAN_POINT ( 'NONE',  ( 11.15146119027423100, 18.13816930062010600, 115.5492822499632300 ) ) ;
#553 = CARTESIAN_POINT ( 'NONE',  ( 28.61113337257628700, 18.13816930062015900, 100.0612482384063100 ) ) ;
#554 = AXIS2_PLACEMENT_3D ( 'NONE', #2834, #1614, #1368 ) ;
#555 = CARTESIAN_POINT ( 'NONE',  ( 9.585419115343501800, 18.13816930062024800, 75.60454220750996500 ) ) ;
#556 = FACE_OUTER_BOUND ( 'NONE', #1935, .T. ) ;
#557 = VECTOR ( 'NONE', #3863, 999.9999999999998900 ) ;
#558 = DIRECTION ( 'NONE',  ( 1.000000000000000000, -0.0000000000000000000, -0.0000000000000000000 ) ) ;
#559 = EDGE_LOOP ( 'NONE', ( #1705, #2186, #3401, #3451 ) ) ;
#560 = CARTESIAN_POINT ( 'NONE',  ( 9.058385992382168800, -5.491830699379893800, 118.4627306777149900 ) ) ;
#561 = DATE_AND_TIME ( #1401, #2231 ) ;
#562 = ADVANCED_FACE ( 'NONE', ( #1120 ), #725, .F. ) ;
#563 = ORIENTED_EDGE ( 'NONE', *, *, #973, .T. ) ;
#564 = CIRCLE ( 'NONE', #1245, 23.62499999999999300 ) ;
#565 = APPROVAL_STATUS ( 'not_yet_approved' ) ;
#566 = ORIENTED_EDGE ( 'NONE', *, *, #2792, .T. ) ;
#567 = CALENDAR_DATE ( 2017, 28, 6 ) ;
#568 = ORIENTED_EDGE ( 'NONE', *, *, #3328, .T. ) ;
#569 = ORIENTED_EDGE ( 'NONE', *, *, #3983, .F. ) ;
#570 = DIRECTION ( 'NONE',  ( 0.0000000000000000000, 0.0000000000000000000, -1.000000000000000000 ) ) ;
#571 = CARTESIAN_POINT ( 'NONE',  ( 26.17434163882789700, 18.13816930062014500, 103.9504614386940600 ) ) ;
#572 = CARTESIAN_POINT ( 'NONE',  ( 13.84645773984179900, 18.13816930062024100, 77.29853997839839500 ) ) ;
#573 = AXIS2_PLACEMENT_3D ( 'NONE', #3367, #1177, #3052 ) ;
#574 = ORIENTED_EDGE ( 'NONE', *, *, #1761, .F. ) ;
#575 = ORIENTED_EDGE ( 'NONE', *, *, #829, .T. ) ;
#576 = VECTOR ( 'NONE', #16, 1000.000000000000000 ) ;
#577 = EDGE_CURVE ( 'NONE', #3962, #3215, #2392, .T. ) ;
#578 = LINE ( 'NONE', #2012, #483 ) ;
#579 = CARTESIAN_POINT ( 'NONE',  ( -49.10930008502348400, 0.0000000000000000000, 23.11499999999999800 ) ) ;
#580 = CARTESIAN_POINT ( 'NONE',  ( -46.22819268389991300, 0.0000000000000000000, 0.0000000000000000000 ) ) ;
#581 = APPLICATION_PROTOCOL_DEFINITION ( 'international standard', 'config_control_design', 1994, #2463 ) ;
#582 = CIRCLE ( 'NONE', #2356, 23.71000000000000100 ) ;
#583 = CARTESIAN_POINT ( 'NONE',  ( 23.02272342317428800, 19.12502937724902800, 108.5571118527991800 ) ) ;
#584 = ADVANCED_FACE ( 'NONE', ( #819, #1558 ), #2164, .T. ) ;
#585 = CARTESIAN_POINT ( 'NONE',  ( 18.98651580410817300, 19.17870713509301000, 79.43113296380636300 ) ) ;
#586 = AXIS2_PLACEMENT_3D ( 'NONE', #3885, #759, #450 ) ;
#587 = LOCAL_TIME ( 8, 11, 46.00000000000000000, #1422 ) ;
#588 = CC_DESIGN_PERSON_AND_ORGANIZATION_ASSIGNMENT ( #1598, #1495, ( #3019 ) ) ;
#589 = DIRECTION ( 'NONE',  ( 0.0000000000000000000, 0.0000000000000000000, 1.000000000000000000 ) ) ;
#590 = DIRECTION ( 'NONE',  ( 0.0000000000000000000, 0.0000000000000000000, 1.000000000000000000 ) ) ;
#591 = CARTESIAN_POINT ( 'NONE',  ( 6.650243789694902900, 19.12102565216963200, 114.5439956261352700 ) ) ;
#592 = APPROVAL_ROLE ( '' ) ;
#593 = AXIS2_PLACEMENT_3D ( 'NONE', #2852, #3168, #1296 ) ;
#594 = CARTESIAN_POINT ( 'NONE',  ( 19.75260504067535200, 18.13816930062011700, 112.5720723566893000 ) ) ;
#595 = CARTESIAN_POINT ( 'NONE',  ( 24.63911235567172000, 18.13816930062022300, 83.10427619394565100 ) ) ;
#596 = DIRECTION ( 'NONE',  ( -3.494407001967667700E-015, -3.494407001967667700E-015, 1.000000000000000000 ) ) ;
#597 = PRODUCT_RELATED_PRODUCT_CATEGORY ( 'detail', '', ( #1371 ) ) ;
#598 = CARTESIAN_POINT ( 'NONE',  ( -10.82732576097427700, 18.13816930062018400, 93.49355752919562700 ) ) ;
#599 = CARTESIAN_POINT ( 'NONE',  ( -3.133071404222929100, 19.12380611318941300, 110.2439639652022100 ) ) ;
#600 = LINE ( 'NONE', #674, #3004 ) ;
#601 = PERSON_AND_ORGANIZATION_ROLE ( 'design_supplier' ) ;
#602 = FACE_OUTER_BOUND ( 'NONE', #2329, .T. ) ;
#603 = CARTESIAN_POINT ( 'NONE',  ( 13.53037122235127900, 18.13816930062917300, 114.1842325865514300 ) ) ;
#604 = AXIS2_PLACEMENT_3D ( 'NONE', #3631, #1757, #3948 ) ;
#605 = ORIENTED_EDGE ( 'NONE', *, *, #686, .F. ) ;
#606 = CARTESIAN_POINT ( 'NONE',  ( 25.11828434466467600, 18.13816930062362300, 85.51446385612571500 ) ) ;
#607 = AXIS2_PLACEMENT_3D ( 'NONE', #2528, #1908, #1575 ) ;
#608 = LINE ( 'NONE', #970, #1259 ) ;
#609 = VERTEX_POINT ( 'NONE', #2801 ) ;
#610 = VERTEX_POINT ( 'NONE', #3408 ) ;
#611 = LOCAL_TIME ( 8, 11, 46.00000000000000000, #1443 ) ;
#612 = ORIENTED_EDGE ( 'NONE', *, *, #1882, .T. ) ;
#613 = ORIENTED_EDGE ( 'NONE', *, *, #3250, .T. ) ;
#614 = CARTESIAN_POINT ( 'NONE',  ( -9.474210806101421400, 18.13816930061906200, 91.44820788428226900 ) ) ;
#615 = DIRECTION ( 'NONE',  ( 1.000000000000000000, 0.0000000000000000000, 0.0000000000000000000 ) ) ;
#616 = CARTESIAN_POINT ( 'NONE',  ( -9.899132856051089400, 19.14017328870328100, 94.24925567400562400 ) ) ;
#617 = CARTESIAN_POINT ( 'NONE',  ( -40.35930008502347700, 0.0000000000000000000, 0.0000000000000000000 ) ) ;
#618 = ORIENTED_EDGE ( 'NONE', *, *, #3480, .T. ) ;
#619 = ORIENTED_EDGE ( 'NONE', *, *, #1829, .T. ) ;
#620 = DIRECTION ( 'NONE',  ( 0.0000000000000000000, -1.000000000000000000, -3.491481338843133400E-015 ) ) ;
#621 = CONICAL_SURFACE ( 'NONE', #1523, 18.29999999999999400, 0.2617993877991508500 ) ;
#622 = UNCERTAINTY_MEASURE_WITH_UNIT (LENGTH_MEASURE( 1.000000000000000100E-005 ), #2345, 'distance_accuracy_value', 'NONE');
#623 = PERSON_AND_ORGANIZATION_ROLE ( 'creator' ) ;
#624 = ORIENTED_EDGE ( 'NONE', *, *, #3802, .T. ) ;
#625 = VECTOR ( 'NONE', #2115, 1000.000000000000000 ) ;
#626 = CARTESIAN_POINT ( 'NONE',  ( 26.67970385940176600, 19.15039100366816900, 88.53883351321057700 ) ) ;
#627 = CARTESIAN_POINT ( 'NONE',  ( 9.058385992382248700, 18.13816930062017700, 95.66773067771505600 ) ) ;
#628 = FACE_OUTER_BOUND ( 'NONE', #1981, .T. ) ;
#629 = EDGE_CURVE ( 'NONE', #1641, #1790, #3132, .T. ) ;
#630 = CARTESIAN_POINT ( 'NONE',  ( -8.309238694819994100, 19.15172226626327400, 87.92086537024071900 ) ) ;
#631 = DIRECTION ( 'NONE',  ( 0.0000000000000000000, 0.0000000000000000000, -1.000000000000000000 ) ) ;
#632 = DIRECTION ( 'NONE',  ( 1.000000000000000000, -0.0000000000000000000, -0.0000000000000000000 ) ) ;
#633 = DIRECTION ( 'NONE',  ( -0.0000000000000000000, -1.000000000000000000, -3.491481338843133400E-015 ) ) ;
#634 = EDGE_LOOP ( 'NONE', ( #3020, #1542, #1057, #3315 ) ) ;
#635 = EDGE_CURVE ( 'NONE', #3655, #808, #1219, .T. ) ;
#636 = COORDINATED_UNIVERSAL_TIME_OFFSET ( 0, 0, .AHEAD. ) ;
#637 = PERSON_AND_ORGANIZATION_ROLE ( 'design_owner' ) ;
#638 = DIRECTION ( 'NONE',  ( -3.511882195144949800E-015, -3.475300088945523200E-015, 1.000000000000000000 ) ) ;
#639 = PERSON_AND_ORGANIZATION ( #2705, #2437 ) ;
#640 = CC_DESIGN_DATE_AND_TIME_ASSIGNMENT ( #24, #4049, ( #3872 ) ) ;
#641 = CARTESIAN_POINT ( 'NONE',  ( -5.640199832564040800, 18.13816930062022700, 82.06845450646011400 ) ) ;
#642 = DIRECTION ( 'NONE',  ( 0.0000000000000000000, -1.000000000000000000, -3.491481338843133400E-015 ) ) ;
#643 = CARTESIAN_POINT ( 'NONE',  ( 9.058385992382248700, 56.23816930062032800, -8.132269322284946300 ) ) ;
#644 = DATE_TIME_ROLE ( 'classification_date' ) ;
#645 = AXIS2_PLACEMENT_3D ( 'NONE', #2028, #85, #3546 ) ;
#646 = EDGE_CURVE ( 'NONE', #2200, #3598, #4070, .T. ) ;
#647 = CC_DESIGN_DATE_AND_TIME_ASSIGNMENT ( #1077, #986, ( #3884 ) ) ;
#648 = CARTESIAN_POINT ( 'NONE',  ( -1.084123792715379300, 18.13816930062023800, 79.57799789965517300 ) ) ;
#649 = CIRCLE ( 'NONE', #401, 26.68795201467610000 ) ;
#650 = CARTESIAN_POINT ( 'NONE',  ( 58.15865425799412900, 0.0000000000000000000, 0.0000000000000000000 ) ) ;
#651 = CARTESIAN_POINT ( 'NONE',  ( -48.55504382660144800, 0.0000000000000000000, 0.0000000000000000000 ) ) ;
#652 = CARTESIAN_POINT ( 'NONE',  ( -18.99999999999999600, 38.10000000000000100, -26.00000000000000000 ) ) ;
#653 = CIRCLE ( 'NONE', #2982, 26.12499999999998600 ) ;
#654 = APPROVAL_ROLE ( '' ) ;
#655 = ORIENTED_EDGE ( 'NONE', *, *, #3515, .T. ) ;
#656 = PERSON_AND_ORGANIZATION ( #2705, #2437 ) ;
#657 = ORIENTED_EDGE ( 'NONE', *, *, #1143, .T. ) ;
#658 = AXIS2_PLACEMENT_3D ( 'NONE', #1625, #3821, #1944 ) ;
#659 = CIRCLE ( 'NONE', #815, 20.00000000000000400 ) ;
#660 = VERTEX_POINT ( 'NONE', #1833 ) ;
#661 = AXIS2_PLACEMENT_3D ( 'NONE', #441, #108, #1058 ) ;
#662 = DATE_AND_TIME ( #1497, #2337 ) ;
#663 = ORIENTED_EDGE ( 'NONE', *, *, #3574, .T. ) ;
#664 = EDGE_LOOP ( 'NONE', ( #427, #219, #2921, #624, #3106 ) ) ;
#665 = ORIENTED_EDGE ( 'NONE', *, *, #1202, .F. ) ;
#666 = ORIENTED_EDGE ( 'NONE', *, *, #149, .T. ) ;
#667 = CARTESIAN_POINT ( 'NONE',  ( 2.833042439048679900, 19.18741508923207900, 77.67852574609588600 ) ) ;
#668 = ORIENTED_EDGE ( 'NONE', *, *, #961, .T. ) ;
#669 = CARTESIAN_POINT ( 'NONE',  ( -17.90819268389989800, 0.0000000000000000000, 18.29999999999999000 ) ) ;
#670 = CIRCLE ( 'NONE', #765, 23.62499999999999300 ) ;
#671 = DIRECTION ( 'NONE',  ( 0.0000000000000000000, 0.0000000000000000000, -1.000000000000000000 ) ) ;
#672 = DIRECTION ( 'NONE',  ( 0.0000000000000000000, 0.0000000000000000000, -1.000000000000000000 ) ) ;
#673 = CARTESIAN_POINT ( 'NONE',  ( 29.05384818916190800, 18.13816930062018800, 94.87017370231247100 ) ) ;
#674 = CARTESIAN_POINT ( 'NONE',  ( 28.50742664481691000, 56.43134719776026700, -86.69911626417898300 ) ) ;
#675 = AXIS2_PLACEMENT_3D ( 'NONE', #2315, #1671, #438 ) ;
#676 = APPROVAL_STATUS ( 'not_yet_approved' ) ;
#677 = LINE ( 'NONE', #1711, #2143 ) ;
#678 = CARTESIAN_POINT ( 'NONE',  ( 8.781530779900201400, 84.11179440018928200, 26.06773067771504800 ) ) ;
#679 = CONICAL_SURFACE ( 'NONE', #876, 23.62500000000000000, 0.7853981633974657100 ) ;
#680 = DIRECTION ( 'NONE',  ( 0.0000000000000000000, 0.0000000000000000000, -1.000000000000000000 ) ) ;
#681 = CARTESIAN_POINT ( 'NONE',  ( 9.058385992382248700, 56.23816930062032800, 28.56773067771505100 ) ) ;
#682 = CALENDAR_DATE ( 2017, 28, 6 ) ;
#683 = DIRECTION ( 'NONE',  ( -0.9999506762177209400, -0.009932025559893975500, 0.0000000000000000000 ) ) ;
#684 = CARTESIAN_POINT ( 'NONE',  ( -4.590275349461695200, 19.16695269997453700, 82.41464185624650400 ) ) ;
#685 = CARTESIAN_POINT ( 'NONE',  ( -16.05999999999999900, 38.10000000000000100, 0.0000000000000000000 ) ) ;
#686 = EDGE_CURVE ( 'NONE', #1411, #3008, #2296, .T. ) ;
#687 = AXIS2_PLACEMENT_3D ( 'NONE', #627, #3766, #596 ) ;
#688 = ORIENTED_EDGE ( 'NONE', *, *, #414, .F. ) ;
#689 = DIRECTION ( 'NONE',  ( -0.9999506762177209400, -0.009932025559894211400, 0.0000000000000000000 ) ) ;
#690 = DIRECTION ( 'NONE',  ( -0.9999506762177211600, -0.009932025559894168100, 0.0000000000000000000 ) ) ;
#691 = DIRECTION ( 'NONE',  ( 0.0000000000000000000, 0.0000000000000000000, -1.000000000000000000 ) ) ;
#692 = CARTESIAN_POINT ( 'NONE',  ( 8.798315903096421300, 82.42187775738133800, -10.63226932228495500 ) ) ;
#693 = CARTESIAN_POINT ( 'NONE',  ( -40.35930008502347700, 0.0000000000000000000, 16.05999999999999900 ) ) ;
#694 = DIRECTION ( 'NONE',  ( 0.0000000000000000000, 0.0000000000000000000, -1.000000000000000000 ) ) ;
#695 = LINE ( 'NONE', #3142, #3100 ) ;
#696 = ORIENTED_EDGE ( 'NONE', *, *, #204, .T. ) ;
#697 = EDGE_CURVE ( 'NONE', #1300, #2284, #3029, .T. ) ;
#698 = CIRCLE ( 'NONE', #3317, 23.62499999999998900 ) ;
#699 = VERTEX_POINT ( 'NONE', #3710 ) ;
#700 = DIRECTION ( 'NONE',  ( 0.0000000000000000000, 0.0000000000000000000, 1.000000000000000000 ) ) ;
#701 = DIRECTION ( 'NONE',  ( -1.000000000000000000, -0.0000000000000000000, -0.0000000000000000000 ) ) ;
#702 = DIRECTION ( 'NONE',  ( 0.0000000000000000000, 0.0000000000000000000, -1.000000000000000000 ) ) ;
#703 = EDGE_CURVE ( 'NONE', #38, #849, #3767, .T. ) ;
#704 = CIRCLE ( 'NONE', #534, 26.12499999999998600 ) ;
#705 = DIRECTION ( 'NONE',  ( -0.9999506762177210500, -0.009932025559894088300, 0.0000000000000000000 ) ) ;
#706 = VERTEX_POINT ( 'NONE', #882 ) ;
#707 = ORIENTED_EDGE ( 'NONE', *, *, #497, .T. ) ;
#708 = CALENDAR_DATE ( 2017, 28, 6 ) ;
#709 = DIRECTION ( 'NONE',  ( 0.0000000000000000000, 0.0000000000000000000, -1.000000000000000000 ) ) ;
#710 = ORIENTED_EDGE ( 'NONE', *, *, #2099, .T. ) ;
#711 = DIRECTION ( 'NONE',  ( -1.000000000000000000, 0.0000000000000000000, 0.0000000000000000000 ) ) ;
#712 = CLOSED_SHELL ( 'NONE', ( #2023, #883, #3352, #1799, #2338, #2442, #1430, #279, #1136, #1388 ) ) ;
#713 = ORIENTED_EDGE ( 'NONE', *, *, #2583, .F. ) ;
#714 = ORIENTED_EDGE ( 'NONE', *, *, #1045, .T. ) ;
#715 = AXIS2_PLACEMENT_3D ( 'NONE', #3190, #3817, #988 ) ;
#716 = FACE_OUTER_BOUND ( 'NONE', #3746, .T. ) ;
#717 = CC_DESIGN_APPROVAL ( #507, ( #300 ) ) ;
#718 = ORIENTED_EDGE ( 'NONE', *, *, #293, .T. ) ;
#719 = VECTOR ( 'NONE', #4046, 1000.000000000000000 ) ;
#720 = CARTESIAN_POINT ( 'NONE',  ( 58.15865425799412900, 0.0000000000000000000, -26.18499999999998800 ) ) ;
#721 = CARTESIAN_POINT ( 'NONE',  ( 9.058385992382248700, -5.491830699379813800, 95.66773067771497100 ) ) ;
#722 = CARTESIAN_POINT ( 'NONE',  ( 9.058385992382250500, 19.12095759666142000, 114.6592723206341300 ) ) ;
#723 = CARTESIAN_POINT ( 'NONE',  ( 23.60756218004982900, 18.13816930062023000, 81.86136802812937700 ) ) ;
#724 = CARTESIAN_POINT ( 'NONE',  ( -57.10819268389989400, 0.0000000000000000000, 0.0000000000000000000 ) ) ;
#725 = CONICAL_SURFACE ( 'NONE', #1858, 16.05999999999999900, 0.7853981633974552700 ) ;
#726 = AXIS2_PLACEMENT_3D ( 'NONE', #2728, #1167, #3981 ) ;
#727 = ORIENTED_EDGE ( 'NONE', *, *, #1182, .F. ) ;
#728 = EDGE_CURVE ( 'NONE', #2039, #2431, #531, .T. ) ;
#729 = APPROVAL_PERSON_ORGANIZATION ( #1566, #1781, #654 ) ;
#730 = CC_DESIGN_APPROVAL ( #528, ( #381 ) ) ;
#731 = COORDINATED_UNIVERSAL_TIME_OFFSET ( 0, 0, .AHEAD. ) ;
#732 = CARTESIAN_POINT ( 'NONE',  ( -60.10819268389990100, 26.12499999999998600, 0.0000000000000000000 ) ) ;
#733 = CARTESIAN_POINT ( 'NONE',  ( 8.540600636680512300, 18.13816930061104300, 114.7097174584023400 ) ) ;
#734 = DIRECTION ( 'NONE',  ( 0.0000000000000000000, 0.0000000000000000000, 1.000000000000000000 ) ) ;
#735 = DIRECTION ( 'NONE',  ( -0.9999506762177210500, -0.009932025559894088300, 0.0000000000000000000 ) ) ;
#736 = AXIS2_PLACEMENT_3D ( 'NONE', #3720, #4043, #3708 ) ;
#737 = DIRECTION ( 'NONE',  ( 0.0000000000000000000, 0.0000000000000000000, 1.000000000000000000 ) ) ;
#738 = AXIS2_PLACEMENT_3D ( 'NONE', #3152, #1287, #3465 ) ;
#739 = ADVANCED_FACE ( 'NONE', ( #1370 ), #3663, .T. ) ;
#740 = FACE_OUTER_BOUND ( 'NONE', #1412, .T. ) ;
#741 = CARTESIAN_POINT ( 'NONE',  ( 2.465886175219558200, 19.12166671931937900, 113.4896013633146200 ) ) ;
#742 = DIRECTION ( 'NONE',  ( -1.000000000000000000, 0.0000000000000000000, 0.0000000000000000000 ) ) ;
#743 = EDGE_CURVE ( 'NONE', #76, #2132, #433, .T. ) ;
#744 = DIRECTION ( 'NONE',  ( 0.0000000000000000000, -1.000000000000000000, -3.491481338843133400E-015 ) ) ;
#745 = ORIENTED_EDGE ( 'NONE', *, *, #1777, .F. ) ;
#746 = ORIENTED_EDGE ( 'NONE', *, *, #1889, .F. ) ;
#747 = CIRCLE ( 'NONE', #3839, 26.18499999999998800 ) ;
#748 = DIRECTION ( 'NONE',  ( 0.0000000000000000000, 0.0000000000000000000, -1.000000000000000000 ) ) ;
#749 = CIRCLE ( 'NONE', #2126, 16.05999999999999900 ) ;
#750 = ORIENTED_EDGE ( 'NONE', *, *, #1277, .F. ) ;
#751 = EDGE_CURVE ( 'NONE', #807, #3608, #2094, .T. ) ;
#752 = LOCAL_TIME ( 8, 11, 46.00000000000000000, #1592 ) ;
#753 = EDGE_LOOP ( 'NONE', ( #267, #2045, #2485, #3899 ) ) ;
#754 = ORIENTED_EDGE ( 'NONE', *, *, #481, .F. ) ;
#755 = CIRCLE ( 'NONE', #604, 1.000000000000006000 ) ;
#756 = DIRECTION ( 'NONE',  ( 1.000000000000000000, 0.0000000000000000000, 0.0000000000000000000 ) ) ;
#757 = ORIENTED_EDGE ( 'NONE', *, *, #763, .F. ) ;
#758 = PERSON_AND_ORGANIZATION ( #2705, #2437 ) ;
#759 = DIRECTION ( 'NONE',  ( 0.0000000000000000000, 0.0000000000000000000, -1.000000000000000000 ) ) ;
#760 = ORIENTED_EDGE ( 'NONE', *, *, #1486, .F. ) ;
#761 = CARTESIAN_POINT ( 'NONE',  ( -2.492861662388739400, 18.13816930062011700, 111.9985424221979100 ) ) ;
#762 = DIRECTION ( 'NONE',  ( 0.0000000000000000000, 0.0000000000000000000, 1.000000000000000000 ) ) ;
#763 = EDGE_CURVE ( 'NONE', #896, #1359, #1279, .T. ) ;
#764 = VERTEX_POINT ( 'NONE', #1811 ) ;
#765 = AXIS2_PLACEMENT_3D ( 'NONE', #977, #1993, #1339 ) ;
#766 = ORIENTED_EDGE ( 'NONE', *, *, #1179, .T. ) ;
#767 =( NAMED_UNIT ( * ) PLANE_ANGLE_UNIT ( ) SI_UNIT ( $, .RADIAN. ) );
#768 = ORIENTED_EDGE ( 'NONE', *, *, #1045, .F. ) ;
#769 = LINE ( 'NONE', #3227, #2250 ) ;
#770 = DIRECTION ( 'NONE',  ( 0.0000000000000000000, -1.000000000000000000, -3.491481338843133400E-015 ) ) ;
#771 = ADVANCED_FACE ( 'NONE', ( #2006 ), #1904, .F. ) ;
#772 = CIRCLE ( 'NONE', #3248, 27.87499999999998600 ) ;
#773 = FACE_BOUND ( 'NONE', #3551, .T. ) ;
#774 = CARTESIAN_POINT ( 'NONE',  ( 9.058385992382248700, 56.23816930062032800, 57.56773067771505500 ) ) ;
#775 = CARTESIAN_POINT ( 'NONE',  ( -5.958879296325968700, 18.13816930062013100, 107.3336964847473500 ) ) ;
#776 = AXIS2_PLACEMENT_3D ( 'NONE', #1832, #1188, #3691 ) ;
#777 = PERSON_AND_ORGANIZATION ( #2705, #2437 ) ;
#778 = CARTESIAN_POINT ( 'NONE',  ( 9.058385992382248700, 56.23816930062032800, -1.607832314061710600 ) ) ;
#779 = DIRECTION ( 'NONE',  ( 1.000000000000000000, -0.0000000000000000000, -0.0000000000000000000 ) ) ;
#780 = DIRECTION ( 'NONE',  ( -1.000000000000000000, -0.0000000000000000000, -0.0000000000000000000 ) ) ;
#781 = EDGE_CURVE ( 'NONE', #1861, #896, #2735, .T. ) ;
#782 = ADVANCED_FACE ( 'NONE', ( #1165 ), #3566, .F. ) ;
#783 = CARTESIAN_POINT ( 'NONE',  ( 0.3119968339781670200, 18.13816930062010600, 113.6567387841404700 ) ) ;
#784 = CARTESIAN_POINT ( 'NONE',  ( -8.239039846834526100, 19.12913243013900900, 103.6162157057720500 ) ) ;
#785 = AXIS2_PLACEMENT_3D ( 'NONE', #832, #3036, #1157 ) ;
#786 = DIRECTION ( 'NONE',  ( 1.000000000000000000, 0.0000000000000000000, 0.0000000000000000000 ) ) ;
#787 = PRODUCT_DEFINITION ( 'UNKNOWN', '', #1849, #391 ) ;
#788 = DIRECTION ( 'NONE',  ( -1.000000000000000000, -0.0000000000000000000, -0.0000000000000000000 ) ) ;
#789 = CARTESIAN_POINT ( 'NONE',  ( 27.35748336716653400, 56.41992536836638500, -10.63226932228494800 ) ) ;
#790 = FACE_OUTER_BOUND ( 'NONE', #996, .T. ) ;
#791 = CARTESIAN_POINT ( 'NONE',  ( -10.23653108045200900, 18.13816930062015600, 100.9603343441882000 ) ) ;
#792 = DIRECTION ( 'NONE',  ( 0.0000000000000000000, 0.0000000000000000000, -1.000000000000000000 ) ) ;
#793 = AXIS2_PLACEMENT_3D ( 'NONE', #2529, #338, #2209 ) ;
#794 = CIRCLE ( 'NONE', #3101, 26.18499999999998800 ) ;
#795 = ORIENTED_EDGE ( 'NONE', *, *, #3430, .F. ) ;
#796 = CIRCLE ( 'NONE', #109, 19.44999999999998500 ) ;
#797 = CARTESIAN_POINT ( 'NONE',  ( 36.93201109195121000, 56.51502451310237500, 28.56773067771505100 ) ) ;
#798 = ORIENTED_EDGE ( 'NONE', *, *, #3022, .T. ) ;
#799 = CARTESIAN_POINT ( 'NONE',  ( 9.058385992382248700, 56.23816930062032800, 31.31773067771506500 ) ) ;
#800 = CARTESIAN_POINT ( 'NONE',  ( 9.058385992382248700, 56.23816930062032800, -1.607832314061710600 ) ) ;
#801 = EDGE_LOOP ( 'NONE', ( #3209, #1702, #3716, #2717, #377 ) ) ;
#802 = DATE_AND_TIME ( #1645, #2484 ) ;
#803 = ADVANCED_FACE ( 'NONE', ( #628 ), #1804, .T. ) ;
#804 = ORIENTED_EDGE ( 'NONE', *, *, #3865, .F. ) ;
#805 = ORIENTED_EDGE ( 'NONE', *, *, #2531, .T. ) ;
#806 = PRODUCT_DEFINITION ( 'UNKNOWN', '', #1863, #3662 ) ;
#807 = VERTEX_POINT ( 'NONE', #828 ) ;
#808 = VERTEX_POINT ( 'NONE', #2711 ) ;
#809 = ORIENTED_EDGE ( 'NONE', *, *, #3092, .F. ) ;
#810 = VECTOR ( 'NONE', #3102, 1000.000000000000000 ) ;
#811 = DIRECTION ( 'NONE',  ( -1.000000000000000000, -0.0000000000000000000, -0.0000000000000000000 ) ) ;
#812 = CARTESIAN_POINT ( 'NONE',  ( -9.223324204675600800, 18.13816930062021300, 87.51425139943253800 ) ) ;
#813 = ORIENTED_EDGE ( 'NONE', *, *, #293, .F. ) ;
#814 = DIRECTION ( 'NONE',  ( -0.9999506762177211600, -0.009932025559894214900, 0.0000000000000000000 ) ) ;
#815 = AXIS2_PLACEMENT_3D ( 'NONE', #3010, #1132, #3330 ) ;
#816 = CIRCLE ( 'NONE', #2552, 27.87499999999998600 ) ;
#817 = AXIS2_PLACEMENT_3D ( 'NONE', #3787, #1920, #46 ) ;
#818 = CARTESIAN_POINT ( 'NONE',  ( -46.22819268389991300, 0.0000000000000000000, -19.44999999999998500 ) ) ;
#819 = FACE_OUTER_BOUND ( 'NONE', #1647, .T. ) ;
#820 = DIRECTION ( 'NONE',  ( 0.0000000000000000000, 0.0000000000000000000, 1.000000000000000000 ) ) ;
#821 = VERTEX_POINT ( 'NONE', #1148 ) ;
#822 = CALENDAR_DATE ( 2017, 28, 6 ) ;
#823 = ADVANCED_FACE ( 'NONE', ( #235 ), #342, .F. ) ;
#824 = CARTESIAN_POINT ( 'NONE',  ( 2.505392778348096700, 18.13816930062024800, 76.73444834193414000 ) ) ;
#825 = CARTESIAN_POINT ( 'NONE',  ( 11.04680743037961800, 19.12101969330998900, 114.5549214092675500 ) ) ;
#826 = LOCAL_TIME ( 8, 11, 46.00000000000000000, #1668 ) ;
#827 = VERTEX_POINT ( 'NONE', #2082 ) ;
#828 = CARTESIAN_POINT ( 'NONE',  ( -17.90819268389989100, 2.954460402942990200E-015, 24.12500000000000400 ) ) ;
#829 = EDGE_CURVE ( 'NONE', #2248, #3213, #3467, .T. ) ;
#830 = EDGE_CURVE ( 'NONE', #660, #3508, #2838, .T. ) ;
#831 = CARTESIAN_POINT ( 'NONE',  ( 28.80988256716302600, 18.13816930062018800, 92.25052099304697600 ) ) ;
#832 = CARTESIAN_POINT ( 'NONE',  ( 9.058385992382248700, 56.23816930062032800, 34.06773067771505500 ) ) ;
#833 = CARTESIAN_POINT ( 'NONE',  ( 18.96613710624568600, 19.12269295711637800, 111.8822721095120700 ) ) ;
#834 = FACE_OUTER_BOUND ( 'NONE', #1597, .T. ) ;
#835 = DIRECTION ( 'NONE',  ( -1.000000000000000000, -0.0000000000000000000, -0.0000000000000000000 ) ) ;
#836 = PRODUCT_DEFINITION_FORMATION_WITH_SPECIFIED_SOURCE ( 'ANY', '', #1044, .NOT_KNOWN. ) ;
#837 = DIRECTION ( 'NONE',  ( 1.000000000000000000, 0.0000000000000000000, 0.0000000000000000000 ) ) ;
#838 = ADVANCED_FACE ( 'NONE', ( #2640 ), #2551, .T. ) ;
#839 = EDGE_LOOP ( 'NONE', ( #2774, #1565, #1400, #3122 ) ) ;
#840 = CYLINDRICAL_SURFACE ( 'NONE', #3210, 23.71000000000000100 ) ;
#841 = DIRECTION ( 'NONE',  ( 0.0000000000000000000, 0.0000000000000000000, 1.000000000000000000 ) ) ;
#842 = CARTESIAN_POINT ( 'NONE',  ( 28.05533109007164300, 18.13816930062074200, 96.14373831721737000 ) ) ;
#843 = ORIENTED_EDGE ( 'NONE', *, *, #2520, .T. ) ;
#844 = CALENDAR_DATE ( 2017, 28, 6 ) ;
#845 = CARTESIAN_POINT ( 'NONE',  ( 32.68222071802590300, 56.47281340447282400, -86.69911626417898300 ) ) ;
#846 = ORIENTED_EDGE ( 'NONE', *, *, #3146, .T. ) ;
#847 = CARTESIAN_POINT ( 'NONE',  ( 27.71487376925628600, 19.13338730786490800, 99.44634010620647800 ) ) ;
#848 = AXIS2_PLACEMENT_3D ( 'NONE', #3866, #1674, #3541 ) ;
#849 = VERTEX_POINT ( 'NONE', #1437 ) ;
#850 = CONICAL_SURFACE ( 'NONE', #2156, 18.29999999999999400, 0.2617993877991508500 ) ;
#851 = EDGE_LOOP ( 'NONE', ( #893, #3809 ) ) ;
#852 = EDGE_CURVE ( 'NONE', #2724, #3502, #136, .T. ) ;
#853 = SHAPE_DEFINITION_REPRESENTATION ( #3002, #1267 ) ;
#854 = VERTEX_POINT ( 'NONE', #1760 ) ;
#855 = ORIENTED_EDGE ( 'NONE', *, *, #4021, .T. ) ;
#856 = DIRECTION ( 'NONE',  ( 0.0000000000000000000, -0.0000000000000000000, 1.000000000000000000 ) ) ;
#857 = CARTESIAN_POINT ( 'NONE',  ( 9.058385992382248700, 56.23816930062032800, 31.56773067771505100 ) ) ;
#858 = DIRECTION ( 'NONE',  ( -1.000000000000000000, -0.0000000000000000000, -0.0000000000000000000 ) ) ;
#859 = ORIENTED_EDGE ( 'NONE', *, *, #2792, .F. ) ;
#860 = ORIENTED_EDGE ( 'NONE', *, *, #497, .F. ) ;
#861 = CC_DESIGN_PERSON_AND_ORGANIZATION_ASSIGNMENT ( #3373, #3189, ( #3884 ) ) ;
#862 = CIRCLE ( 'NONE', #3154, 22.79500000000000200 ) ;
#863 = CARTESIAN_POINT ( 'NONE',  ( 27.63349600340524100, 19.13295032162471900, 99.84104636203217400 ) ) ;
#864 = FACE_OUTER_BOUND ( 'NONE', #2036, .T. ) ;
#865 = ADVANCED_FACE ( 'NONE', ( #1071 ), #967, .T. ) ;
#866 = CARTESIAN_POINT ( 'NONE',  ( 58.15865425799412900, 0.0000000000000000000, -27.87499999999998600 ) ) ;
#867 = CARTESIAN_POINT ( 'NONE',  ( 9.559067459190728800, 19.19362018202356900, 76.60478090977562700 ) ) ;
#868 = AXIS2_PLACEMENT_3D ( 'NONE', #1972, #2285, #3843 ) ;
#869 = VECTOR ( 'NONE', #2957, 1000.000000000000000 ) ;
#870 = AXIS2_PLACEMENT_3D ( 'NONE', #3280, #1403, #3587 ) ;
#871 = DIRECTION ( 'NONE',  ( 1.000000000000000000, 0.0000000000000000000, -0.0000000000000000000 ) ) ;
#872 = DIRECTION ( 'NONE',  ( 0.7070719040056366900, 0.007023002624319435100, -0.7071067811865351400 ) ) ;
#873 = DIRECTION ( 'NONE',  ( 1.000000000000000000, -0.0000000000000000000, -0.0000000000000000000 ) ) ;
#874 = COORDINATED_UNIVERSAL_TIME_OFFSET ( 0, 0, .AHEAD. ) ;
#875 = PERSON_AND_ORGANIZATION_ROLE ( 'creator' ) ;
#876 = AXIS2_PLACEMENT_3D ( 'NONE', #3276, #1718, #3907 ) ;
#877 = CARTESIAN_POINT ( 'NONE',  ( 26.15704245018406800, 18.13816930062014200, 106.1137538996922400 ) ) ;
#878 = CARTESIAN_POINT ( 'NONE',  ( 15.99878420897598400, 18.13816930062024500, 76.83889625805277000 ) ) ;
#879 = CARTESIAN_POINT ( 'NONE',  ( -46.22819268389991300, 0.0000000000000000000, -23.62499999999998900 ) ) ;
#880 = DIRECTION ( 'NONE',  ( 0.0000000000000000000, 1.000000000000000000, 3.491481338843133400E-015 ) ) ;
#881 = DIRECTION ( 'NONE',  ( 1.000000000000000000, 1.402386978473882900E-013, 0.0000000000000000000 ) ) ;
#882 = CARTESIAN_POINT ( 'NONE',  ( 35.18338599238222700, 56.23816930062032800, 31.31773067771506500 ) ) ;
#883 = ADVANCED_FACE ( 'NONE', ( #42 ), #3365, .F. ) ;
#884 = APPROVAL_ROLE ( '' ) ;
#885 = EDGE_CURVE ( 'NONE', #2628, #175, #1713, .T. ) ;
#886 = CARTESIAN_POINT ( 'NONE',  ( 22.16071899716858000, 18.13816930061447200, 109.4508002416397300 ) ) ;
#887 = AXIS2_PLACEMENT_3D ( 'NONE', #2970, #3970, #498 ) ;
#888 = ADVANCED_BREP_SHAPE_REPRESENTATION ( '', ( #506, #870 ), #1084 ) ;
#889 = CARTESIAN_POINT ( 'NONE',  ( 20.00941923392477400, 18.13816930062023800, 80.15240635495500500 ) ) ;
#890 = FACE_BOUND ( 'NONE', #3403, .T. ) ;
#891 = CARTESIAN_POINT ( 'NONE',  ( -9.683775467971157600, 18.13816930062130300, 98.86160618069602900 ) ) ;
#892 = LINE ( 'NONE', #947, #4042 ) ;
#893 = ORIENTED_EDGE ( 'NONE', *, *, #1521, .T. ) ;
#894 = CARTESIAN_POINT ( 'NONE',  ( 4.304113474522705700, 19.12131432634769700, 114.0646037389797300 ) ) ;
#895 = DIRECTION ( 'NONE',  ( 1.000000000000000000, -0.0000000000000000000, -0.0000000000000000000 ) ) ;
#896 = VERTEX_POINT ( 'NONE', #3301 ) ;
#897 = CIRCLE ( 'NONE', #3337, 22.79500000000000200 ) ;
#898 = MECHANICAL_CONTEXT ( 'NONE', #2435, 'mechanical' ) ;
#899 = ORIENTED_EDGE ( 'NONE', *, *, #1170, .F. ) ;
#900 = VERTEX_POINT ( 'NONE', #2676 ) ;
#901 = PERSON_AND_ORGANIZATION ( #2705, #2437 ) ;
#902 = EDGE_LOOP ( 'NONE', ( #162, #2249 ) ) ;
#903 = ORIENTED_EDGE ( 'NONE', *, *, #263, .F. ) ;
#904 = CARTESIAN_POINT ( 'NONE',  ( 19.21789408831199700, 19.12279563251735900, 111.7265405676799200 ) ) ;
#905 = ADVANCED_FACE ( 'NONE', ( #864 ), #4015, .F. ) ;
#906 = CARTESIAN_POINT ( 'NONE',  ( 23.86007603754934400, 19.16270371390008600, 83.73099040363000300 ) ) ;
#907 = ORIENTED_EDGE ( 'NONE', *, *, #1459, .F. ) ;
#908 = ORIENTED_EDGE ( 'NONE', *, *, #728, .F. ) ;
#909 = ORIENTED_EDGE ( 'NONE', *, *, #2154, .T. ) ;
#910 = VECTOR ( 'NONE', #811, 1000.000000000000000 ) ;
#911 = EDGE_CURVE ( 'NONE', #3061, #402, #1613, .T. ) ;
#912 = CARTESIAN_POINT ( 'NONE',  ( -9.833040173363469800, 19.14117036577932400, 93.60152880307130400 ) ) ;
#913 = CARTESIAN_POINT ( 'NONE',  ( -18.40819268389988400, 0.0000000000000000000, -23.62499999999999300 ) ) ;
#914 = CIRCLE ( 'NONE', #2111, 20.84999999999999400 ) ;
#915 = CARTESIAN_POINT ( 'NONE',  ( 9.058385992382248700, 56.23816930062032800, 26.06773067771504800 ) ) ;
#916 = CARTESIAN_POINT ( 'NONE',  ( -3.591078035929383000, 19.12408538513673400, 109.8482740584858600 ) ) ;
#917 = CARTESIAN_POINT ( 'NONE',  ( 22.57906733492545800, 19.16740356545068000, 82.28410993591458600 ) ) ;
#918 = EDGE_CURVE ( 'NONE', #322, #1763, #3279, .T. ) ;
#919 = PERSON_AND_ORGANIZATION_ROLE ( 'classification_officer' ) ;
#920 = CIRCLE ( 'NONE', #1649, 27.12499999999998600 ) ;
#921 = CARTESIAN_POINT ( 'NONE',  ( 12.45675083417965100, 18.13816930062010600, 115.4119040835759600 ) ) ;
#922 = CARTESIAN_POINT ( 'NONE',  ( 26.32028932659536100, 18.13816930062021600, 85.52807105142706200 ) ) ;
#923 = ORIENTED_EDGE ( 'NONE', *, *, #2604, .F. ) ;
#924 = AXIS2_PLACEMENT_3D ( 'NONE', #1633, #3832, #1958 ) ;
#925 = LOCAL_TIME ( 8, 11, 46.00000000000000000, #1765 ) ;
#926 = CC_DESIGN_PERSON_AND_ORGANIZATION_ASSIGNMENT ( #3214, #3085, ( #300 ) ) ;
#927 = CARTESIAN_POINT ( 'NONE',  ( -10.30183171539343300, 18.13816930062019500, 90.59236754253971900 ) ) ;
#928 = DIRECTION ( 'NONE',  ( 0.0000000000000000000, 0.0000000000000000000, -1.000000000000000000 ) ) ;
#929 = CALENDAR_DATE ( 2017, 28, 6 ) ;
#930 = CARTESIAN_POINT ( 'NONE',  ( -9.595733367759768500, 19.14397374436805100, 91.84697149669307200 ) ) ;
#931 = DIRECTION ( 'NONE',  ( -0.9781476007338055800, 2.546183866652839700E-017, -0.2079116908177600400 ) ) ;
#932 = CARTESIAN_POINT ( 'NONE',  ( 23.77440462900504400, 18.13816930062012400, 109.2661393994630700 ) ) ;
#933 = APPROVAL_STATUS ( 'not_yet_approved' ) ;
#934 = AXIS2_PLACEMENT_3D ( 'NONE', #2387, #196, #2071 ) ;
#935 = DIRECTION ( 'NONE',  ( 0.0000000000000000000, 0.0000000000000000000, -1.000000000000000000 ) ) ;
#936 = EDGE_LOOP ( 'NONE', ( #470, #3369, #1836, #2383 ) ) ;
#937 = CARTESIAN_POINT ( 'NONE',  ( 26.78296336609888000, 18.13816930062077800, 88.83294541412300300 ) ) ;
#938 = EDGE_CURVE ( 'NONE', #2280, #4058, #772, .T. ) ;
#939 = ORIENTED_EDGE ( 'NONE', *, *, #3359, .T. ) ;
#940 = CC_DESIGN_DATE_AND_TIME_ASSIGNMENT ( #393, #3781, ( #381 ) ) ;
#941 = CARTESIAN_POINT ( 'NONE',  ( -8.030247201757955400, 18.13816930062020900, 87.35619073786372700 ) ) ;
#942 = DIRECTION ( 'NONE',  ( 0.0000000000000000000, -1.000000000000000000, 0.0000000000000000000 ) ) ;
#943 = CIRCLE ( 'NONE', #3677, 19.44999999999998500 ) ;
#944 = CARTESIAN_POINT ( 'NONE',  ( -17.06532542380570000, 55.97869513286809000, 31.31773067771506500 ) ) ;
#945 = APPLICATION_PROTOCOL_DEFINITION ( 'international standard', 'config_control_design', 1994, #2832 ) ;
#946 = FACE_OUTER_BOUND ( 'NONE', #365, .T. ) ;
#947 = CARTESIAN_POINT ( 'NONE',  ( 36.18204808478792200, 56.50757549393245700, -86.69911626417898300 ) ) ;
#948 = AXIS2_PLACEMENT_3D ( 'NONE', #1561, #3753, #1876 ) ;
#949 = AXIS2_PLACEMENT_3D ( 'NONE', #1910, #36, #2222 ) ;
#950 = VECTOR ( 'NONE', #2266, 1000.000000000000000 ) ;
#951 = ORIENTED_EDGE ( 'NONE', *, *, #1815, .F. ) ;
#952 = DATE_AND_TIME ( #1786, #2622 ) ;
#953 = ORIENTED_EDGE ( 'NONE', *, *, #3858, .T. ) ;
#954 = CLOSED_SHELL ( 'NONE', ( #2116, #771, #544, #823, #1818, #3389, #739, #1156, #1725, #3921, #2745, #3321, #3724, #489, #3032, #562 ) ) ;
#955 = CARTESIAN_POINT ( 'NONE',  ( -4.905270541227944000, 19.16582788301635200, 82.74683538344572800 ) ) ;
#956 = CARTESIAN_POINT ( 'NONE',  ( -26.93262969212313600, 0.0000000000000000000, 7.124999999999985800 ) ) ;
#957 = FACE_OUTER_BOUND ( 'NONE', #26, .T. ) ;
#958 = EDGE_LOOP ( 'NONE', ( #2669, #3610, #1104, #417, #1113 ) ) ;
#959 = ORIENTED_EDGE ( 'NONE', *, *, #2940, .T. ) ;
#960 = DIRECTION ( 'NONE',  ( 0.0000000000000000000, -1.000000000000000000, -3.491481338843133400E-015 ) ) ;
#961 = EDGE_CURVE ( 'NONE', #3017, #322, #3181, .T. ) ;
#962 = CARTESIAN_POINT ( 'NONE',  ( 14.14895374168350500, 18.13816930062024800, 76.28865220992240400 ) ) ;
#963 = APPROVAL_ROLE ( '' ) ;
#964 = VERTEX_POINT ( 'NONE', #1724 ) ;
#965 = CARTESIAN_POINT ( 'NONE',  ( -17.90819268389989800, 0.0000000000000000000, 0.0000000000000000000 ) ) ;
#966 = CYLINDRICAL_SURFACE ( 'NONE', #2671, 27.12499999999998900 ) ;
#967 = TOROIDAL_SURFACE ( 'NONE', #2199, 7.124999999999985800, 20.00000000000000000 ) ;
#968 = EDGE_CURVE ( 'NONE', #2085, #410, #2448, .T. ) ;
#969 = CARTESIAN_POINT ( 'NONE',  ( 0.08438385108698620600, 18.13816930062024100, 77.75732516816482600 ) ) ;
#970 = CARTESIAN_POINT ( 'NONE',  ( -20.40819268389990200, 0.0000000000000000000, 26.18499999999998800 ) ) ;
#971 = VERTEX_POINT ( 'NONE', #455 ) ;
#972 = FACE_OUTER_BOUND ( 'NONE', #839, .T. ) ;
#973 = EDGE_CURVE ( 'NONE', #1602, #1591, #3918, .T. ) ;
#974 = APPROVAL_DATE_TIME ( #1808, #239 ) ;
#975 = AXIS2_PLACEMENT_3D ( 'NONE', #3869, #2011, #2295 ) ;
#976 = PERSON_AND_ORGANIZATION_ROLE ( 'classification_officer' ) ;
#977 = CARTESIAN_POINT ( 'NONE',  ( -18.40819268389988400, 0.0000000000000000000, 0.0000000000000000000 ) ) ;
#978 = CARTESIAN_POINT ( 'NONE',  ( -29.72930008502348500, 0.0000000000000000000, 0.0000000000000000000 ) ) ;
#979 = LOCAL_TIME ( 8, 11, 46.00000000000000000, #1813 ) ;
#980 = CARTESIAN_POINT ( 'NONE',  ( 4.620808973241855400, 18.13816930062024500, 77.18020379626352700 ) ) ;
#981 = CARTESIAN_POINT ( 'NONE',  ( 58.15865425799412900, 2.381938024341600300E-015, 19.44999999999998500 ) ) ;
#982 = CARTESIAN_POINT ( 'NONE',  ( 7.400334783495289100, 19.19299340302564600, 76.70825390279571800 ) ) ;
#983 = DIRECTION ( 'NONE',  ( 1.000000000000000000, 0.0000000000000000000, 0.0000000000000000000 ) ) ;
#984 = DIRECTION ( 'NONE',  ( 0.0000000000000000000, 1.000000000000000000, 3.491481338843133400E-015 ) ) ;
#985 = DIRECTION ( 'NONE',  ( 0.0000000000000000000, -1.000000000000000000, -3.491481338843133400E-015 ) ) ;
#986 = DATE_TIME_ROLE ( 'classification_date' ) ;
#987 = AXIS2_PLACEMENT_3D ( 'NONE', #3349, #1166, #3042 ) ;
#988 = DIRECTION ( 'NONE',  ( 0.0000000000000000000, 0.0000000000000000000, 1.000000000000000000 ) ) ;
#989 = EDGE_CURVE ( 'NONE', #2600, #2358, #2344, .T. ) ;
#990 = ORIENTED_EDGE ( 'NONE', *, *, #1486, .T. ) ;
#991 = CONICAL_SURFACE ( 'NONE', #1247, 26.18499999999999500, 0.2094395102393202800 ) ;
#992 = DIRECTION ( 'NONE',  ( -0.9999506762177211600, -0.009932025559894006700, 0.0000000000000000000 ) ) ;
#993 = CARTESIAN_POINT ( 'NONE',  ( -17.06661400761773700, 56.23816930062032800, 31.31773067771506500 ) ) ;
#994 = CARTESIAN_POINT ( 'NONE',  ( -3.268112164089465900, 19.17145110276902300, 81.17390374454622300 ) ) ;
#995 = CIRCLE ( 'NONE', #1426, 23.62500000000000000 ) ;
#996 = EDGE_LOOP ( 'NONE', ( #768, #229, #222, #311 ) ) ;
#997 = ORIENTED_EDGE ( 'NONE', *, *, #728, .T. ) ;
#998 = VERTEX_POINT ( 'NONE', #2639 ) ;
#999 = AXIS2_PLACEMENT_3D ( 'NONE', #2654, #1774, #3974 ) ;
#1000 = TOROIDAL_SURFACE ( 'NONE', #3763, 38.10000000000000100, 19.00000000000000000 ) ;
#1001 = ORIENTED_EDGE ( 'NONE', *, *, #1269, .F. ) ;
#1002 = APPROVAL ( #4013, 'UNSPECIFIED' ) ;
#1003 = LOCAL_TIME ( 8, 11, 46.00000000000000000, #1840 ) ;
#1004 = EDGE_LOOP ( 'NONE', ( #1114, #4054 ) ) ;
#1005 = ORIENTED_EDGE ( 'NONE', *, *, #4071, .F. ) ;
#1006 = ORIENTED_EDGE ( 'NONE', *, *, #2170, .T. ) ;
#1007 = CARTESIAN_POINT ( 'NONE',  ( 9.058385992382326900, 6.138169300620258900, 71.95773067771502000 ) ) ;
#1008 = VERTEX_POINT ( 'NONE', #446 ) ;
#1009 = DIRECTION ( 'NONE',  ( 1.000000000000000000, -0.0000000000000000000, -0.0000000000000000000 ) ) ;
#1010 = CARTESIAN_POINT ( 'NONE',  ( 9.058385992382318000, 6.138169300620250000, 74.81773067771501900 ) ) ;
#1011 = FACE_OUTER_BOUND ( 'NONE', #3698, .T. ) ;
#1012 = CARTESIAN_POINT ( 'NONE',  ( 8.876629924636185700, 74.53726667540460900, -10.63226932228495200 ) ) ;
#1013 = DIRECTION ( 'NONE',  ( 0.0000000000000000000, -1.000000000000000000, -3.491481338843133400E-015 ) ) ;
#1014 = CARTESIAN_POINT ( 'NONE',  ( 5.862608832457141300, 19.19201478021151500, 76.87038126603903300 ) ) ;
#1015 = ORIENTED_EDGE ( 'NONE', *, *, #2178, .T. ) ;
#1016 = CARTESIAN_POINT ( 'NONE',  ( 9.058385992382248700, 56.23816930062032800, 31.31773067771506500 ) ) ;
#1017 = AXIS2_PLACEMENT_3D ( 'NONE', #643, #2221, #1585 ) ;
#1018 = ORIENTED_EDGE ( 'NONE', *, *, #3000, .F. ) ;
#1019 = FACE_BOUND ( 'NONE', #375, .T. ) ;
#1020 = CIRCLE ( 'NONE', #2068, 18.29999999999999400 ) ;
#1021 = APPROVAL ( #3144, 'UNSPECIFIED' ) ;
#1022 = ORIENTED_EDGE ( 'NONE', *, *, #3988, .F. ) ;
#1023 = ORIENTED_EDGE ( 'NONE', *, *, #3988, .T. ) ;
#1024 = CARTESIAN_POINT ( 'NONE',  ( 25.11838599238224000, 56.23816930062032800, -10.63226932228494800 ) ) ;
#1025 = DIRECTION ( 'NONE',  ( -0.0000000000000000000, -0.0000000000000000000, -1.000000000000000000 ) ) ;
#1026 = CONTEXT_DEPENDENT_SHAPE_REPRESENTATION ( #3155, #254 ) ;
#1027 = DIRECTION ( 'NONE',  ( -1.000000000000000000, 0.0000000000000000000, -0.0000000000000000000 ) ) ;
#1028 = DIRECTION ( 'NONE',  ( 0.0000000000000000000, 0.0000000000000000000, -1.000000000000000000 ) ) ;
#1029 = CARTESIAN_POINT ( 'NONE',  ( -40.35930008502347700, 1.966782759430649000E-015, -16.05999999999999900 ) ) ;
#1030 = AXIS2_PLACEMENT_3D ( 'NONE', #202, #2399, #523 ) ;
#1031 = PERSON_AND_ORGANIZATION ( #2705, #2437 ) ;
#1032 = AXIS2_PLACEMENT_3D ( 'NONE', #2560, #671, #2864 ) ;
#1033 = CARTESIAN_POINT ( 'NONE',  ( -10.39065466005241400, 56.04499140348038100, -6.340410893580783000 ) ) ;
#1034 = DIRECTION ( 'NONE',  ( -0.0000000000000000000, -0.0000000000000000000, -1.000000000000000000 ) ) ;
#1035 = DIRECTION ( 'NONE',  ( -3.500648383195134900E-015, -3.500648383195134900E-015, 1.000000000000000000 ) ) ;
#1036 = CARTESIAN_POINT ( 'NONE',  ( 10.71723136301169200, 19.12099901264716500, 114.5896087459716900 ) ) ;
#1037 = EDGE_CURVE ( 'NONE', #33, #4004, #2251, .T. ) ;
#1038 = CARTESIAN_POINT ( 'NONE',  ( 26.67131396931501200, 18.13816930062021300, 86.10807662271346900 ) ) ;
#1039 = DIRECTION ( 'NONE',  ( 0.0000000000000000000, 0.0000000000000000000, -1.000000000000000000 ) ) ;
#1040 = DIRECTION ( 'NONE',  ( 0.0000000000000000000, 0.0000000000000000000, -1.000000000000000000 ) ) ;
#1041 = CARTESIAN_POINT ( 'NONE',  ( 9.058385992382326900, -13.24183069937974000, 72.55273067771494800 ) ) ;
#1042 = DIRECTION ( 'NONE',  ( 1.000000000000000000, 0.0000000000000000000, 0.0000000000000000000 ) ) ;
#1043 = FACE_OUTER_BOUND ( 'NONE', #2831, .T. ) ;
#1044 = PRODUCT ( 'WH-FEMALE-24', 'WH-FEMALE-24', '', ( #898 ) ) ;
#1045 = EDGE_CURVE ( 'NONE', #854, #610, #677, .T. ) ;
#1046 = FACE_OUTER_BOUND ( 'NONE', #753, .T. ) ;
#1047 = ORIENTED_EDGE ( 'NONE', *, *, #3699, .T. ) ;
#1048 = DIRECTION ( 'NONE',  ( 0.0000000000000000000, -1.224646799147353200E-016, 1.000000000000000000 ) ) ;
#1049 = DIRECTION ( 'NONE',  ( 0.0000000000000000000, 0.0000000000000000000, -1.000000000000000000 ) ) ;
#1050 = CARTESIAN_POINT ( 'NONE',  ( 5.911774651918516800, 18.13816930062010600, 115.4531865719225900 ) ) ;
#1051 = DIRECTION ( 'NONE',  ( 0.0000000000000000000, 0.0000000000000000000, -1.000000000000000000 ) ) ;
#1052 = EDGE_CURVE ( 'NONE', #2681, #2724, #578, .T. ) ;
#1053 = CONICAL_SURFACE ( 'NONE', #2847, 18.29999999999999000, 0.2617993877991508500 ) ;
#1054 = DIRECTION ( 'NONE',  ( -0.9999506762177210500, -0.009932025559894173300, 0.0000000000000000000 ) ) ;
#1055 = ORIENTED_EDGE ( 'NONE', *, *, #1469, .F. ) ;
#1056 = PERSON_AND_ORGANIZATION ( #2705, #2437 ) ;
#1057 = ORIENTED_EDGE ( 'NONE', *, *, #3559, .T. ) ;
#1058 = DIRECTION ( 'NONE',  ( -0.9999506762177210500, -0.009932025559894029300, 0.0000000000000000000 ) ) ;
#1059 = EDGE_LOOP ( 'NONE', ( #226, #2629 ) ) ;
#1060 = VECTOR ( 'NONE', #3059, 1000.000000000000000 ) ;
#1061 = DIRECTION ( 'NONE',  ( 0.0000000000000000000, -1.000000000000000000, -3.491481338843133400E-015 ) ) ;
#1062 = EDGE_LOOP ( 'NONE', ( #3310, #3550, #3409, #510 ) ) ;
#1063 = ADVANCED_FACE ( 'NONE', ( #2986, #3709 ), #2937, .F. ) ;
#1064 = EDGE_LOOP ( 'NONE', ( #1055, #2128, #2505, #3491, #688 ) ) ;
#1065 = APPROVAL ( #2166, 'UNSPECIFIED' ) ;
#1066 = EDGE_LOOP ( 'NONE', ( #2190, #3176 ) ) ;
#1067 = FACE_OUTER_BOUND ( 'NONE', #2321, .T. ) ;
#1068 = CARTESIAN_POINT ( 'NONE',  ( 9.058385992382318000, 18.13816930062025200, 74.81773067771504800 ) ) ;
#1069 = CARTESIAN_POINT ( 'NONE',  ( 1.304999559821309100, 18.13816930062011000, 113.0337108113279500 ) ) ;
#1070 = PLANE ( 'NONE',  #1913 ) ;
#1071 = FACE_OUTER_BOUND ( 'NONE', #3135, .T. ) ;
#1072 = AXIS2_PLACEMENT_3D ( 'NONE', #3278, #3586, #2304 ) ;
#1073 = CIRCLE ( 'NONE', #3277, 25.87499999999999600 ) ;
#1074 = CARTESIAN_POINT ( 'NONE',  ( -49.10930008502348400, 0.0000000000000000000, 23.11499999999999800 ) ) ;
#1075 = DIRECTION ( 'NONE',  ( 0.0000000000000000000, 0.0000000000000000000, -1.000000000000000000 ) ) ;
#1076 = EDGE_CURVE ( 'NONE', #2722, #1410, #1215, .T. ) ;
#1077 = DATE_AND_TIME ( #1911, #2740 ) ;
#1078 = CALENDAR_DATE ( 2017, 28, 6 ) ;
#1079 = ADVANCED_FACE ( 'NONE', ( #1324 ), #1955, .T. ) ;
#1080 = CARTESIAN_POINT ( 'NONE',  ( -1.915299279683008200, 19.12316044925971800, 111.1816804618639500 ) ) ;
#1081 = CARTESIAN_POINT ( 'NONE',  ( -53.30290323835134800, 2.903637560778374600E-015, -23.71000000000000100 ) ) ;
#1082 = AXIS2_PLACEMENT_3D ( 'NONE', #383, #2573, #689 ) ;
#1083 = DIRECTION ( 'NONE',  ( -1.000000000000000000, 0.0000000000000000000, 0.0000000000000000000 ) ) ;
#1084 =( GEOMETRIC_REPRESENTATION_CONTEXT ( 3 ) GLOBAL_UNCERTAINTY_ASSIGNED_CONTEXT ( ( #2434 ) ) GLOBAL_UNIT_ASSIGNED_CONTEXT ( ( #1720, #3912, #2030 ) ) REPRESENTATION_CONTEXT ( 'NONE', 'WORKASPACE' ) );
#1085 = DIRECTION ( 'NONE',  ( -0.9659258262890678700, 3.169619151431781000E-017, -0.2588190451025220700 ) ) ;
#1086 = DIRECTION ( 'NONE',  ( 0.0000000000000000000, 0.0000000000000000000, -1.000000000000000000 ) ) ;
#1087 = CARTESIAN_POINT ( 'NONE',  ( 0.0000000000000000000, 0.0000000000000000000, 0.0000000000000000000 ) ) ;
#1088 = DIRECTION ( 'NONE',  ( 1.000000000000000000, 0.0000000000000000000, 0.0000000000000000000 ) ) ;
#1089 = CARTESIAN_POINT ( 'NONE',  ( -7.131985247012727000, 18.13816930062013500, 107.4179579158487000 ) ) ;
#1090 = CARTESIAN_POINT ( 'NONE',  ( 0.0000000000000000000, 38.10000000000000100, -26.00000000000000000 ) ) ;
#1091 = AXIS2_PLACEMENT_3D ( 'NONE', #2326, #3558, #3573 ) ;
#1092 =( NAMED_UNIT ( * ) PLANE_ANGLE_UNIT ( ) SI_UNIT ( $, .RADIAN. ) );
#1093 = FACE_BOUND ( 'NONE', #373, .T. ) ;
#1094 = CARTESIAN_POINT ( 'NONE',  ( 9.058385992382248700, 56.23816930062032800, -5.766066130416885600 ) ) ;
#1095 = CARTESIAN_POINT ( 'NONE',  ( -22.20005111260406500, 0.0000000000000000000, 0.0000000000000000000 ) ) ;
#1096 = ADVANCED_FACE ( 'NONE', ( #2054 ), #285, .F. ) ;
#1097 = PRODUCT_RELATED_PRODUCT_CATEGORY ( 'detail', '', ( #1044 ) ) ;
#1098 = CIRCLE ( 'NONE', #785, 18.99999999999999600 ) ;
#1099 = ORIENTED_EDGE ( 'NONE', *, *, #3070, .F. ) ;
#1100 = ORIENTED_EDGE ( 'NONE', *, *, #414, .T. ) ;
#1101 = VECTOR ( 'NONE', #2426, 1000.000000000000000 ) ;
#1102 = DIRECTION ( 'NONE',  ( -1.000000000000000000, -0.0000000000000000000, -0.0000000000000000000 ) ) ;
#1103 = ORIENTED_EDGE ( 'NONE', *, *, #363, .F. ) ;
#1104 = ORIENTED_EDGE ( 'NONE', *, *, #127, .T. ) ;
#1105 = CALENDAR_DATE ( 2017, 28, 6 ) ;
#1106 = CARTESIAN_POINT ( 'NONE',  ( -1.401872040084208600, 18.13816930062011000, 112.7176753065078000 ) ) ;
#1107 = ORIENTED_EDGE ( 'NONE', *, *, #1601, .F. ) ;
#1108 = CARTESIAN_POINT ( 'NONE',  ( -8.727020411632693700, 18.13816930062015600, 102.4774957810945200 ) ) ;
#1109 = DIRECTION ( 'NONE',  ( -0.7071067811865573400, 0.0000000000000000000, -0.7071067811865378000 ) ) ;
#1110 = EDGE_CURVE ( 'NONE', #1316, #490, #2785, .T. ) ;
#1111 = EDGE_LOOP ( 'NONE', ( #2037, #1901 ) ) ;
#1112 = AXIS2_PLACEMENT_3D ( 'NONE', #199, #205, #3645 ) ;
#1113 = ORIENTED_EDGE ( 'NONE', *, *, #2932, .F. ) ;
#1114 = ORIENTED_EDGE ( 'NONE', *, *, #2583, .T. ) ;
#1115 = CONICAL_SURFACE ( 'NONE', #2029, 23.62499999999999300, 0.7853981633974657100 ) ;
#1116 = CARTESIAN_POINT ( 'NONE',  ( -17.72930008502348500, 0.0000000000000000000, 16.05999999999999900 ) ) ;
#1117 = B_SPLINE_CURVE_WITH_KNOTS ( 'NONE', 3,
 ( #722, #407, #2286, #1036, #3233 ),
 .UNSPECIFIED., .F., .F.,
 ( 4, 1, 4 ),
 ( 0.06017846608805860200, 0.06117682688170061900, 0.06217518767534262900 ),
 .UNSPECIFIED. ) ;
#1118 = CARTESIAN_POINT ( 'NONE',  ( 9.058385992382248700, -12.68757444095778400, 95.66773067771494300 ) ) ;
#1119 = FACE_OUTER_BOUND ( 'NONE', #3705, .T. ) ;
#1120 = FACE_OUTER_BOUND ( 'NONE', #3957, .T. ) ;
#1121 = CARTESIAN_POINT ( 'NONE',  ( -20.40819268389990200, 0.0000000000000000000, 0.0000000000000000000 ) ) ;
#1122 = ADVANCED_FACE ( 'NONE', ( #382 ), #1852, .T. ) ;
#1123 = CARTESIAN_POINT ( 'NONE',  ( -10.66593751592493400, 18.13816930062016300, 99.02981219342027000 ) ) ;
#1124 = ORIENTED_EDGE ( 'NONE', *, *, #2275, .T. ) ;
#1125 = DATE_AND_TIME ( #1963, #2798 ) ;
#1126 = CARTESIAN_POINT ( 'NONE',  ( 9.058385992382302000, 18.13816930062023400, 79.60773067771506800 ) ) ;
#1127 = CARTESIAN_POINT ( 'NONE',  ( -18.99999999999999600, 38.10000000000000100, 0.0000000000000000000 ) ) ;
#1128 = EDGE_CURVE ( 'NONE', #1861, #3761, #2689, .T. ) ;
#1129 = EDGE_CURVE ( 'NONE', #2132, #76, #3510, .T. ) ;
#1130 = CARTESIAN_POINT ( 'NONE',  ( -8.025390767445571800, 18.13816930062021300, 85.16763410919350000 ) ) ;
#1131 = CARTESIAN_POINT ( 'NONE',  ( 0.0000000000000000000, 57.10000000000000100, 0.0000000000000000000 ) ) ;
#1132 = DIRECTION ( 'NONE',  ( -0.009932025559893966800, 0.9999506762177211600, 0.0000000000000000000 ) ) ;
#1133 = CC_DESIGN_DATE_AND_TIME_ASSIGNMENT ( #3953, #1213, ( #300 ) ) ;
#1134 = DIRECTION ( 'NONE',  ( 1.000000000000000000, -0.0000000000000000000, -0.0000000000000000000 ) ) ;
#1135 = CARTESIAN_POINT ( 'NONE',  ( 9.058385992382250500, 18.13816930062031900, 57.56773067771505500 ) ) ;
#1136 = ADVANCED_FACE ( 'NONE', ( #1119 ), #1756, .T. ) ;
#1137 = VECTOR ( 'NONE', #2598, 1000.000000000000000 ) ;
#1138 = CARTESIAN_POINT ( 'NONE',  ( 5.650834709947128300, 18.13816930062024800, 75.88862128480134600 ) ) ;
#1139 = DIRECTION ( 'NONE',  ( 0.0000000000000000000, -1.000000000000000000, -3.491481338843133400E-015 ) ) ;
#1140 = AXIS2_PLACEMENT_3D ( 'NONE', #1135, #3013, #820 ) ;
#1141 = LINE ( 'NONE', #2754, #2817 ) ;
#1142 = ORIENTED_EDGE ( 'NONE', *, *, #1179, .F. ) ;
#1143 = EDGE_CURVE ( 'NONE', #609, #3562, #2590, .T. ) ;
#1144 = CIRCLE ( 'NONE', #3891, 16.05999999999999900 ) ;
#1145 = DIRECTION ( 'NONE',  ( 1.000000000000000000, 0.0000000000000000000, 0.0000000000000000000 ) ) ;
#1146 = ORIENTED_EDGE ( 'NONE', *, *, #2859, .F. ) ;
#1147 = DIRECTION ( 'NONE',  ( -0.9999506762177210500, -0.009932025559894197600, 0.0000000000000000000 ) ) ;
#1148 = CARTESIAN_POINT ( 'NONE',  ( -49.10930008502348400, 0.0000000000000000000, 23.71000000000000100 ) ) ;
#1149 = LOCAL_TIME ( 8, 11, 46.00000000000000000, #1988 ) ;
#1150 = VERTEX_POINT ( 'NONE', #2019 ) ;
#1151 = EDGE_LOOP ( 'NONE', ( #3116, #2772, #3223, #2480 ) ) ;
#1152 = CC_DESIGN_PERSON_AND_ORGANIZATION_ASSIGNMENT ( #2695, #1912, ( #381 ) ) ;
#1153 = EDGE_LOOP ( 'NONE', ( #515, #3659, #2376, #3268, #2893 ) ) ;
#1154 = ORIENTED_EDGE ( 'NONE', *, *, #310, .T. ) ;
#1155 = CARTESIAN_POINT ( 'NONE',  ( 27.82230773834121600, 19.14300161439149400, 92.42059314003634500 ) ) ;
#1156 = ADVANCED_FACE ( 'NONE', ( #185, #1019 ), #1070, .F. ) ;
#1157 = DIRECTION ( 'NONE',  ( 1.000000000000000000, 0.0000000000000000000, 0.0000000000000000000 ) ) ;
#1158 = ORIENTED_EDGE ( 'NONE', *, *, #852, .F. ) ;
#1159 = CARTESIAN_POINT ( 'NONE',  ( 20.46168024768200100, 19.12337360435091000, 110.8679339313747500 ) ) ;
#1160 = AXIS2_PLACEMENT_3D ( 'NONE', #317, #2517, #631 ) ;
#1161 = FACE_OUTER_BOUND ( 'NONE', #664, .T. ) ;
#1162 = B_SPLINE_CURVE_WITH_KNOTS ( 'NONE', 3,
 ( #825, #2075, #3975, #2091, #211, #2406, #533, #2721, #833, #3037, #1159, #3345, #1472, #3666, #1789, #3985, #2103, #230, #2418, #546, #2737, #847, #3048, #1174, #3363, #1483, #3675, #1686, #1383, #2005, #3888, #2317, #2632, #3877, #440, #2253, #2842, #917, #2450, #2577, #387, #2260, #65, #1950, #3826, #1629, #3497, #1326, #3195 ),
 .UNSPECIFIED., .F., .F.,
 ( 4, 2, 2, 2, 2, 2, 2, 2, 1, 2, 2, 2, 2, 2, 2, 2, 2, 2, 2, 2, 2, 2, 2, 2, 4 ),
 ( 0.06217518767534262900, 0.06399247832161317200, 0.06580976896788372200, 0.06944435026042479500, 0.07126164090669533100, 0.07307893155296586700, 0.07671351284550692600, 0.07853080349177747600, 0.08034809413804802600, 0.08216538478431856300, 0.08398267543058911300, 0.08761725672313019900, 0.08943454736940076300, 0.09125183801567132700, 0.09488641930821242700, 0.09670370995448296400, 0.09852100060075347200, 0.1021555818932945300, 0.1039728725395650700, 0.1057901631858355900, 0.1094247444783766300, 0.1130593257709176800, 0.1148766164171882000, 0.1166939070634587200, 0.1203284883559997800 ),
 .UNSPECIFIED. ) ;
#1163 = AXIS2_PLACEMENT_3D ( 'NONE', #1298, #3476, #1609 ) ;
#1164 = DIRECTION ( 'NONE',  ( 0.0000000000000000000, 0.0000000000000000000, -1.000000000000000000 ) ) ;
#1165 = FACE_OUTER_BOUND ( 'NONE', #1665, .T. ) ;
#1166 = DIRECTION ( 'NONE',  ( 0.0000000000000000000, -1.000000000000000000, -3.491481338843133400E-015 ) ) ;
#1167 = DIRECTION ( 'NONE',  ( 0.0000000000000000000, 0.0000000000000000000, 1.000000000000000000 ) ) ;
#1168 =( LENGTH_UNIT ( ) NAMED_UNIT ( * ) SI_UNIT ( .MILLI., .METRE. ) );
#1169 = CIRCLE ( 'NONE', #2645, 26.12499999999998200 ) ;
#1170 = EDGE_CURVE ( 'NONE', #3172, #1788, #87, .T. ) ;
#1171 = CARTESIAN_POINT ( 'NONE',  ( 29.02675092634319800, 18.13816930062017400, 96.82650519638677600 ) ) ;
#1172 = CARTESIAN_POINT ( 'NONE',  ( 9.058385992382168800, -12.68757444095786400, 118.4627306777149600 ) ) ;
#1173 = CARTESIAN_POINT ( 'NONE',  ( 6.965162568286553200, 18.13816930062024800, 75.75009350007640300 ) ) ;
#1174 = CARTESIAN_POINT ( 'NONE',  ( 28.01524040234725600, 19.13627561511197000, 97.06994608926193300 ) ) ;
#1175 = PERSON_AND_ORGANIZATION ( #2705, #2437 ) ;
#1176 = CARTESIAN_POINT ( 'NONE',  ( -53.30290323835134800, 0.0000000000000000000, 23.71000000000000100 ) ) ;
#1177 = DIRECTION ( 'NONE',  ( -1.000000000000000000, -0.0000000000000000000, -0.0000000000000000000 ) ) ;
#1178 = DIRECTION ( 'NONE',  ( -0.9999506762177211600, -0.009932025559894168100, 0.0000000000000000000 ) ) ;
#1179 = EDGE_CURVE ( 'NONE', #361, #121, #914, .T. ) ;
#1180 = ADVANCED_FACE ( 'NONE', ( #3322, #3417 ), #2269, .T. ) ;
#1181 = APPLICATION_PROTOCOL_DEFINITION ( 'international standard', 'config_control_design', 1994, #3054 ) ;
#1182 = EDGE_CURVE ( 'NONE', #764, #3217, #816, .T. ) ;
#1183 = CARTESIAN_POINT ( 'NONE',  ( 27.11175090244614700, 18.13816930062129600, 101.6340895540430300 ) ) ;
#1184 = AXIS2_PLACEMENT_3D ( 'NONE', #2311, #3568, #3511 ) ;
#1185 = CARTESIAN_POINT ( 'NONE',  ( 25.11838599238224700, 56.23816930062032800, 31.56773067771505100 ) ) ;
#1186 = CARTESIAN_POINT ( 'NONE',  ( 11.40129386204827900, 18.13816930062024500, 76.83160362451862100 ) ) ;
#1187 = DIRECTION ( 'NONE',  ( 0.0000000000000000000, -0.0000000000000000000, 1.000000000000000000 ) ) ;
#1188 = DIRECTION ( 'NONE',  ( -0.0000000000000000000, -0.0000000000000000000, 1.000000000000000000 ) ) ;
#1189 = CARTESIAN_POINT ( 'NONE',  ( -53.30290323835134800, 0.0000000000000000000, 0.0000000000000000000 ) ) ;
#1190 = CIRCLE ( 'NONE', #1451, 24.12500000000000400 ) ;
#1191 = CARTESIAN_POINT ( 'NONE',  ( 6.965162568286553200, 18.13816930062024800, 75.75009350007640300 ) ) ;
#1192 = SECURITY_CLASSIFICATION_LEVEL ( 'unclassified' ) ;
#1193 = CIRCLE ( 'NONE', #379, 16.05999999999999900 ) ;
#1194 = CARTESIAN_POINT ( 'NONE',  ( 25.30210962725161700, 19.12737885499550900, 105.5910494328860800 ) ) ;
#1195 = ORIENTED_EDGE ( 'NONE', *, *, #629, .F. ) ;
#1196 = ADVANCED_FACE ( 'NONE', ( #4066 ), #1658, .T. ) ;
#1197 = CARTESIAN_POINT ( 'NONE',  ( 15.65176429809690000, 19.18685062216712800, 77.77778139094610300 ) ) ;
#1198 = VERTEX_POINT ( 'NONE', #107 ) ;
#1199 = AXIS2_PLACEMENT_3D ( 'NONE', #857, #2743, #2428 ) ;
#1200 = FACE_OUTER_BOUND ( 'NONE', #273, .T. ) ;
#1201 = ORIENTED_EDGE ( 'NONE', *, *, #646, .T. ) ;
#1202 = EDGE_CURVE ( 'NONE', #1206, #1488, #2390, .T. ) ;
#1203 = ORIENTED_EDGE ( 'NONE', *, *, #3143, .F. ) ;
#1204 = PERSON_AND_ORGANIZATION ( #2705, #2437 ) ;
#1205 = ORIENTED_EDGE ( 'NONE', *, *, #3744, .F. ) ;
#1206 = VERTEX_POINT ( 'NONE', #2507 ) ;
#1207 = DIRECTION ( 'NONE',  ( -1.000000000000000000, -0.0000000000000000000, -0.0000000000000000000 ) ) ;
#1208 = DIRECTION ( 'NONE',  ( -0.0000000000000000000, -0.0000000000000000000, -1.000000000000000000 ) ) ;
#1209 = CARTESIAN_POINT ( 'NONE',  ( 58.15865425799412900, 3.321854442687194000E-015, 27.12499999999998600 ) ) ;
#1210 = EDGE_LOOP ( 'NONE', ( #959, #4002 ) ) ;
#1211 = ORIENTED_EDGE ( 'NONE', *, *, #1761, .T. ) ;
#1212 = CIRCLE ( 'NONE', #1184, 22.04000000000000300 ) ;
#1213 = DATE_TIME_ROLE ( 'creation_date' ) ;
#1214 = CARTESIAN_POINT ( 'NONE',  ( 22.36066965829190800, 18.13816930062012400, 110.6073429593295600 ) ) ;
#1215 = LINE ( 'NONE', #3870, #2889 ) ;
#1216 = CARTESIAN_POINT ( 'NONE',  ( 9.058385992382326900, -13.24183069937974000, 72.55273067771494800 ) ) ;
#1217 = CARTESIAN_POINT ( 'NONE',  ( 21.13828791649340700, 18.13816930062023400, 79.69205078538514900 ) ) ;
#1218 = AXIS2_PLACEMENT_3D ( 'NONE', #1415, #532, #210 ) ;
#1219 = LINE ( 'NONE', #291, #1460 ) ;
#1220 = CC_DESIGN_APPROVAL ( #1002, ( #787 ) ) ;
#1221 = CARTESIAN_POINT ( 'NONE',  ( -10.76551953540973200, 18.13816930062016700, 98.38274977981390600 ) ) ;
#1222 = DIRECTION ( 'NONE',  ( -1.000000000000000000, -0.0000000000000000000, -0.0000000000000000000 ) ) ;
#1223 = CARTESIAN_POINT ( 'NONE',  ( 9.058385992382248700, 18.13816930062031900, 57.56773067771505500 ) ) ;
#1224 = CARTESIAN_POINT ( 'NONE',  ( 2.571840184273659300, 19.12164315877640400, 113.5277338433997900 ) ) ;
#1225 = CARTESIAN_POINT ( 'NONE',  ( -17.12532246437876900, 55.97809921133450200, -8.132269322284946300 ) ) ;
#1226 = ADVANCED_FACE ( 'NONE', ( #1556, #3226 ), #2195, .F. ) ;
#1227 = ORIENTED_EDGE ( 'NONE', *, *, #116, .T. ) ;
#1228 = CALENDAR_DATE ( 2017, 28, 6 ) ;
#1229 = CARTESIAN_POINT ( 'NONE',  ( 9.605013676510797200, 18.13816930062024500, 75.60448977857635100 ) ) ;
#1230 = APPLICATION_CONTEXT ( 'configuration controlled 3d designs of mechanical parts and assemblies' ) ;
#1231 = AXIS2_PLACEMENT_3D ( 'NONE', #3141, #942, #2829 ) ;
#1232 = CARTESIAN_POINT ( 'NONE',  ( 18.68745616097062300, 18.13816930062011300, 112.0677866363963200 ) ) ;
#1233 = PRODUCT_DEFINITION_SHAPE ( 'NONE', 'NONE',  #1323 ) ;
#1234 = CARTESIAN_POINT ( 'NONE',  ( 24.03584545515543200, 18.13816930062021600, 83.99249664933522300 ) ) ;
#1235 = CARTESIAN_POINT ( 'NONE',  ( -20.40819268389990200, 0.0000000000000000000, 0.0000000000000000000 ) ) ;
#1236 = CC_DESIGN_APPROVAL ( #1021, ( #806 ) ) ;
#1237 = CARTESIAN_POINT ( 'NONE',  ( -9.793011533523310800, 18.13816930062018800, 93.28946762307327800 ) ) ;
#1238 = CARTESIAN_POINT ( 'NONE',  ( 9.058385992382326900, -13.24183069937973800, 71.95773067771493500 ) ) ;
#1239 = ORIENTED_EDGE ( 'NONE', *, *, #3858, .F. ) ;
#1240 = DIRECTION ( 'NONE',  ( -0.9999506762177210500, -0.009932025559894197600, 0.0000000000000000000 ) ) ;
#1241 = CARTESIAN_POINT ( 'NONE',  ( -5.683083531037335800, 19.12566702306879000, 107.7052819248738700 ) ) ;
#1242 = CARTESIAN_POINT ( 'NONE',  ( -40.35930008502347700, 1.966782759430649000E-015, -16.05999999999999900 ) ) ;
#1243 = APPROVAL_STATUS ( 'not_yet_approved' ) ;
#1244 = CARTESIAN_POINT ( 'NONE',  ( 12.28683259061274500, 19.12109750400082900, 114.4244108093988900 ) ) ;
#1245 = AXIS2_PLACEMENT_3D ( 'NONE', #3028, #1145, #3339 ) ;
#1246 = CARTESIAN_POINT ( 'NONE',  ( 25.45719415988650900, 19.15623066376577200, 86.03383827489067000 ) ) ;
#1247 = AXIS2_PLACEMENT_3D ( 'NONE', #1949, #64, #3496 ) ;
#1248 = FACE_OUTER_BOUND ( 'NONE', #1505, .T. ) ;
#1249 = CARTESIAN_POINT ( 'NONE',  ( -9.333820830004343700, 19.14580570528374900, 90.84526393212951200 ) ) ;
#1250 = FACE_OUTER_BOUND ( 'NONE', #851, .T. ) ;
#1251 = DIRECTION ( 'NONE',  ( 0.0000000000000000000, 0.0000000000000000000, -1.000000000000000000 ) ) ;
#1252 = ORIENTED_EDGE ( 'NONE', *, *, #3983, .T. ) ;
#1253 = CARTESIAN_POINT ( 'NONE',  ( -8.741798764433850600, 19.14944660942862600, 88.97975272889303300 ) ) ;
#1254 = DIRECTION ( 'NONE',  ( 0.0000000000000000000, 0.0000000000000000000, -1.000000000000000000 ) ) ;
#1255 = CARTESIAN_POINT ( 'NONE',  ( 20.83252038120154700, 18.13816930062012000, 111.8387439961387600 ) ) ;
#1256 = CARTESIAN_POINT ( 'NONE',  ( 27.83096643999682100, 18.13816930062014200, 102.5863532449312300 ) ) ;
#1257 = CARTESIAN_POINT ( 'NONE',  ( -53.30290323835134800, 0.0000000000000000000, 0.0000000000000000000 ) ) ;
#1258 = EDGE_CURVE ( 'NONE', #1886, #807, #2499, .T. ) ;
#1259 = VECTOR ( 'NONE', #2851, 999.9999999999998900 ) ;
#1260 = PERSON_AND_ORGANIZATION_ROLE ( 'creator' ) ;
#1261 = ORIENTED_EDGE ( 'NONE', *, *, #2388, .T. ) ;
#1262 = CALENDAR_DATE ( 2017, 28, 6 ) ;
#1263 = ORIENTED_EDGE ( 'NONE', *, *, #149, .F. ) ;
#1264 = EDGE_LOOP ( 'NONE', ( #2136, #1550, #1749, #2779, #126, #3164 ) ) ;
#1265 = CARTESIAN_POINT ( 'NONE',  ( 27.95353316732707300, 18.13816930062020200, 89.08821114938477600 ) ) ;
#1266 = VERTEX_POINT ( 'NONE', #3639 ) ;
#1267 = SHAPE_REPRESENTATION ( 'WH-FEMALE-24', ( #870 ), #1303 ) ;
#1268 = ORIENTED_EDGE ( 'NONE', *, *, #3668, .T. ) ;
#1269 = EDGE_CURVE ( 'NONE', #3217, #764, #3127, .T. ) ;
#1270 = ORIENTED_EDGE ( 'NONE', *, *, #499, .T. ) ;
#1271 = CARTESIAN_POINT ( 'NONE',  ( -8.025390767629504700, 18.13816930062021300, 85.16763410905476000 ) ) ;
#1272 = CARTESIAN_POINT ( 'NONE',  ( 0.0000000000000000000, 0.0000000000000000000, 0.0000000000000000000 ) ) ;
#1273 = FACE_OUTER_BOUND ( 'NONE', #4052, .T. ) ;
#1274 = CARTESIAN_POINT ( 'NONE',  ( -16.05999999999999900, 38.10000000000000100, -26.00000000000000000 ) ) ;
#1275 = CARTESIAN_POINT ( 'NONE',  ( 9.058385992382248700, -4.491830699379812900, 95.66773067771497100 ) ) ;
#1276 = CARTESIAN_POINT ( 'NONE',  ( 9.058385992382248700, 56.23816930062032800, 26.06773067771504800 ) ) ;
#1277 = EDGE_CURVE ( 'NONE', #971, #1402, #3964, .T. ) ;
#1278 = APPROVAL_ROLE ( '' ) ;
#1279 = CIRCLE ( 'NONE', #3963, 16.05999999999999900 ) ;
#1280 = DIRECTION ( 'NONE',  ( 1.000000000000000000, -0.0000000000000000000, -0.0000000000000000000 ) ) ;
#1281 = CIRCLE ( 'NONE', #1382, 17.06000000000001300 ) ;
#1282 = ORGANIZATION ( 'NAUO-ORG3', 'UNSPECIFIED', 'UNSPECIFIED' ) ;
#1283 = CC_DESIGN_APPROVAL ( #1065, ( #836 ) ) ;
#1284 = CARTESIAN_POINT ( 'NONE',  ( -4.003295118273732600, 18.13816930062022700, 81.87706506005014300 ) ) ;
#1285 = DIRECTION ( 'NONE',  ( 0.0000000000000000000, 0.0000000000000000000, -1.000000000000000000 ) ) ;
#1286 = COORDINATED_UNIVERSAL_TIME_OFFSET ( 0, 0, .AHEAD. ) ;
#1287 = DIRECTION ( 'NONE',  ( 1.000000000000000000, -0.0000000000000000000, -0.0000000000000000000 ) ) ;
#1288 = SECURITY_CLASSIFICATION_LEVEL ( 'unclassified' ) ;
#1289 = AXIS2_PLACEMENT_3D ( 'NONE', #1661, #3531, #1346 ) ;
#1290 = DIRECTION ( 'NONE',  ( 0.0000000000000000000, 0.0000000000000000000, -1.000000000000000000 ) ) ;
#1291 = EDGE_CURVE ( 'NONE', #2431, #2482, #1458, .T. ) ;
#1292 = CARTESIAN_POINT ( 'NONE',  ( 0.5330839581085714500, 19.18238742983049900, 78.65051460840517400 ) ) ;
#1293 = DIRECTION ( 'NONE',  ( 0.0000000000000000000, -1.000000000000000000, -3.491481338843133400E-015 ) ) ;
#1294 = DIRECTION ( 'NONE',  ( 0.0000000000000000000, 0.0000000000000000000, -1.000000000000000000 ) ) ;
#1295 = CARTESIAN_POINT ( 'NONE',  ( 58.15865425799412900, 0.0000000000000000000, 0.0000000000000000000 ) ) ;
#1296 = DIRECTION ( 'NONE',  ( 0.0000000000000000000, 0.0000000000000000000, 1.000000000000000000 ) ) ;
#1297 = MANIFOLD_SOLID_BREP ( 'Boss-Extrude2', #712 ) ;
#1298 = CARTESIAN_POINT ( 'NONE',  ( 9.058385992382248700, 56.23816930062032800, 57.56773067771505500 ) ) ;
#1299 =( REPRESENTATION_RELATIONSHIP ('NONE','NONE', #3979, #1267 ) REPRESENTATION_RELATIONSHIP_WITH_TRANSFORMATION ( #3137 )SHAPE_REPRESENTATION_RELATIONSHIP( ) );
#1300 = VERTEX_POINT ( 'NONE', #3205 ) ;
#1301 = CONICAL_SURFACE ( 'NONE', #607, 23.11499999999999500, 0.5235987755982984800 ) ;
#1302 = DIRECTION ( 'NONE',  ( 0.0000000000000000000, 0.0000000000000000000, 1.000000000000000000 ) ) ;
#1303 =( GEOMETRIC_REPRESENTATION_CONTEXT ( 3 ) GLOBAL_UNCERTAINTY_ASSIGNED_CONTEXT ( ( #622 ) ) GLOBAL_UNIT_ASSIGNED_CONTEXT ( ( #2345, #467, #2659 ) ) REPRESENTATION_CONTEXT ( 'NONE', 'WORKASPACE' ) );
#1304 = FACE_OUTER_BOUND ( 'NONE', #536, .T. ) ;
#1305 = VERTEX_POINT ( 'NONE', #1336 ) ;
#1306 = ORIENTED_EDGE ( 'NONE', *, *, #1344, .F. ) ;
#1307 = LOCAL_TIME ( 8, 11, 46.00000000000000000, #2123 ) ;
#1308 = VERTEX_POINT ( 'NONE', #2597 ) ;
#1309 = CARTESIAN_POINT ( 'NONE',  ( 5.650914956761824600, 18.13816930062024800, 75.88861282751095400 ) ) ;
#1310 = DIRECTION ( 'NONE',  ( 1.000000000000000000, -0.0000000000000000000, -0.0000000000000000000 ) ) ;
#1311 = CARTESIAN_POINT ( 'NONE',  ( 28.50742664481690600, 56.43134719776026700, 17.68773067771506300 ) ) ;
#1312 = TOROIDAL_SURFACE ( 'NONE', #1449, 38.10000000000000100, 16.05999999999999900 ) ;
#1313 = CARTESIAN_POINT ( 'NONE',  ( 58.15865425799412900, 0.0000000000000000000, 0.0000000000000000000 ) ) ;
#1314 = ORIENTED_EDGE ( 'NONE', *, *, #2815, .F. ) ;
#1315 = COORDINATED_UNIVERSAL_TIME_OFFSET ( 0, 0, .AHEAD. ) ;
#1316 = VERTEX_POINT ( 'NONE', #3519 ) ;
#1317 = CARTESIAN_POINT ( 'NONE',  ( 9.058385992382248700, 56.23816930062032800, 31.56773067771505100 ) ) ;
#1318 = AXIS2_PLACEMENT_3D ( 'NONE', #1728, #3924, #2044 ) ;
#1319 = ORIENTED_EDGE ( 'NONE', *, *, #1344, .T. ) ;
#1320 = ORIENTED_EDGE ( 'NONE', *, *, #2230, .T. ) ;
#1321 = ORIENTED_EDGE ( 'NONE', *, *, #127, .F. ) ;
#1322 = CONICAL_SURFACE ( 'NONE', #975, 16.05999999999999200, 0.7853981633974552700 ) ;
#1323 = PRODUCT_DEFINITION ( 'UNKNOWN', '', #2362, #3730 ) ;
#1324 = FACE_OUTER_BOUND ( 'NONE', #2117, .T. ) ;
#1325 = CARTESIAN_POINT ( 'NONE',  ( 9.058385992382248700, 56.23816930062032800, 31.56773067771505100 ) ) ;
#1326 = CARTESIAN_POINT ( 'NONE',  ( 10.27158621993709400, 19.19341791940477600, 76.63855788453946600 ) ) ;
#1327 = FACE_OUTER_BOUND ( 'NONE', #2088, .T. ) ;
#1328 = DIRECTION ( 'NONE',  ( 0.0000000000000000000, -1.000000000000000000, -3.491481338843133400E-015 ) ) ;
#1329 = EDGE_CURVE ( 'NONE', #2981, #1150, #4032, .T. ) ;
#1330 = AXIS2_PLACEMENT_3D ( 'NONE', #3581, #3611, #3333 ) ;
#1331 = VERTEX_POINT ( 'NONE', #693 ) ;
#1332 = AXIS2_PLACEMENT_3D ( 'NONE', #1809, #4008, #2114 ) ;
#1333 = ITEM_DEFINED_TRANSFORMATION ( 'NONE', 'NONE', #2129,  #870 ) ;
#1334 = DIRECTION ( 'NONE',  ( 0.0000000000000000000, 0.0000000000000000000, 1.000000000000000000 ) ) ;
#1335 = CARTESIAN_POINT ( 'NONE',  ( 9.058385992382248700, -13.24183069937982200, 95.66773067771494300 ) ) ;
#1336 = CARTESIAN_POINT ( 'NONE',  ( -60.10819268389990100, 1.966782759430647800E-015, 16.05999999999998500 ) ) ;
#1337 = CARTESIAN_POINT ( 'NONE',  ( -26.93262969212313600, 0.0000000000000000000, 0.0000000000000000000 ) ) ;
#1338 = CARTESIAN_POINT ( 'NONE',  ( 12.45426550184433100, 18.13816930062010600, 115.3797177644524800 ) ) ;
#1339 = DIRECTION ( 'NONE',  ( 0.0000000000000000000, 0.0000000000000000000, -1.000000000000000000 ) ) ;
#1340 = EDGE_CURVE ( 'NONE', #3742, #3648, #2292, .T. ) ;
#1341 = DIRECTION ( 'NONE',  ( 0.0000000000000000000, 0.0000000000000000000, 1.000000000000000000 ) ) ;
#1342 = LINE ( 'NONE', #3198, #2073 ) ;
#1343 = DIRECTION ( 'NONE',  ( 0.0000000000000000000, 0.0000000000000000000, -1.000000000000000000 ) ) ;
#1344 = EDGE_CURVE ( 'NONE', #1331, #2668, #3027, .T. ) ;
#1345 = CARTESIAN_POINT ( 'NONE',  ( -14.56544873326140900, 56.00352519676783200, -10.13226932228496200 ) ) ;
#1346 = DIRECTION ( 'NONE',  ( -0.9999506762177211600, -0.009932025559894214900, 0.0000000000000000000 ) ) ;
#1347 = DIRECTION ( 'NONE',  ( 1.000000000000000000, -0.0000000000000000000, -0.0000000000000000000 ) ) ;
#1348 = LINE ( 'NONE', #3488, #1439 ) ;
#1349 = CARTESIAN_POINT ( 'NONE',  ( 17.23687374662536700, 18.13816930062024100, 77.34442737056001200 ) ) ;
#1350 = ORIENTED_EDGE ( 'NONE', *, *, #2097, .F. ) ;
#1351 = DIRECTION ( 'NONE',  ( 1.000000000000000000, -0.0000000000000000000, -0.0000000000000000000 ) ) ;
#1352 = FACE_OUTER_BOUND ( 'NONE', #2496, .T. ) ;
#1353 = VERTEX_POINT ( 'NONE', #2460 ) ;
#1354 = PRODUCT_DEFINITION_FORMATION_WITH_SPECIFIED_SOURCE ( 'ANY', '', #3857, .NOT_KNOWN. ) ;
#1355 = ORIENTED_EDGE ( 'NONE', *, *, #3378, .T. ) ;
#1356 = PERSON_AND_ORGANIZATION ( #2705, #2437 ) ;
#1357 = ORIENTED_EDGE ( 'NONE', *, *, #116, .F. ) ;
#1358 = ORIENTED_EDGE ( 'NONE', *, *, #2391, .T. ) ;
#1359 = VERTEX_POINT ( 'NONE', #2767 ) ;
#1360 = SHAPE_REPRESENTATION_RELATIONSHIP ( 'NONE' , 'NONE' ,  #1267, #3657 ) ;
#1361 = EDGE_LOOP ( 'NONE', ( #569, #225, #3441, #2332 ) ) ;
#1362 = FACE_OUTER_BOUND ( 'NONE', #1361, .T. ) ;
#1363 = CARTESIAN_POINT ( 'NONE',  ( 9.058385992382248700, 6.138169300620177200, 95.66773067771501400 ) ) ;
#1364 = CARTESIAN_POINT ( 'NONE',  ( 9.058385992382248700, 18.13816930062031900, 57.56773067771505500 ) ) ;
#1365 = AXIS2_PLACEMENT_3D ( 'NONE', #525, #3340, #2402 ) ;
#1366 = EDGE_LOOP ( 'NONE', ( #2586, #3644, #473, #92 ) ) ;
#1367 = VECTOR ( 'NONE', #389, 999.9999999999998900 ) ;
#1368 = DIRECTION ( 'NONE',  ( 1.000000000000000000, 7.994668191678763900E-014, 0.0000000000000000000 ) ) ;
#1369 = EDGE_CURVE ( 'NONE', #1747, #1652, #3764, .T. ) ;
#1370 = FACE_OUTER_BOUND ( 'NONE', #3453, .T. ) ;
#1371 = PRODUCT ( 'PL-24-ELBOW-ISSUE3', 'PL-24-ELBOW-ISSUE3', '', ( #3738 ) ) ;
#1372 = SECURITY_CLASSIFICATION ( '', '', #355 ) ;
#1373 = ORIENTED_EDGE ( 'NONE', *, *, #3328, .F. ) ;
#1374 = DIRECTION ( 'NONE',  ( 1.000000000000000000, -0.0000000000000000000, -0.0000000000000000000 ) ) ;
#1375 = CARTESIAN_POINT ( 'NONE',  ( 6.069105218952715000, 19.12107406989655800, 114.4636295776299400 ) ) ;
#1376 = CARTESIAN_POINT ( 'NONE',  ( 9.058385992382248700, 56.23816930062032800, -10.13226932228496200 ) ) ;
#1377 = COORDINATED_UNIVERSAL_TIME_OFFSET ( 0, 0, .AHEAD. ) ;
#1378 = AXIS2_PLACEMENT_3D ( 'NONE', #1272, #3444, #1574 ) ;
#1379 = LOCAL_TIME ( 8, 11, 46.00000000000000000, #2207 ) ;
#1380 = AXIS2_PLACEMENT_3D ( 'NONE', #48, #2243, #359 ) ;
#1381 = CARTESIAN_POINT ( 'NONE',  ( 0.3119968339853092500, 18.13816930062011300, 113.6567387841283900 ) ) ;
#1382 = AXIS2_PLACEMENT_3D ( 'NONE', #3786, #1605, #1294 ) ;
#1383 = CARTESIAN_POINT ( 'NONE',  ( 27.36279323761066700, 19.14640490232713800, 90.52314601268871300 ) ) ;
#1384 = VERTEX_POINT ( 'NONE', #1510 ) ;
#1385 = CARTESIAN_POINT ( 'NONE',  ( -16.81661400761774400, 56.23816930062032800, 31.56773067771505100 ) ) ;
#1386 = DIRECTION ( 'NONE',  ( -3.511882195144947800E-015, -3.511882195144947800E-015, 1.000000000000000000 ) ) ;
#1387 = CARTESIAN_POINT ( 'NONE',  ( -53.30290323835134800, 0.0000000000000000000, 20.85000000000000100 ) ) ;
#1388 = ADVANCED_FACE ( 'NONE', ( #2092 ), #430, .F. ) ;
#1389 = EDGE_CURVE ( 'NONE', #3742, #521, #2193, .T. ) ;
#1390 = CARTESIAN_POINT ( 'NONE',  ( 27.33618131787208600, 18.13816930062014900, 103.8026591216835000 ) ) ;
#1391 = CIRCLE ( 'NONE', #1032, 16.05999999999999900 ) ;
#1392 = ORIENTED_EDGE ( 'NONE', *, *, #1712, .F. ) ;
#1393 = DIRECTION ( 'NONE',  ( -0.0000000000000000000, -0.0000000000000000000, 1.000000000000000000 ) ) ;
#1394 = DIRECTION ( 'NONE',  ( 1.000000000000000000, 0.0000000000000000000, 0.0000000000000000000 ) ) ;
#1395 = CARTESIAN_POINT ( 'NONE',  ( -2.428613324370775900, 18.13816930062699100, 110.8242121493649700 ) ) ;
#1396 = CARTESIAN_POINT ( 'NONE',  ( 36.93201109195121000, 56.51502451310237500, 26.06773067771504800 ) ) ;
#1397 = EDGE_CURVE ( 'NONE', #2217, #176, #529, .T. ) ;
#1398 = CIRCLE ( 'NONE', #3385, 17.06000000000001300 ) ;
#1399 = AXIS2_PLACEMENT_3D ( 'NONE', #2856, #2213, #3523 ) ;
#1400 = ORIENTED_EDGE ( 'NONE', *, *, #3919, .T. ) ;
#1401 = CALENDAR_DATE ( 2017, 28, 6 ) ;
#1402 = VERTEX_POINT ( 'NONE', #560 ) ;
#1403 = DIRECTION ( 'NONE',  ( 0.0000000000000000000, 0.0000000000000000000, 1.000000000000000000 ) ) ;
#1404 = VECTOR ( 'NONE', #193, 1000.000000000000000 ) ;
#1405 = ORIENTED_EDGE ( 'NONE', *, *, #3289, .F. ) ;
#1406 = CARTESIAN_POINT ( 'NONE',  ( -54.60819268389989400, 0.0000000000000000000, 0.0000000000000000000 ) ) ;
#1407 = CARTESIAN_POINT ( 'NONE',  ( 9.058385992382248700, 56.23816930062032800, -1.607832314061710600 ) ) ;
#1408 = LOCAL_TIME ( 8, 11, 46.00000000000000000, #2240 ) ;
#1409 = VERTEX_POINT ( 'NONE', #1490 ) ;
#1410 = VERTEX_POINT ( 'NONE', #4009 ) ;
#1411 = VERTEX_POINT ( 'NONE', #3679 ) ;
#1412 = EDGE_LOOP ( 'NONE', ( #1005, #3902, #990, #366, #376 ) ) ;
#1413 = FACE_OUTER_BOUND ( 'NONE', #559, .T. ) ;
#1414 = ADVANCED_FACE ( 'NONE', ( #1161 ), #336, .T. ) ;
#1415 = CARTESIAN_POINT ( 'NONE',  ( -18.40819268389988400, 0.0000000000000000000, 0.0000000000000000000 ) ) ;
#1416 = CARTESIAN_POINT ( 'NONE',  ( -6.322466684953875300, 19.12637143568285900, 106.8300635176116500 ) ) ;
#1417 = VECTOR ( 'NONE', #3894, 1000.000000000000000 ) ;
#1418 = AXIS2_PLACEMENT_3D ( 'NONE', #524, #2401, #203 ) ;
#1419 = DIRECTION ( 'NONE',  ( -0.9999506762177211600, -0.009932025559894103900, 0.0000000000000000000 ) ) ;
#1420 = VECTOR ( 'NONE', #1109, 1000.000000000000000 ) ;
#1421 = EDGE_CURVE ( 'NONE', #1839, #2819, #2836, .T. ) ;
#1422 = COORDINATED_UNIVERSAL_TIME_OFFSET ( 0, 0, .AHEAD. ) ;
#1423 = CARTESIAN_POINT ( 'NONE',  ( -3.023867132225588800, 18.13816930062011700, 111.6101191235772300 ) ) ;
#1424 = CARTESIAN_POINT ( 'NONE',  ( -10.13961835205613200, 18.13816930062015600, 101.2726536980170100 ) ) ;
#1425 = DIRECTION ( 'NONE',  ( 0.0000000000000000000, -1.000000000000000000, -3.491481338843133400E-015 ) ) ;
#1426 = AXIS2_PLACEMENT_3D ( 'NONE', #2417, #545, #2736 ) ;
#1427 = CC_DESIGN_PERSON_AND_ORGANIZATION_ASSIGNMENT ( #3064, #252, ( #787 ) ) ;
#1428 = DIRECTION ( 'NONE',  ( 1.000000000000000000, -0.0000000000000000000, -0.0000000000000000000 ) ) ;
#1429 = DIRECTION ( 'NONE',  ( 0.0000000000000000000, 0.0000000000000000000, 1.000000000000000000 ) ) ;
#1430 = ADVANCED_FACE ( 'NONE', ( #3660, #1273 ), #236, .T. ) ;
#1431 = CARTESIAN_POINT ( 'NONE',  ( -10.96884185034150900, 18.13816930062017700, 96.43651677757246400 ) ) ;
#1432 = AXIS2_PLACEMENT_3D ( 'NONE', #1275, #633, #1895 ) ;
#1433 = CIRCLE ( 'NONE', #1580, 20.85000000000000900 ) ;
#1434 = CARTESIAN_POINT ( 'NONE',  ( -57.10819268389989400, 3.199389762772458500E-015, 26.12499999999998600 ) ) ;
#1435 = EDGE_LOOP ( 'NONE', ( #1462, #3689 ) ) ;
#1436 = DIRECTION ( 'NONE',  ( 0.0000000000000000000, -1.000000000000000000, -3.491481338843133400E-015 ) ) ;
#1437 = CARTESIAN_POINT ( 'NONE',  ( -26.93262969212313600, 3.321854442687194000E-015, 27.12499999999998600 ) ) ;
#1438 = CC_DESIGN_PERSON_AND_ORGANIZATION_ASSIGNMENT ( #2649, #3448, ( #806 ) ) ;
#1439 = VECTOR ( 'NONE', #1623, 1000.000000000000100 ) ;
#1440 = ORIENTED_EDGE ( 'NONE', *, *, #399, .F. ) ;
#1441 = LINE ( 'NONE', #2841, #2179 ) ;
#1442 = VERTEX_POINT ( 'NONE', #1797 ) ;
#1443 = COORDINATED_UNIVERSAL_TIME_OFFSET ( 0, 0, .AHEAD. ) ;
#1444 = ADVANCED_FACE ( 'NONE', ( #3563 ), #233, .T. ) ;
#1445 = CARTESIAN_POINT ( 'NONE',  ( -6.076472159102002600, 18.13816930062022000, 82.55722780716979500 ) ) ;
#1446 = VERTEX_POINT ( 'NONE', #1779 ) ;
#1447 = DIRECTION ( 'NONE',  ( -1.000000000000000000, -0.0000000000000000000, -0.0000000000000000000 ) ) ;
#1448 = ORIENTED_EDGE ( 'NONE', *, *, #1712, .T. ) ;
#1449 = AXIS2_PLACEMENT_3D ( 'NONE', #1455, #835, #3041 ) ;
#1450 = VERTEX_POINT ( 'NONE', #1464 ) ;
#1451 = AXIS2_PLACEMENT_3D ( 'NONE', #386, #2576, #691 ) ;
#1452 = ORIENTED_EDGE ( 'NONE', *, *, #207, .F. ) ;
#1453 = VERTEX_POINT ( 'NONE', #2095 ) ;
#1454 = CIRCLE ( 'NONE', #1738, 16.05999999999999900 ) ;
#1455 = CARTESIAN_POINT ( 'NONE',  ( 0.0000000000000000000, 0.0000000000000000000, 0.0000000000000000000 ) ) ;
#1456 = DIRECTION ( 'NONE',  ( 0.0000000000000000000, 0.0000000000000000000, -1.000000000000000000 ) ) ;
#1457 = ORIENTED_EDGE ( 'NONE', *, *, #347, .T. ) ;
#1458 = LINE ( 'NONE', #2270, #3860 ) ;
#1459 = EDGE_CURVE ( 'NONE', #2819, #1839, #2001, .T. ) ;
#1460 = VECTOR ( 'NONE', #2788, 1000.000000000000000 ) ;
#1461 = DIRECTION ( 'NONE',  ( 0.0000000000000000000, 0.0000000000000000000, -1.000000000000000000 ) ) ;
#1462 = ORIENTED_EDGE ( 'NONE', *, *, #2752, .T. ) ;
#1463 = ORIENTED_EDGE ( 'NONE', *, *, #2618, .T. ) ;
#1464 = CARTESIAN_POINT ( 'NONE',  ( 9.058385992382248700, 75.23816930062032800, 57.56773067771505500 ) ) ;
#1465 = DIRECTION ( 'NONE',  ( -0.0000000000000000000, -0.0000000000000000000, -1.000000000000000000 ) ) ;
#1466 = EDGE_CURVE ( 'NONE', #343, #410, #2731, .T. ) ;
#1467 = ADVANCED_FACE ( 'NONE', ( #1067 ), #966, .T. ) ;
#1468 = APPROVAL_DATE_TIME ( #2306, #2569 ) ;
#1469 = EDGE_CURVE ( 'NONE', #332, #1795, #1800, .T. ) ;
#1470 = CARTESIAN_POINT ( 'NONE',  ( 28.01598430002686900, 18.13816930062131800, 94.26926539909418100 ) ) ;
#1471 = UNCERTAINTY_MEASURE_WITH_UNIT (LENGTH_MEASURE( 1.000000000000000100E-005 ), #2648, 'distance_accuracy_value', 'NONE');
#1472 = CARTESIAN_POINT ( 'NONE',  ( 22.72438369464122900, 19.12475353909528800, 108.9135228867276600 ) ) ;
#1473 = ORIENTED_EDGE ( 'NONE', *, *, #3302, .T. ) ;
#1474 = DIRECTION ( 'NONE',  ( 1.000000000000000000, -0.0000000000000000000, -0.0000000000000000000 ) ) ;
#1475 = CC_DESIGN_PERSON_AND_ORGANIZATION_ASSIGNMENT ( #1492, #2495, ( #836 ) ) ;
#1476 = CARTESIAN_POINT ( 'NONE',  ( 0.0000000000000000000, -1.330254390099233700E-013, 38.10000000000000100 ) ) ;
#1477 = CARTESIAN_POINT ( 'NONE',  ( -49.10930008502348400, 0.0000000000000000000, 0.0000000000000000000 ) ) ;
#1478 =( NAMED_UNIT ( * ) SI_UNIT ( $, .STERADIAN. ) SOLID_ANGLE_UNIT ( ) );
#1479 = VECTOR ( 'NONE', #2333, 1000.000000000000000 ) ;
#1480 = CARTESIAN_POINT ( 'NONE',  ( 28.02833267959192300, 19.13667430240995800, 96.76794889923529300 ) ) ;
#1481 = ADVANCED_FACE ( 'NONE', ( #3462, #2636 ), #1771, .T. ) ;
#1482 = CARTESIAN_POINT ( 'NONE',  ( -22.77439587576796100, 0.0000000000000000000, 26.68795201467610000 ) ) ;
#1483 = CARTESIAN_POINT ( 'NONE',  ( 28.06370648583005300, 19.13871173371496700, 95.25558778497706700 ) ) ;
#1484 = AXIS2_PLACEMENT_3D ( 'NONE', #1986, #3246, #2328 ) ;
#1485 = CIRCLE ( 'NONE', #191, 18.99999999999999600 ) ;
#1486 = EDGE_CURVE ( 'NONE', #706, #3742, #3364, .T. ) ;
#1487 = CIRCLE ( 'NONE', #2562, 21.49999999999999600 ) ;
#1488 = VERTEX_POINT ( 'NONE', #1127 ) ;
#1489 = CARTESIAN_POINT ( 'NONE',  ( 18.99999999999999600, 38.10000000000000100, -26.00000000000000000 ) ) ;
#1490 = CARTESIAN_POINT ( 'NONE',  ( 28.05838599238224500, 56.23816930062032800, 57.56773067771505500 ) ) ;
#1491 = CARTESIAN_POINT ( 'NONE',  ( 9.058385992382248700, 56.23816930062032800, 17.68773067771506300 ) ) ;
#1492 = PERSON_AND_ORGANIZATION ( #2705, #2437 ) ;
#1493 = EDGE_LOOP ( 'NONE', ( #1440, #4006 ) ) ;
#1494 = LINE ( 'NONE', #2093, #2127 ) ;
#1495 = PERSON_AND_ORGANIZATION_ROLE ( 'design_owner' ) ;
#1496 = ORIENTED_EDGE ( 'NONE', *, *, #1995, .F. ) ;
#1497 = CALENDAR_DATE ( 2017, 28, 6 ) ;
#1498 = ORIENTED_EDGE ( 'NONE', *, *, #2154, .F. ) ;
#1499 = ORIENTED_EDGE ( 'NONE', *, *, #1915, .T. ) ;
#1500 = CARTESIAN_POINT ( 'NONE',  ( 27.83609412940270600, 18.13816930062015200, 102.5724900137368300 ) ) ;
#1501 = DESIGN_CONTEXT ( 'detailed design', #2463, 'design' ) ;
#1502 = CARTESIAN_POINT ( 'NONE',  ( 16.05999999999999900, 38.10000000000000100, -26.00000000000000000 ) ) ;
#1503 = CARTESIAN_POINT ( 'NONE',  ( 12.17913676686925200, 18.13816930062024800, 75.87450952666202400 ) ) ;
#1504 = EDGE_LOOP ( 'NONE', ( #1603, #3313 ) ) ;
#1505 = EDGE_LOOP ( 'NONE', ( #953, #1943, #1142, #2878 ) ) ;
#1506 = EDGE_LOOP ( 'NONE', ( #1205, #612, #1697, #1581 ) ) ;
#1507 = CIRCLE ( 'NONE', #354, 16.05999999999999500 ) ;
#1508 =( GEOMETRIC_REPRESENTATION_CONTEXT ( 3 ) GLOBAL_UNCERTAINTY_ASSIGNED_CONTEXT ( ( #194 ) ) GLOBAL_UNIT_ASSIGNED_CONTEXT ( ( #2980, #1092, #3291 ) ) REPRESENTATION_CONTEXT ( 'NONE', 'WORKASPACE' ) );
#1509 = VECTOR ( 'NONE', #3293, 1000.000000000000100 ) ;
#1510 = CARTESIAN_POINT ( 'NONE',  ( 35.24209444914326600, 56.49823938990615300, -10.63226932228494800 ) ) ;
#1511 = ADVANCED_FACE ( 'NONE', ( #130 ), #40, .F. ) ;
#1512 = DATE_TIME_ROLE ( 'classification_date' ) ;
#1513 = FACE_OUTER_BOUND ( 'NONE', #1004, .T. ) ;
#1514 = AXIS2_PLACEMENT_3D ( 'NONE', #144, #461, #2026 ) ;
#1515 = CARTESIAN_POINT ( 'NONE',  ( 24.63170898395610200, 18.13816930061325600, 106.6343621053212700 ) ) ;
#1516 = CARTESIAN_POINT ( 'NONE',  ( 16.77668892037907300, 18.13816930062023800, 78.28817064573995300 ) ) ;
#1517 = LOCAL_TIME ( 8, 11, 46.00000000000000000, #2351 ) ;
#1518 = APPROVAL ( #307, 'UNSPECIFIED' ) ;
#1519 = DIRECTION ( 'NONE',  ( 0.0000000000000000000, -1.000000000000000000, -3.491481338843133400E-015 ) ) ;
#1520 = APPROVAL_ROLE ( '' ) ;
#1521 = EDGE_CURVE ( 'NONE', #900, #854, #862, .T. ) ;
#1522 = CARTESIAN_POINT ( 'NONE',  ( 21.69555547498714900, 19.12407728655296100, 109.8600239145986700 ) ) ;
#1523 = AXIS2_PLACEMENT_3D ( 'NONE', #2806, #313, #3623 ) ;
#1524 = ADVANCED_FACE ( 'NONE', ( #2547 ), #1606, .T. ) ;
#1525 = CARTESIAN_POINT ( 'NONE',  ( 20.53429282031525800, 19.17415736852544600, 80.48889374344197700 ) ) ;
#1526 = AXIS2_PLACEMENT_3D ( 'NONE', #2766, #880, #3082 ) ;
#1527 = CARTESIAN_POINT ( 'NONE',  ( -49.10930008502348400, 2.830771076229107100E-015, -23.11499999999999800 ) ) ;
#1528 = CARTESIAN_POINT ( 'NONE',  ( -9.774324259059737200, 19.13481713958808700, 98.24642775885637000 ) ) ;
#1529 = DIRECTION ( 'NONE',  ( 0.0000000000000000000, 0.0000000000000000000, 1.000000000000000000 ) ) ;
#1530 = CARTESIAN_POINT ( 'NONE',  ( -17.90819268389989800, 0.0000000000000000000, 0.0000000000000000000 ) ) ;
#1531 = CARTESIAN_POINT ( 'NONE',  ( 0.8915738698195517800, 19.12206209502859300, 112.8565965585921300 ) ) ;
#1532 = CARTESIAN_POINT ( 'NONE',  ( 9.058385992382302000, -4.491830699379757000, 79.60773067771498300 ) ) ;
#1533 = CIRCLE ( 'NONE', #949, 20.85000000000000100 ) ;
#1534 = APPROVAL_STATUS ( 'not_yet_approved' ) ;
#1535 = FACE_BOUND ( 'NONE', #420, .T. ) ;
#1536 = CARTESIAN_POINT ( 'NONE',  ( 17.45691136446424000, 18.13816930062011000, 113.8573703223946700 ) ) ;
#1537 = VERTEX_POINT ( 'NONE', #159 ) ;
#1538 = CARTESIAN_POINT ( 'NONE',  ( 25.24019482489583100, 18.13816930062022000, 83.89045243933009000 ) ) ;
#1539 = CIRCLE ( 'NONE', #948, 18.99999999999999600 ) ;
#1540 = EDGE_LOOP ( 'NONE', ( #939, #146, #2087, #2330 ) ) ;
#1541 = EDGE_CURVE ( 'NONE', #1545, #4004, #1903, .T. ) ;
#1542 = ORIENTED_EDGE ( 'NONE', *, *, #551, .T. ) ;
#1543 = LOCAL_TIME ( 8, 11, 46.00000000000000000, #2379 ) ;
#1544 = EDGE_LOOP ( 'NONE', ( #2335, #3637 ) ) ;
#1545 = VERTEX_POINT ( 'NONE', #2360 ) ;
#1546 = CARTESIAN_POINT ( 'NONE',  ( -10.69627353724839300, 18.13816930062018800, 92.51310269500682200 ) ) ;
#1547 = CARTESIAN_POINT ( 'NONE',  ( -7.065192451653119000, 19.12728167158435600, 105.7270753454524500 ) ) ;
#1548 = DIRECTION ( 'NONE',  ( 0.0000000000000000000, 0.0000000000000000000, 1.000000000000000000 ) ) ;
#1549 = ORIENTED_EDGE ( 'NONE', *, *, #2653, .T. ) ;
#1550 = ORIENTED_EDGE ( 'NONE', *, *, #3289, .T. ) ;
#1551 = EDGE_CURVE ( 'NONE', #38, #3449, #3272, .T. ) ;
#1552 = FACE_OUTER_BOUND ( 'NONE', #2879, .T. ) ;
#1553 = APPLICATION_PROTOCOL_DEFINITION ( 'international standard', 'config_control_design', 1994, #550 ) ;
#1554 = ORIENTED_EDGE ( 'NONE', *, *, #2965, .T. ) ;
#1555 = CARTESIAN_POINT ( 'NONE',  ( 11.04857194060783100, 18.13816930062010600, 114.5716867875559900 ) ) ;
#1556 = FACE_BOUND ( 'NONE', #3911, .T. ) ;
#1557 = CARTESIAN_POINT ( 'NONE',  ( 26.03369744264993500, 18.13816930062359800, 87.12816980650221400 ) ) ;
#1558 = FACE_BOUND ( 'NONE', #1066, .T. ) ;
#1559 = APPROVAL ( #3391, 'UNSPECIFIED' ) ;
#1560 = CARTESIAN_POINT ( 'NONE',  ( -8.972584321473746600, 18.13816930062019800, 89.66127258464101100 ) ) ;
#1561 = CARTESIAN_POINT ( 'NONE',  ( 0.0000000000000000000, 38.10000000000000100, -26.00000000000000000 ) ) ;
#1562 = CARTESIAN_POINT ( 'NONE',  ( 9.058385992382326900, -17.43543385270760700, 71.95773067771493500 ) ) ;
#1563 = CARTESIAN_POINT ( 'NONE',  ( -54.60819268389989400, 0.0000000000000000000, 0.0000000000000000000 ) ) ;
#1564 = CARTESIAN_POINT ( 'NONE',  ( 14.38313972048228400, 18.13816930062010600, 114.9482194640974800 ) ) ;
#1565 = ORIENTED_EDGE ( 'NONE', *, *, #1953, .T. ) ;
#1566 = PERSON_AND_ORGANIZATION ( #1678, #2398 ) ;
#1567 = SECURITY_CLASSIFICATION_LEVEL ( 'unclassified' ) ;
#1568 = AXIS2_PLACEMENT_3D ( 'NONE', #1407, #488, #2361 ) ;
#1569 = CARTESIAN_POINT ( 'NONE',  ( 9.058385992382248700, 56.23816930062032800, 26.06773067771504800 ) ) ;
#1570 = APPROVAL_PERSON_ORGANIZATION ( #2403, #2569, #3131 ) ;
#1571 = EDGE_CURVE ( 'NONE', #2686, #2534, #2446, .T. ) ;
#1572 = CC_DESIGN_SECURITY_CLASSIFICATION ( #1372, ( #4073 ) ) ;
#1573 = CARTESIAN_POINT ( 'NONE',  ( -7.171201929436589900, 19.15703343816249700, 85.69139572208703700 ) ) ;
#1574 = DIRECTION ( 'NONE',  ( 0.0000000000000000000, 0.0000000000000000000, 1.000000000000000000 ) ) ;
#1575 = DIRECTION ( 'NONE',  ( -3.527233544058401500E-015, -3.527233544058401500E-015, 1.000000000000000000 ) ) ;
#1576 = CARTESIAN_POINT ( 'NONE',  ( -17.06532542380570300, 55.97869513286809000, 28.56773067771505100 ) ) ;
#1577 = DIRECTION ( 'NONE',  ( -0.9999506762177211600, -0.009932025559894006700, 0.0000000000000000000 ) ) ;
#1578 = DATE_TIME_ROLE ( 'creation_date' ) ;
#1579 = AXIS2_PLACEMENT_3D ( 'NONE', #11, #2206, #335 ) ;
#1580 = AXIS2_PLACEMENT_3D ( 'NONE', #2866, #985, #3188 ) ;
#1581 = ORIENTED_EDGE ( 'NONE', *, *, #2336, .F. ) ;
#1582 = CARTESIAN_POINT ( 'NONE',  ( -4.228566811033302600, 18.13816930062023400, 80.68337208255800900 ) ) ;
#1583 = VECTOR ( 'NONE', #2162, 1000.000000000000000 ) ;
#1584 = DIRECTION ( 'NONE',  ( 0.0000000000000000000, 0.0000000000000000000, -1.000000000000000000 ) ) ;
#1585 = DIRECTION ( 'NONE',  ( 0.9999506762177209400, 0.009932025559894211400, 0.0000000000000000000 ) ) ;
#1586 = MANIFOLD_SOLID_BREP ( 'Chamfer1', #392 ) ;
#1587 = DIRECTION ( 'NONE',  ( 1.000000000000000000, 0.0000000000000000000, 0.0000000000000000000 ) ) ;
#1588 = AXIS2_PLACEMENT_3D ( 'NONE', #681, #2882, #992 ) ;
#1589 = CIRCLE ( 'NONE', #2761, 18.99999999999999600 ) ;
#1590 = APPROVAL_ROLE ( '' ) ;
#1591 = VERTEX_POINT ( 'NONE', #3580 ) ;
#1592 = COORDINATED_UNIVERSAL_TIME_OFFSET ( 0, 0, .AHEAD. ) ;
#1593 = ORIENTED_EDGE ( 'NONE', *, *, #1128, .T. ) ;
#1594 = VERTEX_POINT ( 'NONE', #147 ) ;
#1595 = CARTESIAN_POINT ( 'NONE',  ( 58.15865425799412900, 2.893228062985621000E-015, 23.62499999999999300 ) ) ;
#1596 = CIRCLE ( 'NONE', #3629, 16.05999999999999900 ) ;
#1597 = EDGE_LOOP ( 'NONE', ( #1405, #1806, #1100, #3459, #574, #3749 ) ) ;
#1598 = PERSON_AND_ORGANIZATION ( #2705, #2437 ) ;
#1599 = ORIENTED_EDGE ( 'NONE', *, *, #1340, .T. ) ;
#1600 = EDGE_LOOP ( 'NONE', ( #70, #618 ) ) ;
#1601 = EDGE_CURVE ( 'NONE', #1353, #1545, #3178, .T. ) ;
#1602 = VERTEX_POINT ( 'NONE', #2350 ) ;
#1603 = ORIENTED_EDGE ( 'NONE', *, *, #363, .T. ) ;
#1604 = CARTESIAN_POINT ( 'NONE',  ( 1.121277475096345000, 18.13816930062024100, 78.42004430861821600 ) ) ;
#1605 = DIRECTION ( 'NONE',  ( 1.000000000000000000, 0.0000000000000000000, 0.0000000000000000000 ) ) ;
#1606 = CYLINDRICAL_SURFACE ( 'NONE', #3780, 19.44999999999998500 ) ;
#1607 = DIRECTION ( 'NONE',  ( 0.0000000000000000000, 0.0000000000000000000, -1.000000000000000000 ) ) ;
#1608 = DIRECTION ( 'NONE',  ( 3.491481338843133400E-015, 3.491481338843133400E-015, -1.000000000000000000 ) ) ;
#1609 = DIRECTION ( 'NONE',  ( -1.000000000000000000, 0.0000000000000000000, 0.0000000000000000000 ) ) ;
#1610 = EDGE_CURVE ( 'NONE', #2486, #808, #1709, .T. ) ;
#1611 = AXIS2_PLACEMENT_3D ( 'NONE', #1631, #3831, #1957 ) ;
#1612 = APPROVAL_STATUS ( 'not_yet_approved' ) ;
#1613 = CIRCLE ( 'NONE', #2835, 57.10000000000000100 ) ;
#1614 = DIRECTION ( 'NONE',  ( -0.0000000000000000000, -0.0000000000000000000, -1.000000000000000000 ) ) ;
#1615 = CARTESIAN_POINT ( 'NONE',  ( -54.60819268389989400, 27.87499999999998600, 0.0000000000000000000 ) ) ;
#1616 = CYLINDRICAL_SURFACE ( 'NONE', #1091, 27.87499999999998600 ) ;
#1617 = CARTESIAN_POINT ( 'NONE',  ( 5.821288505033130900, 19.19198848353938700, 76.87473780026570600 ) ) ;
#1618 = CARTESIAN_POINT ( 'NONE',  ( -60.10819268389990100, 0.0000000000000000000, -16.05999999999998500 ) ) ;
#1619 = APPROVAL_DATE_TIME ( #2457, #2072 ) ;
#1620 = CARTESIAN_POINT ( 'NONE',  ( 9.058385992382168800, -17.43543385270777100, 118.4627306777149300 ) ) ;
#1621 = DIRECTION ( 'NONE',  ( 1.000000000000000000, 0.0000000000000000000, 0.0000000000000000000 ) ) ;
#1622 = AXIS2_PLACEMENT_3D ( 'NONE', #1476, #2409, #837 ) ;
#1623 = DIRECTION ( 'NONE',  ( -0.2588062791682918000, -0.002570597371345599200, 0.9659258262890678700 ) ) ;
#1624 = EDGE_CURVE ( 'NONE', #2881, #74, #1507, .T. ) ;
#1625 = CARTESIAN_POINT ( 'NONE',  ( -12.44161400761774800, 56.23816930062032800, 34.06773067771505500 ) ) ;
#1626 = DIRECTION ( 'NONE',  ( 1.000000000000000000, 0.0000000000000000000, 0.0000000000000000000 ) ) ;
#1627 = DIRECTION ( 'NONE',  ( 1.000000000000000000, -0.0000000000000000000, -0.0000000000000000000 ) ) ;
#1628 = CARTESIAN_POINT ( 'NONE',  ( -14.56544873326140900, 56.00352519676783200, -86.69911626417898300 ) ) ;
#1629 = CARTESIAN_POINT ( 'NONE',  ( 13.25090427860650900, 19.19068010435072200, 77.09787676725908100 ) ) ;
#1630 = CARTESIAN_POINT ( 'NONE',  ( 0.7379111007087492100, 19.18288535662155400, 78.54983818292406300 ) ) ;
#1631 = CARTESIAN_POINT ( 'NONE',  ( -53.30290323835134800, 0.0000000000000000000, 0.0000000000000000000 ) ) ;
#1632 = CIRCLE ( 'NONE', #738, 16.05999999999998500 ) ;
#1633 = CARTESIAN_POINT ( 'NONE',  ( -49.10930008502348400, 0.0000000000000000000, 0.0000000000000000000 ) ) ;
#1634 = ORIENTED_EDGE ( 'NONE', *, *, #188, .F. ) ;
#1635 = CC_DESIGN_DATE_AND_TIME_ASSIGNMENT ( #3803, #2452, ( #787 ) ) ;
#1636 = LINE ( 'NONE', #20, #2375 ) ;
#1637 = VERTEX_POINT ( 'NONE', #3283 ) ;
#1638 = CARTESIAN_POINT ( 'NONE',  ( -9.941614007617747700, 56.23816930062032800, 34.06773067771505500 ) ) ;
#1639 = DIRECTION ( 'NONE',  ( -3.527233544058401500E-015, -3.527233544058401500E-015, 1.000000000000000000 ) ) ;
#1640 = FACE_OUTER_BOUND ( 'NONE', #3163, .T. ) ;
#1641 = VERTEX_POINT ( 'NONE', #2651 ) ;
#1642 = CARTESIAN_POINT ( 'NONE',  ( 9.058385992382165200, 6.138169300620094600, 119.3777306777150100 ) ) ;
#1643 = EDGE_LOOP ( 'NONE', ( #2588, #1448, #1103, #809 ) ) ;
#1644 = EDGE_LOOP ( 'NONE', ( #3065, #2694, #843, #177 ) ) ;
#1645 = CALENDAR_DATE ( 2017, 28, 6 ) ;
#1646 = DIRECTION ( 'NONE',  ( -3.500648383195134900E-015, -3.500648383195134900E-015, 1.000000000000000000 ) ) ;
#1647 = EDGE_LOOP ( 'NONE', ( #3157, #563 ) ) ;
#1648 = DIRECTION ( 'NONE',  ( 0.0000000000000000000, 0.0000000000000000000, 1.000000000000000000 ) ) ;
#1649 = AXIS2_PLACEMENT_3D ( 'NONE', #1563, #3433, #1254 ) ;
#1650 = ORIENTED_EDGE ( 'NONE', *, *, #1389, .F. ) ;
#1651 = ORIENTED_EDGE ( 'NONE', *, *, #911, .T. ) ;
#1652 = VERTEX_POINT ( 'NONE', #1074 ) ;
#1653 = CIRCLE ( 'NONE', #887, 16.05999999999999200 ) ;
#1654 = ADVANCED_BREP_SHAPE_REPRESENTATION ( '', ( #1586, #870 ), #1508 ) ;
#1655 = ORIENTED_EDGE ( 'NONE', *, *, #2201, .T. ) ;
#1656 = EDGE_LOOP ( 'NONE', ( #183, #3501 ) ) ;
#1657 = CC_DESIGN_DATE_AND_TIME_ASSIGNMENT ( #3377, #1578, ( #806 ) ) ;
#1658 = TOROIDAL_SURFACE ( 'NONE', #3175, 7.124999999999985800, 20.00000000000000000 ) ;
#1659 = CARTESIAN_POINT ( 'NONE',  ( 58.15865425799412900, 0.0000000000000000000, 0.0000000000000000000 ) ) ;
#1660 = PLANE ( 'NONE',  #3338 ) ;
#1661 = CARTESIAN_POINT ( 'NONE',  ( 9.058385992382248700, 56.23816930062032800, -10.63226932228495500 ) ) ;
#1662 = VECTOR ( 'NONE', #931, 999.9999999999998900 ) ;
#1663 = DIRECTION ( 'NONE',  ( 0.0000000000000000000, -1.000000000000000000, -3.491481338843133400E-015 ) ) ;
#1664 = AXIS2_PLACEMENT_3D ( 'NONE', #2447, #558, #2753 ) ;
#1665 = EDGE_LOOP ( 'NONE', ( #903, #566, #91, #269 ) ) ;
#1666 = AXIS2_PLACEMENT_3D ( 'NONE', #1295, #2237, #1607 ) ;
#1667 = LOCAL_TIME ( 8, 11, 46.00000000000000000, #2511 ) ;
#1668 = COORDINATED_UNIVERSAL_TIME_OFFSET ( 0, 0, .AHEAD. ) ;
#1669 = DIRECTION ( 'NONE',  ( 1.000000000000000000, 0.0000000000000000000, 0.0000000000000000000 ) ) ;
#1670 = CARTESIAN_POINT ( 'NONE',  ( 26.99881044407267100, 18.13816930061963000, 89.41957774844209400 ) ) ;
#1671 = DIRECTION ( 'NONE',  ( 0.0000000000000000000, -1.000000000000000000, -3.491481338843133400E-015 ) ) ;
#1672 = EDGE_CURVE ( 'NONE', #1594, #706, #4012, .T. ) ;
#1673 = CARTESIAN_POINT ( 'NONE',  ( 25.44656823850841600, 18.13816930062021600, 84.18010808440720900 ) ) ;
#1674 = DIRECTION ( 'NONE',  ( 0.0000000000000000000, 0.0000000000000000000, -1.000000000000000000 ) ) ;
#1675 = DIRECTION ( 'NONE',  ( -0.0000000000000000000, -0.0000000000000000000, 1.000000000000000000 ) ) ;
#1676 = DIRECTION ( 'NONE',  ( 0.0000000000000000000, -1.000000000000000000, -3.491481338843133400E-015 ) ) ;
#1677 = DIRECTION ( 'NONE',  ( -0.0000000000000000000, -0.0000000000000000000, 1.000000000000000000 ) ) ;
#1678 = PERSON ( 'NAUO-PER2', 'UNSPECIFIED', 'UNSPECIFIED', ('UNSPECIFIED'), ('UNSPECIFIED'), ('UNSPECIFIED') ) ;
#1679 = EDGE_CURVE ( 'NONE', #1886, #2482, #670, .T. ) ;
#1680 = DIRECTION ( 'NONE',  ( -1.000000000000000000, 0.0000000000000000000, 0.0000000000000000000 ) ) ;
#1681 = CARTESIAN_POINT ( 'NONE',  ( 9.058385992382248700, 6.138169300620177200, 95.66773067771501400 ) ) ;
#1682 = TOROIDAL_SURFACE ( 'NONE', #248, 38.10000000000000100, 16.05999999999999900 ) ;
#1683 = CARTESIAN_POINT ( 'NONE',  ( 4.849562448786618200, 18.13816930061102200, 114.2461857905949500 ) ) ;
#1684 = CARTESIAN_POINT ( 'NONE',  ( 36.18204808478792200, 56.50757549393245700, -1.607832314061710600 ) ) ;
#1685 = EDGE_CURVE ( 'NONE', #900, #1747, #769, .T. ) ;
#1686 = CARTESIAN_POINT ( 'NONE',  ( 27.79337549441588000, 19.14324832655883700, 92.27103566187095400 ) ) ;
#1687 = DIRECTION ( 'NONE',  ( 1.000000000000000000, -0.0000000000000000000, -0.0000000000000000000 ) ) ;
#1688 = TOROIDAL_SURFACE ( 'NONE', #3420, 38.10000000000000100, 19.00000000000000000 ) ;
#1689 = DIRECTION ( 'NONE',  ( 0.0000000000000000000, 0.0000000000000000000, -1.000000000000000000 ) ) ;
#1690 = CYLINDRICAL_SURFACE ( 'NONE', #453, 16.05999999999999900 ) ;
#1691 = ORIENTED_EDGE ( 'NONE', *, *, #2909, .T. ) ;
#1692 = CC_DESIGN_PERSON_AND_ORGANIZATION_ASSIGNMENT ( #656, #601, ( #836 ) ) ;
#1693 = LOCAL_TIME ( 8, 11, 46.00000000000000000, #2535 ) ;
#1694 = ORIENTED_EDGE ( 'NONE', *, *, #2947, .F. ) ;
#1695 = ORIENTED_EDGE ( 'NONE', *, *, #2454, .T. ) ;
#1696 = CIRCLE ( 'NONE', #3208, 16.05999999999999200 ) ;
#1697 = ORIENTED_EDGE ( 'NONE', *, *, #3837, .T. ) ;
#1698 = ORIENTED_EDGE ( 'NONE', *, *, #3965, .F. ) ;
#1699 = SHAPE_DEFINITION_REPRESENTATION ( #2804, #2608 ) ;
#1700 = ADVANCED_FACE ( 'NONE', ( #1413 ), #1322, .F. ) ;
#1701 = DIRECTION ( 'NONE',  ( 0.0000000000000000000, 0.0000000000000000000, 1.000000000000000000 ) ) ;
#1702 = ORIENTED_EDGE ( 'NONE', *, *, #1469, .T. ) ;
#1703 = CARTESIAN_POINT ( 'NONE',  ( 0.7493162918983034000, 19.12212677180738000, 112.7569857103403200 ) ) ;
#1704 = CARTESIAN_POINT ( 'NONE',  ( 58.15865425799412900, 0.0000000000000000000, -19.44999999999998500 ) ) ;
#1705 = ORIENTED_EDGE ( 'NONE', *, *, #1969, .F. ) ;
#1706 = VERTEX_POINT ( 'NONE', #2537 ) ;
#1707 = DIRECTION ( 'NONE',  ( 0.0000000000000000000, 0.0000000000000000000, -1.000000000000000000 ) ) ;
#1708 = AXIS2_PLACEMENT_3D ( 'NONE', #3910, #3576, #1976 ) ;
#1709 = CIRCLE ( 'NONE', #135, 23.71000000000000800 ) ;
#1710 = DIRECTION ( 'NONE',  ( 0.0000000000000000000, -1.000000000000000000, -3.491481338843133400E-015 ) ) ;
#1711 = CARTESIAN_POINT ( 'NONE',  ( -53.30290323835134800, 2.791582378656391900E-015, -22.79500000000000200 ) ) ;
#1712 = EDGE_CURVE ( 'NONE', #1453, #1384, #3812, .T. ) ;
#1713 = CIRCLE ( 'NONE', #1568, 27.12499999999998900 ) ;
#1714 = CARTESIAN_POINT ( 'NONE',  ( 9.058385992382305600, -5.491830699379754300, 78.60773067771496900 ) ) ;
#1715 = CYLINDRICAL_SURFACE ( 'NONE', #675, 20.84999999999999400 ) ;
#1716 = CARTESIAN_POINT ( 'NONE',  ( 10.49793321140779600, 18.13816930062011000, 115.6180642829894500 ) ) ;
#1717 = CARTESIAN_POINT ( 'NONE',  ( -4.561983880136023300, 18.13816930062012400, 110.3629579447722500 ) ) ;
#1718 = DIRECTION ( 'NONE',  ( 0.0000000000000000000, 0.0000000000000000000, -1.000000000000000000 ) ) ;
#1719 = CONTEXT_DEPENDENT_SHAPE_REPRESENTATION ( #360, #503 ) ;
#1720 =( LENGTH_UNIT ( ) NAMED_UNIT ( * ) SI_UNIT ( .MILLI., .METRE. ) );
#1721 = AXIS2_PLACEMENT_3D ( 'NONE', #3202, #1334, #3512 ) ;
#1722 = APPROVAL_PERSON_ORGANIZATION ( #2559, #2072, #1900 ) ;
#1723 = DIRECTION ( 'NONE',  ( 0.0000000000000000000, 0.0000000000000000000, 1.000000000000000000 ) ) ;
#1724 = CARTESIAN_POINT ( 'NONE',  ( -17.72930008502348500, 2.553388576222231200E-015, -20.85000000000000100 ) ) ;
#1725 = ADVANCED_FACE ( 'NONE', ( #3074 ), #3707, .T. ) ;
#1726 = CARTESIAN_POINT ( 'NONE',  ( 8.520271845275555500, 18.13816930062010300, 115.6627878143857800 ) ) ;
#1727 = CARTESIAN_POINT ( 'NONE',  ( -7.031831742240646200, 18.13816930062241200, 105.8018840070597700 ) ) ;
#1728 = CARTESIAN_POINT ( 'NONE',  ( 9.058385992382248700, 56.23816930062032800, 34.06773067771505500 ) ) ;
#1729 = AXIS2_PLACEMENT_3D ( 'NONE', #3297, #1425, #3616 ) ;
#1730 = DIRECTION ( 'NONE',  ( 0.0000000000000000000, 0.0000000000000000000, 1.000000000000000000 ) ) ;
#1731 = CC_DESIGN_APPROVAL ( #1518, ( #1323 ) ) ;
#1732 = LINE ( 'NONE', #96, #3390 ) ;
#1733 = ADVANCED_FACE ( 'NONE', ( #2138 ), #380, .T. ) ;
#1734 = CARTESIAN_POINT ( 'NONE',  ( -5.489440101092620600, 18.13816930062013100, 109.4443118953978900 ) ) ;
#1735 = CARTESIAN_POINT ( 'NONE',  ( -9.179718134867068000, 19.13174347138140500, 100.9919091578921000 ) ) ;
#1736 = EDGE_CURVE ( 'NONE', #1706, #343, #1212, .T. ) ;
#1737 = FACE_OUTER_BOUND ( 'NONE', #1064, .T. ) ;
#1738 = AXIS2_PLACEMENT_3D ( 'NONE', #3240, #2293, #1042 ) ;
#1739 = VERTEX_POINT ( 'NONE', #2627 ) ;
#1740 = ORIENTED_EDGE ( 'NONE', *, *, #3076, .T. ) ;
#1741 = ORIENTED_EDGE ( 'NONE', *, *, #3641, .F. ) ;
#1742 = AXIS2_PLACEMENT_3D ( 'NONE', #250, #1187, #3380 ) ;
#1743 = CIRCLE ( 'NONE', #3976, 20.85000000000000100 ) ;
#1744 = EDGE_LOOP ( 'NONE', ( #3169, #754, #2544, #3769 ) ) ;
#1745 = ORIENTED_EDGE ( 'NONE', *, *, #830, .T. ) ;
#1746 = PERSON_AND_ORGANIZATION ( #2705, #2437 ) ;
#1747 = VERTEX_POINT ( 'NONE', #1927 ) ;
#1748 = ORIENTED_EDGE ( 'NONE', *, *, #3534, .T. ) ;
#1749 = ORIENTED_EDGE ( 'NONE', *, *, #4053, .F. ) ;
#1750 = VERTEX_POINT ( 'NONE', #2914 ) ;
#1751 = CIRCLE ( 'NONE', #482, 26.18499999999998800 ) ;
#1752 = CARTESIAN_POINT ( 'NONE',  ( -10.82732576103483500, 18.13816930062018100, 93.49355752919571200 ) ) ;
#1753 = ORIENTED_EDGE ( 'NONE', *, *, #1397, .F. ) ;
#1754 = DIRECTION ( 'NONE',  ( -1.000000000000000000, -0.0000000000000000000, -0.0000000000000000000 ) ) ;
#1755 = PRODUCT_DEFINITION_SHAPE ( 'NONE', 'NONE',  #787 ) ;
#1756 = CYLINDRICAL_SURFACE ( 'NONE', #1484, 18.99999999999999600 ) ;
#1757 = DIRECTION ( 'NONE',  ( -0.9944914627724951200, -3.659687144160519200E-016, 0.1048176057378877300 ) ) ;
#1758 = CONICAL_SURFACE ( 'NONE', #1017, 26.18499999999999500, 0.2094395102393202800 ) ;
#1759 = DIRECTION ( 'NONE',  ( -0.0000000000000000000, 0.0000000000000000000, -1.000000000000000000 ) ) ;
#1760 = CARTESIAN_POINT ( 'NONE',  ( -41.35930008502347700, 2.791582378656391900E-015, -22.79500000000000200 ) ) ;
#1761 = EDGE_CURVE ( 'NONE', #1409, #2534, #2983, .T. ) ;
#1762 = ADVANCED_FACE ( 'NONE', ( #2050 ), #1115, .F. ) ;
#1763 = VERTEX_POINT ( 'NONE', #1033 ) ;
#1764 = EDGE_CURVE ( 'NONE', #422, #1206, #2883, .T. ) ;
#1765 = COORDINATED_UNIVERSAL_TIME_OFFSET ( 0, 0, .AHEAD. ) ;
#1766 = CARTESIAN_POINT ( 'NONE',  ( 9.058385992382248700, 56.23816930062032800, -1.607832314061710600 ) ) ;
#1767 = CARTESIAN_POINT ( 'NONE',  ( -4.714155211001836300, 18.13816930062022700, 81.12923933699694600 ) ) ;
#1768 = CARTESIAN_POINT ( 'NONE',  ( 16.05999999999999900, 38.10000000000000100, 0.0000000000000000000 ) ) ;
#1769 = LOCAL_TIME ( 8, 11, 46.00000000000000000, #2603 ) ;
#1770 = CC_DESIGN_APPROVAL ( #1559, ( #1354 ) ) ;
#1771 = PLANE ( 'NONE',  #3089 ) ;
#1772 = CARTESIAN_POINT ( 'NONE',  ( 27.00877580863341300, 19.14856989376874100, 89.41622943966572700 ) ) ;
#1773 = ADVANCED_FACE ( 'NONE', ( #3613, #2781 ), #2297, .T. ) ;
#1774 = DIRECTION ( 'NONE',  ( 1.000000000000000000, 0.0000000000000000000, 0.0000000000000000000 ) ) ;
#1775 = CARTESIAN_POINT ( 'NONE',  ( -20.40819268389990200, 0.0000000000000000000, -26.18499999999998800 ) ) ;
#1776 = AXIS2_PLACEMENT_3D ( 'NONE', #2693, #496, #2373 ) ;
#1777 = EDGE_CURVE ( 'NONE', #1442, #821, #3914, .T. ) ;
#1778 = CYLINDRICAL_SURFACE ( 'NONE', #3892, 16.06000000000000600 ) ;
#1779 = CARTESIAN_POINT ( 'NONE',  ( -57.10819268389989400, 0.0000000000000000000, -26.12499999999998600 ) ) ;
#1780 = DIRECTION ( 'NONE',  ( -1.000000000000000000, 0.0000000000000000000, 0.0000000000000000000 ) ) ;
#1781 = APPROVAL ( #2550, 'UNKNOWN' ) ;
#1782 = CYLINDRICAL_SURFACE ( 'NONE', #2369, 16.05999999999999900 ) ;
#1783 = CYLINDRICAL_SURFACE ( 'NONE', #39, 19.44999999999998500 ) ;
#1784 = CARTESIAN_POINT ( 'NONE',  ( 29.05307077558309800, 18.13816930062018100, 94.85031310237576500 ) ) ;
#1785 = ORIENTED_EDGE ( 'NONE', *, *, #2714, .F. ) ;
#1786 = CALENDAR_DATE ( 2017, 28, 6 ) ;
#1787 = DIRECTION ( 'NONE',  ( 0.0000000000000000000, 0.0000000000000000000, -1.000000000000000000 ) ) ;
#1788 = VERTEX_POINT ( 'NONE', #142 ) ;
#1789 = CARTESIAN_POINT ( 'NONE',  ( 24.27317256212459300, 19.12619222748587700, 107.0539630648842600 ) ) ;
#1790 = VERTEX_POINT ( 'NONE', #1714 ) ;
#1791 = AXIS2_PLACEMENT_3D ( 'NONE', #956, #3149, #1285 ) ;
#1792 = LINE ( 'NONE', #2359, #3167 ) ;
#1793 = ORIENTED_EDGE ( 'NONE', *, *, #3092, .T. ) ;
#1794 = AXIS2_PLACEMENT_3D ( 'NONE', #58, #2255, #374 ) ;
#1795 = VERTEX_POINT ( 'NONE', #1970 ) ;
#1796 = CARTESIAN_POINT ( 'NONE',  ( -29.72930008502348500, 0.0000000000000000000, 20.85000000000000100 ) ) ;
#1797 = CARTESIAN_POINT ( 'NONE',  ( -49.10930008502348400, 2.903637560778374600E-015, -23.71000000000000100 ) ) ;
#1798 = DIRECTION ( 'NONE',  ( 0.0000000000000000000, 0.0000000000000000000, 1.000000000000000000 ) ) ;
#1799 = ADVANCED_FACE ( 'NONE', ( #478 ), #1848, .T. ) ;
#1800 = CIRCLE ( 'NONE', #2466, 0.9999999999999951200 ) ;
#1801 = CARTESIAN_POINT ( 'NONE',  ( 0.0000000000000000000, 0.0000000000000000000, 0.0000000000000000000 ) ) ;
#1802 = AXIS2_PLACEMENT_3D ( 'NONE', #3494, #1627, #3823 ) ;
#1803 = CARTESIAN_POINT ( 'NONE',  ( 28.00942182844271100, 18.13816930061904000, 97.07871828785127400 ) ) ;
#1804 = CONICAL_SURFACE ( 'NONE', #517, 26.12499999999998600, 0.7853981633974621600 ) ;
#1805 = CARTESIAN_POINT ( 'NONE',  ( 7.075869882414944600, 18.13816930062024500, 76.80046550573423800 ) ) ;
#1806 = ORIENTED_EDGE ( 'NONE', *, *, #134, .T. ) ;
#1807 = FACE_OUTER_BOUND ( 'NONE', #3261, .T. ) ;
#1808 = DATE_AND_TIME ( #2646, #3472 ) ;
#1809 = CARTESIAN_POINT ( 'NONE',  ( -41.35930008502347700, 22.79500000000000200, 0.0000000000000000000 ) ) ;
#1810 = CARTESIAN_POINT ( 'NONE',  ( -9.825124243850403600, 19.13531186803382100, 97.84033635794659700 ) ) ;
#1811 = CARTESIAN_POINT ( 'NONE',  ( -57.10819268389989400, 3.413702952623245400E-015, 27.87499999999998600 ) ) ;
#1812 = EDGE_CURVE ( 'NONE', #1788, #2796, #2683, .T. ) ;
#1813 = COORDINATED_UNIVERSAL_TIME_OFFSET ( 0, 0, .AHEAD. ) ;
#1814 = APPLICATION_PROTOCOL_DEFINITION ( 'international standard', 'config_control_design', 1994, #3681 ) ;
#1815 = EDGE_CURVE ( 'NONE', #175, #2628, #1948, .T. ) ;
#1816 = CARTESIAN_POINT ( 'NONE',  ( 26.89720872264601300, 19.13048018244414900, 102.2267821989259700 ) ) ;
#1817 = AXIS2_PLACEMENT_3D ( 'NONE', #3861, #419, #1680 ) ;
#1818 = ADVANCED_FACE ( 'NONE', ( #3506 ), #2589, .T. ) ;
#1819 = DIRECTION ( 'NONE',  ( 0.0000000000000000000, 0.0000000000000000000, 1.000000000000000000 ) ) ;
#1820 = CARTESIAN_POINT ( 'NONE',  ( 12.02309922812608400, 19.19206955816086700, 76.86133519750863700 ) ) ;
#1821 = CARTESIAN_POINT ( 'NONE',  ( 28.55278421059087900, 18.13816930062019500, 90.99484731981799300 ) ) ;
#1822 = CARTESIAN_POINT ( 'NONE',  ( 0.0000000000000000000, 38.10000000000000100, -26.00000000000000000 ) ) ;
#1823 = DIRECTION ( 'NONE',  ( -0.8660254037844388200, 0.0000000000000000000, 0.4999999999999996700 ) ) ;
#1824 = APPROVAL_ROLE ( '' ) ;
#1825 = CARTESIAN_POINT ( 'NONE',  ( 24.19604188363898300, 18.13816930062012700, 108.7456326392220500 ) ) ;
#1826 = CARTESIAN_POINT ( 'NONE',  ( 18.94106960341774800, 18.13816930062024100, 78.24357684615492300 ) ) ;
#1827 = AXIS2_PLACEMENT_3D ( 'NONE', #1118, #180, #3031 ) ;
#1828 = CIRCLE ( 'NONE', #2294, 18.29999999999999400 ) ;
#1829 = EDGE_CURVE ( 'NONE', #4004, #1545, #3411, .T. ) ;
#1830 = ORIENTED_EDGE ( 'NONE', *, *, #2316, .T. ) ;
#1831 = CARTESIAN_POINT ( 'NONE',  ( 9.058385992382248700, -17.43543385270768900, 95.66773067771492800 ) ) ;
#1832 = CARTESIAN_POINT ( 'NONE',  ( 0.0000000000000000000, 38.10000000000000100, -26.00000000000000000 ) ) ;
#1833 = CARTESIAN_POINT ( 'NONE',  ( -18.06527610002342500, 55.96876310730819200, 26.06773067771504800 ) ) ;
#1834 = EDGE_LOOP ( 'NONE', ( #2382, #1201, #909, #2572 ) ) ;
#1835 = ADVANCED_FACE ( 'NONE', ( #1011 ), #2494, .T. ) ;
#1836 = ORIENTED_EDGE ( 'NONE', *, *, #3725, .F. ) ;
#1837 = FACE_BOUND ( 'NONE', #2857, .T. ) ;
#1838 = PERSON_AND_ORGANIZATION_ROLE ( 'design_supplier' ) ;
#1839 = VERTEX_POINT ( 'NONE', #1172 ) ;
#1840 = COORDINATED_UNIVERSAL_TIME_OFFSET ( 0, 0, .AHEAD. ) ;
#1841 = ORIENTED_EDGE ( 'NONE', *, *, #3229, .F. ) ;
#1842 = ORIENTED_EDGE ( 'NONE', *, *, #885, .T. ) ;
#1843 = CARTESIAN_POINT ( 'NONE',  ( 20.75342952048071200, 18.13816930061673500, 110.6638611370525800 ) ) ;
#1844 = CARTESIAN_POINT ( 'NONE',  ( 21.95515676459428200, 18.13816930062023800, 81.68255275838961900 ) ) ;
#1845 = VERTEX_POINT ( 'NONE', #1216 ) ;
#1846 = ORIENTED_EDGE ( 'NONE', *, *, #425, .T. ) ;
#1847 = AXIS2_PLACEMENT_3D ( 'NONE', #1569, #3762, #1885 ) ;
#1848 = CYLINDRICAL_SURFACE ( 'NONE', #3486, 18.99999999999999600 ) ;
#1849 = PRODUCT_DEFINITION_FORMATION_WITH_SPECIFIED_SOURCE ( 'ANY', '', #3019, .NOT_KNOWN. ) ;
#1850 = ORIENTED_EDGE ( 'NONE', *, *, #3718, .F. ) ;
#1851 = CARTESIAN_POINT ( 'NONE',  ( -9.968646867611090200, 18.13816930061791100, 96.39644992289444800 ) ) ;
#1852 = CYLINDRICAL_SURFACE ( 'NONE', #1072, 19.44999999999998500 ) ;
#1853 = DIRECTION ( 'NONE',  ( 0.0000000000000000000, 0.0000000000000000000, -1.000000000000000000 ) ) ;
#1854 = CARTESIAN_POINT ( 'NONE',  ( -1.687842883535866100, 19.12305437690591600, 111.3392084199585800 ) ) ;
#1855 = DIRECTION ( 'NONE',  ( -0.9999506762177210500, -0.009932025559894088300, 0.0000000000000000000 ) ) ;
#1856 = PERSON_AND_ORGANIZATION_ROLE ( 'creator' ) ;
#1857 = CONICAL_SURFACE ( 'NONE', #593, 23.11499999999999800, 0.5235987755982984800 ) ;
#1858 = AXIS2_PLACEMENT_3D ( 'NONE', #617, #3736, #1548 ) ;
#1859 = CARTESIAN_POINT ( 'NONE',  ( 17.03698509576790300, 19.12200249346524600, 112.9475879130048200 ) ) ;
#1860 = CARTESIAN_POINT ( 'NONE',  ( 24.43110438322334900, 19.16048071339423600, 84.47794357410413100 ) ) ;
#1861 = VERTEX_POINT ( 'NONE', #2696 ) ;
#1862 = APPROVAL_PERSON_ORGANIZATION ( #2695, #528, #1590 ) ;
#1863 = PRODUCT_DEFINITION_FORMATION_WITH_SPECIFIED_SOURCE ( 'ANY', '', #2309, .NOT_KNOWN. ) ;
#1864 = CARTESIAN_POINT ( 'NONE',  ( -9.708540560710877900, 19.14265601036935000, 92.67005478697238600 ) ) ;
#1865 = CARTESIAN_POINT ( 'NONE',  ( 9.058385992382250500, 37.23816930062032800, 57.56773067771505500 ) ) ;
#1866 = APPROVAL_DATE_TIME ( #2700, #2542 ) ;
#1867 = CARTESIAN_POINT ( 'NONE',  ( -7.948641306405091800, 19.12866122038644800, 104.1495221488011700 ) ) ;
#1868 = DIRECTION ( 'NONE',  ( -0.9999506762177210500, -0.009932025559894206200, 0.0000000000000000000 ) ) ;
#1869 = CARTESIAN_POINT ( 'NONE',  ( 19.53731369129349100, 18.13816930062024100, 78.59622495919791200 ) ) ;
#1870 = PERSON_AND_ORGANIZATION_ROLE ( 'design_owner' ) ;
#1871 = ORIENTED_EDGE ( 'NONE', *, *, #2618, .F. ) ;
#1872 = AXIS2_PLACEMENT_3D ( 'NONE', #2702, #2709, #2080 ) ;
#1873 = CARTESIAN_POINT ( 'NONE',  ( 27.22507448938826300, 18.13816930062020900, 87.26047397504302700 ) ) ;
#1874 = AXIS2_PLACEMENT_3D ( 'NONE', #1931, #56, #983 ) ;
#1875 = CARTESIAN_POINT ( 'NONE',  ( -9.716179762554288500, 18.13816930062020200, 88.72753231676054500 ) ) ;
#1876 = DIRECTION ( 'NONE',  ( -1.000000000000000000, 0.0000000000000000000, 0.0000000000000000000 ) ) ;
#1877 = DIRECTION ( 'NONE',  ( 0.0000000000000000000, 0.0000000000000000000, -1.000000000000000000 ) ) ;
#1878 = CARTESIAN_POINT ( 'NONE',  ( -7.752510626149245400, 19.15438537774732500, 86.77564615674546600 ) ) ;
#1879 = CARTESIAN_POINT ( 'NONE',  ( 28.05003796521130300, 18.13816930062015600, 101.9608946609349100 ) ) ;
#1880 = LINE ( 'NONE', #2906, #111 ) ;
#1881 = DIRECTION ( 'NONE',  ( -1.000000000000000000, -0.0000000000000000000, -0.0000000000000000000 ) ) ;
#1882 = EDGE_CURVE ( 'NONE', #176, #3962, #83, .T. ) ;
#1883 = DATE_TIME_ROLE ( 'classification_date' ) ;
#1884 = LINE ( 'NONE', #4023, #3543 ) ;
#1885 = DIRECTION ( 'NONE',  ( -0.9999506762177211600, -0.009932025559894006700, 0.0000000000000000000 ) ) ;
#1886 = VERTEX_POINT ( 'NONE', #2393 ) ;
#1887 = CIRCLE ( 'NONE', #2215, 21.49999999999999600 ) ;
#1888 = ORIENTED_EDGE ( 'NONE', *, *, #2555, .F. ) ;
#1889 = EDGE_CURVE ( 'NONE', #1384, #1936, #3318, .T. ) ;
#1890 = PERSON_AND_ORGANIZATION ( #2705, #2437 ) ;
#1891 = ORIENTED_EDGE ( 'NONE', *, *, #59, .T. ) ;
#1892 = ORIENTED_EDGE ( 'NONE', *, *, #2020, .T. ) ;
#1893 = CARTESIAN_POINT ( 'NONE',  ( -6.469815899037991300, 18.13816930062023000, 84.66850910970416100 ) ) ;
#1894 = LINE ( 'NONE', #866, #1060 ) ;
#1895 = DIRECTION ( 'NONE',  ( -3.456485132705968800E-015, -3.510492712904499400E-015, 1.000000000000000000 ) ) ;
#1896 = B_SPLINE_CURVE_WITH_KNOTS ( 'NONE', 3,
 ( #2863, #3166, #45, #982, #3184 ),
 .UNSPECIFIED., .F., .F.,
 ( 4, 1, 4 ),
 ( 3.469446951953614200E-018, 0.0009956542378066664000, 0.001991308475613329300 ),
 .UNSPECIFIED. ) ;
#1897 = ORIENTED_EDGE ( 'NONE', *, *, #3229, .T. ) ;
#1898 = VERTEX_POINT ( 'NONE', #3633 ) ;
#1899 = EDGE_CURVE ( 'NONE', #418, #1411, #1751, .T. ) ;
#1900 = APPROVAL_ROLE ( '' ) ;
#1901 = ORIENTED_EDGE ( 'NONE', *, *, #3414, .F. ) ;
#1902 = CARTESIAN_POINT ( 'NONE',  ( 9.058385992382250500, 40.17816930062032600, 57.56773067771505500 ) ) ;
#1903 = CIRCLE ( 'NONE', #3577, 19.44999999999998500 ) ;
#1904 = CONICAL_SURFACE ( 'NONE', #98, 23.11499999999999800, 0.5235987755982984800 ) ;
#1905 = SECURITY_CLASSIFICATION ( '', '', #2802 ) ;
#1906 = CARTESIAN_POINT ( 'NONE',  ( -3.564219170903125000, 19.17047622640290400, 81.43081174140924400 ) ) ;
#1907 = DIRECTION ( 'NONE',  ( 1.000000000000000000, -0.0000000000000000000, -0.0000000000000000000 ) ) ;
#1908 = DIRECTION ( 'NONE',  ( 0.0000000000000000000, -1.000000000000000000, -3.491481338843133400E-015 ) ) ;
#1909 = FACE_BOUND ( 'NONE', #2492, .T. ) ;
#1910 = CARTESIAN_POINT ( 'NONE',  ( -17.72930008502348500, 0.0000000000000000000, 0.0000000000000000000 ) ) ;
#1911 = CALENDAR_DATE ( 2017, 28, 6 ) ;
#1912 = PERSON_AND_ORGANIZATION_ROLE ( 'classification_officer' ) ;
#1913 = AXIS2_PLACEMENT_3D ( 'NONE', #118, #1027, #2904 ) ;
#1914 = LOCAL_TIME ( 8, 11, 46.00000000000000000, #2746 ) ;
#1915 = EDGE_CURVE ( 'NONE', #610, #1266, #178, .T. ) ;
#1916 = ORIENTED_EDGE ( 'NONE', *, *, #743, .T. ) ;
#1917 = DIRECTION ( 'NONE',  ( 0.0000000000000000000, 0.0000000000000000000, -1.000000000000000000 ) ) ;
#1918 = CARTESIAN_POINT ( 'NONE',  ( 1.891742701780869900, 18.13816930062024500, 76.95854806413139200 ) ) ;
#1919 = DIRECTION ( 'NONE',  ( 1.000000000000000000, -0.0000000000000000000, -0.0000000000000000000 ) ) ;
#1920 = DIRECTION ( 'NONE',  ( 0.0000000000000000000, 0.0000000000000000000, 1.000000000000000000 ) ) ;
#1921 = CARTESIAN_POINT ( 'NONE',  ( -13.73661400761775500, -5.491830699379813800, 95.66773067771488600 ) ) ;
#1922 = EDGE_LOOP ( 'NONE', ( #2086, #714, #3057, #3231 ) ) ;
#1923 = DATE_TIME_ROLE ( 'classification_date' ) ;
#1924 = DIRECTION ( 'NONE',  ( 1.000000000000000000, 0.0000000000000000000, -0.0000000000000000000 ) ) ;
#1925 = AXIS2_PLACEMENT_3D ( 'NONE', #395, #2591, #700 ) ;
#1926 = AXIS2_PLACEMENT_3D ( 'NONE', #3600, #1730, #3927 ) ;
#1927 = CARTESIAN_POINT ( 'NONE',  ( -48.55504382660144800, 0.0000000000000000000, 22.79500000000000200 ) ) ;
#1928 = CARTESIAN_POINT ( 'NONE',  ( 7.075869882414944600, 18.13816930062024500, 76.80046550573423800 ) ) ;
#1929 = FACE_OUTER_BOUND ( 'NONE', #1834, .T. ) ;
#1930 = CARTESIAN_POINT ( 'NONE',  ( -7.001614007617742900, 56.23816930062032800, -10.63226932228494800 ) ) ;
#1931 = CARTESIAN_POINT ( 'NONE',  ( 9.058385992382248700, 56.23816930062032800, 31.56773067771505100 ) ) ;
#1932 = CARTESIAN_POINT ( 'NONE',  ( 0.0000000000000000000, 38.10000000000000100, 0.0000000000000000000 ) ) ;
#1933 = AXIS2_PLACEMENT_3D ( 'NONE', #1090, #154, #2355 ) ;
#1934 = FACE_OUTER_BOUND ( 'NONE', #474, .T. ) ;
#1935 = EDGE_LOOP ( 'NONE', ( #907, #1252, #2131, #923 ) ) ;
#1936 = VERTEX_POINT ( 'NONE', #3399 ) ;
#1937 = CYLINDRICAL_SURFACE ( 'NONE', #2290, 26.18499999999998800 ) ;
#1938 = VERTEX_POINT ( 'NONE', #3091 ) ;
#1939 = LOCAL_TIME ( 8, 11, 46.00000000000000000, #2773 ) ;
#1940 = EDGE_LOOP ( 'NONE', ( #3955, #3604, #4061, #3305 ) ) ;
#1941 = ORIENTED_EDGE ( 'NONE', *, *, #1397, .T. ) ;
#1942 = CC_DESIGN_PERSON_AND_ORGANIZATION_ASSIGNMENT ( #2514, #623, ( #1323 ) ) ;
#1943 = ORIENTED_EDGE ( 'NONE', *, *, #2729, .T. ) ;
#1944 = DIRECTION ( 'NONE',  ( -1.000000000000000000, 0.0000000000000000000, 0.0000000000000000000 ) ) ;
#1945 = ORIENTED_EDGE ( 'NONE', *, *, #2940, .F. ) ;
#1946 = CARTESIAN_POINT ( 'NONE',  ( -12.44161400761774800, 56.23816930062032800, 31.56773067771505100 ) ) ;
#1947 = CARTESIAN_POINT ( 'NONE',  ( 24.86179135546016600, 18.13816930062022300, 83.38621427475480600 ) ) ;
#1948 = CIRCLE ( 'NONE', #3078, 27.12499999999998900 ) ;
#1949 = CARTESIAN_POINT ( 'NONE',  ( 9.058385992382248700, 56.23816930062032800, -8.132269322284946300 ) ) ;
#1950 = CARTESIAN_POINT ( 'NONE',  ( 14.99690729466150600, 19.18794333776676500, 77.58208688924159400 ) ) ;
#1951 = CARTESIAN_POINT ( 'NONE',  ( 2.404232537195555500, 19.18657398373979800, 77.83375514620061600 ) ) ;
#1952 = DIRECTION ( 'NONE',  ( -0.0000000000000000000, 0.0000000000000000000, 1.000000000000000000 ) ) ;
#1953 = EDGE_CURVE ( 'NONE', #2972, #37, #282, .T. ) ;
#1954 = AXIS2_PLACEMENT_3D ( 'NONE', #1087, #476, #737 ) ;
#1955 = CYLINDRICAL_SURFACE ( 'NONE', #442, 26.18499999999999500 ) ;
#1956 = AXIS2_PLACEMENT_3D ( 'NONE', #303, #2506, #615 ) ;
#1957 = DIRECTION ( 'NONE',  ( 0.0000000000000000000, 0.0000000000000000000, 1.000000000000000000 ) ) ;
#1958 = DIRECTION ( 'NONE',  ( 0.0000000000000000000, 0.0000000000000000000, 1.000000000000000000 ) ) ;
#1959 = FACE_OUTER_BOUND ( 'NONE', #1744, .T. ) ;
#1960 = ORIENTED_EDGE ( 'NONE', *, *, #2714, .T. ) ;
#1961 = ORIENTED_EDGE ( 'NONE', *, *, #3480, .F. ) ;
#1962 = CARTESIAN_POINT ( 'NONE',  ( -29.72930008502348500, 2.903637560778374600E-015, -23.71000000000000100 ) ) ;
#1963 = CALENDAR_DATE ( 2017, 28, 6 ) ;
#1964 = DIRECTION ( 'NONE',  ( 0.0000000000000000000, 0.0000000000000000000, -1.000000000000000000 ) ) ;
#1965 = DIRECTION ( 'NONE',  ( 0.0000000000000000000, -1.000000000000000000, -3.491481338843133400E-015 ) ) ;
#1966 = DIRECTION ( 'NONE',  ( -0.0000000000000000000, -0.0000000000000000000, -1.000000000000000000 ) ) ;
#1967 = CARTESIAN_POINT ( 'NONE',  ( 13.74679832666263500, 18.13816930062010300, 115.1129428609722800 ) ) ;
#1968 = MANIFOLD_SOLID_BREP ( 'Chamfer1', #954 ) ;
#1969 = EDGE_CURVE ( 'NONE', #1641, #3761, #1653, .T. ) ;
#1970 = CARTESIAN_POINT ( 'NONE',  ( 11.04680743037961800, 19.12101969330998900, 114.5549214092675500 ) ) ;
#1971 = CARTESIAN_POINT ( 'NONE',  ( 9.058385992382248700, 56.23816930062032800, -5.766066130416885600 ) ) ;
#1972 = CARTESIAN_POINT ( 'NONE',  ( 9.058385992382248700, 56.23816930062032800, -86.69911626417898300 ) ) ;
#1973 = DIRECTION ( 'NONE',  ( -1.000000000000000000, -0.0000000000000000000, -0.0000000000000000000 ) ) ;
#1974 = EDGE_CURVE ( 'NONE', #808, #2486, #3224, .T. ) ;
#1975 = DIRECTION ( 'NONE',  ( -0.0000000000000000000, 0.0000000000000000000, -1.000000000000000000 ) ) ;
#1976 = DIRECTION ( 'NONE',  ( 0.0000000000000000000, 0.0000000000000000000, -1.000000000000000000 ) ) ;
#1977 = CARTESIAN_POINT ( 'NONE',  ( 9.058385992382248700, 18.13816930062017700, 95.66773067771505600 ) ) ;
#1978 = CIRCLE ( 'NONE', #2849, 16.05999999999999200 ) ;
#1979 = CC_DESIGN_PERSON_AND_ORGANIZATION_ASSIGNMENT ( #1356, #3711, ( #1354 ) ) ;
#1980 = FACE_BOUND ( 'NONE', #2125, .T. ) ;
#1981 = EDGE_LOOP ( 'NONE', ( #3599, #1320, #2445, #1357, #813 ) ) ;
#1982 = DIRECTION ( 'NONE',  ( 0.0000000000000000000, 0.0000000000000000000, -1.000000000000000000 ) ) ;
#1983 = CARTESIAN_POINT ( 'NONE',  ( 11.04680743037963400, 19.12101969330998900, 114.5549214092675500 ) ) ;
#1984 = CARTESIAN_POINT ( 'NONE',  ( -57.10819268389989400, 26.12499999999998600, 0.0000000000000000000 ) ) ;
#1985 = CYLINDRICAL_SURFACE ( 'NONE', #3049, 23.70999999999999400 ) ;
#1986 = CARTESIAN_POINT ( 'NONE',  ( 0.0000000000000000000, 38.10000000000000100, -26.00000000000000000 ) ) ;
#1987 = ORIENTED_EDGE ( 'NONE', *, *, #2112, .T. ) ;
#1988 = COORDINATED_UNIVERSAL_TIME_OFFSET ( 0, 0, .AHEAD. ) ;
#1989 = ORIENTED_EDGE ( 'NONE', *, *, #1764, .T. ) ;
#1990 = AXIS2_PLACEMENT_3D ( 'NONE', #508, #3967, #1456 ) ;
#1991 = ORIENTED_EDGE ( 'NONE', *, *, #2677, .F. ) ;
#1992 = ORIENTED_EDGE ( 'NONE', *, *, #3883, .F. ) ;
#1993 = DIRECTION ( 'NONE',  ( 1.000000000000000000, 0.0000000000000000000, 0.0000000000000000000 ) ) ;
#1994 = DIRECTION ( 'NONE',  ( 0.0000000000000000000, 0.0000000000000000000, -1.000000000000000000 ) ) ;
#1995 = EDGE_CURVE ( 'NONE', #1488, #402, #4062, .T. ) ;
#1996 = ORIENTED_EDGE ( 'NONE', *, *, #918, .F. ) ;
#1997 = PERSON ( 'NAUO-PER3', 'UNSPECIFIED', 'UNSPECIFIED', ('UNSPECIFIED'), ('UNSPECIFIED'), ('UNSPECIFIED') ) ;
#1998 = ORIENTED_EDGE ( 'NONE', *, *, #3234, .F. ) ;
#1999 = ORIENTED_EDGE ( 'NONE', *, *, #2391, .F. ) ;
#2000 = CC_DESIGN_APPROVAL ( #1781, ( #1372 ) ) ;
#2001 = CIRCLE ( 'NONE', #1827, 22.79500000000000900 ) ;
#2002 = DIRECTION ( 'NONE',  ( 0.0000000000000000000, 0.0000000000000000000, -1.000000000000000000 ) ) ;
#2003 = DIRECTION ( 'NONE',  ( -3.511882195144949800E-015, -3.475300088945523200E-015, 1.000000000000000000 ) ) ;
#2004 = CARTESIAN_POINT ( 'NONE',  ( 2.744978116481564500, 18.13816930062011000, 114.6476878186897700 ) ) ;
#2005 = CARTESIAN_POINT ( 'NONE',  ( 27.19062726606926700, 19.14751020520260400, 89.94339733476606100 ) ) ;
#2006 = FACE_OUTER_BOUND ( 'NONE', #3212, .T. ) ;
#2007 = DIRECTION ( 'NONE',  ( 0.0000000000000000000, 0.0000000000000000000, 1.000000000000000000 ) ) ;
#2008 = AXIS2_PLACEMENT_3D ( 'NONE', #2219, #349, #2546 ) ;
#2009 = CIRCLE ( 'NONE', #2223, 23.11499999999999500 ) ;
#2010 = AXIS2_PLACEMENT_3D ( 'NONE', #1337, #3520, #1648 ) ;
#2011 = DIRECTION ( 'NONE',  ( -0.0000000000000000000, -1.000000000000000000, -3.491481338843133400E-015 ) ) ;
#2012 = CARTESIAN_POINT ( 'NONE',  ( 58.15865425799412900, 0.0000000000000000000, -16.05999999999998800 ) ) ;
#2013 = ADVANCED_FACE ( 'NONE', ( #716 ), #621, .T. ) ;
#2014 = ITEM_DEFINED_TRANSFORMATION ( 'NONE', 'NONE', #2762,  #870 ) ;
#2015 = APPROVAL_DATE_TIME ( #2848, #4040 ) ;
#2016 = CARTESIAN_POINT ( 'NONE',  ( 7.069823739491338800, 19.19278306278409500, 76.74310073883368900 ) ) ;
#2017 = CARTESIAN_POINT ( 'NONE',  ( -0.3535802926724637700, 18.13816930061559100, 112.1932243186765000 ) ) ;
#2018 = AXIS2_PLACEMENT_3D ( 'NONE', #2259, #385, #2574 ) ;
#2019 = CARTESIAN_POINT ( 'NONE',  ( 9.058385992382250500, 19.12095759666142000, 114.6592723206341300 ) ) ;
#2020 = EDGE_CURVE ( 'NONE', #3761, #35, #2385, .T. ) ;
#2021 = CARTESIAN_POINT ( 'NONE',  ( 27.06051817215205400, 18.13816930062015200, 104.3947504778056900 ) ) ;
#2022 = DIRECTION ( 'NONE',  ( -1.000000000000000000, -0.0000000000000000000, -0.0000000000000000000 ) ) ;
#2023 = ADVANCED_FACE ( 'NONE', ( #3958 ), #3123, .T. ) ;
#2024 = CARTESIAN_POINT ( 'NONE',  ( 11.15146119027423100, 18.13816930062010600, 115.5492822499632300 ) ) ;
#2025 = CARTESIAN_POINT ( 'NONE',  ( -3.880965386347826400, 19.12423697229940700, 109.6278551926711500 ) ) ;
#2026 = DIRECTION ( 'NONE',  ( -0.9999506762177211600, -0.009932025559894006700, 0.0000000000000000000 ) ) ;
#2027 = EDGE_CURVE ( 'NONE', #1008, #2299, #3856, .T. ) ;
#2028 = CARTESIAN_POINT ( 'NONE',  ( 9.058385992382248700, 56.23816930062032800, -86.69911626417898300 ) ) ;
#2029 = AXIS2_PLACEMENT_3D ( 'NONE', #2942, #1669, #2002 ) ;
#2030 =( NAMED_UNIT ( * ) SI_UNIT ( $, .STERADIAN. ) SOLID_ANGLE_UNIT ( ) );
#2031 = LINE ( 'NONE', #1628, #3784 ) ;
#2032 = CARTESIAN_POINT ( 'NONE',  ( 58.15865425799412900, 0.0000000000000000000, 0.0000000000000000000 ) ) ;
#2033 = CARTESIAN_POINT ( 'NONE',  ( 9.058385992382250500, 18.13816930062031900, 57.56773067771505500 ) ) ;
#2034 = DIRECTION ( 'NONE',  ( 0.0000000000000000000, 0.0000000000000000000, -1.000000000000000000 ) ) ;
#2035 = LINE ( 'NONE', #845, #3489 ) ;
#2036 = EDGE_LOOP ( 'NONE', ( #750, #79, #3851, #2674 ) ) ;
#2037 = ORIENTED_EDGE ( 'NONE', *, *, #830, .F. ) ;
#2038 = FACE_OUTER_BOUND ( 'NONE', #3327, .T. ) ;
#2039 = VERTEX_POINT ( 'NONE', #2307 ) ;
#2040 = APPROVAL_DATE_TIME ( #2877, #2063 ) ;
#2041 = CARTESIAN_POINT ( 'NONE',  ( 5.911774651938626900, 18.13816930062011000, 115.4531865717971900 ) ) ;
#2042 = ORIENTED_EDGE ( 'NONE', *, *, #310, .F. ) ;
#2043 = CARTESIAN_POINT ( 'NONE',  ( -8.213105470022087600, 18.13816930062013800, 105.7630319403271400 ) ) ;
#2044 = DIRECTION ( 'NONE',  ( 1.000000000000000000, 0.0000000000000000000, 0.0000000000000000000 ) ) ;
#2045 = ORIENTED_EDGE ( 'NONE', *, *, #234, .T. ) ;
#2046 = ORIENTED_EDGE ( 'NONE', *, *, #1815, .T. ) ;
#2047 = CARTESIAN_POINT ( 'NONE',  ( 9.058385992382248700, 18.13816930062031900, 57.56773067771505500 ) ) ;
#2048 = AXIS2_PLACEMENT_3D ( 'NONE', #2727, #217, #2107 ) ;
#2049 = ORIENTED_EDGE ( 'NONE', *, *, #1466, .F. ) ;
#2050 = FACE_OUTER_BOUND ( 'NONE', #3147, .T. ) ;
#2051 = DIRECTION ( 'NONE',  ( -3.500648383195136800E-015, -3.500648383195136800E-015, 1.000000000000000000 ) ) ;
#2052 = EDGE_CURVE ( 'NONE', #1537, #1706, #1454, .T. ) ;
#2053 = ADVANCED_FACE ( 'NONE', ( #1552 ), #3552, .T. ) ;
#2054 = FACE_OUTER_BOUND ( 'NONE', #3797, .T. ) ;
#2055 = DIRECTION ( 'NONE',  ( 0.9999506762177210500, 0.009932025559894206200, 0.0000000000000000000 ) ) ;
#2056 = FACE_OUTER_BOUND ( 'NONE', #3509, .T. ) ;
#2057 = CARTESIAN_POINT ( 'NONE',  ( -7.131985246928976200, 18.13816930062014200, 107.4179579157735700 ) ) ;
#2058 = CARTESIAN_POINT ( 'NONE',  ( -9.270587676957733300, 18.13816930062015900, 100.6938472833153200 ) ) ;
#2059 = ORIENTED_EDGE ( 'NONE', *, *, #2892, .F. ) ;
#2060 = AXIS2_PLACEMENT_3D ( 'NONE', #228, #1787, #3344 ) ;
#2061 = LOCAL_TIME ( 8, 11, 46.00000000000000000, #2896 ) ;
#2062 = CARTESIAN_POINT ( 'NONE',  ( 9.058385992382248700, -4.491830699379812900, 95.66773067771497100 ) ) ;
#2063 = APPROVAL ( #565, 'UNSPECIFIED' ) ;
#2064 = DIRECTION ( 'NONE',  ( 0.9999506762177210500, 0.009932025559894197600, 0.0000000000000000000 ) ) ;
#2065 = ADVANCED_FACE ( 'NONE', ( #1362 ), #223, .F. ) ;
#2066 = CARTESIAN_POINT ( 'NONE',  ( -10.69627353719083400, 18.13816930062018100, 92.51310269502670300 ) ) ;
#2067 = CARTESIAN_POINT ( 'NONE',  ( 9.058385992382175900, 6.138169300620104400, 116.5177306777150100 ) ) ;
#2068 = AXIS2_PLACEMENT_3D ( 'NONE', #2176, #4068, #1868 ) ;
#2069 = EDGE_CURVE ( 'NONE', #1198, #332, #2747, .T. ) ;
#2070 = DIRECTION ( 'NONE',  ( -0.1046691530980936900, 0.0000000000000000000, -0.9945070982098257500 ) ) ;
#2071 = DIRECTION ( 'NONE',  ( -0.9999506762177210500, -0.009932025559894197600, 0.0000000000000000000 ) ) ;
#2072 = APPROVAL ( #3773, 'UNSPECIFIED' ) ;
#2073 = VECTOR ( 'NONE', #1328, 1000.000000000000000 ) ;
#2074 = CARTESIAN_POINT ( 'NONE',  ( -2.721240096963069900, 18.13816930062024100, 79.42923404128049500 ) ) ;
#2075 = CARTESIAN_POINT ( 'NONE',  ( 11.64672632570948200, 19.12105733779218800, 114.4917809364667000 ) ) ;
#2076 = VECTOR ( 'NONE', #3505, 1000.000000000000000 ) ;
#2077 = ORIENTED_EDGE ( 'NONE', *, *, #1899, .T. ) ;
#2078 = AXIS2_PLACEMENT_3D ( 'NONE', #2884, #2252, #683 ) ;
#2079 = CYLINDRICAL_SURFACE ( 'NONE', #2635, 23.62499999999999300 ) ;
#2080 = DIRECTION ( 'NONE',  ( 0.0000000000000000000, 0.0000000000000000000, -1.000000000000000000 ) ) ;
#2081 = EDGE_LOOP ( 'NONE', ( #2541, #2151, #3548, #1211, #1748 ) ) ;
#2082 = CARTESIAN_POINT ( 'NONE',  ( 25.11838599238224700, 56.23816930062032800, 57.56773067771505500 ) ) ;
#2083 = LOCAL_TIME ( 8, 11, 46.00000000000000000, #2920 ) ;
#2084 = ADVANCED_FACE ( 'NONE', ( #2188 ), #2723, .T. ) ;
#2085 = VERTEX_POINT ( 'NONE', #1502 ) ;
#2086 = ORIENTED_EDGE ( 'NONE', *, *, #2451, .F. ) ;
#2087 = ORIENTED_EDGE ( 'NONE', *, *, #59, .F. ) ;
#2088 = EDGE_LOOP ( 'NONE', ( #3161, #3316, #1358, #166 ) ) ;
#2089 = EDGE_CURVE ( 'NONE', #3217, #998, #1894, .T. ) ;
#2090 = CARTESIAN_POINT ( 'NONE',  ( 27.10003714958146800, 18.13816930062020200, 89.71721347849957300 ) ) ;
#2091 = CARTESIAN_POINT ( 'NONE',  ( 13.43133965933619200, 19.12125726480400800, 114.1590427919821200 ) ) ;
#2092 = FACE_OUTER_BOUND ( 'NONE', #3942, .T. ) ;
#2093 = CARTESIAN_POINT ( 'NONE',  ( -10.39065466005241400, 56.04499140348038100, -86.69911626417898300 ) ) ;
#2094 = CIRCLE ( 'NONE', #3326, 24.12500000000000400 ) ;
#2095 = CARTESIAN_POINT ( 'NONE',  ( 35.24209444914326600, 56.49823938990615300, -8.132269322284946300 ) ) ;
#2096 = DIRECTION ( 'NONE',  ( 0.0000000000000000000, 0.0000000000000000000, 1.000000000000000000 ) ) ;
#2097 = EDGE_CURVE ( 'NONE', #2881, #827, #328, .T. ) ;
#2098 = CIRCLE ( 'NONE', #2018, 19.00000000000000000 ) ;
#2099 = EDGE_CURVE ( 'NONE', #74, #2881, #3455, .T. ) ;
#2100 = APPROVAL_DATE_TIME ( #2938, #3043 ) ;
#2101 = CARTESIAN_POINT ( 'NONE',  ( 28.05333653630465200, 19.13923179945101100, 94.89049970612640500 ) ) ;
#2102 = ADVANCED_FACE ( 'NONE', ( #522 ), #850, .T. ) ;
#2103 = CARTESIAN_POINT ( 'NONE',  ( 25.60222057696916000, 19.12784517608807600, 105.0580749202575500 ) ) ;
#2104 = CARTESIAN_POINT ( 'NONE',  ( 28.81346144996075200, 18.13816930062018800, 92.27167218552004600 ) ) ;
#2105 = APPROVAL_PERSON_ORGANIZATION ( #2941, #4040, #2197 ) ;
#2106 = CC_DESIGN_PERSON_AND_ORGANIZATION_ASSIGNMENT ( #3898, #919, ( #1905 ) ) ;
#2107 = DIRECTION ( 'NONE',  ( -0.9999506762177211600, -0.009932025559894168100, 0.0000000000000000000 ) ) ;
#2108 = DIRECTION ( 'NONE',  ( 1.000000000000000000, 0.0000000000000000000, 0.0000000000000000000 ) ) ;
#2109 = CARTESIAN_POINT ( 'NONE',  ( 28.85580791611871400, 18.13816930062016700, 98.78155574601491700 ) ) ;
#2110 = CARTESIAN_POINT ( 'NONE',  ( 8.279410386219954200, 18.13816930062024800, 75.61157415202674800 ) ) ;
#2111 = AXIS2_PLACEMENT_3D ( 'NONE', #2897, #1013, #426 ) ;
#2112 = EDGE_CURVE ( 'NONE', #2248, #1861, #1696, .T. ) ;
#2113 = CARTESIAN_POINT ( 'NONE',  ( -18.81523910718671600, 55.96131408813828000, 26.06773067771504800 ) ) ;
#2114 = DIRECTION ( 'NONE',  ( 0.0000000000000000000, 0.0000000000000000000, -1.000000000000000000 ) ) ;
#2115 = DIRECTION ( 'NONE',  ( 0.0000000000000000000, 0.0000000000000000000, -1.000000000000000000 ) ) ;
#2116 = ADVANCED_FACE ( 'NONE', ( #123 ), #2433, .F. ) ;
#2117 = EDGE_LOOP ( 'NONE', ( #1392, #2978, #1793, #746 ) ) ;
#2118 = CIRCLE ( 'NONE', #817, 25.87499999999999600 ) ;
#2119 = APPROVAL_ROLE ( '' ) ;
#2120 = CYLINDRICAL_SURFACE ( 'NONE', #3818, 26.18499999999998800 ) ;
#2121 = CARTESIAN_POINT ( 'NONE',  ( 26.43568353980446500, 18.13816930062014900, 103.3868740298444400 ) ) ;
#2122 = ORIENTED_EDGE ( 'NONE', *, *, #577, .T. ) ;
#2123 = COORDINATED_UNIVERSAL_TIME_OFFSET ( 0, 0, .AHEAD. ) ;
#2124 = CARTESIAN_POINT ( 'NONE',  ( 13.23581098807933800, 18.13816930062024800, 77.15060137925416900 ) ) ;
#2125 = EDGE_LOOP ( 'NONE', ( #475, #4044 ) ) ;
#2126 = AXIS2_PLACEMENT_3D ( 'NONE', #3219, #1341, #3527 ) ;
#2127 = VECTOR ( 'NONE', #214, 1000.000000000000000 ) ;
#2128 = ORIENTED_EDGE ( 'NONE', *, *, #2069, .F. ) ;
#2129 = AXIS2_PLACEMENT_3D ( 'NONE', #2047, #155, #2357 ) ;
#2130 = APPROVAL_PERSON_ORGANIZATION ( #2973, #2063, #2756 ) ;
#2131 = ORIENTED_EDGE ( 'NONE', *, *, #82, .T. ) ;
#2132 = VERTEX_POINT ( 'NONE', #137 ) ;
#2133 = DIRECTION ( 'NONE',  ( 0.0000000000000000000, 0.0000000000000000000, -1.000000000000000000 ) ) ;
#2134 = DIRECTION ( 'NONE',  ( 0.0000000000000000000, 0.0000000000000000000, -1.000000000000000000 ) ) ;
#2135 = DIRECTION ( 'NONE',  ( 0.0000000000000000000, 0.0000000000000000000, 1.000000000000000000 ) ) ;
#2136 = ORIENTED_EDGE ( 'NONE', *, *, #1329, .T. ) ;
#2137 = ORIENTED_EDGE ( 'NONE', *, *, #3925, .T. ) ;
#2138 = FACE_OUTER_BOUND ( 'NONE', #634, .T. ) ;
#2139 = CARTESIAN_POINT ( 'NONE',  ( 11.56478133620611400, 18.13816930062024100, 75.78713679424890900 ) ) ;
#2140 = MECHANICAL_CONTEXT ( 'NONE', #241, 'mechanical' ) ;
#2141 = AXIS2_PLACEMENT_3D ( 'NONE', #493, #2688, #792 ) ;
#2142 = CARTESIAN_POINT ( 'NONE',  ( 23.43915908917756100, 19.12538147560416800, 108.0913740942504300 ) ) ;
#2143 = VECTOR ( 'NONE', #3882, 1000.000000000000000 ) ;
#2144 = ADVANCED_FACE ( 'NONE', ( #3263 ), #2539, .F. ) ;
#2145 = CARTESIAN_POINT ( 'NONE',  ( 18.44693542289696000, 19.18017779528641100, 79.11256181838456300 ) ) ;
#2146 = CARTESIAN_POINT ( 'NONE',  ( 28.06691092817988000, 18.13816930062019800, 89.42436182063050900 ) ) ;
#2147 = CIRCLE ( 'NONE', #3199, 16.05999999999999900 ) ;
#2148 = CC_DESIGN_DATE_AND_TIME_ASSIGNMENT ( #3239, #2816, ( #1323 ) ) ;
#2149 = DIRECTION ( 'NONE',  ( -1.000000000000000000, -0.0000000000000000000, -0.0000000000000000000 ) ) ;
#2150 = CARTESIAN_POINT ( 'NONE',  ( -60.10819268389990100, 0.0000000000000000000, 0.0000000000000000000 ) ) ;
#2151 = ORIENTED_EDGE ( 'NONE', *, *, #263, .T. ) ;
#2152 = APPROVAL_DATE_TIME ( #2993, #3535 ) ;
#2153 = PERSON_AND_ORGANIZATION_ROLE ( 'classification_officer' ) ;
#2154 = EDGE_CURVE ( 'NONE', #3598, #1750, #3355, .T. ) ;
#2155 = CARTESIAN_POINT ( 'NONE',  ( 20.83809974398203500, 18.13816930062011700, 111.8346982895809100 ) ) ;
#2156 = AXIS2_PLACEMENT_3D ( 'NONE', #4017, #1819, #2055 ) ;
#2157 = CARTESIAN_POINT ( 'NONE',  ( 23.58746088125970900, 18.13816930062022700, 81.84010925006173000 ) ) ;
#2158 = AXIS2_PLACEMENT_3D ( 'NONE', #2150, #276, #2469 ) ;
#2159 = DIRECTION ( 'NONE',  ( -0.9999506762177209400, -0.009932025559894211400, 0.0000000000000000000 ) ) ;
#2160 = CARTESIAN_POINT ( 'NONE',  ( -10.97806737012106200, 18.13816930062018100, 95.13234849141079500 ) ) ;
#2161 = CARTESIAN_POINT ( 'NONE',  ( 28.05838599238224500, 56.23816930062032800, 31.56773067771505100 ) ) ;
#2162 = DIRECTION ( 'NONE',  ( 1.000000000000000000, -0.0000000000000000000, -0.0000000000000000000 ) ) ;
#2163 = CARTESIAN_POINT ( 'NONE',  ( -2.179048207409939300, 19.12328941446934400, 110.9912012394107100 ) ) ;
#2164 = PLANE ( 'NONE',  #2907 ) ;
#2165 = ADVANCED_FACE ( 'NONE', ( #957 ), #30, .T. ) ;
#2166 = APPROVAL_STATUS ( 'not_yet_approved' ) ;
#2167 = CARTESIAN_POINT ( 'NONE',  ( 15.90256923468878400, 18.13816930061104700, 113.4443731286092400 ) ) ;
#2168 = CARTESIAN_POINT ( 'NONE',  ( 24.59408608170314600, 18.13816930061851500, 84.74436432498556800 ) ) ;
#2169 = FACE_OUTER_BOUND ( 'NONE', #902, .T. ) ;
#2170 = EDGE_CURVE ( 'NONE', #3213, #827, #1596, .T. ) ;
#2171 = CARTESIAN_POINT ( 'NONE',  ( -9.652127785138434400, 18.13816930062076000, 92.36348817155585800 ) ) ;
#2172 = CIRCLE ( 'NONE', #299, 57.09999999999999400 ) ;
#2173 = DIRECTION ( 'NONE',  ( 1.000000000000000000, -0.0000000000000000000, -0.0000000000000000000 ) ) ;
#2174 = ORIENTED_EDGE ( 'NONE', *, *, #3306, .F. ) ;
#2175 = CARTESIAN_POINT ( 'NONE',  ( -9.943849500955034100, 19.13679624770116700, 96.64828253897542300 ) ) ;
#2176 = CARTESIAN_POINT ( 'NONE',  ( 9.058385992382248700, 56.23816930062032800, -10.63226932228494800 ) ) ;
#2177 = CARTESIAN_POINT ( 'NONE',  ( 17.45298841279090900, 18.13816930062011300, 113.8591153210016800 ) ) ;
#2178 = EDGE_CURVE ( 'NONE', #4058, #2420, #1792, .T. ) ;
#2179 = VECTOR ( 'NONE', #2527, 1000.000000000000100 ) ;
#2180 = APPLICATION_PROTOCOL_DEFINITION ( 'international standard', 'config_control_design', 1994, #4069 ) ;
#2181 = ORIENTED_EDGE ( 'NONE', *, *, #3646, .F. ) ;
#2182 = APPROVAL_DATE_TIME ( #3016, #1559 ) ;
#2183 = ORIENTED_EDGE ( 'NONE', *, *, #3567, .T. ) ;
#2184 = VERTEX_POINT ( 'NONE', #3299 ) ;
#2185 = CARTESIAN_POINT ( 'NONE',  ( 26.31674006446853300, 19.15226471975789100, 87.67975864140245800 ) ) ;
#2186 = ORIENTED_EDGE ( 'NONE', *, *, #629, .T. ) ;
#2187 = EDGE_LOOP ( 'NONE', ( #2077, #3804, #3425, #2427 ) ) ;
#2188 = FACE_OUTER_BOUND ( 'NONE', #1151, .T. ) ;
#2189 = CC_DESIGN_PERSON_AND_ORGANIZATION_ASSIGNMENT ( #513, #1838, ( #1354 ) ) ;
#2190 = ORIENTED_EDGE ( 'NONE', *, *, #1129, .F. ) ;
#2191 = ORIENTED_EDGE ( 'NONE', *, *, #2867, .T. ) ;
#2192 = CARTESIAN_POINT ( 'NONE',  ( -8.777451474733485500, 19.14925027707964800, 89.07356314954078900 ) ) ;
#2193 = LINE ( 'NONE', #2449, #625 ) ;
#2194 = CARTESIAN_POINT ( 'NONE',  ( -17.90819268389989800, 1.966782759430648200E-015, 16.05999999999999200 ) ) ;
#2195 = PLANE ( 'NONE',  #3798 ) ;
#2196 = DIRECTION ( 'NONE',  ( 0.0000000000000000000, 0.0000000000000000000, 1.000000000000000000 ) ) ;
#2197 = APPROVAL_ROLE ( '' ) ;
#2198 = VECTOR ( 'NONE', #895, 1000.000000000000000 ) ;
#2199 = AXIS2_PLACEMENT_3D ( 'NONE', #800, #181, #2064 ) ;
#2200 = VERTEX_POINT ( 'NONE', #2994 ) ;
#2201 = EDGE_CURVE ( 'NONE', #3761, #1641, #2334, .T. ) ;
#2202 = DATE_AND_TIME ( #3034, #3871 ) ;
#2203 = UNCERTAINTY_MEASURE_WITH_UNIT (LENGTH_MEASURE( 1.000000000000000100E-005 ), #1168, 'distance_accuracy_value', 'NONE');
#2204 = CC_DESIGN_DATE_AND_TIME_ASSIGNMENT ( #3329, #2855, ( #1372 ) ) ;
#2205 = CARTESIAN_POINT ( 'NONE',  ( -6.076472159064946900, 18.13816930062022700, 82.55722780719884200 ) ) ;
#2206 = DIRECTION ( 'NONE',  ( 0.0000000000000000000, 0.0000000000000000000, -1.000000000000000000 ) ) ;
#2207 = COORDINATED_UNIVERSAL_TIME_OFFSET ( 0, 0, .AHEAD. ) ;
#2208 = DIRECTION ( 'NONE',  ( 0.0000000000000000000, 0.0000000000000000000, 1.000000000000000000 ) ) ;
#2209 = DIRECTION ( 'NONE',  ( 0.0000000000000000000, 0.0000000000000000000, 1.000000000000000000 ) ) ;
#2210 = CARTESIAN_POINT ( 'NONE',  ( -17.72930008502348500, 0.0000000000000000000, 0.0000000000000000000 ) ) ;
#2211 = EDGE_LOOP ( 'NONE', ( #3021, #325, #2378, #2404 ) ) ;
#2212 = PERSON_AND_ORGANIZATION_ROLE ( 'design_supplier' ) ;
#2213 = DIRECTION ( 'NONE',  ( -1.000000000000000000, 0.0000000000000000000, 0.0000000000000000000 ) ) ;
#2214 = DIRECTION ( 'NONE',  ( 0.7071067811865352500, 0.0000000000000000000, -0.7071067811865597900 ) ) ;
#2215 = AXIS2_PLACEMENT_3D ( 'NONE', #1325, #3493, #1626 ) ;
#2216 = DIRECTION ( 'NONE',  ( 1.000000000000000000, -0.0000000000000000000, -0.0000000000000000000 ) ) ;
#2217 = VERTEX_POINT ( 'NONE', #1116 ) ;
#2218 = CARTESIAN_POINT ( 'NONE',  ( -2.107987394960762400, 18.13816930062250400, 80.26882667483519600 ) ) ;
#2219 = CARTESIAN_POINT ( 'NONE',  ( -60.10819268389990100, 0.0000000000000000000, 0.0000000000000000000 ) ) ;
#2220 = CARTESIAN_POINT ( 'NONE',  ( -22.77439587576796100, 0.0000000000000000000, 0.0000000000000000000 ) ) ;
#2221 = DIRECTION ( 'NONE',  ( 0.0000000000000000000, 0.0000000000000000000, 1.000000000000000000 ) ) ;
#2222 = DIRECTION ( 'NONE',  ( 0.0000000000000000000, 0.0000000000000000000, 1.000000000000000000 ) ) ;
#2223 = AXIS2_PLACEMENT_3D ( 'NONE', #1335, #3514, #1639 ) ;
#2224 =( REPRESENTATION_RELATIONSHIP ('NONE','NONE', #3979, #3971 ) REPRESENTATION_RELATIONSHIP_WITH_TRANSFORMATION ( #192 )SHAPE_REPRESENTATION_RELATIONSHIP( ) );
#2225 = VERTEX_POINT ( 'NONE', #3619 ) ;
#2226 = VECTOR ( 'NONE', #3813, 1000.000000000000000 ) ;
#2227 = CARTESIAN_POINT ( 'NONE',  ( -46.22819268389991300, 0.0000000000000000000, 0.0000000000000000000 ) ) ;
#2228 = FACE_OUTER_BOUND ( 'NONE', #2187, .T. ) ;
#2229 = EDGE_LOOP ( 'NONE', ( #1941, #2436 ) ) ;
#2230 = EDGE_CURVE ( 'NONE', #2679, #706, #3900, .T. ) ;
#2231 = LOCAL_TIME ( 8, 11, 46.00000000000000000, #3058 ) ;
#2232 = EDGE_LOOP ( 'NONE', ( #2444, #2122, #25, #1306 ) ) ;
#2233 = CARTESIAN_POINT ( 'NONE',  ( 2.250074866350217500, 19.18626482395209700, 77.89148028252579100 ) ) ;
#2234 = CARTESIAN_POINT ( 'NONE',  ( 34.93338599238224200, 56.23816930062032800, 31.56773067771505100 ) ) ;
#2235 = CARTESIAN_POINT ( 'NONE',  ( 9.058385992382188300, -5.491830699379874200, 112.7277306777149700 ) ) ;
#2236 = CIRCLE ( 'NONE', #1030, 23.62499999999999600 ) ;
#2237 = DIRECTION ( 'NONE',  ( 1.000000000000000000, -0.0000000000000000000, -0.0000000000000000000 ) ) ;
#2238 = PLANE ( 'NONE',  #390 ) ;
#2239 = ORIENTED_EDGE ( 'NONE', *, *, #2733, .T. ) ;
#2241 = CARTESIAN_POINT ( 'NONE',  ( 29.03354827776384900, 18.13816930062017000, 96.84648424682392000 ) ) ;
#2240 = COORDINATED_UNIVERSAL_TIME_OFFSET ( 0, 0, .AHEAD. ) ;
#2242 = ORIENTED_EDGE ( 'NONE', *, *, #1269, .T. ) ;
#2243 = DIRECTION ( 'NONE',  ( -1.000000000000000000, 0.0000000000000000000, 0.0000000000000000000 ) ) ;
#2244 = EDGE_CURVE ( 'NONE', #1198, #2981, #755, .T. ) ;
#2245 = EDGE_LOOP ( 'NONE', ( #1463, #3897 ) ) ;
#2246 = AXIS2_PLACEMENT_3D ( 'NONE', #3553, #1982, #3242 ) ;
#2247 = ORIENTED_EDGE ( 'NONE', *, *, #2097, .T. ) ;
#2248 = VERTEX_POINT ( 'NONE', #1126 ) ;
#2249 = ORIENTED_EDGE ( 'NONE', *, *, #2454, .F. ) ;
#2250 = VECTOR ( 'NONE', #101, 1000.000000000000000 ) ;
#2251 = LINE ( 'NONE', #2318, #3816 ) ;
#2252 = DIRECTION ( 'NONE',  ( 0.0000000000000000000, 0.0000000000000000000, -1.000000000000000000 ) ) ;
#2253 = CARTESIAN_POINT ( 'NONE',  ( 23.78380233223857600, 19.16300792908617000, 83.62576891835792000 ) ) ;
#2254 = LINE ( 'NONE', #2990, #1420 ) ;
#2255 = DIRECTION ( 'NONE',  ( -1.000000000000000000, -0.0000000000000000000, -0.0000000000000000000 ) ) ;
#2256 = CARTESIAN_POINT ( 'NONE',  ( 9.058385992382248700, 18.13816930062031900, 57.56773067771505500 ) ) ;
#2257 = APPROVAL_PERSON_ORGANIZATION ( #3084, #3535, #963 ) ;
#2258 = EDGE_CURVE ( 'NONE', #2248, #1641, #4003, .T. ) ;
#2259 = CARTESIAN_POINT ( 'NONE',  ( 0.0000000000000000000, -1.330254390099233700E-013, 38.10000000000000100 ) ) ;
#2260 = CARTESIAN_POINT ( 'NONE',  ( 17.22861185378723200, 19.18336608583230100, 78.44631735820782100 ) ) ;
#2261 = CARTESIAN_POINT ( 'NONE',  ( 4.687053639180761300, 19.19057371096316400, 77.11042755318098300 ) ) ;
#2262 = CARTESIAN_POINT ( 'NONE',  ( 9.058385992382248700, -17.43543385270768900, 95.66773067771492800 ) ) ;
#2263 = AXIS2_PLACEMENT_3D ( 'NONE', #326, #2522, #638 ) ;
#2264 = CC_DESIGN_APPROVAL ( #2063, ( #1849 ) ) ;
#2265 = CIRCLE ( 'NONE', #1380, 16.05999999999999900 ) ;
#2266 = DIRECTION ( 'NONE',  ( 0.0000000000000000000, -1.000000000000000000, -3.491481338843133400E-015 ) ) ;
#2267 = DIRECTION ( 'NONE',  ( 0.009932025559894090000, -0.9999506762177211600, 0.0000000000000000000 ) ) ;
#2268 = DIRECTION ( 'NONE',  ( -0.0000000000000000000, -0.0000000000000000000, 1.000000000000000000 ) ) ;
#2269 = PLANE ( 'NONE',  #2751 ) ;
#2270 = CARTESIAN_POINT ( 'NONE',  ( 58.15865425799412900, 0.0000000000000000000, -23.62499999999999300 ) ) ;
#2271 = AXIS2_PLACEMENT_3D ( 'NONE', #3756, #2519, #5 ) ;
#2272 = VECTOR ( 'NONE', #3468, 1000.000000000000000 ) ;
#2273 = PRODUCT_DEFINITION_SHAPE ( 'NONE', 'NONE',  #806 ) ;
#2274 = ORIENTED_EDGE ( 'NONE', *, *, #1340, .F. ) ;
#2275 = EDGE_CURVE ( 'NONE', #3598, #2628, #659, .T. ) ;
#2276 = CIRCLE ( 'NONE', #1378, 54.15999999999999700 ) ;
#2277 = EDGE_LOOP ( 'NONE', ( #3989, #1753, #2633, #231 ) ) ;
#2278 = APPROVAL_PERSON_ORGANIZATION ( #3113, #1559, #1520 ) ;
#2279 = ORIENTED_EDGE ( 'NONE', *, *, #2275, .F. ) ;
#2280 = VERTEX_POINT ( 'NONE', #797 ) ;
#2281 = CC_DESIGN_APPROVAL ( #2072, ( #1863 ) ) ;
#2282 = ORIENTED_EDGE ( 'NONE', *, *, #3180, .F. ) ;
#2283 = DIRECTION ( 'NONE',  ( -0.9999506762177211600, -0.009932025559894103900, 0.0000000000000000000 ) ) ;
#2284 = VERTEX_POINT ( 'NONE', #818 ) ;
#2285 = DIRECTION ( 'NONE',  ( 0.0000000000000000000, 0.0000000000000000000, -1.000000000000000000 ) ) ;
#2286 = CARTESIAN_POINT ( 'NONE',  ( 10.05625807638343600, 19.12096800034243700, 114.6417480330738500 ) ) ;
#2287 = CARTESIAN_POINT ( 'NONE',  ( 22.68089555927325000, 18.13816930062023400, 80.94514493281319300 ) ) ;
#2288 = VECTOR ( 'NONE', #3939, 1000.000000000000000 ) ;
#2289 = DIRECTION ( 'NONE',  ( -3.456485132705968800E-015, -3.456485132705968800E-015, 1.000000000000000000 ) ) ;
#2290 = AXIS2_PLACEMENT_3D ( 'NONE', #2726, #1474, #1164 ) ;
#2291 = CARTESIAN_POINT ( 'NONE',  ( 58.15865425799412900, 0.0000000000000000000, 0.0000000000000000000 ) ) ;
#2292 = CIRCLE ( 'NONE', #145, 26.12499999999998200 ) ;
#2293 = DIRECTION ( 'NONE',  ( 0.0000000000000000000, -1.000000000000000000, -3.491481338843133400E-015 ) ) ;
#2294 = AXIS2_PLACEMENT_3D ( 'NONE', #3835, #1964, #84 ) ;
#2295 = DIRECTION ( 'NONE',  ( -3.456485132705968800E-015, -3.510492712904499400E-015, 1.000000000000000000 ) ) ;
#2296 = LINE ( 'NONE', #2471, #2198 ) ;
#2297 = PLANE ( 'NONE',  #2869 ) ;
#2298 = CARTESIAN_POINT ( 'NONE',  ( 9.058385992382248700, 56.23816930062032800, -10.63226932228494800 ) ) ;
#2299 = VERTEX_POINT ( 'NONE', #1434 ) ;
#2300 = DIRECTION ( 'NONE',  ( 0.0000000000000000000, 0.0000000000000000000, -1.000000000000000000 ) ) ;
#2301 = CARTESIAN_POINT ( 'NONE',  ( 9.807370466452960400, 18.13816930062010600, 114.7023967870842300 ) ) ;
#2302 = DIRECTION ( 'NONE',  ( 0.0000000000000000000, 0.0000000000000000000, 1.000000000000000000 ) ) ;
#2303 = EDGE_CURVE ( 'NONE', #1591, #1602, #2236, .T. ) ;
#2304 = DIRECTION ( 'NONE',  ( 0.0000000000000000000, 0.0000000000000000000, -1.000000000000000000 ) ) ;
#2305 = DIRECTION ( 'NONE',  ( -1.000000000000000000, -0.0000000000000000000, -0.0000000000000000000 ) ) ;
#2306 = DATE_AND_TIME ( #3140, #3977 ) ;
#2307 = CARTESIAN_POINT ( 'NONE',  ( -46.22819268389991300, 2.893228062985620600E-015, 23.62499999999998900 ) ) ;
#2308 = CARTESIAN_POINT ( 'NONE',  ( 9.058385992382248700, 56.23816930062032800, -86.69911626417898300 ) ) ;
#2309 = PRODUCT ( '-24-90-standard', '-24-90-standard', '', ( #2521 ) ) ;
#2310 = EDGE_CURVE ( 'NONE', #2482, #1886, #564, .T. ) ;
#2311 = CARTESIAN_POINT ( 'NONE',  ( 1.966782759430649000E-015, 0.0000000000000000000, 0.0000000000000000000 ) ) ;
#2312 = ADVANCED_FACE ( 'NONE', ( #3800 ), #468, .T. ) ;
#2313 = DIRECTION ( 'NONE',  ( 1.000000000000000000, 0.0000000000000000000, 0.0000000000000000000 ) ) ;
#2314 = CARTESIAN_POINT ( 'NONE',  ( 3.060648510250581400, 19.12153806313931500, 113.6983976919123200 ) ) ;
#2315 = CARTESIAN_POINT ( 'NONE',  ( 9.058385992382248700, -17.43543385270768900, 95.66773067771492800 ) ) ;
#2316 = EDGE_CURVE ( 'NONE', #2132, #1763, #1494, .T. ) ;
#2317 = CARTESIAN_POINT ( 'NONE',  ( 26.56472502196510600, 19.15101412572719400, 88.24245997024101500 ) ) ;
#2318 = CARTESIAN_POINT ( 'NONE',  ( -17.90819268389989800, 0.0000000000000000000, 18.29999999999999000 ) ) ;
#2319 = LINE ( 'NONE', #2950, #1479 ) ;
#2320 = CC_DESIGN_DATE_AND_TIME_ASSIGNMENT ( #561, #3111, ( #1905 ) ) ;
#2321 = EDGE_LOOP ( 'NONE', ( #2432, #413, #2137, #1842 ) ) ;
#2322 = EDGE_LOOP ( 'NONE', ( #3954, #466 ) ) ;
#2323 = VECTOR ( 'NONE', #3128, 1000.000000000000000 ) ;
#2324 = DIRECTION ( 'NONE',  ( 1.000000000000000000, 0.0000000000000000000, 0.0000000000000000000 ) ) ;
#2325 = CARTESIAN_POINT ( 'NONE',  ( -1.401872040113584000, 18.13816930062011700, 112.7176753065628700 ) ) ;
#2326 = CARTESIAN_POINT ( 'NONE',  ( 58.15865425799412900, 0.0000000000000000000, 0.0000000000000000000 ) ) ;
#2327 = LINE ( 'NONE', #720, #3896 ) ;
#2328 = DIRECTION ( 'NONE',  ( 1.000000000000000000, 0.0000000000000000000, 0.0000000000000000000 ) ) ;
#2329 = EDGE_LOOP ( 'NONE', ( #1549, #805 ) ) ;
#2330 = ORIENTED_EDGE ( 'NONE', *, *, #2366, .F. ) ;
#2331 = APPROVAL_DATE_TIME ( #3162, #1065 ) ;
#2332 = ORIENTED_EDGE ( 'NONE', *, *, #288, .T. ) ;
#2333 = DIRECTION ( 'NONE',  ( 0.0000000000000000000, 0.0000000000000000000, -1.000000000000000000 ) ) ;
#2334 = CIRCLE ( 'NONE', #400, 16.05999999999999200 ) ;
#2335 = ORIENTED_EDGE ( 'NONE', *, *, #3725, .T. ) ;
#2336 = EDGE_CURVE ( 'NONE', #2217, #1331, #2971, .T. ) ;
#2337 = LOCAL_TIME ( 8, 11, 46.00000000000000000, #3170 ) ;
#2338 = ADVANCED_FACE ( 'NONE', ( #1200 ), #1312, .F. ) ;
#2339 = ORIENTED_EDGE ( 'NONE', *, *, #2657, .T. ) ;
#2340 = ORIENTED_EDGE ( 'NONE', *, *, #1052, .T. ) ;
#2341 = EDGE_LOOP ( 'NONE', ( #2581, #2765 ) ) ;
#2342 = VECTOR ( 'NONE', #1085, 1000.000000000000100 ) ;
#2343 = CARTESIAN_POINT ( 'NONE',  ( -4.771914104833821400, 18.13816930062013100, 108.7637919146846600 ) ) ;
#2344 = LINE ( 'NONE', #1387, #1417 ) ;
#2345 =( LENGTH_UNIT ( ) NAMED_UNIT ( * ) SI_UNIT ( .MILLI., .METRE. ) );
#2346 = AXIS2_PLACEMENT_3D ( 'NONE', #1971, #93, #2283 ) ;
#2347 = DIRECTION ( 'NONE',  ( 0.0000000000000000000, 0.0000000000000000000, 1.000000000000000000 ) ) ;
#2348 = CIRCLE ( 'NONE', #2141, 26.12499999999998600 ) ;
#2349 = AXIS2_PLACEMENT_3D ( 'NONE', #484, #2670, #1039 ) ;
#2350 = CARTESIAN_POINT ( 'NONE',  ( 32.68222071802590300, 56.47281340447282400, 17.68773067771506300 ) ) ;
#2351 = COORDINATED_UNIVERSAL_TIME_OFFSET ( 0, 0, .AHEAD. ) ;
#2352 = ADVANCED_FACE ( 'NONE', ( #2038 ), #1937, .T. ) ;
#2353 = CARTESIAN_POINT ( 'NONE',  ( 2.744978116465744300, 18.13816930062011300, 114.6476878187864700 ) ) ;
#2354 = CARTESIAN_POINT ( 'NONE',  ( -7.349530896974961500, 19.12768169400316500, 105.2578571231192700 ) ) ;
#2355 = DIRECTION ( 'NONE',  ( -1.000000000000000000, 0.0000000000000000000, -0.0000000000000000000 ) ) ;
#2356 = AXIS2_PLACEMENT_3D ( 'NONE', #3627, #1754, #3944 ) ;
#2357 = DIRECTION ( 'NONE',  ( 1.000000000000000000, 0.0000000000000000000, 0.0000000000000000000 ) ) ;
#2358 = VERTEX_POINT ( 'NONE', #1796 ) ;
#2359 = CARTESIAN_POINT ( 'NONE',  ( -18.81523910718671600, 55.96131408813828000, -86.69911626417898300 ) ) ;
#2360 = CARTESIAN_POINT ( 'NONE',  ( -22.20005111260406500, 2.381938024341600300E-015, -19.44999999999998500 ) ) ;
#2361 = DIRECTION ( 'NONE',  ( 0.9999506762177210500, 0.009932025559894197600, 0.0000000000000000000 ) ) ;
#2362 = PRODUCT_DEFINITION_FORMATION_WITH_SPECIFIED_SOURCE ( 'ANY', '', #1371, .NOT_KNOWN. ) ;
#2363 = CARTESIAN_POINT ( 'NONE',  ( -8.213105470103231600, 18.13816930062014200, 105.7630319403590100 ) ) ;
#2364 = CARTESIAN_POINT ( 'NONE',  ( -10.39290635277688500, 18.13816930062015900, 100.3202970967506600 ) ) ;
#2365 = CARTESIAN_POINT ( 'NONE',  ( 1.966782759430649000E-015, 22.04000000000000300, 0.0000000000000000000 ) ) ;
#2366 = EDGE_CURVE ( 'NONE', #1739, #1446, #2770, .T. ) ;
#2367 = AXIS2_PLACEMENT_3D ( 'NONE', #3880, #1061, #3238 ) ;
#2368 = CARTESIAN_POINT ( 'NONE',  ( 9.058385992382248700, 56.23816930062032800, -10.63226932228494800 ) ) ;
#2369 = AXIS2_PLACEMENT_3D ( 'NONE', #1822, #2459, #3690 ) ;
#2370 = CYLINDRICAL_SURFACE ( 'NONE', #537, 22.79500000000000200 ) ;
#2371 = DIRECTION ( 'NONE',  ( 3.456485132705968800E-015, 3.510492712904499400E-015, -1.000000000000000000 ) ) ;
#2372 = CARTESIAN_POINT ( 'NONE',  ( 9.058385992382248700, -17.43543385270768900, 95.66773067771492800 ) ) ;
#2373 = DIRECTION ( 'NONE',  ( 0.0000000000000000000, 0.0000000000000000000, -1.000000000000000000 ) ) ;
#2374 = ADVANCED_FACE ( 'NONE', ( #3602, #368 ), #2741, .T. ) ;
#2375 = VECTOR ( 'NONE', #2214, 1000.000000000000000 ) ;
#2376 = ORIENTED_EDGE ( 'NONE', *, *, #1995, .T. ) ;
#2377 = CIRCLE ( 'NONE', #1160, 27.87499999999998600 ) ;
#2378 = ORIENTED_EDGE ( 'NONE', *, *, #3592, .T. ) ;
#2379 = COORDINATED_UNIVERSAL_TIME_OFFSET ( 0, 0, .AHEAD. ) ;
#2380 = CARTESIAN_POINT ( 'NONE',  ( -10.45645734750622900, 18.13816930062019100, 91.22584618833829500 ) ) ;
#2381 = ORIENTED_EDGE ( 'NONE', *, *, #3718, .T. ) ;
#2382 = ORIENTED_EDGE ( 'NONE', *, *, #2408, .F. ) ;
#2383 = ORIENTED_EDGE ( 'NONE', *, *, #2178, .F. ) ;
#2384 = ORIENTED_EDGE ( 'NONE', *, *, #3359, .F. ) ;
#2385 = LINE ( 'NONE', #456, #2288 ) ;
#2386 = CARTESIAN_POINT ( 'NONE',  ( 11.15146119027421700, 19.13816930062011000, 115.5492822499632400 ) ) ;
#2387 = CARTESIAN_POINT ( 'NONE',  ( 9.058385992382248700, 56.23816930062032800, 26.06773067771504800 ) ) ;
#2388 = EDGE_CURVE ( 'NONE', #2780, #821, #3694, .T. ) ;
#2389 = EDGE_LOOP ( 'NONE', ( #1373, #1099, #1268, #2624 ) ) ;
#2390 = CIRCLE ( 'NONE', #2961, 18.99999999999999600 ) ;
#2391 = EDGE_CURVE ( 'NONE', #3502, #2724, #2672, .T. ) ;
#2392 = LINE ( 'NONE', #1242, #3228 ) ;
#2393 = CARTESIAN_POINT ( 'NONE',  ( -18.40819268389988400, 2.893228062985621000E-015, 23.62499999999999300 ) ) ;
#2394 = ADVANCED_FACE ( 'NONE', ( #3495, #1837 ), #3986, .T. ) ;
#2395 = CARTESIAN_POINT ( 'NONE',  ( 0.08438385103344305000, 18.13816930062025200, 77.75732516808443500 ) ) ;
#2396 = DIRECTION ( 'NONE',  ( 0.0000000000000000000, 0.0000000000000000000, -1.000000000000000000 ) ) ;
#2397 = EDGE_LOOP ( 'NONE', ( #3854, #1740, #2720, #78 ) ) ;
#2398 = ORGANIZATION ( 'NAUO-ORG2', 'UNSPECIFIED', 'UNSPECIFIED' ) ;
#2399 = DIRECTION ( 'NONE',  ( 0.0000000000000000000, 0.0000000000000000000, -1.000000000000000000 ) ) ;
#2400 = SECURITY_CLASSIFICATION ( '', '', #4035 ) ;
#2401 = DIRECTION ( 'NONE',  ( 0.0000000000000000000, 0.0000000000000000000, 1.000000000000000000 ) ) ;
#2402 = DIRECTION ( 'NONE',  ( 0.0000000000000000000, 0.0000000000000000000, 1.000000000000000000 ) ) ;
#2403 = PERSON_AND_ORGANIZATION ( #2705, #2437 ) ;
#2404 = ORIENTED_EDGE ( 'NONE', *, *, #1421, .T. ) ;
#2405 = CARTESIAN_POINT ( 'NONE',  ( 28.54764506013831500, 18.13816930062019500, 90.97307629785753100 ) ) ;
#2406 = CARTESIAN_POINT ( 'NONE',  ( 15.73955005628169000, 19.12166814906585100, 113.4860956922066700 ) ) ;
#2407 = AXIS2_PLACEMENT_3D ( 'NONE', #3632, #3640, #1429 ) ;
#2408 = EDGE_CURVE ( 'NONE', #2200, #1453, #3398, .T. ) ;
#2409 = DIRECTION ( 'NONE',  ( 0.0000000000000000000, -1.000000000000000000, -3.491481338843133400E-015 ) ) ;
#2410 = CARTESIAN_POINT ( 'NONE',  ( 9.058385992382248700, 18.13816930062031900, 57.56773067771505500 ) ) ;
#2411 = ADVANCED_FACE ( 'NONE', ( #164 ), #2575, .T. ) ;
#2412 = CC_DESIGN_PERSON_AND_ORGANIZATION_ASSIGNMENT ( #1566, #976, ( #1372 ) ) ;
#2413 = DIRECTION ( 'NONE',  ( -3.491481338843133400E-015, -3.491481338843133400E-015, 1.000000000000000000 ) ) ;
#2414 = CIRCLE ( 'NONE', #454, 18.99999999999999600 ) ;
#2415 = CARTESIAN_POINT ( 'NONE',  ( 28.06040158507569900, 18.13816930061960500, 95.82937801550538400 ) ) ;
#2416 = DIRECTION ( 'NONE',  ( 0.9999506762177210500, 0.009932025559894197600, 0.0000000000000000000 ) ) ;
#2417 = CARTESIAN_POINT ( 'NONE',  ( 9.058385992382248700, 56.23816930062032800, -10.13226932228496200 ) ) ;
#2418 = CARTESIAN_POINT ( 'NONE',  ( 26.63613775290848900, 19.12983081779384900, 102.8945152339056600 ) ) ;
#2419 = EDGE_LOOP ( 'NONE', ( #1195, #3758, #1892, #3112 ) ) ;
#2420 = VERTEX_POINT ( 'NONE', #2113 ) ;
#2421 = CIRCLE ( 'NONE', #3630, 26.12499999999998600 ) ;
#2422 = CARTESIAN_POINT ( 'NONE',  ( 27.73609180723964200, 18.13816930062020600, 88.49255632857691000 ) ) ;
#2423 = AXIS2_PLACEMENT_3D ( 'NONE', #3785, #1919, #44 ) ;
#2424 = AXIS2_PLACEMENT_3D ( 'NONE', #1317, #3815, #1587 ) ;
#2425 = CIRCLE ( 'NONE', #658, 2.500000000000000400 ) ;
#2426 = DIRECTION ( 'NONE',  ( 1.000000000000000000, -0.0000000000000000000, -0.0000000000000000000 ) ) ;
#2427 = ORIENTED_EDGE ( 'NONE', *, *, #2909, .F. ) ;
#2428 = DIRECTION ( 'NONE',  ( 1.000000000000000000, 0.0000000000000000000, 0.0000000000000000000 ) ) ;
#2429 = DIRECTION ( 'NONE',  ( 0.0000000000000000000, 0.0000000000000000000, -1.000000000000000000 ) ) ;
#2430 = APPROVAL_PERSON_ORGANIZATION ( #3260, #1065, #295 ) ;
#2431 = VERTEX_POINT ( 'NONE', #879 ) ;
#2432 = ORIENTED_EDGE ( 'NONE', *, *, #3153, .F. ) ;
#2433 = CONICAL_SURFACE ( 'NONE', #3416, 16.05999999999999900, 0.7853981633974552700 ) ;
#2434 = UNCERTAINTY_MEASURE_WITH_UNIT (LENGTH_MEASURE( 1.000000000000000100E-005 ), #1720, 'distance_accuracy_value', 'NONE');
#2435 = APPLICATION_CONTEXT ( 'configuration controlled 3d designs of mechanical parts and assemblies' ) ;
#2436 = ORIENTED_EDGE ( 'NONE', *, *, #3744, .T. ) ;
#2437 = ORGANIZATION ( 'UNSPECIFIED', 'UNSPECIFIED', '' ) ;
#2438 = ORIENTED_EDGE ( 'NONE', *, *, #520, .T. ) ;
#2439 = AXIS2_PLACEMENT_3D ( 'NONE', #81, #2267, #396 ) ;
#2440 = ORIENTED_EDGE ( 'NONE', *, *, #2258, .T. ) ;
#2441 = CARTESIAN_POINT ( 'NONE',  ( 27.86593681979575300, 19.13432892334256200, 98.62530580494969000 ) ) ;
#2442 = ADVANCED_FACE ( 'NONE', ( #71 ), #1000, .T. ) ;
#2443 = CARTESIAN_POINT ( 'NONE',  ( 8.318359188547226800, 19.19357764209747700, 76.61146365477968300 ) ) ;
#2444 = ORIENTED_EDGE ( 'NONE', *, *, #3837, .F. ) ;
#2445 = ORIENTED_EDGE ( 'NONE', *, *, #1672, .F. ) ;
#2446 = CIRCLE ( 'NONE', #3995, 19.09999999999999800 ) ;
#2447 = CARTESIAN_POINT ( 'NONE',  ( -17.90819268389989800, 0.0000000000000000000, 0.0000000000000000000 ) ) ;
#2448 = LINE ( 'NONE', #2652, #3079 ) ;
#2449 = CARTESIAN_POINT ( 'NONE',  ( -17.06532542380570300, 55.97869513286809000, -86.69911626417898300 ) ) ;
#2450 = CARTESIAN_POINT ( 'NONE',  ( 21.27884833883418400, 19.17185104874727500, 81.04741690416791800 ) ) ;
#2451 = EDGE_CURVE ( 'NONE', #854, #900, #897, .T. ) ;
#2452 = DATE_TIME_ROLE ( 'creation_date' ) ;
#2453 = LINE ( 'NONE', #1081, #869 ) ;
#2454 = EDGE_CURVE ( 'NONE', #964, #2600, #1743, .T. ) ;
#2455 = CARTESIAN_POINT ( 'NONE',  ( 27.06634536061647700, 18.13816930062014900, 104.3827649345991700 ) ) ;
#2456 = CARTESIAN_POINT ( 'NONE',  ( 14.11331595395234100, 18.13816930062024500, 76.27928038242934900 ) ) ;
#2457 = DATE_AND_TIME ( #3287, #52 ) ;
#2458 = DIRECTION ( 'NONE',  ( 0.0000000000000000000, 0.0000000000000000000, 1.000000000000000000 ) ) ;
#2459 = DIRECTION ( 'NONE',  ( -0.0000000000000000000, -0.0000000000000000000, 1.000000000000000000 ) ) ;
#2460 = CARTESIAN_POINT ( 'NONE',  ( -17.90819268389989800, 2.311520833390627500E-015, -18.29999999999999000 ) ) ;
#2461 = DIRECTION ( 'NONE',  ( 1.000000000000000000, -0.0000000000000000000, -0.0000000000000000000 ) ) ;
#2462 = ADVANCED_FACE ( 'NONE', ( #3307 ), #2481, .F. ) ;
#2463 = APPLICATION_CONTEXT ( 'configuration controlled 3d designs of mechanical parts and assemblies' ) ;
#2464 = CARTESIAN_POINT ( 'NONE',  ( 23.03233298814759400, 18.13816930062580500, 108.5658366221716200 ) ) ;
#2465 = CARTESIAN_POINT ( 'NONE',  ( 18.96398425751600700, 18.13816930062023800, 79.46684183688348900 ) ) ;
#2466 = AXIS2_PLACEMENT_3D ( 'NONE', #2386, #195, #2070 ) ;
#2467 = EDGE_CURVE ( 'NONE', #2491, #1409, #4048, .T. ) ;
#2468 = DIRECTION ( 'NONE',  ( -1.000000000000000000, -0.0000000000000000000, -0.0000000000000000000 ) ) ;
#2469 = DIRECTION ( 'NONE',  ( 0.0000000000000000000, 0.0000000000000000000, -1.000000000000000000 ) ) ;
#2470 = CARTESIAN_POINT ( 'NONE',  ( 7.844498594589985000, 19.12095759666140900, 114.6592723206341000 ) ) ;
#2471 = CARTESIAN_POINT ( 'NONE',  ( 58.15865425799412900, 3.206737643567343200E-015, 26.18499999999998800 ) ) ;
#2472 = CIRCLE ( 'NONE', #3765, 20.85000000000000100 ) ;
#2473 = APPROVAL_STATUS ( 'not_yet_approved' ) ;
#2474 = DIRECTION ( 'NONE',  ( 0.0000000000000000000, 0.0000000000000000000, -1.000000000000000000 ) ) ;
#2475 = CIRCLE ( 'NONE', #2900, 18.29999999999999000 ) ;
#2476 = CARTESIAN_POINT ( 'NONE',  ( 20.24911405635074100, 19.12326597297301200, 111.0260265950994900 ) ) ;
#2477 = ORIENTED_EDGE ( 'NONE', *, *, #3121, .F. ) ;
#2478 = ADVANCED_FACE ( 'NONE', ( #1640 ), #3947, .T. ) ;
#2479 = CARTESIAN_POINT ( 'NONE',  ( 22.86100713664744400, 19.16646208349914500, 82.52988315925593100 ) ) ;
#2480 = ORIENTED_EDGE ( 'NONE', *, *, #3436, .F. ) ;
#2481 = TOROIDAL_SURFACE ( 'NONE', #327, 38.10000000000000100, 16.05999999999999900 ) ;
#2482 = VERTEX_POINT ( 'NONE', #913 ) ;
#2483 = CC_DESIGN_PERSON_AND_ORGANIZATION_ASSIGNMENT ( #1204, #875, ( #1849 ) ) ;
#2484 = LOCAL_TIME ( 8, 11, 46.00000000000000000, #3311 ) ;
#2485 = ORIENTED_EDGE ( 'NONE', *, *, #340, .F. ) ;
#2486 = VERTEX_POINT ( 'NONE', #1238 ) ;
#2487 = CARTESIAN_POINT ( 'NONE',  ( -9.976244701767825500, 19.13879778416041000, 95.15844566125866800 ) ) ;
#2488 = CARTESIAN_POINT ( 'NONE',  ( 28.05838599238224500, 56.23816930062032800, 34.06773067771505500 ) ) ;
#2489 = DIRECTION ( 'NONE',  ( 3.491481338843133400E-015, 3.491481338843133400E-015, -1.000000000000000000 ) ) ;
#2490 = DIRECTION ( 'NONE',  ( -0.7071067811865425800, 8.659560562354995700E-017, -0.7071067811865525700 ) ) ;
#2491 = VERTEX_POINT ( 'NONE', #2488 ) ;
#2492 = EDGE_LOOP ( 'NONE', ( #1891, #1154 ) ) ;
#2493 = ORIENTED_EDGE ( 'NONE', *, *, #1258, .T. ) ;
#2494 = CONICAL_SURFACE ( 'NONE', #3702, 26.18499999999998800, 0.2094395102393202800 ) ;
#2495 = PERSON_AND_ORGANIZATION_ROLE ( 'creator' ) ;
#2496 = EDGE_LOOP ( 'NONE', ( #3271, #1841, #3868, #2871 ) ) ;
#2497 = ORIENTED_EDGE ( 'NONE', *, *, #968, .F. ) ;
#2498 = CARTESIAN_POINT ( 'NONE',  ( 13.76146720906574400, 18.13816930062011000, 115.1420776907257800 ) ) ;
#2499 = LINE ( 'NONE', #3836, #719 ) ;
#2500 = CARTESIAN_POINT ( 'NONE',  ( 25.98149876841716500, 18.13816930062021300, 84.97071386327390000 ) ) ;
#2501 = EDGE_CURVE ( 'NONE', #1008, #1739, #704, .T. ) ;
#2502 = CYLINDRICAL_SURFACE ( 'NONE', #2271, 22.79500000000000200 ) ;
#2503 = CC_DESIGN_PERSON_AND_ORGANIZATION_ASSIGNMENT ( #777, #15, ( #1863 ) ) ;
#2504 = CARTESIAN_POINT ( 'NONE',  ( -10.45645734758207400, 18.13816930062019500, 91.22584618831531600 ) ) ;
#2505 = ORIENTED_EDGE ( 'NONE', *, *, #2244, .T. ) ;
#2506 = DIRECTION ( 'NONE',  ( 0.0000000000000000000, -1.000000000000000000, -3.491481338843133400E-015 ) ) ;
#2507 = CARTESIAN_POINT ( 'NONE',  ( 2.326828918379971000E-015, 19.10000000000000500, 0.0000000000000000000 ) ) ;
#2508 = CARTESIAN_POINT ( 'NONE',  ( 16.25327496366071900, 18.13816930062011000, 114.3655799509014200 ) ) ;
#2509 = ORIENTED_EDGE ( 'NONE', *, *, #3143, .T. ) ;
#2510 = DIRECTION ( 'NONE',  ( -3.494407001967670000E-015, -3.494407001967670000E-015, 1.000000000000000000 ) ) ;
#2511 = COORDINATED_UNIVERSAL_TIME_OFFSET ( 0, 0, .AHEAD. ) ;
#2512 = APPROVAL_ROLE ( '' ) ;
#2513 = AXIS2_PLACEMENT_3D ( 'NONE', #547, #856, #3051 ) ;
#2514 = PERSON_AND_ORGANIZATION ( #2705, #2437 ) ;
#2515 = CARTESIAN_POINT ( 'NONE',  ( 26.66818661636806100, 18.13816930062019800, 88.54336244235618400 ) ) ;
#2516 = CARTESIAN_POINT ( 'NONE',  ( -8.296518544596507300, 18.13816930061907200, 87.92605256966379600 ) ) ;
#2517 = DIRECTION ( 'NONE',  ( 1.000000000000000000, -0.0000000000000000000, -0.0000000000000000000 ) ) ;
#2518 = CARTESIAN_POINT ( 'NONE',  ( -17.90819268389989800, 0.0000000000000000000, 0.0000000000000000000 ) ) ;
#2519 = DIRECTION ( 'NONE',  ( -1.000000000000000000, -0.0000000000000000000, -0.0000000000000000000 ) ) ;
#2520 = EDGE_CURVE ( 'NONE', #1763, #322, #796, .T. ) ;
#2521 = MECHANICAL_CONTEXT ( 'NONE', #2748, 'mechanical' ) ;
#2522 = DIRECTION ( 'NONE',  ( 0.0000000000000000000, -1.000000000000000000, -3.491481338843133400E-015 ) ) ;
#2523 = VECTOR ( 'NONE', #1675, 1000.000000000000000 ) ;
#2524 = EDGE_CURVE ( 'NONE', #3801, #3314, #1539, .T. ) ;
#2525 = CARTESIAN_POINT ( 'NONE',  ( -5.319729251527778800, 19.16431032129584000, 83.21123127955000600 ) ) ;
#2526 = CIRCLE ( 'NONE', #3003, 27.12499999999998900 ) ;
#2527 = DIRECTION ( 'NONE',  ( -1.745740669421565300E-015, -0.8660254037844405900, 0.4999999999999966100 ) ) ;
#2528 = CARTESIAN_POINT ( 'NONE',  ( 9.058385992382248700, -13.24183069937982200, 95.66773067771494300 ) ) ;
#2529 = CARTESIAN_POINT ( 'NONE',  ( -29.72930008502348500, 0.0000000000000000000, 0.0000000000000000000 ) ) ;
#2530 = DIRECTION ( 'NONE',  ( 0.0000000000000000000, 0.0000000000000000000, 1.000000000000000000 ) ) ;
#2531 = EDGE_CURVE ( 'NONE', #1308, #998, #2377, .T. ) ;
#2532 = CIRCLE ( 'NONE', #246, 22.79500000000000900 ) ;
#2533 = PERSON_AND_ORGANIZATION_ROLE ( 'classification_officer' ) ;
#2534 = VERTEX_POINT ( 'NONE', #1865 ) ;
#2535 = COORDINATED_UNIVERSAL_TIME_OFFSET ( 0, 0, .AHEAD. ) ;
#2536 = ORIENTED_EDGE ( 'NONE', *, *, #2027, .F. ) ;
#2537 = CARTESIAN_POINT ( 'NONE',  ( 1.966782759430649000E-015, -7.695224870810266700E-014, 22.04000000000000300 ) ) ;
#2538 = EDGE_LOOP ( 'NONE', ( #804, #1916, #1830, #1996 ) ) ;
#2539 = CYLINDRICAL_SURFACE ( 'NONE', #4056, 23.62499999999999300 ) ;
#2540 = ORIENTED_EDGE ( 'NONE', *, *, #3070, .T. ) ;
#2541 = ORIENTED_EDGE ( 'NONE', *, *, #1076, .F. ) ;
#2542 = APPROVAL ( #1243, 'UNSPECIFIED' ) ;
#2543 = EDGE_LOOP ( 'NONE', ( #666, #2183 ) ) ;
#2544 = ORIENTED_EDGE ( 'NONE', *, *, #1369, .T. ) ;
#2545 = CARTESIAN_POINT ( 'NONE',  ( -1.643272795768309100, 18.13816930062023800, 78.69733685182052300 ) ) ;
#2546 = DIRECTION ( 'NONE',  ( 0.0000000000000000000, 0.0000000000000000000, -1.000000000000000000 ) ) ;
#2547 = FACE_OUTER_BOUND ( 'NONE', #518, .T. ) ;
#2548 = DIRECTION ( 'NONE',  ( 0.0000000000000000000, 0.0000000000000000000, -1.000000000000000000 ) ) ;
#2549 = DIRECTION ( 'NONE',  ( -1.000000000000000000, -0.0000000000000000000, -0.0000000000000000000 ) ) ;
#2550 = APPROVAL_STATUS ( 'not_yet_approved' ) ;
#2551 = CYLINDRICAL_SURFACE ( 'NONE', #1990, 27.87499999999998600 ) ;
#2552 = AXIS2_PLACEMENT_3D ( 'NONE', #724, #2918, #1040 ) ;
#2553 = DIRECTION ( 'NONE',  ( 0.0000000000000000000, 0.0000000000000000000, -1.000000000000000000 ) ) ;
#2554 = CONICAL_SURFACE ( 'NONE', #3683, 23.62500000000000000, 0.7853981633974657100 ) ;
#2555 = EDGE_CURVE ( 'NONE', #1537, #2184, #2276, .T. ) ;
#2556 = APPROVAL_PERSON_ORGANIZATION ( #3373, #239, #2870 ) ;
#2557 = CARTESIAN_POINT ( 'NONE',  ( 2.850364783314075700, 18.13816930062024100, 77.72731588901989100 ) ) ;
#2558 = DIRECTION ( 'NONE',  ( -3.511882195144949800E-015, -3.511882195144949800E-015, 1.000000000000000000 ) ) ;
#2559 = PERSON_AND_ORGANIZATION ( #2705, #2437 ) ;
#2560 = CARTESIAN_POINT ( 'NONE',  ( 0.0000000000000000000, 38.10000000000000100, -26.00000000000000000 ) ) ;
#2561 = SECURITY_CLASSIFICATION_LEVEL ( 'unclassified' ) ;
#2562 = AXIS2_PLACEMENT_3D ( 'NONE', #2915, #1034, #3232 ) ;
#2563 = AXIS2_PLACEMENT_3D ( 'NONE', #224, #2413, #541 ) ;
#2564 = CARTESIAN_POINT ( 'NONE',  ( -5.004355453736338600, 19.16546620510805400, 82.85628004966945100 ) ) ;
#2565 = CARTESIAN_POINT ( 'NONE',  ( -17.72930008502348500, 20.85000000000000100, 0.0000000000000000000 ) ) ;
#2566 = AXIS2_PLACEMENT_3D ( 'NONE', #502, #2698, #814 ) ;
#2567 = CIRCLE ( 'NONE', #3136, 20.84999999999999400 ) ;
#2568 = DIRECTION ( 'NONE',  ( 0.0000000000000000000, 0.0000000000000000000, 1.000000000000000000 ) ) ;
#2569 = APPROVAL ( #933, 'UNSPECIFIED' ) ;
#2570 = CIRCLE ( 'NONE', #1847, 27.87499999999998600 ) ;
#2571 = ORIENTED_EDGE ( 'NONE', *, *, #3507, .T. ) ;
#2572 = ORIENTED_EDGE ( 'NONE', *, *, #2965, .F. ) ;
#2573 = DIRECTION ( 'NONE',  ( 0.0000000000000000000, 0.0000000000000000000, -1.000000000000000000 ) ) ;
#2574 = DIRECTION ( 'NONE',  ( 1.000000000000000000, 0.0000000000000000000, 0.0000000000000000000 ) ) ;
#2575 = TOROIDAL_SURFACE ( 'NONE', #3544, 7.124999999999985800, 20.00000000000000000 ) ;
#2576 = DIRECTION ( 'NONE',  ( -1.000000000000000000, 0.0000000000000000000, 0.0000000000000000000 ) ) ;
#2577 = CARTESIAN_POINT ( 'NONE',  ( 20.33677560660196100, 19.17484949019200300, 80.30568855688281400 ) ) ;
#2578 = ORIENTED_EDGE ( 'NONE', *, *, #3515, .F. ) ;
#2579 = APPROVAL_DATE_TIME ( #3402, #3526 ) ;
#2580 = CARTESIAN_POINT ( 'NONE',  ( 7.069823739491338800, 19.19278306278409500, 76.74310073883368900 ) ) ;
#2581 = ORIENTED_EDGE ( 'NONE', *, *, #2837, .F. ) ;
#2582 = CARTESIAN_POINT ( 'NONE',  ( -18.06527610002342500, 55.96876310730819200, -86.69911626417898300 ) ) ;
#2583 = EDGE_CURVE ( 'NONE', #3314, #3801, #3110, .T. ) ;
#2584 = ORIENTED_EDGE ( 'NONE', *, *, #1736, .F. ) ;
#2585 = AXIS2_PLACEMENT_3D ( 'NONE', #2599, #1676, #100 ) ;
#2586 = ORIENTED_EDGE ( 'NONE', *, *, #3146, .F. ) ;
#2587 = AXIS2_PLACEMENT_3D ( 'NONE', #1530, #3721, #1853 ) ;
#2588 = ORIENTED_EDGE ( 'NONE', *, *, #2408, .T. ) ;
#2589 = CYLINDRICAL_SURFACE ( 'NONE', #60, 20.85000000000000100 ) ;
#2590 = CIRCLE ( 'NONE', #1289, 24.12500000000000400 ) ;
#2591 = DIRECTION ( 'NONE',  ( -1.000000000000000000, -0.0000000000000000000, -0.0000000000000000000 ) ) ;
#2592 = CARTESIAN_POINT ( 'NONE',  ( -53.30290323835134800, 0.0000000000000000000, 0.0000000000000000000 ) ) ;
#2593 = DIRECTION ( 'NONE',  ( -0.9999506762177209400, -0.009932025559894211400, 0.0000000000000000000 ) ) ;
#2594 = CARTESIAN_POINT ( 'NONE',  ( 25.99568821042137000, 18.13816930062022000, 84.99328047781375500 ) ) ;
#2595 = DIRECTION ( 'NONE',  ( -0.0000000000000000000, 0.0000000000000000000, -1.000000000000000000 ) ) ;
#2596 = FACE_OUTER_BOUND ( 'NONE', #2419, .T. ) ;
#2597 = CARTESIAN_POINT ( 'NONE',  ( -54.60819268389989400, 3.413702952623245400E-015, 27.87499999999998600 ) ) ;
#2598 = DIRECTION ( 'NONE',  ( 1.000000000000000000, -0.0000000000000000000, -0.0000000000000000000 ) ) ;
#2599 = CARTESIAN_POINT ( 'NONE',  ( 9.058385992382248700, -17.43543385270768900, 95.66773067771492800 ) ) ;
#2600 = VERTEX_POINT ( 'NONE', #3139 ) ;
#2601 = CARTESIAN_POINT ( 'NONE',  ( 26.30358497366170000, 18.13816930062020200, 87.68535184139594200 ) ) ;
#2602 = EDGE_CURVE ( 'NONE', #3172, #849, #3845, .T. ) ;
#2603 = COORDINATED_UNIVERSAL_TIME_OFFSET ( 0, 0, .AHEAD. ) ;
#2604 = EDGE_CURVE ( 'NONE', #1839, #699, #1441, .T. ) ;
#2605 = PLANE ( 'NONE',  #3978 ) ;
#2606 = DIRECTION ( 'NONE',  ( -1.000000000000000000, 0.0000000000000000000, 0.0000000000000000000 ) ) ;
#2607 = CC_DESIGN_PERSON_AND_ORGANIZATION_ASSIGNMENT ( #3748, #2153, ( #2400 ) ) ;
#2608 = SHAPE_REPRESENTATION ( 'Part2^PL-24-90-WF', ( #870 ), #1508 ) ;
#2609 = DIRECTION ( 'NONE',  ( 0.0000000000000000000, 0.0000000000000000000, -1.000000000000000000 ) ) ;
#2610 = CONICAL_SURFACE ( 'NONE', #3050, 26.12499999999998600, 0.7853981633974621600 ) ;
#2611 = CARTESIAN_POINT ( 'NONE',  ( 8.513882438461081400, 18.13816930062010600, 115.6943682722023500 ) ) ;
#2612 = DIRECTION ( 'NONE',  ( -1.000000000000000000, 0.0000000000000000000, 0.0000000000000000000 ) ) ;
#2613 = DIRECTION ( 'NONE',  ( -0.0000000000000000000, 0.0000000000000000000, -1.000000000000000000 ) ) ;
#2614 = DIRECTION ( 'NONE',  ( -1.000000000000000000, -0.0000000000000000000, -0.0000000000000000000 ) ) ;
#2615 = AXIS2_PLACEMENT_3D ( 'NONE', #148, #2034, #3917 ) ;
#2616 = FACE_OUTER_BOUND ( 'NONE', #3560, .T. ) ;
#2617 = DIRECTION ( 'NONE',  ( 0.0000000000000000000, -1.000000000000000000, -3.491481338843133400E-015 ) ) ;
#2618 = EDGE_CURVE ( 'NONE', #2681, #1305, #3009, .T. ) ;
#2619 = FACE_OUTER_BOUND ( 'NONE', #429, .T. ) ;
#2620 = PERSON ( 'NAUO-PER4', 'UNSPECIFIED', 'UNSPECIFIED', ('UNSPECIFIED'), ('UNSPECIFIED'), ('UNSPECIFIED') ) ;
#2621 = ORIENTED_EDGE ( 'NONE', *, *, #3430, .T. ) ;
#2622 = LOCAL_TIME ( 8, 11, 46.00000000000000000, #3450 ) ;
#2623 = ORIENTED_EDGE ( 'NONE', *, *, #204, .F. ) ;
#2624 = ORIENTED_EDGE ( 'NONE', *, *, #347, .F. ) ;
#2625 = SECURITY_CLASSIFICATION ( '', '', #3478 ) ;
#2626 = VECTOR ( 'NONE', #3652, 1000.000000000000000 ) ;
#2627 = CARTESIAN_POINT ( 'NONE',  ( -60.10819268389990100, 0.0000000000000000000, -26.12499999999998600 ) ) ;
#2628 = VERTEX_POINT ( 'NONE', #29 ) ;
#2629 = ORIENTED_EDGE ( 'NONE', *, *, #1777, .T. ) ;
#2630 = CARTESIAN_POINT ( 'NONE',  ( 2.460207043809098200, 18.13816930062010600, 113.5048156157547900 ) ) ;
#2631 = CARTESIAN_POINT ( 'NONE',  ( -40.35930008502347700, 0.0000000000000000000, 0.0000000000000000000 ) ) ;
#2632 = CARTESIAN_POINT ( 'NONE',  ( 25.81272923805763500, 19.15471629916062900, 86.60969205552500200 ) ) ;
#2633 = ORIENTED_EDGE ( 'NONE', *, *, #2336, .T. ) ;
#2634 = CARTESIAN_POINT ( 'NONE',  ( -18.81523910718671600, 55.96131408813828000, 28.56773067771505100 ) ) ;
#2635 = AXIS2_PLACEMENT_3D ( 'NONE', #650, #1907, #1251 ) ;
#2636 = FACE_OUTER_BOUND ( 'NONE', #1600, .T. ) ;
#2637 = AXIS2_PLACEMENT_3D ( 'NONE', #2565, #3828, #1952 ) ;
#2638 = DIRECTION ( 'NONE',  ( -0.9999506762177210500, -0.009932025559894173300, 0.0000000000000000000 ) ) ;
#2639 = CARTESIAN_POINT ( 'NONE',  ( -54.60819268389989400, 0.0000000000000000000, -27.87499999999998600 ) ) ;
#2640 = FACE_OUTER_BOUND ( 'NONE', #3400, .T. ) ;
#2641 = CIRCLE ( 'NONE', #49, 16.05999999999999900 ) ;
#2642 = ADVANCED_FACE ( 'NONE', ( #1352 ), #2079, .F. ) ;
#2643 = CARTESIAN_POINT ( 'NONE',  ( -0.8788591384559749600, 19.12270432983447300, 111.8648650267214000 ) ) ;
#2644 = DIRECTION ( 'NONE',  ( -1.000000000000000000, 0.0000000000000000000, 0.0000000000000000000 ) ) ;
#2645 = AXIS2_PLACEMENT_3D ( 'NONE', #2902, #1025, #3222 ) ;
#2646 = CALENDAR_DATE ( 2017, 28, 6 ) ;
#2647 = DIRECTION ( 'NONE',  ( 0.0000000000000000000, 0.0000000000000000000, -1.000000000000000000 ) ) ;
#2648 =( LENGTH_UNIT ( ) NAMED_UNIT ( * ) SI_UNIT ( .MILLI., .METRE. ) );
#2649 = PERSON_AND_ORGANIZATION ( #2705, #2437 ) ;
#2650 = CARTESIAN_POINT ( 'NONE',  ( 9.058385992382248700, 18.13816930062017700, 95.66773067771505600 ) ) ;
#2651 = CARTESIAN_POINT ( 'NONE',  ( 9.058385992382302000, -4.491830699379757000, 79.60773067771498300 ) ) ;
#2652 = CARTESIAN_POINT ( 'NONE',  ( 16.05999999999999900, 38.10000000000000100, -26.00000000000000000 ) ) ;
#2653 = EDGE_CURVE ( 'NONE', #998, #1308, #2917, .T. ) ;
#2654 = CARTESIAN_POINT ( 'NONE',  ( -49.10930008502348400, 23.11499999999999800, 0.0000000000000000000 ) ) ;
#2655 = CARTESIAN_POINT ( 'NONE',  ( -6.739162076405184700, 18.13816930062013500, 107.9404046961363100 ) ) ;
#2656 = PLANE ( 'NONE',  #1933 ) ;
#2657 = EDGE_CURVE ( 'NONE', #1411, #3172, #608, .T. ) ;
#2658 = AXIS2_PLACEMENT_3D ( 'NONE', #3273, #2022, #3901 ) ;
#2659 =( NAMED_UNIT ( * ) SI_UNIT ( $, .STERADIAN. ) SOLID_ANGLE_UNIT ( ) );
#2660 = DIRECTION ( 'NONE',  ( 1.000000000000000000, -0.0000000000000000000, -0.0000000000000000000 ) ) ;
#2661 = DIRECTION ( 'NONE',  ( 0.0000000000000000000, 0.0000000000000000000, 1.000000000000000000 ) ) ;
#2662 = ADVANCED_FACE ( 'NONE', ( #3647 ), #1985, .T. ) ;
#2663 = FACE_OUTER_BOUND ( 'NONE', #3556, .T. ) ;
#2664 = DIRECTION ( 'NONE',  ( 0.0000000000000000000, 1.000000000000000000, 1.224646799147353200E-016 ) ) ;
#2665 = CARTESIAN_POINT ( 'NONE',  ( 0.9038206369591219600, 18.13816930062010600, 113.9327071793384800 ) ) ;
#2666 = CARTESIAN_POINT ( 'NONE',  ( -8.247507477356190700, 18.13816930062014500, 103.6193875433225500 ) ) ;
#2667 = VECTOR ( 'NONE', #935, 1000.000000000000000 ) ;
#2668 = VERTEX_POINT ( 'NONE', #2862 ) ;
#2669 = ORIENTED_EDGE ( 'NONE', *, *, #911, .F. ) ;
#2670 = DIRECTION ( 'NONE',  ( 0.9999506762177211600, 0.009932025559894090000, 0.0000000000000000000 ) ) ;
#2671 = AXIS2_PLACEMENT_3D ( 'NONE', #2710, #487, #1147 ) ;
#2672 = CIRCLE ( 'NONE', #1664, 16.05999999999999200 ) ;
#2673 = DIRECTION ( 'NONE',  ( 0.0000000000000000000, 0.0000000000000000000, 1.000000000000000000 ) ) ;
#2674 = ORIENTED_EDGE ( 'NONE', *, *, #3592, .F. ) ;
#2675 = DIRECTION ( 'NONE',  ( 0.0000000000000000000, 0.0000000000000000000, 1.000000000000000000 ) ) ;
#2676 = CARTESIAN_POINT ( 'NONE',  ( -41.35930008502347700, 0.0000000000000000000, 22.79500000000000200 ) ) ;
#2677 = EDGE_CURVE ( 'NONE', #1300, #4004, #2821, .T. ) ;
#2678 = APPROVAL_PERSON_ORGANIZATION ( #3499, #3526, #1824 ) ;
#2679 = VERTEX_POINT ( 'NONE', #2234 ) ;
#2680 = ORIENTED_EDGE ( 'NONE', *, *, #989, .F. ) ;
#2681 = VERTEX_POINT ( 'NONE', #1618 ) ;
#2682 = ORIENTED_EDGE ( 'NONE', *, *, #542, .F. ) ;
#2683 = CIRCLE ( 'NONE', #3290, 20.00000000000000000 ) ;
#2684 = ADVANCED_FACE ( 'NONE', ( #412 ), #1053, .T. ) ;
#2685 = CARTESIAN_POINT ( 'NONE',  ( -9.655054710281351800, 18.13816930062015600, 102.8342504672390600 ) ) ;
#2686 = VERTEX_POINT ( 'NONE', #367 ) ;
#2687 = CARTESIAN_POINT ( 'NONE',  ( -9.420341735570945100, 19.13271341237841500, 100.0871479510625600 ) ) ;
#2688 = DIRECTION ( 'NONE',  ( 1.000000000000000000, -0.0000000000000000000, -0.0000000000000000000 ) ) ;
#2689 = LINE ( 'NONE', #2948, #3618 ) ;
#2690 = LINE ( 'NONE', #3475, #3518 ) ;
#2691 = CC_DESIGN_PERSON_AND_ORGANIZATION_ASSIGNMENT ( #371, #3075, ( #1849 ) ) ;
#2692 = DIRECTION ( 'NONE',  ( -0.0000000000000000000, -0.0000000000000000000, -1.000000000000000000 ) ) ;
#2693 = CARTESIAN_POINT ( 'NONE',  ( -17.90819268389989800, 0.0000000000000000000, 0.0000000000000000000 ) ) ;
#2694 = ORIENTED_EDGE ( 'NONE', *, *, #3286, .T. ) ;
#2695 = PERSON_AND_ORGANIZATION ( #2939, #3525 ) ;
#2696 = CARTESIAN_POINT ( 'NONE',  ( 9.058385992382191900, 18.13816930062012000, 111.7277306777150400 ) ) ;
#2697 = CARTESIAN_POINT ( 'NONE',  ( -9.716179762473565500, 18.13816930062020600, 88.72753231678257200 ) ) ;
#2698 = DIRECTION ( 'NONE',  ( -0.0000000000000000000, -0.0000000000000000000, 1.000000000000000000 ) ) ;
#2699 = AXIS2_PLACEMENT_3D ( 'NONE', #580, #2461, #258 ) ;
#2700 = DATE_AND_TIME ( #465, #1307 ) ;
#2701 = EDGE_CURVE ( 'NONE', #1938, #2707, #1887, .T. ) ;
#2702 = CARTESIAN_POINT ( 'NONE',  ( 58.15865425799412900, 0.0000000000000000000, 0.0000000000000000000 ) ) ;
#2703 = ADVANCED_FACE ( 'NONE', ( #2715 ), #213, .T. ) ;
#2704 = CC_DESIGN_PERSON_AND_ORGANIZATION_ASSIGNMENT ( #4027, #2212, ( #1863 ) ) ;
#2705 = PERSON ( 'UNSPECIFIED', 'UNSPECIFIED', 'UNSPECIFIED', ('UNSPECIFIED'), ('UNSPECIFIED'), ('UNSPECIFIED') ) ;
#2706 = CARTESIAN_POINT ( 'NONE',  ( 1.891742701808638300, 18.13816930062024800, 76.95854806423348300 ) ) ;
#2707 = VERTEX_POINT ( 'NONE', #1946 ) ;
#2708 = FACE_OUTER_BOUND ( 'NONE', #3782, .T. ) ;
#2709 = DIRECTION ( 'NONE',  ( 1.000000000000000000, -0.0000000000000000000, -0.0000000000000000000 ) ) ;
#2710 = CARTESIAN_POINT ( 'NONE',  ( 9.058385992382248700, 56.23816930062032800, -86.69911626417898300 ) ) ;
#2711 = CARTESIAN_POINT ( 'NONE',  ( 9.058385992382165200, -13.24183069937990400, 119.3777306777149500 ) ) ;
#2712 = FACE_OUTER_BOUND ( 'NONE', #3554, .T. ) ;
#2713 = EDGE_LOOP ( 'NONE', ( #124, #1998 ) ) ;
#2714 = EDGE_CURVE ( 'NONE', #1411, #418, #3745, .T. ) ;
#2715 = FACE_OUTER_BOUND ( 'NONE', #2924, .T. ) ;
#2716 = CARTESIAN_POINT ( 'NONE',  ( 27.57318210653428300, 19.14508363468418800, 91.20696003931743700 ) ) ;
#2717 = ORIENTED_EDGE ( 'NONE', *, *, #1329, .F. ) ;
#2718 = APPROVAL_DATE_TIME ( #3549, #3030 ) ;
#2719 = ADVANCED_FACE ( 'NONE', ( #3547 ), #1783, .T. ) ;
#2720 = ORIENTED_EDGE ( 'NONE', *, *, #1110, .T. ) ;
#2721 = CARTESIAN_POINT ( 'NONE',  ( 18.44197377310091900, 19.12249130905565800, 112.1909478494788500 ) ) ;
#2722 = VERTEX_POINT ( 'NONE', #1638 ) ;
#2723 = CYLINDRICAL_SURFACE ( 'NONE', #3001, 27.12499999999998600 ) ;
#2724 = VERTEX_POINT ( 'NONE', #3834 ) ;
#2725 = ORIENTED_EDGE ( 'NONE', *, *, #763, .T. ) ;
#2726 = CARTESIAN_POINT ( 'NONE',  ( 58.15865425799412900, 0.0000000000000000000, 0.0000000000000000000 ) ) ;
#2727 = CARTESIAN_POINT ( 'NONE',  ( 9.058385992382248700, 56.23816930062032800, -86.69911626417898300 ) ) ;
#2728 = CARTESIAN_POINT ( 'NONE',  ( 9.058385992382248700, 56.23816930062032800, 34.06773067771505500 ) ) ;
#2729 = EDGE_CURVE ( 'NONE', #2972, #121, #320, .T. ) ;
#2730 = VERTEX_POINT ( 'NONE', #62 ) ;
#2731 = CIRCLE ( 'NONE', #1418, 16.05999999999999900 ) ;
#2732 = CARTESIAN_POINT ( 'NONE',  ( 0.0000000000000000000, 0.0000000000000000000, 0.0000000000000000000 ) ) ;
#2733 = EDGE_CURVE ( 'NONE', #2085, #3498, #1144, .T. ) ;
#2734 = CARTESIAN_POINT ( 'NONE',  ( 29.05446239320187400, 18.13816930062017400, 96.16952040690593200 ) ) ;
#2735 = CIRCLE ( 'NONE', #308, 54.15999999999998900 ) ;
#2736 = DIRECTION ( 'NONE',  ( -0.9999506762177209400, -0.009932025559893975500, 0.0000000000000000000 ) ) ;
#2737 = CARTESIAN_POINT ( 'NONE',  ( 27.44048211207370600, 19.13211559632949100, 100.6120414431027100 ) ) ;
#2738 = VERTEX_POINT ( 'NONE', #1962 ) ;
#2739 = FACE_OUTER_BOUND ( 'NONE', #1643, .T. ) ;
#2740 = LOCAL_TIME ( 8, 11, 46.00000000000000000, #3575 ) ;
#2741 = PLANE ( 'NONE',  #2513 ) ;
#2742 = CC_DESIGN_APPROVAL ( #2542, ( #1905 ) ) ;
#2743 = DIRECTION ( 'NONE',  ( -0.0000000000000000000, -0.0000000000000000000, 1.000000000000000000 ) ) ;
#2744 = CARTESIAN_POINT ( 'NONE',  ( -17.90819268389989100, 0.0000000000000000000, 0.0000000000000000000 ) ) ;
#2745 = ADVANCED_FACE ( 'NONE', ( #3347 ), #1690, .F. ) ;
#2746 = COORDINATED_UNIVERSAL_TIME_OFFSET ( 0, 0, .AHEAD. ) ;
#2747 = B_SPLINE_CURVE_WITH_KNOTS ( 'NONE', 3,
 ( #1191, #3853, #1229, #2139, #3726, #3830, #962, #2899, #1349, #3792, #1869, #2908, #3539, #2287, #723, #3516, #1947, #2895, #1673, #2594, #1038, #63, #232, #2422, #3090, #2146, #1821, #2104, #345, #673, #3196, #2241, #3171, #3789, #1879, #1256, #1390, #2021, #296, #3728, #932, #306, #3130, #1255, #2812, #3434, #2177, #2508, #1564, #1967, #1338, #443, #552 ),
 .UNSPECIFIED., .F., .F.,
 ( 4, 2, 2, 2, 2, 2, 2, 2, 2, 2, 1, 2, 2, 2, 2, 2, 2, 2, 2, 2, 2, 2, 2, 2, 2, 2, 4 ),
 ( 0.1238909829668968400, 0.1278264301766566200, 0.1297941537815365300, 0.1317618773864164300, 0.1356973245961762000, 0.1376650482010560700, 0.1396327718059359700, 0.1435682190156957700, 0.1445520808181357300, 0.1455359426205757000, 0.1475036662254555800, 0.1494713898303354800, 0.1504552516327754000, 0.1514391134352153500, 0.1553745606449751800, 0.1573422842498550800, 0.1593100078547349800, 0.1632454550644948100, 0.1652131786693747100, 0.1671809022742546400, 0.1711163494840144400, 0.1750517966937742700, 0.1770195202986542000, 0.1789872439035341000, 0.1829226911132939000, 0.1848904147181738300, 0.1868581383230537300 ),
 .UNSPECIFIED. ) ;
#2748 = APPLICATION_CONTEXT ( 'configuration controlled 3d designs of mechanical parts and assemblies' ) ;
#2749 = CARTESIAN_POINT ( 'NONE',  ( 27.63881440841176100, 18.13816930061788600, 99.84137013149225500 ) ) ;
#2750 = CARTESIAN_POINT ( 'NONE',  ( 9.557025002116983400, 18.13816930062024800, 76.66345538414725500 ) ) ;
#2751 = AXIS2_PLACEMENT_3D ( 'NONE', #692, #2613, #735 ) ;
#2752 = EDGE_CURVE ( 'NONE', #1402, #971, #2532, .T. ) ;
#2753 = DIRECTION ( 'NONE',  ( 0.0000000000000000000, 0.0000000000000000000, -1.000000000000000000 ) ) ;
#2754 = CARTESIAN_POINT ( 'NONE',  ( 32.68222071802590300, 56.47281340447282400, -10.13226932228496200 ) ) ;
#2755 = DIRECTION ( 'NONE',  ( 0.0000000000000000000, 0.0000000000000000000, -1.000000000000000000 ) ) ;
#2756 = APPROVAL_ROLE ( '' ) ;
#2757 = CARTESIAN_POINT ( 'NONE',  ( 26.16594739222594500, 19.12884605279208500, 103.9465789573430400 ) ) ;
#2758 = ADVANCED_FACE ( 'NONE', ( #2619 ), #3257, .T. ) ;
#2759 = CARTESIAN_POINT ( 'NONE',  ( 13.86056945589853800, 19.18982316239463900, 77.24598901568208500 ) ) ;
#2760 = CYLINDRICAL_SURFACE ( 'NONE', #2078, 23.62500000000000000 ) ;
#2761 = AXIS2_PLACEMENT_3D ( 'NONE', #104, #2300, #421 ) ;
#2762 = AXIS2_PLACEMENT_3D ( 'NONE', #2732, #841, #3044 ) ;
#2763 = CYLINDRICAL_SURFACE ( 'NONE', #586, 26.12499999999998600 ) ;
#2764 = CARTESIAN_POINT ( 'NONE',  ( 0.0000000000000000000, 0.0000000000000000000, 0.0000000000000000000 ) ) ;
#2765 = ORIENTED_EDGE ( 'NONE', *, *, #3302, .F. ) ;
#2766 = CARTESIAN_POINT ( 'NONE',  ( 9.058385992382248700, -5.491830699379813800, 95.66773067771497100 ) ) ;
#2767 = CARTESIAN_POINT ( 'NONE',  ( -7.001614007617750000, 56.23816930062032800, 57.56773067771505500 ) ) ;
#2768 = DIRECTION ( 'NONE',  ( -1.000000000000000000, -0.0000000000000000000, -0.0000000000000000000 ) ) ;
#2769 = ORIENTED_EDGE ( 'NONE', *, *, #2815, .T. ) ;
#2770 = LINE ( 'NONE', #3670, #1101 ) ;
#2771 = APPROVAL_STATUS ( 'not_yet_approved' ) ;
#2772 = ORIENTED_EDGE ( 'NONE', *, *, #703, .T. ) ;
#2773 = COORDINATED_UNIVERSAL_TIME_OFFSET ( 0, 0, .AHEAD. ) ;
#2774 = ORIENTED_EDGE ( 'NONE', *, *, #2729, .F. ) ;
#2775 = AXIS2_PLACEMENT_3D ( 'NONE', #3325, #1447, #3635 ) ;
#2776 = ORIENTED_EDGE ( 'NONE', *, *, #1551, .F. ) ;
#2777 = CARTESIAN_POINT ( 'NONE',  ( 22.84036604140001000, 18.13816930062012700, 110.1662837886332100 ) ) ;
#2778 = CARTESIAN_POINT ( 'NONE',  ( 20.60996780983906300, 18.13816930062023800, 79.30475295122049300 ) ) ;
#2779 = ORIENTED_EDGE ( 'NONE', *, *, #3534, .F. ) ;
#2780 = VERTEX_POINT ( 'NONE', #3537 ) ;
#2781 = FACE_OUTER_BOUND ( 'NONE', #464, .T. ) ;
#2782 = CC_DESIGN_APPROVAL ( #2569, ( #2362 ) ) ;
#2783 = CARTESIAN_POINT ( 'NONE',  ( -10.66593751604859900, 18.13816930062016700, 99.02981219342899500 ) ) ;
#2784 = CARTESIAN_POINT ( 'NONE',  ( 9.058385992382248700, 18.13816930062031900, 57.56773067771505500 ) ) ;
#2785 = CIRCLE ( 'NONE', #3879, 23.62500000000000000 ) ;
#2786 = CARTESIAN_POINT ( 'NONE',  ( -53.30290323835134800, 0.0000000000000000000, 0.0000000000000000000 ) ) ;
#2787 = CARTESIAN_POINT ( 'NONE',  ( 4.887092510715480600, 19.12122931893892600, 114.2053170463192500 ) ) ;
#2788 = DIRECTION ( 'NONE',  ( 0.0000000000000000000, -1.000000000000000000, -3.491481338843133400E-015 ) ) ;
#2789 = ADVANCED_FACE ( 'NONE', ( #22 ), #3594, .F. ) ;
#2790 = APPLICATION_PROTOCOL_DEFINITION ( 'international standard', 'config_control_design', 1994, #2435 ) ;
#2791 = FACE_OUTER_BOUND ( 'NONE', #1435, .T. ) ;
#2792 = EDGE_CURVE ( 'NONE', #2722, #2707, #2425, .T. ) ;
#2793 = CARTESIAN_POINT ( 'NONE',  ( 19.22605606197601700, 18.13816930062012000, 111.7392978962912900 ) ) ;
#2794 = AXIS2_PLACEMENT_3D ( 'NONE', #2298, #2474, #1054 ) ;
#2795 = CARTESIAN_POINT ( 'NONE',  ( 23.84039712248141600, 18.13816930062022300, 83.74665057017729500 ) ) ;
#2796 = VERTEX_POINT ( 'NONE', #3193 ) ;
#2797 = AXIS2_PLACEMENT_3D ( 'NONE', #1831, #1519, #4034 ) ;
#2798 = LOCAL_TIME ( 8, 11, 46.00000000000000000, #3624 ) ;
#2799 = CARTESIAN_POINT ( 'NONE',  ( -9.830039856157208400, 18.13816930062018400, 93.60177191048809700 ) ) ;
#2800 = DIRECTION ( 'NONE',  ( 0.0000000000000000000, 1.000000000000000000, 3.491481338843133400E-015 ) ) ;
#2801 = CARTESIAN_POINT ( 'NONE',  ( -15.06542407137027900, 55.99855918398788600, -10.63226932228495500 ) ) ;
#2802 = SECURITY_CLASSIFICATION_LEVEL ( 'unclassified' ) ;
#2803 = CARTESIAN_POINT ( 'NONE',  ( 13.52631314826462200, 19.12125043518484800, 114.1680730980097600 ) ) ;
#2804 = PRODUCT_DEFINITION_SHAPE ( 'NONE', 'NONE',  #300 ) ;
#2805 = CARTESIAN_POINT ( 'NONE',  ( 25.13534312955115600, 19.15761284363624400, 85.50429909646689500 ) ) ;
#2806 = CARTESIAN_POINT ( 'NONE',  ( 9.058385992382248700, 56.23816930062032800, -10.63226932228494800 ) ) ;
#2807 = EDGE_CURVE ( 'NONE', #1453, #2200, #117, .T. ) ;
#2808 = CARTESIAN_POINT ( 'NONE',  ( -9.480715180510218300, 19.14472306383448000, 91.44710105525457800 ) ) ;
#2809 = CARTESIAN_POINT ( 'NONE',  ( 9.058385992382248700, 56.23816930062032800, -6.340410893580783000 ) ) ;
#2810 = CARTESIAN_POINT ( 'NONE',  ( -54.60819268389989400, 0.0000000000000000000, -27.12499999999998600 ) ) ;
#2811 = CARTESIAN_POINT ( 'NONE',  ( -9.844719671332418500, 19.14109158489534900, 93.64429599810685500 ) ) ;
#2812 = CARTESIAN_POINT ( 'NONE',  ( 19.74745935231523600, 18.13816930062011300, 112.5753096129915900 ) ) ;
#2813 = LINE ( 'NONE', #398, #1137 ) ;
#2814 = DIRECTION ( 'NONE',  ( -3.491481338843133400E-015, -3.491481338843133400E-015, 1.000000000000000000 ) ) ;
#2815 = EDGE_CURVE ( 'NONE', #3913, #343, #3447, .T. ) ;
#2816 = DATE_TIME_ROLE ( 'creation_date' ) ;
#2817 = VECTOR ( 'NONE', #872, 1000.000000000000100 ) ;
#2818 = CARTESIAN_POINT ( 'NONE',  ( -17.12532246437876900, 55.97809921133449500, -86.69911626417898300 ) ) ;
#2819 = VERTEX_POINT ( 'NONE', #3492 ) ;
#2820 = CARTESIAN_POINT ( 'NONE',  ( 27.72741338889240100, 18.13816930062020200, 88.46993637205950700 ) ) ;
#2821 = LINE ( 'NONE', #981, #511 ) ;
#2822 = ORIENTED_EDGE ( 'NONE', *, *, #53, .F. ) ;
#2823 = CC_DESIGN_DATE_AND_TIME_ASSIGNMENT ( #416, #283, ( #2400 ) ) ;
#2824 = APPROVAL_PERSON_ORGANIZATION ( #3649, #3030, #592 ) ;
#2825 = ORIENTED_EDGE ( 'NONE', *, *, #3153, .T. ) ;
#2826 = EDGE_LOOP ( 'NONE', ( #3120, #707, #324, #1006, #1350 ) ) ;
#2827 = CARTESIAN_POINT ( 'NONE',  ( -8.944162362235443800, 18.13816930062020600, 86.91341208484382700 ) ) ;
#2828 = DIRECTION ( 'NONE',  ( 0.0000000000000000000, 0.0000000000000000000, -1.000000000000000000 ) ) ;
#2829 = DIRECTION ( 'NONE',  ( 0.0000000000000000000, 0.0000000000000000000, -1.000000000000000000 ) ) ;
#2830 = ORIENTED_EDGE ( 'NONE', *, *, #852, .T. ) ;
#2831 = EDGE_LOOP ( 'NONE', ( #329, #1698, #1593, #1655 ) ) ;
#2832 = APPLICATION_CONTEXT ( 'configuration controlled 3d designs of mechanical parts and assemblies' ) ;
#2833 = VERTEX_POINT ( 'NONE', #1007 ) ;
#2834 = CARTESIAN_POINT ( 'NONE',  ( 9.058385992382248700, 56.23816930062032800, 31.31773067771506500 ) ) ;
#2835 = AXIS2_PLACEMENT_3D ( 'NONE', #2985, #780, #2661 ) ;
#2836 = CIRCLE ( 'NONE', #987, 22.79500000000000900 ) ;
#2837 = EDGE_CURVE ( 'NONE', #1652, #1266, #3993, .T. ) ;
#2838 = CIRCLE ( 'NONE', #934, 27.12499999999998900 ) ;
#2839 = CC_DESIGN_SECURITY_CLASSIFICATION ( #2625, ( #4074 ) ) ;
#2840 = CARTESIAN_POINT ( 'NONE',  ( -4.883979047389167300, 18.13816930062023000, 82.76573868511630400 ) ) ;
#2841 = CARTESIAN_POINT ( 'NONE',  ( 9.058385992382167000, -13.24183069937990200, 118.7827306777149400 ) ) ;
#2842 = CARTESIAN_POINT ( 'NONE',  ( 22.99352701720765800, 19.16592792995578900, 82.71716906357400500 ) ) ;
#2843 = CIRCLE ( 'NONE', #1802, 26.12499999999998600 ) ;
#2844 = CONTEXT_DEPENDENT_SHAPE_REPRESENTATION ( #1299, #3852 ) ;
#2845 = APPROVAL_STATUS ( 'not_yet_approved' ) ;
#2846 = CARTESIAN_POINT ( 'NONE',  ( -57.10819268389989400, 0.0000000000000000000, -27.87499999999998600 ) ) ;
#2847 = AXIS2_PLACEMENT_3D ( 'NONE', #3810, #3183, #55 ) ;
#2848 = DATE_AND_TIME ( #3673, #444 ) ;
#2849 = AXIS2_PLACEMENT_3D ( 'NONE', #1977, #97, #2289 ) ;
#2850 = CARTESIAN_POINT ( 'NONE',  ( -1.108189856274425900, 19.17814271563422700, 79.54373273774143600 ) ) ;
#2851 = DIRECTION ( 'NONE',  ( -0.9781476007338055800, 0.0000000000000000000, 0.2079116908177600400 ) ) ;
#2852 = CARTESIAN_POINT ( 'NONE',  ( -49.10930008502348400, 0.0000000000000000000, 0.0000000000000000000 ) ) ;
#2853 = AXIS2_PLACEMENT_3D ( 'NONE', #3844, #1973, #94 ) ;
#2854 = DIRECTION ( 'NONE',  ( 1.000000000000000000, -0.0000000000000000000, -0.0000000000000000000 ) ) ;
#2855 = DATE_TIME_ROLE ( 'classification_date' ) ;
#2856 = CARTESIAN_POINT ( 'NONE',  ( -20.40819268389990200, 0.0000000000000000000, 0.0000000000000000000 ) ) ;
#2857 = EDGE_LOOP ( 'NONE', ( #4001, #2880 ) ) ;
#2858 = PLANE ( 'NONE',  #505 ) ;
#2859 = EDGE_CURVE ( 'NONE', #410, #2184, #749, .T. ) ;
#2860 = CARTESIAN_POINT ( 'NONE',  ( 4.372158223979018200, 18.13816930062024500, 76.15400774775434900 ) ) ;
#2861 = FACE_OUTER_BOUND ( 'NONE', #2826, .T. ) ;
#2862 = CARTESIAN_POINT ( 'NONE',  ( -41.35930008502347700, 0.0000000000000000000, 17.06000000000001300 ) ) ;
#2863 = CARTESIAN_POINT ( 'NONE',  ( 9.058385992382245200, 19.19341791940477600, 76.63855788453945200 ) ) ;
#2864 = DIRECTION ( 'NONE',  ( -1.000000000000000000, 0.0000000000000000000, 0.0000000000000000000 ) ) ;
#2865 = DIRECTION ( 'NONE',  ( 3.457244911090936300E-015, 3.508086748018744300E-015, -1.000000000000000000 ) ) ;
#2866 = CARTESIAN_POINT ( 'NONE',  ( 9.058385992382248700, 18.13816930062017700, 95.66773067771505600 ) ) ;
#2867 = EDGE_CURVE ( 'NONE', #1750, #3598, #3160, .T. ) ;
#2868 = CYLINDRICAL_SURFACE ( 'NONE', #4031, 16.05999999999999900 ) ;
#2869 = AXIS2_PLACEMENT_3D ( 'NONE', #732, #2943, #131 ) ;
#2870 = APPROVAL_ROLE ( '' ) ;
#2871 = ORIENTED_EDGE ( 'NONE', *, *, #2310, .T. ) ;
#2872 = ORIENTED_EDGE ( 'NONE', *, *, #3485, .T. ) ;
#2873 = DIRECTION ( 'NONE',  ( -0.9999506762177210500, -0.009932025559894088300, 0.0000000000000000000 ) ) ;
#2874 = VECTOR ( 'NONE', #3656, 1000.000000000000000 ) ;
#2875 = ORIENTED_EDGE ( 'NONE', *, *, #2733, .F. ) ;
#2876 = ORIENTED_EDGE ( 'NONE', *, *, #3180, .T. ) ;
#2877 = DATE_AND_TIME ( #3697, #472 ) ;
#2878 = ORIENTED_EDGE ( 'NONE', *, *, #3919, .F. ) ;
#2879 = EDGE_LOOP ( 'NONE', ( #2509, #655, #4060, #3750 ) ) ;
#2880 = ORIENTED_EDGE ( 'NONE', *, *, #697, .F. ) ;
#2881 = VERTEX_POINT ( 'NONE', #1024 ) ;
#2882 = DIRECTION ( 'NONE',  ( 0.0000000000000000000, 0.0000000000000000000, -1.000000000000000000 ) ) ;
#2883 = CIRCLE ( 'NONE', #2246, 18.99999999999999600 ) ;
#2884 = CARTESIAN_POINT ( 'NONE',  ( 9.058385992382248700, 56.23816930062032800, -86.69911626417898300 ) ) ;
#2885 = CARTESIAN_POINT ( 'NONE',  ( 18.99999999999999600, 38.10000000000000100, 0.0000000000000000000 ) ) ;
#2886 = CARTESIAN_POINT ( 'NONE',  ( -3.720027849841976800, 19.16995232524943700, 81.57152591396044300 ) ) ;
#2887 = PLANE ( 'NONE',  #2637 ) ;
#2888 = DESIGN_CONTEXT ( 'detailed design', #1230, 'design' ) ;
#2889 = VECTOR ( 'NONE', #1677, 1000.000000000000000 ) ;
#2890 = AXIS2_PLACEMENT_3D ( 'NONE', #799, #2692, #495 ) ;
#2891 = CIRCLE ( 'NONE', #3392, 16.05999999999999900 ) ;
#2892 = EDGE_CURVE ( 'NONE', #2707, #1938, #1487, .T. ) ;
#2893 = ORIENTED_EDGE ( 'NONE', *, *, #3692, .F. ) ;
#2894 = CARTESIAN_POINT ( 'NONE',  ( -20.40819268389990200, 0.0000000000000000000, 0.0000000000000000000 ) ) ;
#2895 = CARTESIAN_POINT ( 'NONE',  ( 25.25644896011707600, 18.13816930062022300, 83.91287817082637400 ) ) ;
#2896 = COORDINATED_UNIVERSAL_TIME_OFFSET ( 0, 0, .AHEAD. ) ;
#2897 = CARTESIAN_POINT ( 'NONE',  ( 9.058385992382248700, 6.138169300620177200, 95.66773067771501400 ) ) ;
#2898 = DIRECTION ( 'NONE',  ( 0.0000000000000000000, -1.000000000000000000, -3.491481338843133400E-015 ) ) ;
#2899 = CARTESIAN_POINT ( 'NONE',  ( 16.03177904759279900, 18.13816930062024500, 76.85120352945733700 ) ) ;
#2900 = AXIS2_PLACEMENT_3D ( 'NONE', #3145, #1280, #3454 ) ;
#2901 = SECURITY_CLASSIFICATION ( '', '', #1192 ) ;
#2902 = CARTESIAN_POINT ( 'NONE',  ( 9.058385992382248700, 56.23816930062032800, 31.31773067771506500 ) ) ;
#2903 = CARTESIAN_POINT ( 'NONE',  ( -17.90819268389989500, 18.29999999999999000, 0.0000000000000000000 ) ) ;
#2904 = DIRECTION ( 'NONE',  ( -0.0000000000000000000, 0.0000000000000000000, 1.000000000000000000 ) ) ;
#2905 = CARTESIAN_POINT ( 'NONE',  ( 0.0000000000000000000, 38.10000000000000100, 0.0000000000000000000 ) ) ;
#2906 = CARTESIAN_POINT ( 'NONE',  ( 58.15865425799412900, 3.413702952623245400E-015, 27.87499999999998600 ) ) ;
#2907 = AXIS2_PLACEMENT_3D ( 'NONE', #3109, #4047, #1855 ) ;
#2908 = CARTESIAN_POINT ( 'NONE',  ( 20.63604716146871000, 18.13816930062023400, 79.32326486157938900 ) ) ;
#2909 = EDGE_CURVE ( 'NONE', #418, #1898, #2327, .T. ) ;
#2910 = CYLINDRICAL_SURFACE ( 'NONE', #2424, 18.99999999999999600 ) ;
#2911 = SECURITY_CLASSIFICATION ( '', '', #341 ) ;
#2912 = LINE ( 'NONE', #3200, #2076 ) ;
#2913 = ORIENTED_EDGE ( 'NONE', *, *, #1110, .F. ) ;
#2914 = CARTESIAN_POINT ( 'NONE',  ( 35.74502165632370800, 56.50323472217131400, -5.766066130416885600 ) ) ;
#2915 = CARTESIAN_POINT ( 'NONE',  ( 9.058385992382248700, 56.23816930062032800, 31.56773067771505100 ) ) ;
#2916 = DIRECTION ( 'NONE',  ( 0.0000000000000000000, -1.000000000000000000, -3.491481338843133400E-015 ) ) ;
#2917 = CIRCLE ( 'NONE', #2423, 27.87499999999998600 ) ;
#2918 = DIRECTION ( 'NONE',  ( 1.000000000000000000, -0.0000000000000000000, -0.0000000000000000000 ) ) ;
#2919 = ORIENTED_EDGE ( 'NONE', *, *, #3965, .T. ) ;
#2920 = COORDINATED_UNIVERSAL_TIME_OFFSET ( 0, 0, .AHEAD. ) ;
#2921 = ORIENTED_EDGE ( 'NONE', *, *, #4053, .T. ) ;
#2922 = ORIENTED_EDGE ( 'NONE', *, *, #2501, .F. ) ;
#2923 = AXIS2_PLACEMENT_3D ( 'NONE', #4022, #2133, #257 ) ;
#2924 = EDGE_LOOP ( 'NONE', ( #3522, #3216, #2979, #163 ) ) ;
#2925 = AXIS2_PLACEMENT_3D ( 'NONE', #1012, #2595, #705 ) ;
#2926 = ORIENTED_EDGE ( 'NONE', *, *, #577, .F. ) ;
#2927 = ORIENTED_EDGE ( 'NONE', *, *, #2310, .F. ) ;
#2928 = VECTOR ( 'NONE', #1823, 1000.000000000000000 ) ;
#2929 = CARTESIAN_POINT ( 'NONE',  ( -26.93262969212313600, 8.725608443924874400E-016, -7.124999999999985800 ) ) ;
#2930 = CARTESIAN_POINT ( 'NONE',  ( 9.058385992382248700, 56.23816930062032800, 28.56773067771505100 ) ) ;
#2931 = CARTESIAN_POINT ( 'NONE',  ( 8.541107616146128100, 19.12093758041192300, 114.6927545461571200 ) ) ;
#2932 = EDGE_CURVE ( 'NONE', #402, #422, #1589, .T. ) ;
#2933 = CARTESIAN_POINT ( 'NONE',  ( -26.93262969212313600, 0.0000000000000000000, 0.0000000000000000000 ) ) ;
#2934 = VECTOR ( 'NONE', #4025, 1000.000000000000000 ) ;
#2935 = CARTESIAN_POINT ( 'NONE',  ( -22.20005111260406500, 0.0000000000000000000, 19.44999999999998500 ) ) ;
#2936 = CIRCLE ( 'NONE', #462, 27.12499999999998600 ) ;
#2937 = PLANE ( 'NONE',  #17 ) ;
#2938 = DATE_AND_TIME ( #3772, #538 ) ;
#2939 = PERSON ( 'NAUO-PER1', 'UNSPECIFIED', 'UNSPECIFIED', ('UNSPECIFIED'), ('UNSPECIFIED'), ('UNSPECIFIED') ) ;
#2940 = EDGE_CURVE ( 'NONE', #521, #1637, #653, .T. ) ;
#2941 = PERSON_AND_ORGANIZATION ( #2705, #2437 ) ;
#2942 = CARTESIAN_POINT ( 'NONE',  ( -18.40819268389988400, 0.0000000000000000000, 0.0000000000000000000 ) ) ;
#2943 = DIRECTION ( 'NONE',  ( -1.000000000000000000, 0.0000000000000000000, 0.0000000000000000000 ) ) ;
#2944 = CARTESIAN_POINT ( 'NONE',  ( 9.058385992382248700, 56.23816930062032800, 34.06773067771505500 ) ) ;
#2945 = CARTESIAN_POINT ( 'NONE',  ( 0.9038206369113364100, 18.13816930062011000, 113.9327071794276100 ) ) ;
#2946 = DIRECTION ( 'NONE',  ( 0.0000000000000000000, 0.0000000000000000000, -1.000000000000000000 ) ) ;
#2947 = EDGE_CURVE ( 'NONE', #2833, #3655, #3055, .T. ) ;
#2948 = CARTESIAN_POINT ( 'NONE',  ( 9.058385992382191900, -17.43543385270774600, 111.7277306777149300 ) ) ;
#2949 = AXIS2_PLACEMENT_3D ( 'NONE', #1406, #2660, #471 ) ;
#2950 = CARTESIAN_POINT ( 'NONE',  ( 35.18209740857020100, 56.49764346837256600, -86.69911626417898300 ) ) ;
#2951 = CARTESIAN_POINT ( 'NONE',  ( 9.058385992382248700, 56.23816930062032800, -10.63226932228494800 ) ) ;
#2952 = DIRECTION ( 'NONE',  ( -0.9999506762177209400, -0.009932025559893977200, 0.0000000000000000000 ) ) ;
#2953 = ADVANCED_FACE ( 'NONE', ( #2228 ), #2120, .T. ) ;
#2954 = CC_DESIGN_SECURITY_CLASSIFICATION ( #1905, ( #836 ) ) ;
#2955 = DIRECTION ( 'NONE',  ( 0.0000000000000000000, 0.0000000000000000000, 1.000000000000000000 ) ) ;
#2956 = CARTESIAN_POINT ( 'NONE',  ( -1.923903954708728200, 18.13816930061672700, 111.1937169726666600 ) ) ;
#2957 = DIRECTION ( 'NONE',  ( -1.000000000000000000, -0.0000000000000000000, -0.0000000000000000000 ) ) ;
#2958 = DIRECTION ( 'NONE',  ( -0.9999506762177209400, -0.009932025559893975500, 0.0000000000000000000 ) ) ;
#2959 =( NAMED_UNIT ( * ) SI_UNIT ( $, .STERADIAN. ) SOLID_ANGLE_UNIT ( ) );
#2960 = ORIENTED_EDGE ( 'NONE', *, *, #646, .F. ) ;
#2961 = AXIS2_PLACEMENT_3D ( 'NONE', #2905, #709, #397 ) ;
#2962 = LINE ( 'NONE', #1620, #2226 ) ;
#2963 = DIRECTION ( 'NONE',  ( -3.456485132705968800E-015, -3.456485132705968800E-015, 1.000000000000000000 ) ) ;
#2964 = DIRECTION ( 'NONE',  ( -0.9999506762177211600, -0.009932025559894006700, 0.0000000000000000000 ) ) ;
#2965 = EDGE_CURVE ( 'NONE', #1453, #1750, #2966, .T. ) ;
#2966 = LINE ( 'NONE', #114, #557 ) ;
#2967 = ORIENTED_EDGE ( 'NONE', *, *, #1037, .T. ) ;
#2968 = APPROVAL_PERSON_ORGANIZATION ( #3795, #2542, #3426 ) ;
#2969 = ORIENTED_EDGE ( 'NONE', *, *, #1624, .F. ) ;
#2970 = CARTESIAN_POINT ( 'NONE',  ( 9.058385992382248700, -4.491830699379812900, 95.66773067771497100 ) ) ;
#2971 = LINE ( 'NONE', #3980, #2874 ) ;
#2972 = VERTEX_POINT ( 'NONE', #1068 ) ;
#2973 = PERSON_AND_ORGANIZATION ( #2705, #2437 ) ;
#2974 = ADVANCED_FACE ( 'NONE', ( #1304 ), #2868, .F. ) ;
#2975 = DIRECTION ( 'NONE',  ( 0.0000000000000000000, 0.0000000000000000000, 1.000000000000000000 ) ) ;
#2976 = VERTEX_POINT ( 'NONE', #3571 ) ;
#2977 = CARTESIAN_POINT ( 'NONE',  ( -5.949284672986499000, 19.12597630629461800, 107.3263958313505100 ) ) ;
#2978 = ORIENTED_EDGE ( 'NONE', *, *, #2807, .T. ) ;
#2979 = ORIENTED_EDGE ( 'NONE', *, *, #3436, .T. ) ;
#2980 =( LENGTH_UNIT ( ) NAMED_UNIT ( * ) SI_UNIT ( .MILLI., .METRE. ) );
#2981 = VERTEX_POINT ( 'NONE', #2016 ) ;
#2982 = AXIS2_PLACEMENT_3D ( 'NONE', #2930, #1049, #3243 ) ;
#2983 = CIRCLE ( 'NONE', #1817, 18.99999999999999600 ) ;
#2984 =( GEOMETRIC_REPRESENTATION_CONTEXT ( 3 ) GLOBAL_UNCERTAINTY_ASSIGNED_CONTEXT ( ( #2203 ) ) GLOBAL_UNIT_ASSIGNED_CONTEXT ( ( #1168, #3356, #1478 ) ) REPRESENTATION_CONTEXT ( 'NONE', 'WORKASPACE' ) );
#2985 = CARTESIAN_POINT ( 'NONE',  ( 0.0000000000000000000, 0.0000000000000000000, 0.0000000000000000000 ) ) ;
#2986 = FACE_BOUND ( 'NONE', #3173, .T. ) ;
#2987 = CIRCLE ( 'NONE', #2775, 23.71000000000000100 ) ;
#2988 = CARTESIAN_POINT ( 'NONE',  ( -0.8408499707048688900, 18.13816930062011000, 113.0492236888869400 ) ) ;
#2989 = CARTESIAN_POINT ( 'NONE',  ( -9.655054710417756400, 18.13816930062015200, 102.8342504672910100 ) ) ;
#2990 = CARTESIAN_POINT ( 'NONE',  ( -17.06661400761773700, 56.23816930062032800, 31.31773067771506500 ) ) ;
#2991 = AXIS2_PLACEMENT_3D ( 'NONE', #201, #2396, #516 ) ;
#2992 = ORIENTED_EDGE ( 'NONE', *, *, #2555, .T. ) ;
#2993 = DATE_AND_TIME ( #3824, #587 ) ;
#2994 = CARTESIAN_POINT ( 'NONE',  ( -17.12532246437876900, 55.97809921133449500, -8.132269322284946300 ) ) ;
#2995 = CARTESIAN_POINT ( 'NONE',  ( -41.35930008502347700, 0.0000000000000000000, 0.0000000000000000000 ) ) ;
#2996 = DIRECTION ( 'NONE',  ( 0.0000000000000000000, -1.000000000000000000, -3.491481338843133400E-015 ) ) ;
#2997 = ADVANCED_FACE ( 'NONE', ( #3791 ), #463, .F. ) ;
#2998 = CC_DESIGN_PERSON_AND_ORGANIZATION_ASSIGNMENT ( #639, #1260, ( #2362 ) ) ;
#2999 = CARTESIAN_POINT ( 'NONE',  ( -10.40123400516113100, 18.13816930062015200, 100.3204714624426000 ) ) ;
#3000 = EDGE_CURVE ( 'NONE', #3215, #2668, #1398, .T. ) ;
#3001 = AXIS2_PLACEMENT_3D ( 'NONE', #2291, #2854, #570 ) ;
#3002 = PRODUCT_DEFINITION_SHAPE ( 'NONE', 'NONE',  #3872 ) ;
#3003 = AXIS2_PLACEMENT_3D ( 'NONE', #915, #3107, #1240 ) ;
#3004 = VECTOR ( 'NONE', #3790, 1000.000000000000000 ) ;
#3005 = ADVANCED_FACE ( 'NONE', ( #3687 ), #2763, .T. ) ;
#3006 = CARTESIAN_POINT ( 'NONE',  ( -8.944162362327421800, 18.13816930062020600, 86.91341208477445000 ) ) ;
#3007 = FACE_OUTER_BOUND ( 'NONE', #1544, .T. ) ;
#3008 = VERTEX_POINT ( 'NONE', #3904 ) ;
#3009 = CIRCLE ( 'NONE', #2008, 16.05999999999998500 ) ;
#3010 = CARTESIAN_POINT ( 'NONE',  ( 1.933737424330998800, 56.16740361850607900, -1.607832314061710600 ) ) ;
#3011 = EDGE_LOOP ( 'NONE', ( #3025, #1695, #331, #512 ) ) ;
#3012 = CARTESIAN_POINT ( 'NONE',  ( -17.90819268389989100, 26.18499999999998800, 0.0000000000000000000 ) ) ;
#3013 = DIRECTION ( 'NONE',  ( -1.000000000000000000, -0.0000000000000000000, -0.0000000000000000000 ) ) ;
#3014 = EDGE_CURVE ( 'NONE', #1359, #3213, #1193, .T. ) ;
#3015 = ORIENTED_EDGE ( 'NONE', *, *, #1541, .F. ) ;
#3016 = DATE_AND_TIME ( #3848, #611 ) ;
#3017 = VERTEX_POINT ( 'NONE', #459 ) ;
#3018 = EDGE_LOOP ( 'NONE', ( #1001, #727 ) ) ;
#3019 = PRODUCT ( 'PL-24-90-WF', 'PL-24-90-WF', '', ( #3370 ) ) ;
#3020 = ORIENTED_EDGE ( 'NONE', *, *, #1899, .F. ) ;
#3021 = ORIENTED_EDGE ( 'NONE', *, *, #3779, .F. ) ;
#3022 = EDGE_CURVE ( 'NONE', #332, #1198, #3179, .T. ) ;
#3023 = VECTOR ( 'NONE', #1351, 1000.000000000000000 ) ;
#3024 = CARTESIAN_POINT ( 'NONE',  ( 4.372158223989512000, 18.13816930062024800, 76.15400774779668300 ) ) ;
#3025 = ORIENTED_EDGE ( 'NONE', *, *, #3485, .F. ) ;
#3026 = CARTESIAN_POINT ( 'NONE',  ( 0.0000000000000000000, -1.330254390099233700E-013, 38.10000000000000100 ) ) ;
#3027 = LINE ( 'NONE', #4067, #1367 ) ;
#3028 = CARTESIAN_POINT ( 'NONE',  ( -18.40819268389988400, 0.0000000000000000000, 0.0000000000000000000 ) ) ;
#3029 = CIRCLE ( 'NONE', #2699, 19.44999999999998500 ) ;
#3030 = APPROVAL ( #2473, 'UNSPECIFIED' ) ;
#3031 = DIRECTION ( 'NONE',  ( -3.500648383195134900E-015, -3.500648383195134900E-015, 1.000000000000000000 ) ) ;
#3032 = ADVANCED_FACE ( 'NONE', ( #3597, #364 ), #3650, .F. ) ;
#3033 = ORIENTED_EDGE ( 'NONE', *, *, #1610, .T. ) ;
#3034 = CALENDAR_DATE ( 2017, 28, 6 ) ;
#3035 = CARTESIAN_POINT ( 'NONE',  ( 27.81737607889413900, 18.13816930061792100, 92.42011460942546800 ) ) ;
#3036 = DIRECTION ( 'NONE',  ( 0.0000000000000000000, 0.0000000000000000000, 1.000000000000000000 ) ) ;
#3037 = CARTESIAN_POINT ( 'NONE',  ( 19.97585127297812200, 19.12313423174838100, 111.2206072098134200 ) ) ;
#3038 = AXIS2_PLACEMENT_3D ( 'NONE', #160, #2996, #2051 ) ;
#3039 = PERSON_AND_ORGANIZATION ( #2705, #2437 ) ;
#3040 = EDGE_CURVE ( 'NONE', #2491, #2722, #1098, .T. ) ;
#3041 = DIRECTION ( 'NONE',  ( 0.0000000000000000000, 0.0000000000000000000, 1.000000000000000000 ) ) ;
#3042 = DIRECTION ( 'NONE',  ( -3.500648383195134900E-015, -3.500648383195134900E-015, 1.000000000000000000 ) ) ;
#3043 = APPROVAL ( #1612, 'UNKNOWN' ) ;
#3044 = DIRECTION ( 'NONE',  ( 1.000000000000000000, 0.0000000000000000000, 0.0000000000000000000 ) ) ;
#3045 = CARTESIAN_POINT ( 'NONE',  ( 28.05465857321411600, 19.13749928636341500, 96.14379215791623800 ) ) ;
#3046 = DIRECTION ( 'NONE',  ( 1.000000000000000000, -0.0000000000000000000, -0.0000000000000000000 ) ) ;
#3047 = ADVANCED_FACE ( 'NONE', ( #1934 ), #161, .F. ) ;
#3048 = CARTESIAN_POINT ( 'NONE',  ( 27.96097489799165800, 19.13552462450742900, 97.66781646836797400 ) ) ;
#3049 = AXIS2_PLACEMENT_3D ( 'NONE', #358, #1293, #2558 ) ;
#3050 = AXIS2_PLACEMENT_3D ( 'NONE', #1016, #1966, #711 ) ;
#3051 = DIRECTION ( 'NONE',  ( 0.9999506762177210500, 0.009932025559894088300, 0.0000000000000000000 ) ) ;
#3052 = DIRECTION ( 'NONE',  ( 0.0000000000000000000, 0.0000000000000000000, 1.000000000000000000 ) ) ;
#3053 = VECTOR ( 'NONE', #642, 1000.000000000000000 ) ;
#3054 = APPLICATION_CONTEXT ( 'configuration controlled 3d designs of mechanical parts and assemblies' ) ;
#3055 = CIRCLE ( 'NONE', #3191, 23.70999999999999400 ) ;
#3056 = CARTESIAN_POINT ( 'NONE',  ( 28.05482170223858800, 18.13816930062015200, 101.9465011522712800 ) ) ;
#3057 = ORIENTED_EDGE ( 'NONE', *, *, #3883, .T. ) ;
#3058 = COORDINATED_UNIVERSAL_TIME_OFFSET ( 0, 0, .AHEAD. ) ;
#3059 = DIRECTION ( 'NONE',  ( 1.000000000000000000, -0.0000000000000000000, -0.0000000000000000000 ) ) ;
#3060 = CARTESIAN_POINT ( 'NONE',  ( 11.53222895849380700, 18.13816930062024800, 75.78319398531367300 ) ) ;
#3061 = VERTEX_POINT ( 'NONE', #3665 ) ;
#3062 = VECTOR ( 'NONE', #157, 1000.000000000000000 ) ;
#3063 = ORIENTED_EDGE ( 'NONE', *, *, #2170, .F. ) ;
#3064 = PERSON_AND_ORGANIZATION ( #2705, #2437 ) ;
#3065 = ORIENTED_EDGE ( 'NONE', *, *, #549, .F. ) ;
#3066 = ORIENTED_EDGE ( 'NONE', *, *, #1829, .F. ) ;
#3067 = DIRECTION ( 'NONE',  ( -0.0000000000000000000, 0.0000000000000000000, -1.000000000000000000 ) ) ;
#3068 = PLANE ( 'NONE',  #1742 ) ;
#3069 = CARTESIAN_POINT ( 'NONE',  ( -46.22819268389991300, 0.0000000000000000000, 0.0000000000000000000 ) ) ;
#3070 = EDGE_CURVE ( 'NONE', #490, #1316, #995, .T. ) ;
#3071 = ADVANCED_FACE ( 'NONE', ( #264 ), #3393, .T. ) ;
#3072 = ORIENTED_EDGE ( 'NONE', *, *, #1258, .F. ) ;
#3073 = EDGE_LOOP ( 'NONE', ( #657, #1457 ) ) ;
#3074 = FACE_OUTER_BOUND ( 'NONE', #3011, .T. ) ;
#3075 = PERSON_AND_ORGANIZATION_ROLE ( 'design_supplier' ) ;
#3076 = EDGE_CURVE ( 'NONE', #1602, #1316, #2035, .T. ) ;
#3077 = CARTESIAN_POINT ( 'NONE',  ( 25.31154462935971900, 18.13816930062014500, 105.5960434050000500 ) ) ;
#3078 = AXIS2_PLACEMENT_3D ( 'NONE', #1766, #3308, #2416 ) ;
#3079 = VECTOR ( 'NONE', #139, 1000.000000000000000 ) ;
#3080 = CARTESIAN_POINT ( 'NONE',  ( 15.63262762988939700, 18.13816930062024500, 77.82541495309911300 ) ) ;
#3081 = CIRCLE ( 'NONE', #2566, 24.12500000000000400 ) ;
#3082 = DIRECTION ( 'NONE',  ( 3.457244911090936300E-015, 3.508086748018744300E-015, -1.000000000000000000 ) ) ;
#3083 = CARTESIAN_POINT ( 'NONE',  ( -8.700051190425496000, 19.13017636455665000, 102.5176792590013000 ) ) ;
#3084 = PERSON_AND_ORGANIZATION ( #2705, #2437 ) ;
#3085 = PERSON_AND_ORGANIZATION_ROLE ( 'creator' ) ;
#3086 = CARTESIAN_POINT ( 'NONE',  ( 22.15126703890494000, 19.12437760245965300, 109.4410120245716500 ) ) ;
#3087 = ADVANCED_FACE ( 'NONE', ( #1737 ), #14, .F. ) ;
#3088 = CARTESIAN_POINT ( 'NONE',  ( 20.03238871889995200, 19.17569009889493600, 80.12089090500256800 ) ) ;
#3089 = AXIS2_PLACEMENT_3D ( 'NONE', #3012, #3951, #1759 ) ;
#3090 = CARTESIAN_POINT ( 'NONE',  ( 27.96135951943991300, 18.13816930062020200, 89.11080407543197200 ) ) ;
#3091 = CARTESIAN_POINT ( 'NONE',  ( 30.55838599238224200, 56.23816930062032800, 31.56773067771505100 ) ) ;
#3092 = EDGE_CURVE ( 'NONE', #2200, #1936, #68, .T. ) ;
#3093 = CARTESIAN_POINT ( 'NONE',  ( -9.679721340512687200, 19.13409076481070100, 98.86115467747244200 ) ) ;
#3094 = CARTESIAN_POINT ( 'NONE',  ( -17.72930008502348500, 0.0000000000000000000, 0.0000000000000000000 ) ) ;
#3095 = DIRECTION ( 'NONE',  ( -1.000000000000000000, -0.0000000000000000000, -0.0000000000000000000 ) ) ;
#3096 = CARTESIAN_POINT ( 'NONE',  ( 3.147818011100376200, 19.12152085234944800, 113.7264411856764800 ) ) ;
#3097 = PERSON_AND_ORGANIZATION_ROLE ( 'design_owner' ) ;
#3098 = CARTESIAN_POINT ( 'NONE',  ( 19.18600700863045800, 18.13816930062011300, 112.9173666564206400 ) ) ;
#3099 = CARTESIAN_POINT ( 'NONE',  ( 24.84445856693398400, 18.13816930062022000, 83.36388402137689000 ) ) ;
#3100 = VECTOR ( 'NONE', #960, 1000.000000000000000 ) ;
#3101 = AXIS2_PLACEMENT_3D ( 'NONE', #965, #3159, #1290 ) ;
#3102 = DIRECTION ( 'NONE',  ( -0.8660254037844388200, 6.123233995736762300E-017, -0.4999999999999996700 ) ) ;
#3103 = CC_DESIGN_PERSON_AND_ORGANIZATION_ASSIGNMENT ( #3606, #3382, ( #2901 ) ) ;
#3104 = CARTESIAN_POINT ( 'NONE',  ( -10.78886152272014700, 18.13816930062018800, 93.16471793159439600 ) ) ;
#3105 = FACE_OUTER_BOUND ( 'NONE', #1366, .T. ) ;
#3106 = ORIENTED_EDGE ( 'NONE', *, *, #2467, .F. ) ;
#3107 = DIRECTION ( 'NONE',  ( 0.0000000000000000000, 0.0000000000000000000, -1.000000000000000000 ) ) ;
#3108 = CARTESIAN_POINT ( 'NONE',  ( -4.897021522748900700, 19.12498432715055000, 108.6076499691291300 ) ) ;
#3109 = CARTESIAN_POINT ( 'NONE',  ( 8.823741888529749400, 79.86200402626397500, 17.68773067771505600 ) ) ;
#3110 = CIRCLE ( 'NONE', #1579, 18.99999999999999600 ) ;
#3111 = DATE_TIME_ROLE ( 'classification_date' ) ;
#3112 = ORIENTED_EDGE ( 'NONE', *, *, #447, .F. ) ;
#3113 = PERSON_AND_ORGANIZATION ( #2705, #2437 ) ;
#3114 = EDGE_LOOP ( 'NONE', ( #859, #3946, #2438, #2059 ) ) ;
#3115 = AXIS2_PLACEMENT_3D ( 'NONE', #3069, #873, #2755 ) ;
#3116 = ORIENTED_EDGE ( 'NONE', *, *, #542, .T. ) ;
#3117 = SHAPE_REPRESENTATION ( '-24-90-standard', ( #870 ), #41 ) ;
#3118 = CARTESIAN_POINT ( 'NONE',  ( 12.28973709109591700, 18.13816930058367700, 114.4409806132780700 ) ) ;
#3119 = CARTESIAN_POINT ( 'NONE',  ( 25.44109729653924000, 18.13816930061682000, 86.04273143995870000 ) ) ;
#3120 = ORIENTED_EDGE ( 'NONE', *, *, #1624, .T. ) ;
#3121 = EDGE_CURVE ( 'NONE', #221, #2420, #2570, .T. ) ;
#3122 = ORIENTED_EDGE ( 'NONE', *, *, #3699, .F. ) ;
#3123 = TOROIDAL_SURFACE ( 'NONE', #1954, 38.10000000000000100, 19.00000000000000000 ) ;
#3124 = CC_DESIGN_PERSON_AND_ORGANIZATION_ASSIGNMENT ( #3192, #2533, ( #2911 ) ) ;
#3125 = CARTESIAN_POINT ( 'NONE',  ( -9.326261535428988800, 18.13816930062019800, 90.84683551782755700 ) ) ;
#3126 = DIRECTION ( 'NONE',  ( -0.9999506762177211600, -0.009932025559894168100, 0.0000000000000000000 ) ) ;
#3127 = CIRCLE ( 'NONE', #3588, 27.87499999999998600 ) ;
#3128 = DIRECTION ( 'NONE',  ( -1.000000000000000000, -0.0000000000000000000, -0.0000000000000000000 ) ) ;
#3129 = CARTESIAN_POINT ( 'NONE',  ( -9.318775803697350900, 19.14604766644677300, 90.68119443962189100 ) ) ;
#3130 = CARTESIAN_POINT ( 'NONE',  ( 21.35376515637797100, 18.13816930062012400, 111.4460286615029100 ) ) ;
#3131 = APPROVAL_ROLE ( '' ) ;
#3132 = LINE ( 'NONE', #1532, #3966 ) ;
#3133 = AXIS2_PLACEMENT_3D ( 'NONE', #249, #871, #3067 ) ;
#3134 = CARTESIAN_POINT ( 'NONE',  ( 26.79396201901331400, 19.14977710483669100, 88.82882972264552300 ) ) ;
#3135 = EDGE_LOOP ( 'NONE', ( #1498, #1124, #951, #3504 ) ) ;
#3136 = AXIS2_PLACEMENT_3D ( 'NONE', #1363, #3540, #2510 ) ;
#3137 = ITEM_DEFINED_TRANSFORMATION ( 'NONE', 'NONE', #2563,  #870 ) ;
#3138 = CARTESIAN_POINT ( 'NONE',  ( -8.044034944600722900, 19.15302102254571200, 87.35002429447983700 ) ) ;
#3139 = CARTESIAN_POINT ( 'NONE',  ( -17.72930008502348500, 0.0000000000000000000, 20.85000000000000100 ) ) ;
#3140 = CALENDAR_DATE ( 2017, 28, 6 ) ;
#3141 = CARTESIAN_POINT ( 'NONE',  ( 30.55838599238224200, 56.23816930062032800, 34.06773067771505500 ) ) ;
#3142 = CARTESIAN_POINT ( 'NONE',  ( 9.058385992382325100, -17.43543385270761100, 72.87273067771494100 ) ) ;
#3143 = EDGE_CURVE ( 'NONE', #3655, #2833, #3303, .T. ) ;
#3144 = APPROVAL_STATUS ( 'not_yet_approved' ) ;
#3145 = CARTESIAN_POINT ( 'NONE',  ( -17.90819268389989800, 0.0000000000000000000, 0.0000000000000000000 ) ) ;
#3146 = EDGE_CURVE ( 'NONE', #1353, #33, #2475, .T. ) ;
#3147 = EDGE_LOOP ( 'NONE', ( #3072, #2927, #2876, #3362 ) ) ;
#3148 = CARTESIAN_POINT ( 'NONE',  ( -4.714155210894886300, 18.13816930062022700, 81.12923933707492100 ) ) ;
#3149 = DIRECTION ( 'NONE',  ( 0.0000000000000000000, -1.000000000000000000, 0.0000000000000000000 ) ) ;
#3150 = CARTESIAN_POINT ( 'NONE',  ( 33.18219605613477800, 56.47777941725277600, -10.63226932228495500 ) ) ;
#3151 = CYLINDRICAL_SURFACE ( 'NONE', #661, 26.12499999999998600 ) ;
#3152 = CARTESIAN_POINT ( 'NONE',  ( -60.10819268389990100, 0.0000000000000000000, 0.0000000000000000000 ) ) ;
#3153 = EDGE_CURVE ( 'NONE', #3508, #175, #892, .T. ) ;
#3154 = AXIS2_PLACEMENT_3D ( 'NONE', #2995, #788, #2675 ) ;
#3155 =( REPRESENTATION_RELATIONSHIP ('NONE','NONE', #3979, #3117 ) REPRESENTATION_RELATIONSHIP_WITH_TRANSFORMATION ( #1333 )SHAPE_REPRESENTATION_RELATIONSHIP( ) );
#3156 = ORIENTED_EDGE ( 'NONE', *, *, #549, .T. ) ;
#3157 = ORIENTED_EDGE ( 'NONE', *, *, #2303, .T. ) ;
#3158 = CIRCLE ( 'NONE', #4059, 16.05999999999999900 ) ;
#3159 = DIRECTION ( 'NONE',  ( 1.000000000000000000, -0.0000000000000000000, -0.0000000000000000000 ) ) ;
#3160 = CIRCLE ( 'NONE', #2346, 26.68795201467610000 ) ;
#3161 = ORIENTED_EDGE ( 'NONE', *, *, #3771, .F. ) ;
#3162 = DATE_AND_TIME ( #3998, #752 ) ;
#3163 = EDGE_LOOP ( 'NONE', ( #2536, #3270, #3545, #2042 ) ) ;
#3164 = ORIENTED_EDGE ( 'NONE', *, *, #21, .T. ) ;
#3165 = CARTESIAN_POINT ( 'NONE',  ( 0.5542902243300714700, 18.13816930062023800, 78.69159214289854300 ) ) ;
#3166 = CARTESIAN_POINT ( 'NONE',  ( 8.726042910566492900, 19.19341791940477300, 76.63855788453945200 ) ) ;
#3167 = VECTOR ( 'NONE', #469, 1000.000000000000000 ) ;
#3168 = DIRECTION ( 'NONE',  ( -1.000000000000000000, -0.0000000000000000000, -0.0000000000000000000 ) ) ;
#3169 = ORIENTED_EDGE ( 'NONE', *, *, #1915, .F. ) ;
#3171 = CARTESIAN_POINT ( 'NONE',  ( 28.85306242290539900, 18.13816930062016700, 98.79849841032655900 ) ) ;
#3170 = COORDINATED_UNIVERSAL_TIME_OFFSET ( 0, 0, .AHEAD. ) ;
#3172 = VERTEX_POINT ( 'NONE', #1482 ) ;
#3173 = EDGE_LOOP ( 'NONE', ( #3653, #798 ) ) ;
#3174 = ORIENTED_EDGE ( 'NONE', *, *, #288, .F. ) ;
#3175 = AXIS2_PLACEMENT_3D ( 'NONE', #2933, #2606, #445 ) ;
#3176 = ORIENTED_EDGE ( 'NONE', *, *, #743, .F. ) ;
#3177 = DIRECTION ( 'NONE',  ( -1.000000000000000000, -0.0000000000000000000, -0.0000000000000000000 ) ) ;
#3178 = LINE ( 'NONE', #3590, #2342 ) ;
#3179 = B_SPLINE_CURVE_WITH_KNOTS ( 'NONE', 3,
 ( #2024, #1716, #3595, #1726, #3922, #2041, #152, #2353, #479, #2665, #783, #2988, #1106, #3295, #1423, #3614, #1734, #3931, #2057, #170, #2363, #491, #2685, #791, #2999, #1123, #3312, #1431, #3626, #1752, #3943, #2066, #187, #2380, #501, #2697, #812, #3006, #1130, #3324, #1445, #3634, #1767, #3961, #2074, #200, #2395, #514, #2706, #824, #3024, #1138, #3335 ),
 .UNSPECIFIED., .F., .F.,
 ( 4, 2, 2, 2, 2, 2, 2, 2, 2, 2, 2, 2, 2, 2, 2, 2, 2, 1, 2, 2, 2, 2, 2, 2, 2, 2, 4 ),
 ( 0.06088232988387424400, 0.06285135029271873800, 0.06482037070156324000, 0.06875841151925223000, 0.07072743192809671800, 0.07269645233694122000, 0.07466547274578570800, 0.07663449315463020900, 0.08057253397231917100, 0.08254155438116364500, 0.08451057479000811900, 0.08844861560769704000, 0.09041763601654150000, 0.09238665642538596000, 0.09632469724307488000, 0.09730920744749710400, 0.09829371765191932700, 0.1002627380607637700, 0.1022317584696081900, 0.1042007788784526400, 0.1081388196961414700, 0.1101078401049858900, 0.1120768605138302800, 0.1160149013315191200, 0.1179839217403635500, 0.1199529421492079900, 0.1238909829668968200 ),
 .UNSPECIFIED. ) ;
#3180 = EDGE_CURVE ( 'NONE', #2482, #3608, #1636, .T. ) ;
#3181 = LINE ( 'NONE', #789, #1509 ) ;
#3182 = CARTESIAN_POINT ( 'NONE',  ( 4.606469612411383500, 19.19047397134361100, 77.12694596078051700 ) ) ;
#3183 = DIRECTION ( 'NONE',  ( -1.000000000000000000, 0.0000000000000000000, 0.0000000000000000000 ) ) ;
#3184 = CARTESIAN_POINT ( 'NONE',  ( 7.069823739491338800, 19.19278306278409500, 76.74310073883368900 ) ) ;
#3185 = CARTESIAN_POINT ( 'NONE',  ( -17.62824967155921000, 55.97310387906934200, -5.766066130416885600 ) ) ;
#3186 = CARTESIAN_POINT ( 'NONE',  ( 9.058385992382248700, -5.491830699379813800, 95.66773067771497100 ) ) ;
#3187 = CIRCLE ( 'NONE', #1318, 18.99999999999999600 ) ;
#3188 = DIRECTION ( 'NONE',  ( -3.494407001967667700E-015, -3.494407001967667700E-015, 1.000000000000000000 ) ) ;
#3189 = PERSON_AND_ORGANIZATION_ROLE ( 'classification_officer' ) ;
#3190 = CARTESIAN_POINT ( 'NONE',  ( -17.90819268389989800, 0.0000000000000000000, 0.0000000000000000000 ) ) ;
#3191 = AXIS2_PLACEMENT_3D ( 'NONE', #1681, #3874, #2003 ) ;
#3192 = PERSON_AND_ORGANIZATION ( #2705, #2437 ) ;
#3193 = CARTESIAN_POINT ( 'NONE',  ( -26.93262969212313600, 0.0000000000000000000, -27.12499999999998600 ) ) ;
#3194 = CARTESIAN_POINT ( 'NONE',  ( 58.15865425799412900, 0.0000000000000000000, 0.0000000000000000000 ) ) ;
#3195 = CARTESIAN_POINT ( 'NONE',  ( 9.058385992382245200, 19.19341791940477600, 76.63855788453945200 ) ) ;
#3196 = CARTESIAN_POINT ( 'NONE',  ( 29.06213212535071500, 18.13816930062017400, 96.18728892407580100 ) ) ;
#3197 = CARTESIAN_POINT ( 'NONE',  ( -1.863543796501051300, 19.17590572374774300, 80.05062864533363200 ) ) ;
#3198 = CARTESIAN_POINT ( 'NONE',  ( 9.058385992382175900, -17.43543385270776400, 116.5177306777149200 ) ) ;
#3199 = AXIS2_PLACEMENT_3D ( 'NONE', #3026, #1139, #3336 ) ;
#3200 = CARTESIAN_POINT ( 'NONE',  ( -16.05999999999999900, 38.10000000000000100, -26.00000000000000000 ) ) ;
#3201 = CC_DESIGN_PERSON_AND_ORGANIZATION_ASSIGNMENT ( #3873, #3437, ( #2362 ) ) ;
#3202 = CARTESIAN_POINT ( 'NONE',  ( 0.0000000000000000000, 38.10000000000000100, 0.0000000000000000000 ) ) ;
#3203 = CIRCLE ( 'NONE', #330, 27.87499999999998600 ) ;
#3204 = DIRECTION ( 'NONE',  ( 0.0000000000000000000, 0.0000000000000000000, -1.000000000000000000 ) ) ;
#3205 = CARTESIAN_POINT ( 'NONE',  ( -46.22819268389991300, 2.381938024341600300E-015, 19.44999999999998500 ) ) ;
#3206 = EDGE_CURVE ( 'NONE', #1898, #3008, #794, .T. ) ;
#3207 = LINE ( 'NONE', #1595, #2272 ) ;
#3208 = AXIS2_PLACEMENT_3D ( 'NONE', #2650, #770, #2963 ) ;
#3209 = ORIENTED_EDGE ( 'NONE', *, *, #3022, .F. ) ;
#3210 = AXIS2_PLACEMENT_3D ( 'NONE', #2786, #3095, #590 ) ;
#3211 = VECTOR ( 'NONE', #290, 1000.000000000000000 ) ;
#3212 = EDGE_LOOP ( 'NONE', ( #1992, #1499, #1473, #3309 ) ) ;
#3213 = VERTEX_POINT ( 'NONE', #1902 ) ;
#3214 = PERSON_AND_ORGANIZATION ( #2705, #2437 ) ;
#3215 = VERTEX_POINT ( 'NONE', #3774 ) ;
#3216 = ORIENTED_EDGE ( 'NONE', *, *, #1551, .T. ) ;
#3217 = VERTEX_POINT ( 'NONE', #2846 ) ;
#3218 = SHAPE_REPRESENTATION_RELATIONSHIP ( 'NONE' , 'NONE' ,  #3971, #888 ) ;
#3219 = CARTESIAN_POINT ( 'NONE',  ( 0.0000000000000000000, 38.10000000000000100, 0.0000000000000000000 ) ) ;
#3220 = EDGE_LOOP ( 'NONE', ( #1107, #3969, #2967, #619 ) ) ;
#3221 = CARTESIAN_POINT ( 'NONE',  ( 0.0000000000000000000, 38.10000000000000100, -26.00000000000000000 ) ) ;
#3222 = DIRECTION ( 'NONE',  ( 1.000000000000000000, 0.0000000000000000000, 0.0000000000000000000 ) ) ;
#3223 = ORIENTED_EDGE ( 'NONE', *, *, #3937, .T. ) ;
#3224 = CIRCLE ( 'NONE', #1112, 23.71000000000000800 ) ;
#3225 = DIRECTION ( 'NONE',  ( -3.456485132705965600E-015, -3.456485132705965600E-015, 1.000000000000000000 ) ) ;
#3226 = FACE_OUTER_BOUND ( 'NONE', #3456, .T. ) ;
#3227 = CARTESIAN_POINT ( 'NONE',  ( -53.30290323835134800, 0.0000000000000000000, 22.79500000000000200 ) ) ;
#3228 = VECTOR ( 'NONE', #2490, 999.9999999999998900 ) ;
#3229 = EDGE_CURVE ( 'NONE', #2431, #2039, #698, .T. ) ;
#3230 = ORIENTED_EDGE ( 'NONE', *, *, #425, .F. ) ;
#3231 = ORIENTED_EDGE ( 'NONE', *, *, #1685, .F. ) ;
#3232 = DIRECTION ( 'NONE',  ( 1.000000000000000000, 0.0000000000000000000, 0.0000000000000000000 ) ) ;
#3233 = CARTESIAN_POINT ( 'NONE',  ( 11.04680743037961800, 19.12101969330998900, 114.5549214092675500 ) ) ;
#3234 = EDGE_CURVE ( 'NONE', #2738, #2780, #3945, .T. ) ;
#3235 = APPROVAL_DATE_TIME ( #346, #1781 ) ;
#3236 = CARTESIAN_POINT ( 'NONE',  ( -14.65161400761775400, 6.138169300620177200, 95.66773067771492800 ) ) ;
#3237 = DIRECTION ( 'NONE',  ( 1.684508329464197900E-015, -0.8660254037844370400, -0.5000000000000026600 ) ) ;
#3238 = DIRECTION ( 'NONE',  ( -3.527233544058401500E-015, -3.527233544058401500E-015, 1.000000000000000000 ) ) ;
#3239 = DATE_AND_TIME ( #2, #826 ) ;
#3240 = CARTESIAN_POINT ( 'NONE',  ( 0.0000000000000000000, -1.330254390099233700E-013, 38.10000000000000100 ) ) ;
#3241 = CC_DESIGN_APPROVAL ( #3030, ( #2400 ) ) ;
#3242 = DIRECTION ( 'NONE',  ( -1.000000000000000000, 0.0000000000000000000, 0.0000000000000000000 ) ) ;
#3243 = DIRECTION ( 'NONE',  ( -0.9999506762177210500, -0.009932025559894029300, 0.0000000000000000000 ) ) ;
#3244 = CARTESIAN_POINT ( 'NONE',  ( 6.066415029874470100, 18.13816930062917300, 114.4802577064719700 ) ) ;
#3245 = DIRECTION ( 'NONE',  ( -0.9999506762177209400, -0.009932025559893975500, 0.0000000000000000000 ) ) ;
#3246 = DIRECTION ( 'NONE',  ( -0.0000000000000000000, -0.0000000000000000000, 1.000000000000000000 ) ) ;
#3247 = CARTESIAN_POINT ( 'NONE',  ( 9.058385992382248700, 18.13816930062031900, 57.56773067771505500 ) ) ;
#3248 = AXIS2_PLACEMENT_3D ( 'NONE', #3284, #1086, #2964 ) ;
#3249 = CARTESIAN_POINT ( 'NONE',  ( -11.79161400761775300, 18.13816930062017700, 95.66773067771497100 ) ) ;
#3250 = EDGE_CURVE ( 'NONE', #2039, #1886, #3207, .T. ) ;
#3251 = SHAPE_DEFINITION_REPRESENTATION ( #1755, #3979 ) ;
#3252 = CC_DESIGN_APPROVAL ( #3043, ( #2625 ) ) ;
#3253 = LINE ( 'NONE', #3734, #1583 ) ;
#3254 = ADVANCED_FACE ( 'NONE', ( #602, #1535 ), #3479, .T. ) ;
#3255 = DIRECTION ( 'NONE',  ( -0.0000000000000000000, -0.0000000000000000000, 1.000000000000000000 ) ) ;
#3256 = CARTESIAN_POINT ( 'NONE',  ( 1.311548904721971900, 19.12196092041670800, 113.0191586320081400 ) ) ;
#3257 = CYLINDRICAL_SURFACE ( 'NONE', #868, 27.12499999999998900 ) ;
#3258 = CARTESIAN_POINT ( 'NONE',  ( 9.058385992382248700, 56.23816930062032800, -10.13226932228496200 ) ) ;
#3259 = ORIENTED_EDGE ( 'NONE', *, *, #3668, .F. ) ;
#3260 = PERSON_AND_ORGANIZATION ( #2705, #2437 ) ;
#3261 = EDGE_LOOP ( 'NONE', ( #2913, #568, #190, #3259 ) ) ;
#3262 = ORIENTED_EDGE ( 'NONE', *, *, #781, .F. ) ;
#3263 = FACE_OUTER_BOUND ( 'NONE', #4010, .T. ) ;
#3264 = EDGE_LOOP ( 'NONE', ( #2969, #3859 ) ) ;
#3265 = AXIS2_PLACEMENT_3D ( 'NONE', #2262, #2898, #67 ) ;
#3266 = CARTESIAN_POINT ( 'NONE',  ( 9.058385992382248700, 56.23816930062032800, 17.68773067771506300 ) ) ;
#3267 = SHAPE_DEFINITION_REPRESENTATION ( #2273, #3117 ) ;
#3268 = ORIENTED_EDGE ( 'NONE', *, *, #2932, .T. ) ;
#3269 = EDGE_LOOP ( 'NONE', ( #112, #899, #3794, #1452 ) ) ;
#3270 = ORIENTED_EDGE ( 'NONE', *, *, #2501, .T. ) ;
#3271 = ORIENTED_EDGE ( 'NONE', *, *, #3250, .F. ) ;
#3272 = CIRCLE ( 'NONE', #2949, 27.12499999999998600 ) ;
#3273 = CARTESIAN_POINT ( 'NONE',  ( -49.10930008502348400, 0.0000000000000000000, 0.0000000000000000000 ) ) ;
#3274 = CARTESIAN_POINT ( 'NONE',  ( -41.35930008502347700, 0.0000000000000000000, 0.0000000000000000000 ) ) ;
#3275 = CARTESIAN_POINT ( 'NONE',  ( -3.023867132122322100, 18.13816930062012000, 111.6101191234848900 ) ) ;
#3276 = CARTESIAN_POINT ( 'NONE',  ( 9.058385992382248700, 56.23816930062032800, -10.13226932228496200 ) ) ;
#3277 = AXIS2_PLACEMENT_3D ( 'NONE', #106, #2302, #424 ) ;
#3278 = CARTESIAN_POINT ( 'NONE',  ( 58.15865425799412900, 0.0000000000000000000, 0.0000000000000000000 ) ) ;
#3279 = CIRCLE ( 'NONE', #2615, 19.44999999999998500 ) ;
#3280 = CARTESIAN_POINT ( 'NONE',  ( 0.0000000000000000000, 0.0000000000000000000, 0.0000000000000000000 ) ) ;
#3281 = DIRECTION ( 'NONE',  ( 0.0000000000000000000, 0.0000000000000000000, 1.000000000000000000 ) ) ;
#3282 = FACE_OUTER_BOUND ( 'NONE', #2389, .T. ) ;
#3283 = CARTESIAN_POINT ( 'NONE',  ( 35.18209740857019300, 56.49764346837256600, 28.56773067771505100 ) ) ;
#3284 = CARTESIAN_POINT ( 'NONE',  ( 9.058385992382248700, 56.23816930062032800, 28.56773067771505100 ) ) ;
#3285 = ADVANCED_FACE ( 'NONE', ( #3007, #3841 ), #2858, .T. ) ;
#3286 = EDGE_CURVE ( 'NONE', #2730, #1763, #1348, .T. ) ;
#3287 = CALENDAR_DATE ( 2017, 28, 6 ) ;
#3288 = CARTESIAN_POINT ( 'NONE',  ( -6.331987427992841900, 18.13816930061785400, 106.8367983323371500 ) ) ;
#3289 = EDGE_CURVE ( 'NONE', #1150, #1450, #2172, .T. ) ;
#3290 = AXIS2_PLACEMENT_3D ( 'NONE', #2929, #2664, #1048 ) ;
#3291 =( NAMED_UNIT ( * ) SI_UNIT ( $, .STERADIAN. ) SOLID_ANGLE_UNIT ( ) );
#3292 = DIRECTION ( 'NONE',  ( 0.0000000000000000000, 0.0000000000000000000, -1.000000000000000000 ) ) ;
#3293 = DIRECTION ( 'NONE',  ( 0.2588062791682918000, 0.002570597371345630400, 0.9659258262890678700 ) ) ;
#3294 = ADVANCED_FACE ( 'NONE', ( #3105 ), #3643, .T. ) ;
#3295 = CARTESIAN_POINT ( 'NONE',  ( -2.492861662418137200, 18.13816930062011300, 111.9985424222529100 ) ) ;
#3296 = CARTESIAN_POINT ( 'NONE',  ( -8.719382675146327700, 19.13020927101620600, 102.4754609431797000 ) ) ;
#3297 = CARTESIAN_POINT ( 'NONE',  ( 9.058385992382248700, -13.24183069937982200, 95.66773067771494300 ) ) ;
#3298 = CIRCLE ( 'NONE', #110, 16.05999999999999900 ) ;
#3299 = CARTESIAN_POINT ( 'NONE',  ( 0.0000000000000000000, 54.15999999999999700, 0.0000000000000000000 ) ) ;
#3300 = CARTESIAN_POINT ( 'NONE',  ( 58.15865425799412900, 0.0000000000000000000, 0.0000000000000000000 ) ) ;
#3301 = CARTESIAN_POINT ( 'NONE',  ( 9.058385992382248700, 72.29816930062033000, 57.56773067771505500 ) ) ;
#3302 = EDGE_CURVE ( 'NONE', #1266, #1652, #409, .T. ) ;
#3303 = CIRCLE ( 'NONE', #2263, 23.70999999999999400 ) ;
#3304 = ORIENTED_EDGE ( 'NONE', *, *, #3776, .T. ) ;
#3305 = ORIENTED_EDGE ( 'NONE', *, *, #2316, .F. ) ;
#3306 = EDGE_CURVE ( 'NONE', #3498, #3913, #2912, .T. ) ;
#3307 = FACE_OUTER_BOUND ( 'NONE', #3503, .T. ) ;
#3308 = DIRECTION ( 'NONE',  ( 0.0000000000000000000, 0.0000000000000000000, 1.000000000000000000 ) ) ;
#3309 = ORIENTED_EDGE ( 'NONE', *, *, #1369, .F. ) ;
#3310 = ORIENTED_EDGE ( 'NONE', *, *, #3559, .F. ) ;
#3311 = COORDINATED_UNIVERSAL_TIME_OFFSET ( 0, 0, .AHEAD. ) ;
#3312 = CARTESIAN_POINT ( 'NONE',  ( -10.76551953545245000, 18.13816930062017400, 98.38274977981066600 ) ) ;
#3313 = ORIENTED_EDGE ( 'NONE', *, *, #1889, .T. ) ;
#3314 = VERTEX_POINT ( 'NONE', #1489 ) ;
#3315 = ORIENTED_EDGE ( 'NONE', *, *, #2657, .F. ) ;
#3316 = ORIENTED_EDGE ( 'NONE', *, *, #3941, .T. ) ;
#3317 = AXIS2_PLACEMENT_3D ( 'NONE', #2227, #356, #2553 ) ;
#3318 = CIRCLE ( 'NONE', #266, 26.18499999999999500 ) ;
#3319 = CC_DESIGN_DATE_AND_TIME_ASSIGNMENT ( #272, #1512, ( #2901 ) ) ;
#3320 = DIRECTION ( 'NONE',  ( -3.500648383195136800E-015, -3.500648383195136800E-015, 1.000000000000000000 ) ) ;
#3321 = ADVANCED_FACE ( 'NONE', ( #509, #1250 ), #3366, .F. ) ;
#3322 = FACE_BOUND ( 'NONE', #3073, .T. ) ;
#3323 = CONICAL_SURFACE ( 'NONE', #1432, 16.05999999999999200, 0.7853981633974552700 ) ;
#3324 = CARTESIAN_POINT ( 'NONE',  ( -7.307563049681999900, 18.13816930062022000, 84.07923656999912500 ) ) ;
#3325 = CARTESIAN_POINT ( 'NONE',  ( -29.72930008502348500, 0.0000000000000000000, 0.0000000000000000000 ) ) ;
#3326 = AXIS2_PLACEMENT_3D ( 'NONE', #2744, #548, #2429 ) ;
#3327 = EDGE_LOOP ( 'NONE', ( #605, #1960, #1691, #1961 ) ) ;
#3328 = EDGE_CURVE ( 'NONE', #1316, #3562, #1141, .T. ) ;
#3329 = DATE_AND_TIME ( #95, #925 ) ;
#3330 = DIRECTION ( 'NONE',  ( -0.9999506762177210500, -0.009932025559894126400, 0.0000000000000000000 ) ) ;
#3331 = CC_DESIGN_DATE_AND_TIME_ASSIGNMENT ( #3928, #644, ( #2911 ) ) ;
#3332 = APPROVAL_DATE_TIME ( #99, #1518 ) ;
#3333 = DIRECTION ( 'NONE',  ( -1.000000000000000000, 0.0000000000000000000, 0.0000000000000000000 ) ) ;
#3334 = ADVANCED_FACE ( 'NONE', ( #3740, #1980 ), #3068, .T. ) ;
#3335 = CARTESIAN_POINT ( 'NONE',  ( 6.965162568286553200, 18.13816930062024800, 75.75009350007640300 ) ) ;
#3336 = DIRECTION ( 'NONE',  ( 1.000000000000000000, 0.0000000000000000000, 0.0000000000000000000 ) ) ;
#3337 = AXIS2_PLACEMENT_3D ( 'NONE', #275, #2468, #589 ) ;
#3338 = AXIS2_PLACEMENT_3D ( 'NONE', #2903, #3846, #1975 ) ;
#3339 = DIRECTION ( 'NONE',  ( 0.0000000000000000000, 0.0000000000000000000, -1.000000000000000000 ) ) ;
#3340 = DIRECTION ( 'NONE',  ( -1.000000000000000000, -0.0000000000000000000, -0.0000000000000000000 ) ) ;
#3341 = TOROIDAL_SURFACE ( 'NONE', #3471, 38.10000000000000100, 19.00000000000000000 ) ;
#3342 = EDGE_CURVE ( 'NONE', #2280, #221, #1884, .T. ) ;
#3343 = CARTESIAN_POINT ( 'NONE',  ( 29.01586380839981800, 18.13816930062018100, 94.19659931379072800 ) ) ;
#3344 = DIRECTION ( 'NONE',  ( -0.9999506762177211600, -0.009932025559894006700, 0.0000000000000000000 ) ) ;
#3345 = CARTESIAN_POINT ( 'NONE',  ( 21.86351997007201600, 19.12415313084592600, 109.7460411738623000 ) ) ;
#3346 = CYLINDRICAL_SURFACE ( 'NONE', #2797, 16.06000000000000600 ) ;
#3347 = FACE_OUTER_BOUND ( 'NONE', #2277, .T. ) ;
#3348 = ORIENTED_EDGE ( 'NONE', *, *, #2859, .T. ) ;
#3349 = CARTESIAN_POINT ( 'NONE',  ( 9.058385992382248700, -12.68757444095778400, 95.66773067771494300 ) ) ;
#3350 = EDGE_CURVE ( 'NONE', #35, #1790, #316, .T. ) ;
#3351 = PERSON_AND_ORGANIZATION ( #2705, #2437 ) ;
#3352 = ADVANCED_FACE ( 'NONE', ( #2712 ), #1782, .F. ) ;
#3353 = EDGE_LOOP ( 'NONE', ( #3956, #3905 ) ) ;
#3354 = ORIENTED_EDGE ( 'NONE', *, *, #3286, .F. ) ;
#3355 = CIRCLE ( 'NONE', #3838, 26.68795201467610000 ) ;
#3356 =( NAMED_UNIT ( * ) PLANE_ANGLE_UNIT ( ) SI_UNIT ( $, .RADIAN. ) );
#3357 = EDGE_LOOP ( 'NONE', ( #795, #1651, #1496, #665, #1321 ) ) ;
#3358 = ORIENTED_EDGE ( 'NONE', *, *, #399, .T. ) ;
#3359 = EDGE_CURVE ( 'NONE', #1739, #1008, #3443, .T. ) ;
#3360 = CARTESIAN_POINT ( 'NONE',  ( 28.02982616615356500, 18.13816930061960500, 96.76796527473148000 ) ) ;
#3361 = AXIS2_PLACEMENT_3D ( 'NONE', #2372, #1436, #3320 ) ;
#3362 = ORIENTED_EDGE ( 'NONE', *, *, #751, .F. ) ;
#3363 = CARTESIAN_POINT ( 'NONE',  ( 28.06681250889549500, 19.13786877891255500, 95.86388938126461300 ) ) ;
#3364 = CIRCLE ( 'NONE', #2890, 26.12499999999998200 ) ;
#3365 = TOROIDAL_SURFACE ( 'NONE', #2407, 38.10000000000000100, 16.05999999999999900 ) ;
#3366 = PLANE ( 'NONE',  #1332 ) ;
#3367 = CARTESIAN_POINT ( 'NONE',  ( -17.72930008502348500, 0.0000000000000000000, 0.0000000000000000000 ) ) ;
#3368 = DIRECTION ( 'NONE',  ( 0.0000000000000000000, 0.0000000000000000000, -1.000000000000000000 ) ) ;
#3369 = ORIENTED_EDGE ( 'NONE', *, *, #3342, .T. ) ;
#3370 = MECHANICAL_CONTEXT ( 'NONE', #3054, 'mechanical' ) ;
#3371 = LINE ( 'NONE', #1704, #138 ) ;
#3372 = CARTESIAN_POINT ( 'NONE',  ( -9.496103036075346900, 18.13816930061959500, 99.78182077579022300 ) ) ;
#3373 = PERSON_AND_ORGANIZATION ( #2620, #140 ) ;
#3374 = CARTESIAN_POINT ( 'NONE',  ( 27.10499991682644700, 19.13107549449141600, 101.6320794831229500 ) ) ;
#3375 = ADVANCED_FACE ( 'NONE', ( #2616 ), #3346, .F. ) ;
#3376 = CARTESIAN_POINT ( 'NONE',  ( 11.40853681019058500, 19.19259241920411100, 76.77455670623167800 ) ) ;
#3377 = DATE_AND_TIME ( #141, #979 ) ;
#3378 = EDGE_CURVE ( 'NONE', #33, #1353, #113, .T. ) ;
#3379 = DIRECTION ( 'NONE',  ( -1.000000000000000000, 0.0000000000000000000, 0.0000000000000000000 ) ) ;
#3380 = DIRECTION ( 'NONE',  ( 0.9999506762177210500, 0.009932025559894088300, 0.0000000000000000000 ) ) ;
#3381 = CARTESIAN_POINT ( 'NONE',  ( -9.532231348200854300, 19.13321871004904700, 99.62518248940794800 ) ) ;
#3382 = PERSON_AND_ORGANIZATION_ROLE ( 'classification_officer' ) ;
#3383 = CARTESIAN_POINT ( 'NONE',  ( 25.44108668488952300, 18.13816930062013500, 107.2053912678225300 ) ) ;
#3384 = CARTESIAN_POINT ( 'NONE',  ( 17.20554453777129200, 18.13816930062024500, 77.33039030054858600 ) ) ;
#3385 = AXIS2_PLACEMENT_3D ( 'NONE', #3274, #1394, #3584 ) ;
#3386 = AXIS2_PLACEMENT_3D ( 'NONE', #1801, #3991, #2108 ) ;
#3387 = DIRECTION ( 'NONE',  ( 0.0000000000000000000, 0.0000000000000000000, 1.000000000000000000 ) ) ;
#3388 = CARTESIAN_POINT ( 'NONE',  ( 9.058385992382248700, 56.23816930062032800, 31.31773067771506500 ) ) ;
#3389 = ADVANCED_FACE ( 'NONE', ( #1046 ), #840, .T. ) ;
#3390 = VECTOR ( 'NONE', #2268, 1000.000000000000000 ) ;
#3391 = APPROVAL_STATUS ( 'not_yet_approved' ) ;
#3392 = AXIS2_PLACEMENT_3D ( 'NONE', #1932, #3814, #1621 ) ;
#3393 = CYLINDRICAL_SURFACE ( 'NONE', #2060, 27.87499999999998600 ) ;
#3394 = CARTESIAN_POINT ( 'NONE',  ( 21.70487001293176400, 18.13816930062351300, 109.8703488670949500 ) ) ;
#3395 = EDGE_LOOP ( 'NONE', ( #129, #3849, #1015, #2477 ) ) ;
#3396 = CARTESIAN_POINT ( 'NONE',  ( 20.51132094429001600, 18.13816930062023400, 80.51829595886900400 ) ) ;
#3397 = ORIENTED_EDGE ( 'NONE', *, *, #3992, .F. ) ;
#3398 = CIRCLE ( 'NONE', #2923, 26.18499999999999500 ) ;
#3399 = CARTESIAN_POINT ( 'NONE',  ( -17.12532246437876900, 55.97809921133449500, -10.63226932228494800 ) ) ;
#3400 = EDGE_LOOP ( 'NONE', ( #1022, #527, #119, #3696 ) ) ;
#3401 = ORIENTED_EDGE ( 'NONE', *, *, #3350, .F. ) ;
#3402 = DATE_AND_TIME ( #168, #1003 ) ;
#3403 = EDGE_LOOP ( 'NONE', ( #766, #1047 ) ) ;
#3404 = ORIENTED_EDGE ( 'NONE', *, *, #3507, .F. ) ;
#3405 = SECURITY_CLASSIFICATION ( '', '', #1567 ) ;
#3406 = CARTESIAN_POINT ( 'NONE',  ( -9.777663239196098000, 18.13816930062130300, 98.24662339580760300 ) ) ;
#3407 = DIRECTION ( 'NONE',  ( 0.0000000000000000000, 0.0000000000000000000, 1.000000000000000000 ) ) ;
#3408 = CARTESIAN_POINT ( 'NONE',  ( -48.55504382660144800, 2.791582378656391900E-015, -22.79500000000000200 ) ) ;
#3409 = ORIENTED_EDGE ( 'NONE', *, *, #3937, .F. ) ;
#3410 = ORIENTED_EDGE ( 'NONE', *, *, #2089, .F. ) ;
#3411 = CIRCLE ( 'NONE', #3926, 19.44999999999998500 ) ;
#3412 = APPLICATION_PROTOCOL_DEFINITION ( 'international standard', 'config_control_design', 1994, #1230 ) ;
#3413 = EDGE_LOOP ( 'NONE', ( #2822, #477 ) ) ;
#3414 = EDGE_CURVE ( 'NONE', #3508, #660, #2526, .T. ) ;
#3415 = CARTESIAN_POINT ( 'NONE',  ( 18.67962595786416500, 19.12258016577691300, 112.0545740525418100 ) ) ;
#3416 = AXIS2_PLACEMENT_3D ( 'NONE', #3717, #1083, #3281 ) ;
#3417 = FACE_OUTER_BOUND ( 'NONE', #1504, .T. ) ;
#3418 = ADVANCED_FACE ( 'NONE', ( #212 ), #1688, .T. ) ;
#3419 = CARTESIAN_POINT ( 'NONE',  ( 24.05515493825319200, 19.16195459003640200, 83.97764701871091100 ) ) ;
#3420 = AXIS2_PLACEMENT_3D ( 'NONE', #1223, #4045, #3423 ) ;
#3421 = CIRCLE ( 'NONE', #1231, 2.500000000000002200 ) ;
#3422 = CARTESIAN_POINT ( 'NONE',  ( -9.796499147021009400, 19.14165940595001600, 93.28911751719979900 ) ) ;
#3423 = DIRECTION ( 'NONE',  ( 0.0000000000000000000, 0.0000000000000000000, 1.000000000000000000 ) ) ;
#3424 = CARTESIAN_POINT ( 'NONE',  ( -6.734545924174241800, 19.12685535519349900, 106.2381073909435400 ) ) ;
#3425 = ORIENTED_EDGE ( 'NONE', *, *, #3206, .F. ) ;
#3426 = APPROVAL_ROLE ( '' ) ;
#3427 = CARTESIAN_POINT ( 'NONE',  ( 11.15146119027421700, 18.13816930062010600, 115.5492822499632400 ) ) ;
#3428 = APPROVAL_PERSON_ORGANIZATION ( #198, #1518, #2512 ) ;
#3429 = CARTESIAN_POINT ( 'NONE',  ( 26.94207727131411500, 18.13816930062020900, 86.67295106176750600 ) ) ;
#3430 = EDGE_CURVE ( 'NONE', #3061, #2976, #19, .T. ) ;
#3431 = CARTESIAN_POINT ( 'NONE',  ( -9.931692771596328100, 18.13816930062020200, 89.34321065098862400 ) ) ;
#3432 = CARTESIAN_POINT ( 'NONE',  ( -8.522367026479370700, 19.15062769931508800, 88.42052952032483400 ) ) ;
#3433 = DIRECTION ( 'NONE',  ( 1.000000000000000000, -0.0000000000000000000, -0.0000000000000000000 ) ) ;
#3434 = CARTESIAN_POINT ( 'NONE',  ( 19.18113537671596800, 18.13816930062011700, 112.9202077528934800 ) ) ;
#3435 = DIRECTION ( 'NONE',  ( -1.000000000000000000, -0.0000000000000000000, -0.0000000000000000000 ) ) ;
#3436 = EDGE_CURVE ( 'NONE', #3449, #2796, #3253, .T. ) ;
#3437 = PERSON_AND_ORGANIZATION_ROLE ( 'design_supplier' ) ;
#3438 = DIRECTION ( 'NONE',  ( 0.0000000000000000000, 0.0000000000000000000, -1.000000000000000000 ) ) ;
#3439 = LINE ( 'NONE', #1041, #206 ) ;
#3440 = CC_DESIGN_SECURITY_CLASSIFICATION ( #2400, ( #1354 ) ) ;
#3441 = ORIENTED_EDGE ( 'NONE', *, *, #2604, .T. ) ;
#3442 = CARTESIAN_POINT ( 'NONE',  ( -7.153905591159968000, 18.13816930062020900, 85.69979924159621000 ) ) ;
#3443 = CIRCLE ( 'NONE', #2158, 26.12499999999998600 ) ;
#3444 = DIRECTION ( 'NONE',  ( -1.000000000000000000, -0.0000000000000000000, -0.0000000000000000000 ) ) ;
#3445 = CARTESIAN_POINT ( 'NONE',  ( 36.18204808478792200, 56.50757549393245700, 26.06773067771504800 ) ) ;
#3446 = DIRECTION ( 'NONE',  ( 0.0000000000000000000, 0.0000000000000000000, -1.000000000000000000 ) ) ;
#3447 = CIRCLE ( 'NONE', #1721, 16.05999999999999900 ) ;
#3448 = PERSON_AND_ORGANIZATION_ROLE ( 'creator' ) ;
#3449 = VERTEX_POINT ( 'NONE', #2810 ) ;
#3450 = COORDINATED_UNIVERSAL_TIME_OFFSET ( 0, 0, .AHEAD. ) ;
#3451 = ORIENTED_EDGE ( 'NONE', *, *, #2020, .F. ) ;
#3452 = AXIS2_PLACEMENT_3D ( 'NONE', #3266, #1075, #2952 ) ;
#3453 = EDGE_LOOP ( 'NONE', ( #259, #4011, #1261, #745 ) ) ;
#3454 = DIRECTION ( 'NONE',  ( 0.0000000000000000000, 0.0000000000000000000, -1.000000000000000000 ) ) ;
#3455 = CIRCLE ( 'NONE', #2794, 16.05999999999999500 ) ;
#3456 = EDGE_LOOP ( 'NONE', ( #171, #3033 ) ) ;
#3457 = EDGE_CURVE ( 'NONE', #1637, #521, #2421, .T. ) ;
#3458 = ORIENTED_EDGE ( 'NONE', *, *, #885, .F. ) ;
#3459 = ORIENTED_EDGE ( 'NONE', *, *, #1571, .T. ) ;
#3460 = CC_DESIGN_DATE_AND_TIME_ASSIGNMENT ( #2202, #1923, ( #2625 ) ) ;
#3461 = CARTESIAN_POINT ( 'NONE',  ( -4.025528150819812200, 19.16891807254067400, 81.85445238117854700 ) ) ;
#3462 = FACE_BOUND ( 'NONE', #3353, .T. ) ;
#3463 = CARTESIAN_POINT ( 'NONE',  ( 9.058385992382248700, 56.23816930062032800, 57.56773067771505500 ) ) ;
#3464 = DIRECTION ( 'NONE',  ( -0.0000000000000000000, -0.0000000000000000000, 1.000000000000000000 ) ) ;
#3465 = DIRECTION ( 'NONE',  ( 0.0000000000000000000, 0.0000000000000000000, -1.000000000000000000 ) ) ;
#3466 = APPROVAL_STATUS ( 'not_yet_approved' ) ;
#3467 = CIRCLE ( 'NONE', #1140, 22.04000000000001000 ) ;
#3468 = DIRECTION ( 'NONE',  ( 1.000000000000000000, -0.0000000000000000000, -0.0000000000000000000 ) ) ;
#3469 = AXIS2_PLACEMENT_3D ( 'NONE', #2894, #1009, #3204 ) ;
#3470 = FACE_OUTER_BOUND ( 'NONE', #18, .T. ) ;
#3471 = AXIS2_PLACEMENT_3D ( 'NONE', #1364, #2305, #428 ) ;
#3472 = LOCAL_TIME ( 8, 11, 46.00000000000000000, #243 ) ;
#3473 = CARTESIAN_POINT ( 'NONE',  ( 0.6820381585777001200, 18.13816930062024500, 77.46935816473866500 ) ) ;
#3474 = APPROVAL_DATE_TIME ( #247, #1021 ) ;
#3475 = CARTESIAN_POINT ( 'NONE',  ( -7.001614007617750000, 56.23816930062032800, 31.56773067771505100 ) ) ;
#3476 = DIRECTION ( 'NONE',  ( 0.0000000000000000000, 0.0000000000000000000, -1.000000000000000000 ) ) ;
#3477 = AXIS2_PLACEMENT_3D ( 'NONE', #3529, #702, #2593 ) ;
#3478 = SECURITY_CLASSIFICATION_LEVEL ( 'unclassified' ) ;
#3479 = PLANE ( 'NONE',  #88 ) ;
#3480 = EDGE_CURVE ( 'NONE', #3008, #1898, #747, .T. ) ;
#3481 = ORIENTED_EDGE ( 'NONE', *, *, #1291, .F. ) ;
#3482 = CARTESIAN_POINT ( 'NONE',  ( 5.831566973192140700, 18.13816930062024800, 76.93076674783451100 ) ) ;
#3483 = DIRECTION ( 'NONE',  ( 1.000000000000000000, -0.0000000000000000000, -0.0000000000000000000 ) ) ;
#3484 = CARTESIAN_POINT ( 'NONE',  ( -54.60819268389989400, 3.321854442687194000E-015, 27.12499999999998600 ) ) ;
#3485 = EDGE_CURVE ( 'NONE', #964, #2225, #3990, .T. ) ;
#3486 = AXIS2_PLACEMENT_3D ( 'NONE', #3862, #1393, #756 ) ;
#3487 = VECTOR ( 'NONE', #3530, 1000.000000000000100 ) ;
#3488 = CARTESIAN_POINT ( 'NONE',  ( -9.240711382402039900, 56.05641323287427000, -10.63226932228494800 ) ) ;
#3489 = VECTOR ( 'NONE', #1461, 1000.000000000000000 ) ;
#3490 = EDGE_LOOP ( 'NONE', ( #2578, #3636, #4007, #3654 ) ) ;
#3491 = ORIENTED_EDGE ( 'NONE', *, *, #21, .F. ) ;
#3492 = CARTESIAN_POINT ( 'NONE',  ( 9.058385992382325100, -12.68757444095770400, 72.87273067771495500 ) ) ;
#3493 = DIRECTION ( 'NONE',  ( -0.0000000000000000000, -0.0000000000000000000, -1.000000000000000000 ) ) ;
#3494 = CARTESIAN_POINT ( 'NONE',  ( -57.10819268389989400, 0.0000000000000000000, 0.0000000000000000000 ) ) ;
#3495 = FACE_OUTER_BOUND ( 'NONE', #318, .T. ) ;
#3496 = DIRECTION ( 'NONE',  ( 0.9999506762177209400, 0.009932025559894211400, 0.0000000000000000000 ) ) ;
#3497 = CARTESIAN_POINT ( 'NONE',  ( 11.47130065620780900, 19.19270001791627000, 76.75392137636247000 ) ) ;
#3498 = VERTEX_POINT ( 'NONE', #1274 ) ;
#3499 = PERSON_AND_ORGANIZATION ( #2705, #2437 ) ;
#3500 = CARTESIAN_POINT ( 'NONE',  ( -0.8625008528713693500, 19.17882554672339500, 79.39395271691097400 ) ) ;
#3501 = ORIENTED_EDGE ( 'NONE', *, *, #447, .T. ) ;
#3502 = VERTEX_POINT ( 'NONE', #2194 ) ;
#3503 = EDGE_LOOP ( 'NONE', ( #1987, #3706, #3404, #3063, #403 ) ) ;
#3504 = ORIENTED_EDGE ( 'NONE', *, *, #102, .F. ) ;
#3505 = DIRECTION ( 'NONE',  ( -0.0000000000000000000, -0.0000000000000000000, 1.000000000000000000 ) ) ;
#3506 = FACE_OUTER_BOUND ( 'NONE', #3855, .T. ) ;
#3507 = EDGE_CURVE ( 'NONE', #827, #896, #3158, .T. ) ;
#3508 = VERTEX_POINT ( 'NONE', #3445 ) ;
#3509 = EDGE_LOOP ( 'NONE', ( #2960, #3693, #1554, #2191 ) ) ;
#3510 = CIRCLE ( 'NONE', #848, 19.44999999999998500 ) ;
#3511 = DIRECTION ( 'NONE',  ( 0.0000000000000000000, 0.0000000000000000000, 1.000000000000000000 ) ) ;
#3512 = DIRECTION ( 'NONE',  ( 1.000000000000000000, 0.0000000000000000000, 0.0000000000000000000 ) ) ;
#3513 = CARTESIAN_POINT ( 'NONE',  ( 9.058385992382318000, -17.43543385270761800, 74.81773067771493400 ) ) ;
#3514 = DIRECTION ( 'NONE',  ( 0.0000000000000000000, -1.000000000000000000, -3.491481338843133400E-015 ) ) ;
#3515 = EDGE_CURVE ( 'NONE', #2833, #2486, #3890, .T. ) ;
#3516 = CARTESIAN_POINT ( 'NONE',  ( 24.65692619865429000, 18.13816930062022300, 83.12645586752255200 ) ) ;
#3517 = PLANE ( 'NONE',  #2925 ) ;
#3518 = VECTOR ( 'NONE', #3464, 1000.000000000000000 ) ;
#3519 = CARTESIAN_POINT ( 'NONE',  ( 32.68222071802590300, 56.47281340447282400, -10.13226932228496200 ) ) ;
#3520 = DIRECTION ( 'NONE',  ( -1.000000000000000000, 0.0000000000000000000, 0.0000000000000000000 ) ) ;
#3521 = PRODUCT_DEFINITION_SHAPE ( 'NONE', 'NONE',  #4073 ) ;
#3522 = ORIENTED_EDGE ( 'NONE', *, *, #703, .F. ) ;
#3523 = DIRECTION ( 'NONE',  ( 0.0000000000000000000, 0.0000000000000000000, 1.000000000000000000 ) ) ;
#3524 = AXIS2_PLACEMENT_3D ( 'NONE', #978, #3177, #1302 ) ;
#3525 = ORGANIZATION ( 'NAUO-ORG1', 'UNSPECIFIED', 'UNSPECIFIED' ) ;
#3526 = APPROVAL ( #3695, 'UNSPECIFIED' ) ;
#3527 = DIRECTION ( 'NONE',  ( 1.000000000000000000, 0.0000000000000000000, 0.0000000000000000000 ) ) ;
#3528 = DIRECTION ( 'NONE',  ( -1.000000000000000000, 0.0000000000000000000, 0.0000000000000000000 ) ) ;
#3529 = CARTESIAN_POINT ( 'NONE',  ( 9.058385992382248700, 56.23816930062032800, -86.69911626417898300 ) ) ;
#3530 = DIRECTION ( 'NONE',  ( -0.7070719040056366900, -0.007023002624319348400, -0.7071067811865351400 ) ) ;
#3531 = DIRECTION ( 'NONE',  ( -0.0000000000000000000, -0.0000000000000000000, 1.000000000000000000 ) ) ;
#3532 = CARTESIAN_POINT ( 'NONE',  ( -57.10819268389989400, 0.0000000000000000000, 0.0000000000000000000 ) ) ;
#3533 = AXIS2_PLACEMENT_3D ( 'NONE', #1491, #3368, #1178 ) ;
#3534 = EDGE_CURVE ( 'NONE', #2534, #1410, #1485, .T. ) ;
#3535 = APPROVAL ( #2845, 'UNSPECIFIED' ) ;
#3536 = CYLINDRICAL_SURFACE ( 'NONE', #3265, 20.84999999999999400 ) ;
#3537 = CARTESIAN_POINT ( 'NONE',  ( -29.72930008502348500, 0.0000000000000000000, 23.71000000000000100 ) ) ;
#3538 = PLANE ( 'NONE',  #3908 ) ;
#3539 = CARTESIAN_POINT ( 'NONE',  ( 21.16332045560476900, 18.13816930062023000, 79.71107599795045900 ) ) ;
#3540 = DIRECTION ( 'NONE',  ( 0.0000000000000000000, -1.000000000000000000, -3.491481338843133400E-015 ) ) ;
#3541 = DIRECTION ( 'NONE',  ( -0.9999506762177211600, -0.009932025559894168100, 0.0000000000000000000 ) ) ;
#3542 = DIRECTION ( 'NONE',  ( 1.000000000000000000, -0.0000000000000000000, -0.0000000000000000000 ) ) ;
#3543 = VECTOR ( 'NONE', #2134, 1000.000000000000000 ) ;
#3544 = AXIS2_PLACEMENT_3D ( 'NONE', #3688, #3379, #2458 ) ;
#3545 = ORIENTED_EDGE ( 'NONE', *, *, #2366, .T. ) ;
#3546 = DIRECTION ( 'NONE',  ( -0.9999506762177209400, -0.009932025559893975500, 0.0000000000000000000 ) ) ;
#3547 = FACE_OUTER_BOUND ( 'NONE', #1940, .T. ) ;
#3548 = ORIENTED_EDGE ( 'NONE', *, *, #2467, .T. ) ;
#3549 = DATE_AND_TIME ( #323, #1149 ) ;
#3550 = ORIENTED_EDGE ( 'NONE', *, *, #1812, .T. ) ;
#3551 = EDGE_LOOP ( 'NONE', ( #2875, #240 ) ) ;
#3552 = CYLINDRICAL_SURFACE ( 'NONE', #2585, 23.70999999999999400 ) ;
#3553 = CARTESIAN_POINT ( 'NONE',  ( 0.0000000000000000000, 38.10000000000000100, 0.0000000000000000000 ) ) ;
#3554 = EDGE_LOOP ( 'NONE', ( #2239, #535, #2769, #128, #2497 ) ) ;
#3555 = SHAPE_REPRESENTATION_RELATIONSHIP ( 'NONE' , 'NONE' ,  #2608, #1654 ) ;
#3556 = EDGE_LOOP ( 'NONE', ( #32, #3156 ) ) ;
#3557 = CARTESIAN_POINT ( 'NONE',  ( 4.632077679312561500, 18.13816930062011000, 115.2071929267156300 ) ) ;
#3558 = DIRECTION ( 'NONE',  ( 1.000000000000000000, -0.0000000000000000000, -0.0000000000000000000 ) ) ;
#3559 = EDGE_CURVE ( 'NONE', #1788, #3172, #649, .T. ) ;
#3560 = EDGE_LOOP ( 'NONE', ( #151, #2440, #3757, #3952 ) ) ;
#3561 = CARTESIAN_POINT ( 'NONE',  ( -46.22819268389991300, 0.0000000000000000000, 0.0000000000000000000 ) ) ;
#3562 = VERTEX_POINT ( 'NONE', #3150 ) ;
#3563 = FACE_OUTER_BOUND ( 'NONE', #2538, .T. ) ;
#3564 = DIRECTION ( 'NONE',  ( -0.9999506762177209400, -0.009932025559894211400, 0.0000000000000000000 ) ) ;
#3565 = ADVANCED_FACE ( 'NONE', ( #556 ), #1301, .F. ) ;
#3566 = TOROIDAL_SURFACE ( 'NONE', #726, 21.49999999999999600, 2.500000000000000000 ) ;
#3567 = EDGE_CURVE ( 'NONE', #2679, #4063, #2118, .T. ) ;
#3568 = DIRECTION ( 'NONE',  ( -1.000000000000000000, -0.0000000000000000000, -0.0000000000000000000 ) ) ;
#3569 = CARTESIAN_POINT ( 'NONE',  ( -53.30290323835134800, 0.0000000000000000000, 0.0000000000000000000 ) ) ;
#3570 = FACE_OUTER_BOUND ( 'NONE', #3018, .T. ) ;
#3571 = CARTESIAN_POINT ( 'NONE',  ( 2.326828918379971000E-015, -6.668729357190385300E-014, 19.10000000000000100 ) ) ;
#3572 = CARTESIAN_POINT ( 'NONE',  ( 0.7423560276536584900, 18.13816930062463200, 112.7711629815571700 ) ) ;
#3573 = DIRECTION ( 'NONE',  ( 0.0000000000000000000, 0.0000000000000000000, -1.000000000000000000 ) ) ;
#3574 = EDGE_CURVE ( 'NONE', #3498, #2085, #1391, .T. ) ;
#3575 = COORDINATED_UNIVERSAL_TIME_OFFSET ( 0, 0, .AHEAD. ) ;
#3576 = DIRECTION ( 'NONE',  ( 1.000000000000000000, -0.0000000000000000000, -0.0000000000000000000 ) ) ;
#3577 = AXIS2_PLACEMENT_3D ( 'NONE', #1095, #779, #1689 ) ;
#3578 = CARTESIAN_POINT ( 'NONE',  ( 9.058385992382248700, 56.23816930062032800, 57.56773067771505500 ) ) ;
#3579 = APPROVAL_PERSON_ORGANIZATION ( #350, #1021, #1278 ) ;
#3580 = CARTESIAN_POINT ( 'NONE',  ( -14.56544873326140500, 56.00352519676783200, 17.68773067771506300 ) ) ;
#3581 = CARTESIAN_POINT ( 'NONE',  ( 0.0000000000000000000, 38.10000000000000100, 0.0000000000000000000 ) ) ;
#3582 = ADVANCED_BREP_SHAPE_REPRESENTATION ( '', ( #1297, #870 ), #41 ) ;
#3583 = ADVANCED_FACE ( 'NONE', ( #946 ), #3686, .F. ) ;
#3584 = DIRECTION ( 'NONE',  ( 0.0000000000000000000, 0.0000000000000000000, -1.000000000000000000 ) ) ;
#3585 = CARTESIAN_POINT ( 'NONE',  ( -2.419754475978235200, 19.12341125867858000, 110.8126737101966200 ) ) ;
#3586 = DIRECTION ( 'NONE',  ( 1.000000000000000000, -0.0000000000000000000, -0.0000000000000000000 ) ) ;
#3587 = DIRECTION ( 'NONE',  ( 1.000000000000000000, 0.0000000000000000000, 0.0000000000000000000 ) ) ;
#3588 = AXIS2_PLACEMENT_3D ( 'NONE', #3532, #1347, #1028 ) ;
#3589 = DIRECTION ( 'NONE',  ( 1.000000000000000000, -0.0000000000000000000, -0.0000000000000000000 ) ) ;
#3590 = CARTESIAN_POINT ( 'NONE',  ( -17.90819268389989800, 2.241103642439655100E-015, -18.29999999999999000 ) ) ;
#3591 = DIRECTION ( 'NONE',  ( 1.000000000000000000, -0.0000000000000000000, -0.0000000000000000000 ) ) ;
#3592 = EDGE_CURVE ( 'NONE', #1402, #1839, #2962, .T. ) ;
#3593 = FACE_BOUND ( 'NONE', #3264, .T. ) ;
#3594 =( BOUNDED_SURFACE ( )  B_SPLINE_SURFACE ( 3, 2, ( 
 ( #406, #3864, #1983 ),
 ( #105, #2301, #423 ),
 ( #2611, #733, #2931 ),
 ( #1050, #3244, #1375 ),
 ( #3557, #1683, #3875 ),
 ( #2004, #115, #2314 ),
 ( #437, #2630, #741 ),
 ( #2945, #1069, #3256 ),
 ( #1381, #3572, #1703 ),
 ( #3886, #2017, #133 ),
 ( #2325, #451, #2643 ),
 ( #761, #2956, #1080 ),
 ( #3275, #1395, #3585 ),
 ( #1717, #3906, #2025 ),
 ( #143, #2343, #460 ),
 ( #2655, #775, #2977 ),
 ( #1089, #3288, #1416 ),
 ( #3596, #1727, #3923 ),
 ( #2043, #153, #2354 ),
 ( #480, #2666, #784 ),
 ( #2989, #1108, #3296 ),
 ( #1424, #3615, #1735 ),
 ( #3932, #2058, #172 ),
 ( #2364, #492, #2687 ),
 ( #3930, #3372, #3929 ),
 ( #2783, #891, #3093 ),
 ( #1221, #3406, #1528 ),
 ( #3719, #1851, #4041 ),
 ( #2160, #289, #2487 ),
 ( #598, #2799, #912 ),
 ( #3104, #1237, #3422 ),
 ( #1546, #3733, #1864 ),
 ( #4064, #2171, #301 ),
 ( #2504, #614, #2808 ),
 ( #927, #3125, #1249 ),
 ( #3431, #1560, #3752 ),
 ( #1875, #1, #2192 ),
 ( #315, #2516, #630 ),
 ( #2827, #941, #3138 ),
 ( #1271, #3442, #1573 ),
 ( #3768, #1893, #10 ),
 ( #2205, #334, #2525 ),
 ( #641, #2840, #955 ),
 ( #3148, #1284, #3461 ),
 ( #1582, #3777, #1906 ),
 ( #28, #2218, #348 ),
 ( #2545, #648, #2850 ),
 ( #969, #3165, #1292 ),
 ( #3473, #1604, #3783 ),
 ( #1918, #43, #2233 ),
 ( #357, #2557, #667 ),
 ( #2860, #980, #3182 ),
 ( #1309, #3482, #1617 ),
 ( #3808, #1928, #54 ) ),
 .UNSPECIFIED., .F., .F., .T. ) 
 B_SPLINE_SURFACE_WITH_KNOTS ( ( 4, 2, 2, 2, 2, 2, 2, 2, 2, 2, 2, 2, 2, 2, 2, 2, 2, 2, 2, 2, 2, 2, 2, 2, 2, 2, 4 ),
 ( 3, 3 ),
 ( 0.06253562609701297800, 0.06644410272807629900, 0.07035257935913960500, 0.07230681767467125900, 0.07426105599020291200, 0.07621529430573456600, 0.07816953262126621900, 0.08207800925232952600, 0.08403224756786117900, 0.08598648588339284600, 0.08989496251445616700, 0.09087208167222199400, 0.09184920082998782000, 0.09380343914551947400, 0.09771191577658278100, 0.09868903493434860700, 0.09966615409211443400, 0.1016203924076461000, 0.1035746307231777700, 0.1055288690387094200, 0.1094373456697727300, 0.1113915839853043800, 0.1133458223008360400, 0.1172542989318993600, 0.1192085372474310200, 0.1211627755629626800, 0.1250712521940259800 ),
 ( 0.0000000000000000000, 1.000000000000000000 ),
 .UNSPECIFIED. ) 
 GEOMETRIC_REPRESENTATION_ITEM ( )  RATIONAL_B_SPLINE_SURFACE ( (
 ( 1.000000000000000000, 0.7131443077351595800, 1.000000000000000000),
 ( 1.000000000000000000, 0.7131717054936520500, 1.000000000000000000),
 ( 1.000000000000000000, 0.7131730930657900200, 1.000000000000000000),
 ( 1.000000000000000000, 0.7131252456178589500, 1.000000000000000000),
 ( 1.000000000000000000, 0.7130764726321167100, 1.000000000000000000),
 ( 1.000000000000000000, 0.7129625657669093100, 1.000000000000000000),
 ( 1.000000000000000000, 0.7129174519623122700, 1.000000000000000000),
 ( 1.000000000000000000, 0.7128142764859741700, 1.000000000000000000),
 ( 1.000000000000000000, 0.7127561074160005900, 1.000000000000000000),
 ( 1.000000000000000000, 0.7126257178692329000, 1.000000000000000000),
 ( 1.000000000000000000, 0.7125535010075295700, 1.000000000000000000),
 ( 1.000000000000000000, 0.7123934531441228300, 1.000000000000000000),
 ( 1.000000000000000000, 0.7123054333006347800, 1.000000000000000000),
 ( 1.000000000000000000, 0.7120155907622305300, 1.000000000000000000),
 ( 1.000000000000000000, 0.7117933087782653000, 1.000000000000000000),
 ( 1.000000000000000000, 0.7114046063603205500, 1.000000000000000000),
 ( 1.000000000000000000, 0.7112657414125824800, 1.000000000000000000),
 ( 1.000000000000000000, 0.7109661387074772700, 1.000000000000000000),
 ( 1.000000000000000000, 0.7108050592465158200, 1.000000000000000000),
 ( 1.000000000000000000, 0.7102946930716483900, 1.000000000000000000),
 ( 1.000000000000000000, 0.7099156300884792400, 1.000000000000000000),
 ( 1.000000000000000000, 0.7093750251521610000, 1.000000000000000000),
 ( 1.000000000000000000, 0.7092635239881034400, 1.000000000000000000),
 ( 1.000000000000000000, 0.7090331144545883900, 1.000000000000000000),
 ( 1.000000000000000000, 0.7089138622326810500, 1.000000000000000000),
 ( 1.000000000000000000, 0.7085473361830885200, 1.000000000000000000),
 ( 1.000000000000000000, 0.7082910090784594300, 1.000000000000000000),
 ( 1.000000000000000000, 0.7074803149123676200, 1.000000000000000000),
 ( 1.000000000000000000, 0.7068848631158953800, 1.000000000000000000),
 ( 1.000000000000000000, 0.7060449671496544800, 1.000000000000000000),
 ( 1.000000000000000000, 0.7058717861603829300, 1.000000000000000000),
 ( 1.000000000000000000, 0.7055187285169002300, 1.000000000000000000),
 ( 1.000000000000000000, 0.7053384948914152000, 1.000000000000000000),
 ( 1.000000000000000000, 0.7047859633091576600, 1.000000000000000000),
 ( 1.000000000000000000, 0.7044018449765867600, 1.000000000000000000),
 ( 1.000000000000000000, 0.7035980088662090500, 1.000000000000000000),
 ( 1.000000000000000000, 0.7031782882835124800, 1.000000000000000000),
 ( 1.000000000000000000, 0.7022988754930821200, 1.000000000000000000),
 ( 1.000000000000000000, 0.7018364241899511800, 1.000000000000000000),
 ( 1.000000000000000000, 0.7004061966918528900, 1.000000000000000000),
 ( 1.000000000000000000, 0.6993965301760219900, 1.000000000000000000),
 ( 1.000000000000000000, 0.6978035336836572200, 1.000000000000000000),
 ( 1.000000000000000000, 0.6972596476173432700, 1.000000000000000000),
 ( 1.000000000000000000, 0.6961507892903998600, 1.000000000000000000),
 ( 1.000000000000000000, 0.6955910037326080700, 1.000000000000000000),
 ( 1.000000000000000000, 0.6939277837612994900, 1.000000000000000000),
 ( 1.000000000000000000, 0.6928306706805519300, 1.000000000000000000),
 ( 1.000000000000000000, 0.6912967501931147600, 1.000000000000000000),
 ( 1.000000000000000000, 0.6908025262109222000, 1.000000000000000000),
 ( 1.000000000000000000, 0.6898930678844695800, 1.000000000000000000),
 ( 1.000000000000000000, 0.6894760637806650600, 1.000000000000000000),
 ( 1.000000000000000000, 0.6883663355883225000, 1.000000000000000000),
 ( 1.000000000000000000, 0.6878153867632550400, 1.000000000000000000),
 ( 1.000000000000000000, 0.6875268132357284000, 1.000000000000000000) ) ) 
 REPRESENTATION_ITEM ( '' )  SURFACE ( )  );
#3595 = CARTESIAN_POINT ( 'NONE',  ( 9.841009962899979900, 18.13816930062010600, 115.6547131313138400 ) ) ;
#3596 = CARTESIAN_POINT ( 'NONE',  ( -7.868953421778037700, 18.13816930062014200, 106.3297281830970300 ) ) ;
#3597 = FACE_BOUND ( 'NONE', #2341, .T. ) ;
#3598 = VERTEX_POINT ( 'NONE', #3185 ) ;
#3599 = ORIENTED_EDGE ( 'NONE', *, *, #3567, .F. ) ;
#3600 = CARTESIAN_POINT ( 'NONE',  ( 0.0000000000000000000, 0.0000000000000000000, 0.0000000000000000000 ) ) ;
#3601 = AXIS2_PLACEMENT_3D ( 'NONE', #2944, #1701, #2324 ) ;
#3602 = FACE_BOUND ( 'NONE', #1210, .T. ) ;
#3603 = DIRECTION ( 'NONE',  ( 0.9999506762177210500, 0.009932025559894197600, 0.0000000000000000000 ) ) ;
#3604 = ORIENTED_EDGE ( 'NONE', *, *, #3865, .T. ) ;
#3605 = CC_DESIGN_PERSON_AND_ORGANIZATION_ASSIGNMENT ( #1746, #262, ( #3857 ) ) ;
#3606 = PERSON_AND_ORGANIZATION ( #2705, #2437 ) ;
#3607 = ADVANCED_FACE ( 'NONE', ( #2861 ), #362, .F. ) ;
#3608 = VERTEX_POINT ( 'NONE', #369 ) ;
#3609 = ORIENTED_EDGE ( 'NONE', *, *, #918, .T. ) ;
#3610 = ORIENTED_EDGE ( 'NONE', *, *, #73, .F. ) ;
#3611 = DIRECTION ( 'NONE',  ( 0.0000000000000000000, 0.0000000000000000000, -1.000000000000000000 ) ) ;
#3612 = ORIENTED_EDGE ( 'NONE', *, *, #2052, .T. ) ;
#3613 = FACE_BOUND ( 'NONE', #2245, .T. ) ;
#3614 = CARTESIAN_POINT ( 'NONE',  ( -4.561983879929529800, 18.13816930062012700, 110.3629579445875500 ) ) ;
#3615 = CARTESIAN_POINT ( 'NONE',  ( -9.185862456369450900, 18.13816930062015600, 100.9936517030025400 ) ) ;
#3616 = DIRECTION ( 'NONE',  ( -3.527233544058401500E-015, -3.527233544058401500E-015, 1.000000000000000000 ) ) ;
#3617 = AXIS2_PLACEMENT_3D ( 'NONE', #3186, #984, #2865 ) ;
#3618 = VECTOR ( 'NONE', #744, 1000.000000000000000 ) ;
#3619 = CARTESIAN_POINT ( 'NONE',  ( -29.72930008502348500, 2.553388576222231200E-015, -20.85000000000000100 ) ) ;
#3620 = CYLINDRICAL_SURFACE ( 'NONE', #174, 16.05999999999998800 ) ;
#3621 = CC_DESIGN_PERSON_AND_ORGANIZATION_ASSIGNMENT ( #3039, #3760, ( #3405 ) ) ;
#3622 = ORIENTED_EDGE ( 'NONE', *, *, #73, .T. ) ;
#3623 = DIRECTION ( 'NONE',  ( 0.9999506762177210500, 0.009932025559894206200, 0.0000000000000000000 ) ) ;
#3624 = COORDINATED_UNIVERSAL_TIME_OFFSET ( 0, 0, .AHEAD. ) ;
#3625 = ADVANCED_FACE ( 'NONE', ( #457 ), #2760, .F. ) ;
#3626 = CARTESIAN_POINT ( 'NONE',  ( -10.97806736987881800, 18.13816930062018100, 95.13234849141071000 ) ) ;
#3627 = CARTESIAN_POINT ( 'NONE',  ( -49.10930008502348400, 0.0000000000000000000, 0.0000000000000000000 ) ) ;
#3628 = EDGE_CURVE ( 'NONE', #1591, #490, #2031, .T. ) ;
#3629 = AXIS2_PLACEMENT_3D ( 'NONE', #485, #2673, #786 ) ;
#3630 = AXIS2_PLACEMENT_3D ( 'NONE', #3754, #1877, #3 ) ;
#3631 = CARTESIAN_POINT ( 'NONE',  ( 6.965162568286553200, 19.13816930062024800, 75.75009350007640300 ) ) ;
#3632 = CARTESIAN_POINT ( 'NONE',  ( 0.0000000000000000000, 0.0000000000000000000, 0.0000000000000000000 ) ) ;
#3633 = CARTESIAN_POINT ( 'NONE',  ( -17.90819268389989800, 0.0000000000000000000, -26.18499999999998800 ) ) ;
#3634 = CARTESIAN_POINT ( 'NONE',  ( -5.640199832457074800, 18.13816930062022700, 82.06845450653808900 ) ) ;
#3635 = DIRECTION ( 'NONE',  ( 0.0000000000000000000, 0.0000000000000000000, 1.000000000000000000 ) ) ;
#3636 = ORIENTED_EDGE ( 'NONE', *, *, #2947, .T. ) ;
#3637 = ORIENTED_EDGE ( 'NONE', *, *, #3121, .T. ) ;
#3638 = LINE ( 'NONE', #2582, #504 ) ;
#3639 = CARTESIAN_POINT ( 'NONE',  ( -49.10930008502348400, 2.830771076229107100E-015, -23.11499999999999800 ) ) ;
#3640 = DIRECTION ( 'NONE',  ( -1.000000000000000000, -0.0000000000000000000, -0.0000000000000000000 ) ) ;
#3641 = EDGE_CURVE ( 'NONE', #3608, #807, #1190, .T. ) ;
#3642 = ADVANCED_FACE ( 'NONE', ( #1929 ), #991, .T. ) ;
#3643 = CONICAL_SURFACE ( 'NONE', #715, 18.29999999999999000, 0.2617993877991508500 ) ;
#3644 = ORIENTED_EDGE ( 'NONE', *, *, #1601, .T. ) ;
#3645 = DIRECTION ( 'NONE',  ( -3.511882195144947800E-015, -3.511882195144947800E-015, 1.000000000000000000 ) ) ;
#3646 = EDGE_CURVE ( 'NONE', #3017, #2730, #1828, .T. ) ;
#3647 = FACE_OUTER_BOUND ( 'NONE', #3490, .T. ) ;
#3648 = VERTEX_POINT ( 'NONE', #993 ) ;
#3649 = PERSON_AND_ORGANIZATION ( #2705, #2437 ) ;
#3650 = PLANE ( 'NONE',  #999 ) ;
#3651 = ORIENTED_EDGE ( 'NONE', *, *, #1170, .T. ) ;
#3652 = DIRECTION ( 'NONE',  ( -0.0000000000000000000, -0.0000000000000000000, 1.000000000000000000 ) ) ;
#3653 = ORIENTED_EDGE ( 'NONE', *, *, #2069, .T. ) ;
#3654 = ORIENTED_EDGE ( 'NONE', *, *, #1610, .F. ) ;
#3655 = VERTEX_POINT ( 'NONE', #1642 ) ;
#3656 = DIRECTION ( 'NONE',  ( -1.000000000000000000, -0.0000000000000000000, -0.0000000000000000000 ) ) ;
#3657 = ADVANCED_BREP_SHAPE_REPRESENTATION ( '', ( #1968, #870 ), #1303 ) ;
#3658 = PRODUCT_RELATED_PRODUCT_CATEGORY ( 'detail', '', ( #3857 ) ) ;
#3659 = ORIENTED_EDGE ( 'NONE', *, *, #3992, .T. ) ;
#3660 = FACE_BOUND ( 'NONE', #1493, .T. ) ;
#3661 = CARTESIAN_POINT ( 'NONE',  ( 28.01798991764032500, 19.14014122132986300, 94.26944704387436500 ) ) ;
#3662 = DESIGN_CONTEXT ( 'detailed design', #2832, 'design' ) ;
#3663 = CYLINDRICAL_SURFACE ( 'NONE', #3739, 23.71000000000000100 ) ;
#3664 = ADVANCED_FACE ( 'NONE', ( #2663, #3593 ), #3517, .T. ) ;
#3665 = CARTESIAN_POINT ( 'NONE',  ( 0.0000000000000000000, -1.993635844479429000E-013, 57.10000000000000100 ) ) ;
#3666 = CARTESIAN_POINT ( 'NONE',  ( 23.90175832350542600, 19.12581334968176700, 107.5339848260697700 ) ) ;
#3667 = CIRCLE ( 'NONE', #2439, 20.00000000000000400 ) ;
#3668 = EDGE_CURVE ( 'NONE', #490, #609, #156, .T. ) ;
#3669 = APPROVAL_PERSON_ORGANIZATION ( #439, #3043, #3793 ) ;
#3670 = CARTESIAN_POINT ( 'NONE',  ( 58.15865425799412900, 0.0000000000000000000, -26.12499999999998600 ) ) ;
#3671 = DIRECTION ( 'NONE',  ( 1.000000000000000000, 0.0000000000000000000, 0.0000000000000000000 ) ) ;
#3672 = CC_DESIGN_PERSON_AND_ORGANIZATION_ASSIGNMENT ( #439, #50, ( #2625 ) ) ;
#3673 = CALENDAR_DATE ( 2017, 28, 6 ) ;
#3674 = CARTESIAN_POINT ( 'NONE',  ( 29.00485240812611200, 18.13816930062017000, 97.15354088896261000 ) ) ;
#3675 = CARTESIAN_POINT ( 'NONE',  ( 27.96888185340096200, 19.14134254962084100, 93.45410175046468700 ) ) ;
#3676 = AXIS2_PLACEMENT_3D ( 'NONE', #3194, #1310, #680 ) ;
#3677 = AXIS2_PLACEMENT_3D ( 'NONE', #3561, #1687, #3878 ) ;
#3678 = DIRECTION ( 'NONE',  ( -1.000000000000000000, -0.0000000000000000000, -0.0000000000000000000 ) ) ;
#3679 = CARTESIAN_POINT ( 'NONE',  ( -20.40819268389990200, 3.206737643567343200E-015, 26.18499999999998800 ) ) ;
#3680 = ADVANCED_FACE ( 'NONE', ( #260, #1093 ), #1660, .T. ) ;
#3681 = APPLICATION_CONTEXT ( 'configuration controlled 3d designs of mechanical parts and assemblies' ) ;
#3682 = SHAPE_REPRESENTATION_RELATIONSHIP ( 'NONE' , 'NONE' ,  #3117, #3582 ) ;
#3683 = AXIS2_PLACEMENT_3D ( 'NONE', #1376, #1051, #3245 ) ;
#3684 = CARTESIAN_POINT ( 'NONE',  ( 26.90444465265942500, 18.13816930062014900, 102.2292436091247200 ) ) ;
#3685 = CARTESIAN_POINT ( 'NONE',  ( 12.01396174318490900, 18.13816930062024800, 76.91750779185711900 ) ) ;
#3686 = CYLINDRICAL_SURFACE ( 'NONE', #1666, 16.05999999999998800 ) ;
#3687 = FACE_OUTER_BOUND ( 'NONE', #3997, .T. ) ;
#3688 = CARTESIAN_POINT ( 'NONE',  ( -26.93262969212313600, 0.0000000000000000000, 0.0000000000000000000 ) ) ;
#3689 = ORIENTED_EDGE ( 'NONE', *, *, #1277, .T. ) ;
#3690 = DIRECTION ( 'NONE',  ( 1.000000000000000000, 0.0000000000000000000, 0.0000000000000000000 ) ) ;
#3691 = DIRECTION ( 'NONE',  ( 1.000000000000000000, 0.0000000000000000000, 0.0000000000000000000 ) ) ;
#3692 = EDGE_CURVE ( 'NONE', #3314, #422, #1732, .T. ) ;
#3693 = ORIENTED_EDGE ( 'NONE', *, *, #2807, .F. ) ;
#3694 = LINE ( 'NONE', #1176, #270 ) ;
#3695 = APPROVAL_STATUS ( 'not_yet_approved' ) ;
#3696 = ORIENTED_EDGE ( 'NONE', *, *, #2531, .F. ) ;
#3697 = CALENDAR_DATE ( 2017, 28, 6 ) ;
#3698 = EDGE_LOOP ( 'NONE', ( #281, #1785, #2339, #3651 ) ) ;
#3699 = EDGE_CURVE ( 'NONE', #121, #361, #2567, .T. ) ;
#3700 = ORIENTED_EDGE ( 'NONE', *, *, #3628, .T. ) ;
#3701 = CARTESIAN_POINT ( 'NONE',  ( 24.62195165006132000, 19.12652388747264700, 106.6281222425984700 ) ) ;
#3702 = AXIS2_PLACEMENT_3D ( 'NONE', #1121, #3996, #165 ) ;
#3703 = ADVANCED_FACE ( 'NONE', ( #61, #890 ), #2605, .F. ) ;
#3704 = CARTESIAN_POINT ( 'NONE',  ( 16.79818661043985600, 19.18435458591776000, 78.24482956865124100 ) ) ;
#3705 = EDGE_LOOP ( 'NONE', ( #3397, #713, #3747, #1989, #280 ) ) ;
#3706 = ORIENTED_EDGE ( 'NONE', *, *, #781, .T. ) ;
#3707 = CYLINDRICAL_SURFACE ( 'NONE', #1611, 20.85000000000000100 ) ;
#3708 = DIRECTION ( 'NONE',  ( 0.0000000000000000000, 0.0000000000000000000, -1.000000000000000000 ) ) ;
#3709 = FACE_OUTER_BOUND ( 'NONE', #3949, .T. ) ;
#3710 = CARTESIAN_POINT ( 'NONE',  ( 9.058385992382167000, -13.24183069937990200, 118.7827306777149400 ) ) ;
#3711 = PERSON_AND_ORGANIZATION_ROLE ( 'creator' ) ;
#3712 = FACE_BOUND ( 'NONE', #1656, .T. ) ;
#3713 = CARTESIAN_POINT ( 'NONE',  ( 21.35953584868004300, 18.13816930062012400, 111.4415494511973000 ) ) ;
#3714 = CARTESIAN_POINT ( 'NONE',  ( -22.20005111260406500, 0.0000000000000000000, 0.0000000000000000000 ) ) ;
#3715 = CARTESIAN_POINT ( 'NONE',  ( 22.65890227406706400, 18.13816930062023000, 80.92469106253521700 ) ) ;
#3716 = ORIENTED_EDGE ( 'NONE', *, *, #134, .F. ) ;
#3717 = CARTESIAN_POINT ( 'NONE',  ( -40.35930008502347700, 0.0000000000000000000, 0.0000000000000000000 ) ) ;
#3718 = EDGE_CURVE ( 'NONE', #2358, #2225, #2472, .T. ) ;
#3719 = CARTESIAN_POINT ( 'NONE',  ( -10.96884185042694100, 18.13816930062017400, 96.43651677756608400 ) ) ;
#3720 = CARTESIAN_POINT ( 'NONE',  ( 58.15865425799412900, 0.0000000000000000000, 0.0000000000000000000 ) ) ;
#3721 = DIRECTION ( 'NONE',  ( 1.000000000000000000, -0.0000000000000000000, -0.0000000000000000000 ) ) ;
#3722 = CARTESIAN_POINT ( 'NONE',  ( -0.1729759675823189000, 19.12241048924320500, 112.3087958863664500 ) ) ;
#3723 = DIRECTION ( 'NONE',  ( 2.382254525458732900E-015, -0.7071067811865401300, -0.7071067811865549000 ) ) ;
#3724 = ADVANCED_FACE ( 'NONE', ( #790 ), #2370, .F. ) ;
#3725 = EDGE_CURVE ( 'NONE', #2420, #221, #3203, .T. ) ;
#3726 = CARTESIAN_POINT ( 'NONE',  ( 12.21429416164733300, 18.13816930062024800, 75.88006219497573600 ) ) ;
#3727 = APPROVAL_ROLE ( '' ) ;
#3728 = CARTESIAN_POINT ( 'NONE',  ( 25.43458435211754300, 18.13816930062013500, 107.2145261090418000 ) ) ;
#3729 = CARTESIAN_POINT ( 'NONE',  ( 17.04389521533635900, 18.13816930062011700, 112.9619376339074000 ) ) ;
#3730 = DESIGN_CONTEXT ( 'detailed design', #4069, 'design' ) ;
#3731 = CARTESIAN_POINT ( 'NONE',  ( 24.41256229372712400, 18.13816930062021300, 84.49124595415926800 ) ) ;
#3732 = CC_DESIGN_APPROVAL ( #3526, ( #2901 ) ) ;
#3733 = CARTESIAN_POINT ( 'NONE',  ( -9.704076875790031300, 18.13816930062018400, 92.67067652989570100 ) ) ;
#3734 = CARTESIAN_POINT ( 'NONE',  ( 58.15865425799412900, 0.0000000000000000000, -27.12499999999998600 ) ) ;
#3735 = CARTESIAN_POINT ( 'NONE',  ( -7.672033089317618100, 19.12818475014573500, 104.6827226663166400 ) ) ;
#3736 = DIRECTION ( 'NONE',  ( -1.000000000000000000, 0.0000000000000000000, 0.0000000000000000000 ) ) ;
#3737 = FACE_BOUND ( 'NONE', #2229, .T. ) ;
#3738 = MECHANICAL_CONTEXT ( 'NONE', #550, 'mechanical' ) ;
#3739 = AXIS2_PLACEMENT_3D ( 'NONE', #1189, #2768, #2135 ) ;
#3740 = FACE_OUTER_BOUND ( 'NONE', #2543, .T. ) ;
#3741 = CARTESIAN_POINT ( 'NONE',  ( 11.04680743037961900, 19.12101969330998900, 114.5549214092675500 ) ) ;
#3742 = VERTEX_POINT ( 'NONE', #944 ) ;
#3743 = CARTESIAN_POINT ( 'NONE',  ( 26.04789270736571900, 19.15355662883007800, 87.12156800270931000 ) ) ;
#3744 = EDGE_CURVE ( 'NONE', #176, #2217, #3298, .T. ) ;
#3745 = CIRCLE ( 'NONE', #3469, 26.18499999999998800 ) ;
#3746 = EDGE_LOOP ( 'NONE', ( #3354, #2181, #668, #3609 ) ) ;
#3747 = ORIENTED_EDGE ( 'NONE', *, *, #3692, .T. ) ;
#3748 = PERSON_AND_ORGANIZATION ( #2705, #2437 ) ;
#3749 = ORIENTED_EDGE ( 'NONE', *, *, #3802, .F. ) ;
#3750 = ORIENTED_EDGE ( 'NONE', *, *, #635, .F. ) ;
#3751 = CC_DESIGN_APPROVAL ( #3535, ( #2911 ) ) ;
#3752 = CARTESIAN_POINT ( 'NONE',  ( -8.982188833397701800, 19.14806930753531200, 89.65849502100823500 ) ) ;
#3753 = DIRECTION ( 'NONE',  ( 0.0000000000000000000, 0.0000000000000000000, -1.000000000000000000 ) ) ;
#3754 = CARTESIAN_POINT ( 'NONE',  ( 9.058385992382248700, 56.23816930062032800, 28.56773067771505100 ) ) ;
#3755 = CARTESIAN_POINT ( 'NONE',  ( -8.027887566280394800, 19.15309683288267800, 87.31834157422878200 ) ) ;
#3756 = CARTESIAN_POINT ( 'NONE',  ( -53.30290323835134800, 0.0000000000000000000, 0.0000000000000000000 ) ) ;
#3757 = ORIENTED_EDGE ( 'NONE', *, *, #1969, .T. ) ;
#3758 = ORIENTED_EDGE ( 'NONE', *, *, #2201, .F. ) ;
#3759 = CARTESIAN_POINT ( 'NONE',  ( -29.72930008502348500, 0.0000000000000000000, 0.0000000000000000000 ) ) ;
#3760 = PERSON_AND_ORGANIZATION_ROLE ( 'classification_officer' ) ;
#3761 = VERTEX_POINT ( 'NONE', #3770 ) ;
#3762 = DIRECTION ( 'NONE',  ( 0.0000000000000000000, 0.0000000000000000000, -1.000000000000000000 ) ) ;
#3763 = AXIS2_PLACEMENT_3D ( 'NONE', #2764, #1207, #3387 ) ;
#3764 = LINE ( 'NONE', #579, #2928 ) ;
#3765 = AXIS2_PLACEMENT_3D ( 'NONE', #3759, #1881, #6 ) ;
#3766 = DIRECTION ( 'NONE',  ( 0.0000000000000000000, -1.000000000000000000, -3.491481338843133400E-015 ) ) ;
#3767 = LINE ( 'NONE', #1209, #2934 ) ;
#3768 = CARTESIAN_POINT ( 'NONE',  ( -7.307563049756174300, 18.13816930062022000, 84.07923656994113100 ) ) ;
#3769 = ORIENTED_EDGE ( 'NONE', *, *, #2837, .T. ) ;
#3770 = CARTESIAN_POINT ( 'NONE',  ( 9.058385992382191900, -4.491830699379869800, 111.7277306777149600 ) ) ;
#3771 = EDGE_CURVE ( 'NONE', #1305, #2681, #1632, .T. ) ;
#3772 = CALENDAR_DATE ( 2017, 28, 6 ) ;
#3773 = APPROVAL_STATUS ( 'not_yet_approved' ) ;
#3774 = CARTESIAN_POINT ( 'NONE',  ( -41.35930008502347700, 2.089247439345385700E-015, -17.06000000000001300 ) ) ;
#3775 = DATE_AND_TIME ( #540, #1379 ) ;
#3776 = EDGE_CURVE ( 'NONE', #2600, #964, #1533, .T. ) ;
#3777 = CARTESIAN_POINT ( 'NONE',  ( -3.541619273792926800, 18.13816930061909700, 81.45541403029753300 ) ) ;
#3778 = DIRECTION ( 'NONE',  ( -1.000000000000000000, 0.0000000000000000000, 0.0000000000000000000 ) ) ;
#3779 = EDGE_CURVE ( 'NONE', #971, #2819, #695, .T. ) ;
#3780 = AXIS2_PLACEMENT_3D ( 'NONE', #3300, #1428, #3936 ) ;
#3781 = DATE_TIME_ROLE ( 'classification_date' ) ;
#3782 = EDGE_LOOP ( 'NONE', ( #167, #1263, #718, #2274, #760 ) ) ;
#3783 = CARTESIAN_POINT ( 'NONE',  ( 1.100855550228648600, 19.18375345373396400, 78.37687770759411900 ) ) ;
#3784 = VECTOR ( 'NONE', #3825, 1000.000000000000000 ) ;
#3785 = CARTESIAN_POINT ( 'NONE',  ( -54.60819268389989400, 0.0000000000000000000, 0.0000000000000000000 ) ) ;
#3786 = CARTESIAN_POINT ( 'NONE',  ( -41.35930008502347700, 0.0000000000000000000, 0.0000000000000000000 ) ) ;
#3787 = CARTESIAN_POINT ( 'NONE',  ( 9.058385992382248700, 56.23816930062032800, 31.56773067771505100 ) ) ;
#3788 = DIRECTION ( 'NONE',  ( 0.0000000000000000000, 1.000000000000000000, 3.491481338843133400E-015 ) ) ;
#3789 = CARTESIAN_POINT ( 'NONE',  ( 28.60749293876878600, 18.13816930062016700, 100.0771568155712900 ) ) ;
#3790 = DIRECTION ( 'NONE',  ( 0.0000000000000000000, 0.0000000000000000000, -1.000000000000000000 ) ) ;
#3791 = FACE_OUTER_BOUND ( 'NONE', #3114, .T. ) ;
#3792 = CARTESIAN_POINT ( 'NONE',  ( 18.96996632938054000, 18.13816930062023800, 78.26005307425062100 ) ) ;
#3793 = APPROVAL_ROLE ( '' ) ;
#3794 = ORIENTED_EDGE ( 'NONE', *, *, #2602, .T. ) ;
#3795 = PERSON_AND_ORGANIZATION ( #2705, #2437 ) ;
#3796 = ORIENTED_EDGE ( 'NONE', *, *, #2303, .F. ) ;
#3797 = EDGE_LOOP ( 'NONE', ( #3847, #3796, #3700, #2540 ) ) ;
#3798 = AXIS2_PLACEMENT_3D ( 'NONE', #3881, #2800, #2489 ) ;
#3799 = DIRECTION ( 'NONE',  ( -0.0000000000000000000, 0.0000000000000000000, -1.000000000000000000 ) ) ;
#3800 = FACE_OUTER_BOUND ( 'NONE', #1540, .T. ) ;
#3801 = VERTEX_POINT ( 'NONE', #652 ) ;
#3802 = EDGE_CURVE ( 'NONE', #1450, #1409, #3940, .T. ) ;
#3803 = DATE_AND_TIME ( #567, #1408 ) ;
#3804 = ORIENTED_EDGE ( 'NONE', *, *, #686, .T. ) ;
#3805 = EDGE_LOOP ( 'NONE', ( #1203, #1694 ) ) ;
#3806 = CLOSED_SHELL ( 'NONE', ( #3047, #2411, #209, #2084, #1733, #2953, #2144, #1122, #3294, #448, #2312, #2478, #1773, #3583, #3680, #2684, #1524, #2394, #2642, #1481, #2352, #1835, #2703, #3254, #838, #150, #1196, #1762 ) ) ;
#3807 = EDGE_LOOP ( 'NONE', ( #855, #519, #3015, #2623 ) ) ;
#3808 = CARTESIAN_POINT ( 'NONE',  ( 6.965162568286553200, 18.13816930062024800, 75.75009350007640300 ) ) ;
#3809 = ORIENTED_EDGE ( 'NONE', *, *, #2451, .T. ) ;
#3810 = CARTESIAN_POINT ( 'NONE',  ( -17.90819268389989800, 0.0000000000000000000, 0.0000000000000000000 ) ) ;
#3811 = CARTESIAN_POINT ( 'NONE',  ( 9.058385992382175900, 18.13816930062010300, 116.5177306777150600 ) ) ;
#3812 = LINE ( 'NONE', #411, #576 ) ;
#3813 = DIRECTION ( 'NONE',  ( 0.0000000000000000000, -1.000000000000000000, -3.491481338843133400E-015 ) ) ;
#3814 = DIRECTION ( 'NONE',  ( 0.0000000000000000000, 0.0000000000000000000, 1.000000000000000000 ) ) ;
#3815 = DIRECTION ( 'NONE',  ( -0.0000000000000000000, -0.0000000000000000000, 1.000000000000000000 ) ) ;
#3816 = VECTOR ( 'NONE', #125, 1000.000000000000100 ) ;
#3817 = DIRECTION ( 'NONE',  ( -1.000000000000000000, 0.0000000000000000000, 0.0000000000000000000 ) ) ;
#3818 = AXIS2_PLACEMENT_3D ( 'NONE', #1659, #1374, #2609 ) ;
#3819 = CIRCLE ( 'NONE', #2991, 26.18499999999999500 ) ;
#3820 = CC_DESIGN_PERSON_AND_ORGANIZATION_ASSIGNMENT ( #1890, #3097, ( #1044 ) ) ;
#3821 = DIRECTION ( 'NONE',  ( 1.224646799147353200E-016, 1.000000000000000000, -0.0000000000000000000 ) ) ;
#3822 = DIRECTION ( 'NONE',  ( 0.0000000000000000000, 0.0000000000000000000, -1.000000000000000000 ) ) ;
#3823 = DIRECTION ( 'NONE',  ( 0.0000000000000000000, 0.0000000000000000000, -1.000000000000000000 ) ) ;
#3824 = CALENDAR_DATE ( 2017, 28, 6 ) ;
#3825 = DIRECTION ( 'NONE',  ( 0.0000000000000000000, 0.0000000000000000000, -1.000000000000000000 ) ) ;
#3826 = CARTESIAN_POINT ( 'NONE',  ( 13.84207685339963800, 19.18984748306127100, 77.24185799263325700 ) ) ;
#3827 = CARTESIAN_POINT ( 'NONE',  ( 1.289837740909597400, 19.18418676683396700, 78.29164484673759700 ) ) ;
#3828 = DIRECTION ( 'NONE',  ( -1.000000000000000000, 0.0000000000000000000, -0.0000000000000000000 ) ) ;
#3829 = AXIS2_PLACEMENT_3D ( 'NONE', #651, #2549, #352 ) ;
#3830 = CARTESIAN_POINT ( 'NONE',  ( 13.50577786889422400, 18.13816930062024800, 76.13047698851849500 ) ) ;
#3831 = DIRECTION ( 'NONE',  ( -1.000000000000000000, -0.0000000000000000000, -0.0000000000000000000 ) ) ;
#3832 = DIRECTION ( 'NONE',  ( -1.000000000000000000, -0.0000000000000000000, -0.0000000000000000000 ) ) ;
#3833 = CC_DESIGN_DATE_AND_TIME_ASSIGNMENT ( #3775, #1883, ( #3405 ) ) ;
#3834 = CARTESIAN_POINT ( 'NONE',  ( -17.90819268389989800, 0.0000000000000000000, -16.05999999999999200 ) ) ;
#3835 = CARTESIAN_POINT ( 'NONE',  ( 9.058385992382248700, 56.23816930062032800, -10.63226932228494800 ) ) ;
#3836 = CARTESIAN_POINT ( 'NONE',  ( -18.40819268389988400, 2.893228062985621000E-015, 23.62499999999999300 ) ) ;
#3837 = EDGE_CURVE ( 'NONE', #3962, #1331, #2265, .T. ) ;
#3838 = AXIS2_PLACEMENT_3D ( 'NONE', #1094, #3292, #1419 ) ;
#3839 = AXIS2_PLACEMENT_3D ( 'NONE', #2518, #632, #2828 ) ;
#3840 = FACE_OUTER_BOUND ( 'NONE', #2081, .T. ) ;
#3841 = FACE_BOUND ( 'NONE', #1111, .T. ) ;
#3842 = ORIENTED_EDGE ( 'NONE', *, *, #3925, .F. ) ;
#3843 = DIRECTION ( 'NONE',  ( -0.9999506762177210500, -0.009932025559894197600, 0.0000000000000000000 ) ) ;
#3844 = CARTESIAN_POINT ( 'NONE',  ( 2.326828918379971000E-015, 0.0000000000000000000, 0.0000000000000000000 ) ) ;
#3845 = CIRCLE ( 'NONE', #1791, 20.00000000000000000 ) ;
#3846 = DIRECTION ( 'NONE',  ( 1.000000000000000000, 0.0000000000000000000, -0.0000000000000000000 ) ) ;
#3847 = ORIENTED_EDGE ( 'NONE', *, *, #3076, .F. ) ;
#3848 = CALENDAR_DATE ( 2017, 28, 6 ) ;
#3849 = ORIENTED_EDGE ( 'NONE', *, *, #938, .T. ) ;
#3850 = CARTESIAN_POINT ( 'NONE',  ( 9.058385992382248700, -17.43543385270768900, 95.66773067771492800 ) ) ;
#3851 = ORIENTED_EDGE ( 'NONE', *, *, #1459, .T. ) ;
#3852 = PRODUCT_DEFINITION_SHAPE ( 'NONE', 'NONE',  #4074 ) ;
#3853 = CARTESIAN_POINT ( 'NONE',  ( 8.278624805543657300, 18.13816930062024500, 75.61165695025158600 ) ) ;
#3854 = ORIENTED_EDGE ( 'NONE', *, *, #973, .F. ) ;
#3855 = EDGE_LOOP ( 'NONE', ( #3304, #2872, #1850, #2680 ) ) ;
#3856 = LINE ( 'NONE', #431, #3023 ) ;
#3857 = PRODUCT ( 'Part2^PL-24-90-WF', 'Part2^PL-24-90-WF', '', ( #2140 ) ) ;
#3858 = EDGE_CURVE ( 'NONE', #37, #2972, #1433, .T. ) ;
#3859 = ORIENTED_EDGE ( 'NONE', *, *, #2099, .F. ) ;
#3860 = VECTOR ( 'NONE', #1134, 1000.000000000000000 ) ;
#3861 = CARTESIAN_POINT ( 'NONE',  ( 9.058385992382248700, 56.23816930062032800, 57.56773067771505500 ) ) ;
#3862 = CARTESIAN_POINT ( 'NONE',  ( 0.0000000000000000000, 38.10000000000000100, -26.00000000000000000 ) ) ;
#3863 = DIRECTION ( 'NONE',  ( 0.2079014358267889100, 0.002064984227402789900, 0.9781476007338055800 ) ) ;
#3864 = CARTESIAN_POINT ( 'NONE',  ( 11.04857194060784300, 18.13816930062010600, 114.5716867875559900 ) ) ;
#3865 = EDGE_CURVE ( 'NONE', #76, #322, #600, .T. ) ;
#3866 = CARTESIAN_POINT ( 'NONE',  ( 9.058385992382248700, 56.23816930062032800, 17.68773067771506300 ) ) ;
#3867 = VECTOR ( 'NONE', #278, 999.9999999999998900 ) ;
#3868 = ORIENTED_EDGE ( 'NONE', *, *, #1291, .T. ) ;
#3869 = CARTESIAN_POINT ( 'NONE',  ( 9.058385992382248700, -4.491830699379812900, 95.66773067771497100 ) ) ;
#3870 = CARTESIAN_POINT ( 'NONE',  ( -9.941614007617747700, 56.23816930062032800, 31.56773067771505100 ) ) ;
#3871 = LOCAL_TIME ( 8, 11, 46.00000000000000000, #636 ) ;
#3872 = PRODUCT_DEFINITION ( 'UNKNOWN', '', #836, #2888 ) ;
#3873 = PERSON_AND_ORGANIZATION ( #2705, #2437 ) ;
#3874 = DIRECTION ( 'NONE',  ( 0.0000000000000000000, -1.000000000000000000, -3.491481338843133400E-015 ) ) ;
#3875 = CARTESIAN_POINT ( 'NONE',  ( 4.853393095018079300, 19.12121320049879000, 114.2299332170968600 ) ) ;
#3876 = CARTESIAN_POINT ( 'NONE',  ( -17.72930008502348500, 1.966782759430649000E-015, -16.05999999999999900 ) ) ;
#3877 = CARTESIAN_POINT ( 'NONE',  ( 25.21247363957295600, 19.15734888228833900, 85.57466160533330400 ) ) ;
#3878 = DIRECTION ( 'NONE',  ( 0.0000000000000000000, 0.0000000000000000000, -1.000000000000000000 ) ) ;
#3879 = AXIS2_PLACEMENT_3D ( 'NONE', #3258, #2647, #2958 ) ;
#3880 = CARTESIAN_POINT ( 'NONE',  ( 9.058385992382248700, -13.24183069937982200, 95.66773067771494300 ) ) ;
#3881 = CARTESIAN_POINT ( 'NONE',  ( -14.05661400761775100, -13.24183069937982200, 95.66773067771485700 ) ) ;
#3882 = DIRECTION ( 'NONE',  ( -1.000000000000000000, -0.0000000000000000000, -0.0000000000000000000 ) ) ;
#3883 = EDGE_CURVE ( 'NONE', #610, #1747, #4039, .T. ) ;
#3884 = SECURITY_CLASSIFICATION ( '', '', #2561 ) ;
#3885 = CARTESIAN_POINT ( 'NONE',  ( 9.058385992382248700, 56.23816930062032800, -86.69911626417898300 ) ) ;
#3886 = CARTESIAN_POINT ( 'NONE',  ( -0.8408499707120243900, 18.13816930062011300, 113.0492236888990600 ) ) ;
#3887 = DIRECTION ( 'NONE',  ( 1.000000000000000000, -0.0000000000000000000, -0.0000000000000000000 ) ) ;
#3888 = CARTESIAN_POINT ( 'NONE',  ( 26.79049531373296800, 19.14982078687136600, 88.80017481422831300 ) ) ;
#3889 = DIRECTION ( 'NONE',  ( -1.000000000000000000, 0.0000000000000000000, 0.0000000000000000000 ) ) ;
#3890 = LINE ( 'NONE', #1562, #3053 ) ;
#3891 = AXIS2_PLACEMENT_3D ( 'NONE', #3221, #1343, #3528 ) ;
#3892 = AXIS2_PLACEMENT_3D ( 'NONE', #3850, #1663, #3225 ) ;
#3893 = CARTESIAN_POINT ( 'NONE',  ( 9.058385992382248700, -13.24183069937982200, 95.66773067771494300 ) ) ;
#3894 = DIRECTION ( 'NONE',  ( -1.000000000000000000, -0.0000000000000000000, -0.0000000000000000000 ) ) ;
#3895 = ADVANCED_FACE ( 'NONE', ( #3840 ), #2910, .T. ) ;
#3896 = VECTOR ( 'NONE', #404, 1000.000000000000000 ) ;
#3897 = ORIENTED_EDGE ( 'NONE', *, *, #3771, .T. ) ;
#3898 = PERSON_AND_ORGANIZATION ( #2705, #2437 ) ;
#3899 = ORIENTED_EDGE ( 'NONE', *, *, #2388, .F. ) ;
#3900 = LINE ( 'NONE', #3935, #3062 ) ;
#3901 = DIRECTION ( 'NONE',  ( 0.0000000000000000000, 0.0000000000000000000, 1.000000000000000000 ) ) ;
#3902 = ORIENTED_EDGE ( 'NONE', *, *, #1672, .T. ) ;
#3903 = APPROVAL_DATE_TIME ( #662, #1002 ) ;
#3904 = CARTESIAN_POINT ( 'NONE',  ( -17.90819268389989800, 3.206737643567343200E-015, 26.18499999999998800 ) ) ;
#3905 = ORIENTED_EDGE ( 'NONE', *, *, #751, .T. ) ;
#3906 = CARTESIAN_POINT ( 'NONE',  ( -3.890615276366946600, 18.13816930060637800, 109.6377195062626400 ) ) ;
#3907 = DIRECTION ( 'NONE',  ( -0.9999506762177209400, -0.009932025559893975500, 0.0000000000000000000 ) ) ;
#3908 = AXIS2_PLACEMENT_3D ( 'NONE', #1984, #2612, #734 ) ;
#3909 = ORIENTED_EDGE ( 'NONE', *, *, #1953, .F. ) ;
#3910 = CARTESIAN_POINT ( 'NONE',  ( -22.77439587576796100, 0.0000000000000000000, 0.0000000000000000000 ) ) ;
#3911 = EDGE_LOOP ( 'NONE', ( #3174, #333 ) ) ;
#3912 =( NAMED_UNIT ( * ) PLANE_ANGLE_UNIT ( ) SI_UNIT ( $, .RADIAN. ) );
#3913 = VERTEX_POINT ( 'NONE', #685 ) ;
#3914 = CIRCLE ( 'NONE', #2658, 23.71000000000000100 ) ;
#3915 = DIRECTION ( 'NONE',  ( 0.0000000000000000000, 0.0000000000000000000, -1.000000000000000000 ) ) ;
#3916 = DIRECTION ( 'NONE',  ( -1.000000000000000000, -0.0000000000000000000, -0.0000000000000000000 ) ) ;
#3917 = DIRECTION ( 'NONE',  ( -0.9999506762177211600, -0.009932025559894168100, 0.0000000000000000000 ) ) ;
#3918 = CIRCLE ( 'NONE', #3452, 23.62499999999999600 ) ;
#3919 = EDGE_CURVE ( 'NONE', #37, #361, #1342, .T. ) ;
#3920 = CIRCLE ( 'NONE', #1729, 23.11499999999999500 ) ;
#3921 = ADVANCED_FACE ( 'NONE', ( #2169, #3737 ), #2887, .F. ) ;
#3922 = CARTESIAN_POINT ( 'NONE',  ( 7.863355491815373600, 18.13816930062010600, 115.6340728471951000 ) ) ;
#3923 = CARTESIAN_POINT ( 'NONE',  ( -7.022586451159125600, 19.12722364472756100, 105.7962279875675600 ) ) ;
#3924 = DIRECTION ( 'NONE',  ( 0.0000000000000000000, 0.0000000000000000000, 1.000000000000000000 ) ) ;
#3925 = EDGE_CURVE ( 'NONE', #660, #2628, #3638, .T. ) ;
#3926 = AXIS2_PLACEMENT_3D ( 'NONE', #3714, #3046, #4016 ) ;
#3927 = DIRECTION ( 'NONE',  ( 1.000000000000000000, 0.0000000000000000000, 0.0000000000000000000 ) ) ;
#3928 = DATE_AND_TIME ( #682, #1517 ) ;
#3929 = CARTESIAN_POINT ( 'NONE',  ( -9.491120089088815000, 19.13305160234233100, 99.78077408552323400 ) ) ;
#3930 = CARTESIAN_POINT ( 'NONE',  ( -10.46740988279025900, 18.13816930062016300, 99.99780664518262100 ) ) ;
#3931 = CARTESIAN_POINT ( 'NONE',  ( -6.739162076425228200, 18.13816930062014200, 107.9404046961549700 ) ) ;
#3932 = CARTESIAN_POINT ( 'NONE',  ( -10.22909150311981600, 18.13816930062015900, 100.9572753838877300 ) ) ;
#3933 = CARTESIAN_POINT ( 'NONE',  ( 28.50742664481690600, 56.43134719776026700, -6.340410893580783000 ) ) ;
#3934 = DIRECTION ( 'NONE',  ( 0.0000000000000000000, 0.0000000000000000000, -1.000000000000000000 ) ) ;
#3935 = CARTESIAN_POINT ( 'NONE',  ( 35.18338599238222700, 56.23816930062032800, 31.31773067771506500 ) ) ;
#3936 = DIRECTION ( 'NONE',  ( 0.0000000000000000000, 0.0000000000000000000, -1.000000000000000000 ) ) ;
#3937 = EDGE_CURVE ( 'NONE', #849, #2796, #405, .T. ) ;
#3938 = ADVANCED_FACE ( 'NONE', ( #1248 ), #3536, .T. ) ;
#3939 = DIRECTION ( 'NONE',  ( -2.468850131082282700E-015, -0.7071067811865450200, 0.7071067811865500200 ) ) ;
#3940 = CIRCLE ( 'NONE', #1163, 18.99999999999999600 ) ;
#3941 = EDGE_CURVE ( 'NONE', #1305, #3502, #2813, .T. ) ;
#3942 = EDGE_LOOP ( 'NONE', ( #2174, #663, #292, #3348, #1846 ) ) ;
#3943 = CARTESIAN_POINT ( 'NONE',  ( -10.78886152277771700, 18.13816930062018800, 93.16471793157452900 ) ) ;
#3944 = DIRECTION ( 'NONE',  ( 0.0000000000000000000, 0.0000000000000000000, 1.000000000000000000 ) ) ;
#3945 = CIRCLE ( 'NONE', #3524, 23.71000000000000100 ) ;
#3946 = ORIENTED_EDGE ( 'NONE', *, *, #3040, .F. ) ;
#3947 = CYLINDRICAL_SURFACE ( 'NONE', #736, 26.12499999999998600 ) ;
#3948 = DIRECTION ( 'NONE',  ( 0.1048176057378872700, 0.0000000000000000000, 0.9944914627724950100 ) ) ;
#3949 = EDGE_LOOP ( 'NONE', ( #1239, #3909 ) ) ;
#3950 = CC_DESIGN_SECURITY_CLASSIFICATION ( #2901, ( #1849 ) ) ;
#3951 = DIRECTION ( 'NONE',  ( 1.000000000000000000, 0.0000000000000000000, -0.0000000000000000000 ) ) ;
#3952 = ORIENTED_EDGE ( 'NONE', *, *, #1128, .F. ) ;
#3953 = DATE_AND_TIME ( #708, #1543 ) ;
#3954 = ORIENTED_EDGE ( 'NONE', *, *, #7, .T. ) ;
#3955 = ORIENTED_EDGE ( 'NONE', *, *, #1129, .T. ) ;
#3956 = ORIENTED_EDGE ( 'NONE', *, *, #3641, .T. ) ;
#3957 = EDGE_LOOP ( 'NONE', ( #2926, #1634, #1319, #1018 ) ) ;
#3958 = FACE_OUTER_BOUND ( 'NONE', #3357, .T. ) ;
#3959 = CARTESIAN_POINT ( 'NONE',  ( -53.30290323835134800, 1.966782759430649000E-015, -16.05999999999999900 ) ) ;
#3960 = ADVANCED_FACE ( 'NONE', ( #2708 ), #2610, .T. ) ;
#3961 = CARTESIAN_POINT ( 'NONE',  ( -4.228566811071229600, 18.13816930062023400, 80.68337208250153500 ) ) ;
#3962 = VERTEX_POINT ( 'NONE', #1029 ) ;
#3963 = AXIS2_PLACEMENT_3D ( 'NONE', #3987, #1798, #3671 ) ;
#3964 = CIRCLE ( 'NONE', #4019, 22.79500000000000900 ) ;
#3965 = EDGE_CURVE ( 'NONE', #1861, #2248, #1978, .T. ) ;
#3966 = VECTOR ( 'NONE', #3723, 1000.000000000000000 ) ;
#3967 = DIRECTION ( 'NONE',  ( 1.000000000000000000, -0.0000000000000000000, -0.0000000000000000000 ) ) ;
#3968 = CC_DESIGN_SECURITY_CLASSIFICATION ( #2911, ( #1863 ) ) ;
#3969 = ORIENTED_EDGE ( 'NONE', *, *, #3378, .F. ) ;
#3970 = DIRECTION ( 'NONE',  ( -0.0000000000000000000, -1.000000000000000000, -3.491481338843133400E-015 ) ) ;
#3971 = SHAPE_REPRESENTATION ( 'PL-24-ELBOW-ISSUE3', ( #870 ), #1084 ) ;
#3972 = CONTEXT_DEPENDENT_SHAPE_REPRESENTATION ( #2224, #3521 ) ;
#3973 = CARTESIAN_POINT ( 'NONE',  ( 28.05953302174342700, 18.13816930062019800, 89.40186205344593900 ) ) ;
#3974 = DIRECTION ( 'NONE',  ( 0.0000000000000000000, 0.0000000000000000000, -1.000000000000000000 ) ) ;
#3975 = CARTESIAN_POINT ( 'NONE',  ( 12.24363298448237500, 19.12111207939750600, 114.4001326489454700 ) ) ;
#3976 = AXIS2_PLACEMENT_3D ( 'NONE', #3094, #1222, #3407 ) ;
#3977 = LOCAL_TIME ( 8, 11, 46.00000000000000000, #731 ) ;
#3978 = AXIS2_PLACEMENT_3D ( 'NONE', #3236, #620, #2814 ) ;
#3979 = SHAPE_REPRESENTATION ( 'PL-24-90-WF', ( #3386, #2129, #2349, #2563, #2762 ), #2984 ) ;
#3980 = CARTESIAN_POINT ( 'NONE',  ( -53.30290323835134800, 0.0000000000000000000, 16.05999999999999900 ) ) ;
#3981 = DIRECTION ( 'NONE',  ( 1.000000000000000000, 0.0000000000000000000, 0.0000000000000000000 ) ) ;
#3982 = ADVANCED_FACE ( 'NONE', ( #1043 ), #1778, .F. ) ;
#3983 = EDGE_CURVE ( 'NONE', #2819, #1845, #3439, .T. ) ;
#3984 = CARTESIAN_POINT ( 'NONE',  ( 28.05227137968526200, 18.13816930062132100, 94.89024095335567200 ) ) ;
#3985 = CARTESIAN_POINT ( 'NONE',  ( 24.96251304552537000, 19.12699468365406800, 106.0701178845391200 ) ) ;
#3986 = PLANE ( 'NONE',  #3133 ) ;
#3987 = CARTESIAN_POINT ( 'NONE',  ( 9.058385992382248700, 56.23816930062032800, 57.56773067771505500 ) ) ;
#3988 = EDGE_CURVE ( 'NONE', #764, #1308, #1880, .T. ) ;
#3989 = ORIENTED_EDGE ( 'NONE', *, *, #1882, .F. ) ;
#3990 = LINE ( 'NONE', #319, #2323 ) ;
#3991 = DIRECTION ( 'NONE',  ( 0.0000000000000000000, 0.0000000000000000000, 1.000000000000000000 ) ) ;
#3992 = EDGE_CURVE ( 'NONE', #3801, #1488, #312, .T. ) ;
#3993 = CIRCLE ( 'NONE', #1925, 23.11499999999999800 ) ;
#3994 = CARTESIAN_POINT ( 'NONE',  ( 28.00752908737295100, 19.13627406081960900, 97.07864295439252100 ) ) ;
#3995 = AXIS2_PLACEMENT_3D ( 'NONE', #2033, #3916, #1723 ) ;
#3996 = DIRECTION ( 'NONE',  ( -1.000000000000000000, 0.0000000000000000000, 0.0000000000000000000 ) ) ;
#3997 = EDGE_LOOP ( 'NONE', ( #1599, #1227, #215, #1945, #1650 ) ) ;
#3998 = CALENDAR_DATE ( 2017, 28, 6 ) ;
#3999 = ADVANCED_FACE ( 'NONE', ( #834 ), #3341, .T. ) ;
#4000 = CARTESIAN_POINT ( 'NONE',  ( 7.069823739491337900, 19.19278306278409500, 76.74310073883368900 ) ) ;
#4001 = ORIENTED_EDGE ( 'NONE', *, *, #4021, .F. ) ;
#4002 = ORIENTED_EDGE ( 'NONE', *, *, #3457, .T. ) ;
#4003 = LINE ( 'NONE', #494, #1404 ) ;
#4004 = VERTEX_POINT ( 'NONE', #2935 ) ;
#4005 = APPROVAL_PERSON_ORGANIZATION ( #758, #1002, #2119 ) ;
#4006 = ORIENTED_EDGE ( 'NONE', *, *, #2052, .F. ) ;
#4007 = ORIENTED_EDGE ( 'NONE', *, *, #635, .T. ) ;
#4008 = DIRECTION ( 'NONE',  ( 1.000000000000000000, 0.0000000000000000000, 0.0000000000000000000 ) ) ;
#4009 = CARTESIAN_POINT ( 'NONE',  ( -9.941614007617747700, 56.23816930062032800, 57.56773067771505500 ) ) ;
#4010 = EDGE_LOOP ( 'NONE', ( #908, #613, #271, #3481 ) ) ;
#4011 = ORIENTED_EDGE ( 'NONE', *, *, #3234, .T. ) ;
#4012 = CIRCLE ( 'NONE', #554, 26.12499999999998200 ) ;
#4013 = APPROVAL_STATUS ( 'not_yet_approved' ) ;
#4014 = CARTESIAN_POINT ( 'NONE',  ( 27.34180539810409300, 18.13816930062014500, 103.7900647596348300 ) ) ;
#4015 = CYLINDRICAL_SURFACE ( 'NONE', #3038, 22.79499999999999500 ) ;
#4016 = DIRECTION ( 'NONE',  ( 0.0000000000000000000, 0.0000000000000000000, -1.000000000000000000 ) ) ;
#4017 = CARTESIAN_POINT ( 'NONE',  ( 9.058385992382248700, 56.23816930062032800, -10.63226932228494800 ) ) ;
#4018 = CARTESIAN_POINT ( 'NONE',  ( 13.46880269366592500, 18.13816930062024800, 76.12211216803515900 ) ) ;
#4019 = AXIS2_PLACEMENT_3D ( 'NONE', #86, #1965, #1646 ) ;
#4020 = FACE_OUTER_BOUND ( 'NONE', #936, .T. ) ;
#4021 = EDGE_CURVE ( 'NONE', #2284, #1300, #943, .T. ) ;
#4022 = CARTESIAN_POINT ( 'NONE',  ( 9.058385992382248700, 56.23816930062032800, -8.132269322284946300 ) ) ;
#4023 = CARTESIAN_POINT ( 'NONE',  ( 36.93201109195121000, 56.51502451310237500, -86.69911626417898300 ) ) ;
#4024 = CARTESIAN_POINT ( 'NONE',  ( -9.097143394908712800, 19.13129921225060300, 101.3870855447099900 ) ) ;
#4025 = DIRECTION ( 'NONE',  ( 1.000000000000000000, -0.0000000000000000000, -0.0000000000000000000 ) ) ;
#4026 = ADVANCED_FACE ( 'NONE', ( #13 ), #1682, .F. ) ;
#4027 = PERSON_AND_ORGANIZATION ( #2705, #2437 ) ;
#4028 = APPLICATION_PROTOCOL_DEFINITION ( 'international standard', 'config_control_design', 1994, #241 ) ;
#4029 = CARTESIAN_POINT ( 'NONE',  ( 23.44879770819211000, 18.13816930062356600, 108.0995337393872100 ) ) ;
#4030 = CARTESIAN_POINT ( 'NONE',  ( 18.42482522077970900, 18.13816930062024100, 79.15043349396989900 ) ) ;
#4031 = AXIS2_PLACEMENT_3D ( 'NONE', #436, #3255, #2313 ) ;
#4032 = B_SPLINE_CURVE_WITH_KNOTS ( 'NONE', 3,
 ( #2580, #1014, #2261, #66, #1951, #3827, #1630, #3500, #3197, #994, #2886, #684, #2564, #372, #4, #1878, #3755, #3432, #1253, #3129, #930, #2811, #616, #304, #2175, #1810, #251, #3381, #4024, #3083, #1867, #3735, #1547, #3424, #1241, #3108, #916, #599, #2163, #1854, #3722, #1531, #1224, #3096, #894, #2787, #591, #2470, #277 ),
 .UNSPECIFIED., .F., .F.,
 ( 4, 2, 2, 2, 2, 2, 2, 2, 2, 2, 2, 2, 1, 2, 2, 2, 2, 2, 2, 2, 2, 2, 2, 2, 4 ),
 ( 0.001991308475613329300, 0.005628005826391153600, 0.007446354501780067700, 0.009264703177168981700, 0.01290140052794682900, 0.01471974920333573800, 0.01653809787872465000, 0.02017479522950247100, 0.02199314390489140100, 0.02381149258028033100, 0.02744818993105818700, 0.02926653860644709600, 0.03108488728183600400, 0.03290323595722491300, 0.03472158463261381500, 0.03835828198339166800, 0.04017663065878060400, 0.04199497933416954100, 0.04563167668494735900, 0.04745002536033627500, 0.04926837403572518300, 0.05290507138650298700, 0.05472342006189188900, 0.05654176873728079100, 0.06017846608805860200 ),
 .UNSPECIFIED. ) ;
#4033 = CC_DESIGN_PERSON_AND_ORGANIZATION_ASSIGNMENT ( #1031, #1870, ( #1371 ) ) ;
#4034 = DIRECTION ( 'NONE',  ( -3.456485132705965600E-015, -3.456485132705965600E-015, 1.000000000000000000 ) ) ;
#4035 = SECURITY_CLASSIFICATION_LEVEL ( 'unclassified' ) ;
#4036 = CARTESIAN_POINT ( 'NONE',  ( 20.74447835587442800, 19.12352146411378900, 110.6525304795158500 ) ) ;
#4037 = ADVANCED_FACE ( 'NONE', ( #740 ), #3151, .T. ) ;
#4038 = CARTESIAN_POINT ( 'NONE',  ( 21.97887645992800300, 19.16954709203721300, 81.66010658795301000 ) ) ;
#4039 = CIRCLE ( 'NONE', #1794, 22.79500000000000200 ) ;
#4040 = APPROVAL ( #8, 'UNSPECIFIED' ) ;
#4041 = CARTESIAN_POINT ( 'NONE',  ( -9.967480458207271400, 19.13711309284185400, 96.39744924548249100 ) ) ;
#4042 = VECTOR ( 'NONE', #3438, 1000.000000000000000 ) ;
#4043 = DIRECTION ( 'NONE',  ( 1.000000000000000000, -0.0000000000000000000, -0.0000000000000000000 ) ) ;
#4044 = ORIENTED_EDGE ( 'NONE', *, *, #2892, .T. ) ;
#4045 = DIRECTION ( 'NONE',  ( -1.000000000000000000, -0.0000000000000000000, -0.0000000000000000000 ) ) ;
#4046 = DIRECTION ( 'NONE',  ( 0.7071067811865352500, 8.659560562355083200E-017, 0.7071067811865597900 ) ) ;
#4047 = DIRECTION ( 'NONE',  ( -0.0000000000000000000, 0.0000000000000000000, -1.000000000000000000 ) ) ;
#4048 = LINE ( 'NONE', #2161, #3211 ) ;
#4049 = DATE_TIME_ROLE ( 'creation_date' ) ;
#4050 = ORIENTED_EDGE ( 'NONE', *, *, #697, .T. ) ;
#4051 = APPROVAL_DATE_TIME ( #802, #507 ) ;
#4052 = EDGE_LOOP ( 'NONE', ( #3622, #2621 ) ) ;
#4053 = EDGE_CURVE ( 'NONE', #1410, #1450, #2414, .T. ) ;
#4054 = ORIENTED_EDGE ( 'NONE', *, *, #2524, .T. ) ;
#4055 = CARTESIAN_POINT ( 'NONE',  ( 16.25649889514334100, 18.13816930062011000, 114.3643986592359700 ) ) ;
#4056 = AXIS2_PLACEMENT_3D ( 'NONE', #2032, #3589, #3915 ) ;
#4057 = CARTESIAN_POINT ( 'NONE',  ( 25.43083941616012200, 18.13816930062021600, 84.15764219067293100 ) ) ;
#4058 = VERTEX_POINT ( 'NONE', #2634 ) ;
#4059 = AXIS2_PLACEMENT_3D ( 'NONE', #12, #2208, #337 ) ;
#4060 = ORIENTED_EDGE ( 'NONE', *, *, #1974, .F. ) ;
#4061 = ORIENTED_EDGE ( 'NONE', *, *, #2520, .F. ) ;
#4062 = CIRCLE ( 'NONE', #1330, 18.99999999999999600 ) ;
#4063 = VERTEX_POINT ( 'NONE', #1385 ) ;
#4064 = CARTESIAN_POINT ( 'NONE',  ( -10.64211484553621100, 18.13816930062019100, 92.18959430685947600 ) ) ;
#4065 = CARTESIAN_POINT ( 'NONE',  ( -60.10819268389990100, 0.0000000000000000000, 0.0000000000000000000 ) ) ;
#4066 = FACE_OUTER_BOUND ( 'NONE', #3269, .T. ) ;
#4067 = CARTESIAN_POINT ( 'NONE',  ( -40.35930008502347700, 0.0000000000000000000, 16.05999999999999900 ) ) ;
#4068 = DIRECTION ( 'NONE',  ( 0.0000000000000000000, 0.0000000000000000000, -1.000000000000000000 ) ) ;
#4069 = APPLICATION_CONTEXT ( 'configuration controlled 3d designs of mechanical parts and assemblies' ) ;
#4070 = LINE ( 'NONE', #1225, #3867 ) ;
#4071 = EDGE_CURVE ( 'NONE', #1594, #1637, #2319, .T. ) ;
#4072 = NEXT_ASSEMBLY_USAGE_OCCURRENCE ( 'NAUO1', ' ', ' ', #787, #806, $ ) ;
#4073 = NEXT_ASSEMBLY_USAGE_OCCURRENCE ( 'NAUO2', ' ', ' ', #787, #1323, $ ) ;
#4074 = NEXT_ASSEMBLY_USAGE_OCCURRENCE ( 'NAUO3', ' ', ' ', #787, #3872, $ ) ;
#4075 = NEXT_ASSEMBLY_USAGE_OCCURRENCE ( 'NAUO4', ' ', ' ', #787, #300, $ ) ;
ENDSEC;
END-ISO-10303-21;
