ISO-10303-21;
HEADER;
FILE_DESCRIPTION (( 'STEP AP203' ),
    '1' );
FILE_NAME ('PL-24-45-WF.STEP',
    '2013-07-25T11:01:29',
    ( 'rob' ),
    ( 'Hewlett-Packard Company' ),
    'SwSTEP 2.0',
    'SolidWorks 2013',
    '' );
FILE_SCHEMA (( 'CONFIG_CONTROL_DESIGN' ));
ENDSEC;

DATA;
#1 = AXIS2_PLACEMENT_3D ( 'NONE', #2438, #562, #2760 ) ;
#2 = PLANE ( 'NONE',  #209 ) ;
#3 = ORIENTED_EDGE ( 'NONE', *, *, #1140, .F. ) ;
#4 = DIRECTION ( 'NONE',  ( -1.000000000000000000, -0.0000000000000000000, -0.0000000000000000000 ) ) ;
#5 = DIRECTION ( 'NONE',  ( -0.0000000000000000000, -0.0000000000000000000, -1.000000000000000000 ) ) ;
#6 = CARTESIAN_POINT ( 'NONE',  ( 21.95162374709608200, 60.22388145592904600, 107.5412535985396400 ) ) ;
#7 = ORIENTED_EDGE ( 'NONE', *, *, #1726, .F. ) ;
#8 = ORIENTED_EDGE ( 'NONE', *, *, #610, .T. ) ;
#9 = ORIENTED_EDGE ( 'NONE', *, *, #3595, .T. ) ;
#10 = CARTESIAN_POINT ( 'NONE',  ( 19.90192358989791900, 57.33567257895325800, -79.32383853639055400 ) ) ;
#11 = EDGE_CURVE ( 'NONE', #481, #207, #2640, .T. ) ;
#12 = AXIS2_PLACEMENT_3D ( 'NONE', #446, #2636, #762 ) ;
#13 = PRODUCT_DEFINITION ( 'UNKNOWN', '', #1080, #2648 ) ;
#14 = DIRECTION ( 'NONE',  ( 0.0000000000000000000, 0.0000000000000000000, -1.000000000000000000 ) ) ;
#15 = DIRECTION ( 'NONE',  ( -0.6531743478665551500, -0.2708565511283007000, -0.7071067811865352500 ) ) ;
#16 = CARTESIAN_POINT ( 'NONE',  ( 24.10991373500699100, 59.29125060077741700, 107.9985864273323400 ) ) ;
#17 =( LENGTH_UNIT ( ) NAMED_UNIT ( * ) SI_UNIT ( .MILLI., .METRE. ) );
#18 = CIRCLE ( 'NONE', #3838, 16.05999999999999900 ) ;
#19 = COORDINATED_UNIVERSAL_TIME_OFFSET ( 0, 0, .AHEAD. ) ;
#20 = APPROVAL_PERSON_ORGANIZATION ( #884, #3312, #2694 ) ;
#21 = FACE_OUTER_BOUND ( 'NONE', #3737, .T. ) ;
#22 = DIRECTION ( 'NONE',  ( 0.0000000000000000000, 0.0000000000000000000, -1.000000000000000000 ) ) ;
#23 = APPROVAL_DATE_TIME ( #887, #3247 ) ;
#24 = VECTOR ( 'NONE', #2169, 1000.000000000000100 ) ;
#25 = AXIS2_PLACEMENT_3D ( 'NONE', #218, #3499, #3344 ) ;
#26 = DIRECTION ( 'NONE',  ( 0.0000000000000000000, 0.0000000000000000000, -1.000000000000000000 ) ) ;
#27 = DIRECTION ( 'NONE',  ( -0.9237280213470681100, -0.3830490080632377700, 0.0000000000000000000 ) ) ;
#28 = DIRECTION ( 'NONE',  ( 1.000000000000000000, 0.0000000000000000000, -0.0000000000000000000 ) ) ;
#29 = LINE ( 'NONE', #3842, #1609 ) ;
#30 = CARTESIAN_POINT ( 'NONE',  ( 28.03874827618430400, 59.09728716703391900, 107.8046229935842900 ) ) ;
#31 = DIRECTION ( 'NONE',  ( 0.0000000000000000000, 0.0000000000000000000, 1.000000000000000000 ) ) ;
#32 = CIRCLE ( 'NONE', #530, 16.06000000000000200 ) ;
#33 = CARTESIAN_POINT ( 'NONE',  ( 38.93553214208826300, 46.51848401630405800, 93.81070026812770400 ) ) ;
#34 = VERTEX_POINT ( 'NONE', #3952 ) ;
#35 = CARTESIAN_POINT ( 'NONE',  ( -20.40819268389990200, 0.0000000000000000000, 0.0000000000000000000 ) ) ;
#36 = ORIENTED_EDGE ( 'NONE', *, *, #2203, .F. ) ;
#37 = LINE ( 'NONE', #378, #804 ) ;
#38 = ORIENTED_EDGE ( 'NONE', *, *, #815, .T. ) ;
#39 = EDGE_CURVE ( 'NONE', #774, #2131, #3292, .T. ) ;
#40 = CARTESIAN_POINT ( 'NONE',  ( -49.10930008502348400, 23.11499999999999800, 0.0000000000000000000 ) ) ;
#41 = CARTESIAN_POINT ( 'NONE',  ( 42.18686210489594400, 66.57672989847886000, -3.256991594496529100 ) ) ;
#42 = DIRECTION ( 'NONE',  ( 0.0000000000000000000, 0.0000000000000000000, -1.000000000000000000 ) ) ;
#43 = ORIENTED_EDGE ( 'NONE', *, *, #1151, .F. ) ;
#44 = CARTESIAN_POINT ( 'NONE',  ( 32.80387003679958700, 56.73959187111754000, 104.0524013843656100 ) ) ;
#45 = DIRECTION ( 'NONE',  ( 1.000000000000000000, 0.0000000000000000000, 0.0000000000000000000 ) ) ;
#46 = CIRCLE ( 'NONE', #1661, 19.10000000000000500 ) ;
#47 = CARTESIAN_POINT ( 'NONE',  ( -60.10819268389990100, 26.12499999999998600, 0.0000000000000000000 ) ) ;
#48 = ORIENTED_EDGE ( 'NONE', *, *, #3786, .T. ) ;
#49 = VERTEX_POINT ( 'NONE', #3904 ) ;
#50 = CARTESIAN_POINT ( 'NONE',  ( 38.28770116706170500, 42.77022992637696300, 91.47756575292045500 ) ) ;
#51 = CARTESIAN_POINT ( 'NONE',  ( 20.48027492279691900, 60.30042509165711100, 107.6178883810043300 ) ) ;
#52 = DIRECTION ( 'NONE',  ( 1.000000000000000000, 0.0000000000000000000, 0.0000000000000000000 ) ) ;
#53 = VERTEX_POINT ( 'NONE', #1779 ) ;
#54 = ORIENTED_EDGE ( 'NONE', *, *, #3637, .F. ) ;
#55 = EDGE_LOOP ( 'NONE', ( #1280, #2802 ) ) ;
#56 = EDGE_LOOP ( 'NONE', ( #3215, #2181, #1392, #1523, #1227 ) ) ;
#57 = AXIS2_PLACEMENT_3D ( 'NONE', #1755, #1105, #3926 ) ;
#58 = AXIS2_PLACEMENT_3D ( 'NONE', #3331, #211, #3656 ) ;
#59 = VECTOR ( 'NONE', #3300, 999.9999999999998900 ) ;
#60 = PLANE ( 'NONE',  #3789 ) ;
#61 = CARTESIAN_POINT ( 'NONE',  ( 36.01317061161526600, 53.35926968659072900, 102.0666055131365200 ) ) ;
#62 = APPLICATION_CONTEXT ( 'configuration controlled 3d designs of mechanical parts and assemblies' ) ;
#63 = ORIENTED_EDGE ( 'NONE', *, *, #1941, .T. ) ;
#64 = VERTEX_POINT ( 'NONE', #2465 ) ;
#65 = DIRECTION ( 'NONE',  ( 0.0000000000000000000, 0.0000000000000000000, 1.000000000000000000 ) ) ;
#66 = AXIS2_PLACEMENT_3D ( 'NONE', #3177, #1304, #3491 ) ;
#67 = CARTESIAN_POINT ( 'NONE',  ( 36.96735624282101900, 38.77428820600868400, 87.48162403255899700 ) ) ;
#68 = DATE_AND_TIME ( #920, #1757 ) ;
#69 = ORIENTED_EDGE ( 'NONE', *, *, #3857, .F. ) ;
#70 = CARTESIAN_POINT ( 'NONE',  ( 29.34387416488106800, 58.53206935081561800, 105.8473325365977600 ) ) ;
#71 = CARTESIAN_POINT ( 'NONE',  ( -26.93262969212313600, 0.0000000000000000000, 0.0000000000000000000 ) ) ;
#72 = CARTESIAN_POINT ( 'NONE',  ( 16.52346176560344700, 60.11701269853279000, 108.8243485250831700 ) ) ;
#73 = UNCERTAINTY_MEASURE_WITH_UNIT (LENGTH_MEASURE( 1.000000000000000100E-005 ), #1285, 'distance_accuracy_value', 'NONE');
#74 = AXIS2_PLACEMENT_3D ( 'NONE', #3510, #1646, #3825 ) ;
#75 = CALENDAR_DATE ( 2013, 25, 7 ) ;
#76 = CARTESIAN_POINT ( 'NONE',  ( 31.03966435046972400, 29.20361855714800800, 128.2196264256129200 ) ) ;
#77 = SECURITY_CLASSIFICATION ( '', '', #1434 ) ;
#78 = CARTESIAN_POINT ( 'NONE',  ( 19.90192358989791500, 57.33567257895325800, 67.94300840550349100 ) ) ;
#79 = FACE_BOUND ( 'NONE', #3052, .T. ) ;
#80 = CARTESIAN_POINT ( 'NONE',  ( 0.0000000000000000000, 38.10000000000000100, 0.0000000000000000000 ) ) ;
#81 = CARTESIAN_POINT ( 'NONE',  ( 38.81068201280610500, 50.79903699210936500, 99.50637281865969900 ) ) ;
#82 = PERSON_AND_ORGANIZATION_ROLE ( 'design_supplier' ) ;
#83 = LOCAL_TIME ( 12, 1, 29.00000000000000000, #928 ) ;
#84 = EDGE_CURVE ( 'NONE', #1505, #4037, #2218, .T. ) ;
#85 = CIRCLE ( 'NONE', #2742, 23.71000000000000100 ) ;
#86 = EDGE_CURVE ( 'NONE', #481, #2004, #3616, .T. ) ;
#87 = CARTESIAN_POINT ( 'NONE',  ( 31.57943298997601600, 36.28493222699279400, 83.52804800823656700 ) ) ;
#88 = CARTESIAN_POINT ( 'NONE',  ( 38.44832202687531000, 49.90180404298129700, 97.20245690357084800 ) ) ;
#89 = VECTOR ( 'NONE', #1942, 999.9999999999998900 ) ;
#90 = ORIENTED_EDGE ( 'NONE', *, *, #2081, .T. ) ;
#91 = CARTESIAN_POINT ( 'NONE',  ( -20.40819268389990200, 3.206737643567343200E-015, -26.18499999999998800 ) ) ;
#92 = FACE_OUTER_BOUND ( 'NONE', #1180, .T. ) ;
#93 = AXIS2_PLACEMENT_3D ( 'NONE', #122, #437, #770 ) ;
#94 = DIRECTION ( 'NONE',  ( 0.0000000000000000000, 0.0000000000000000000, 1.000000000000000000 ) ) ;
#95 = ORIENTED_EDGE ( 'NONE', *, *, #1278, .T. ) ;
#96 = DIRECTION ( 'NONE',  ( 0.9237280213470682200, 0.3830490080632375500, 0.0000000000000000000 ) ) ;
#97 = ORIENTED_EDGE ( 'NONE', *, *, #3942, .F. ) ;
#98 = CARTESIAN_POINT ( 'NONE',  ( 0.0000000000000000000, 38.10000000000000100, -29.00000000000000000 ) ) ;
#99 = PERSON_AND_ORGANIZATION_ROLE ( 'creator' ) ;
#100 = ORIENTED_EDGE ( 'NONE', *, *, #3339, .F. ) ;
#101 = CIRCLE ( 'NONE', #3807, 16.06000000000000200 ) ;
#102 = EDGE_LOOP ( 'NONE', ( #3186, #1839, #2041, #3601 ) ) ;
#103 = CARTESIAN_POINT ( 'NONE',  ( 28.40951230800858700, 34.17383510752691200, 82.88117093408172300 ) ) ;
#104 = EDGE_CURVE ( 'NONE', #2613, #416, #2468, .T. ) ;
#105 = EDGE_LOOP ( 'NONE', ( #2262, #232, #3286, #3688, #3493, #1854 ) ) ;
#106 = AXIS2_PLACEMENT_3D ( 'NONE', #1585, #3765, #1894 ) ;
#107 = CC_DESIGN_SECURITY_CLASSIFICATION ( #3113, ( #2086 ) ) ;
#108 = ORIENTED_EDGE ( 'NONE', *, *, #933, .T. ) ;
#109 = DIRECTION ( 'NONE',  ( 0.0000000000000000000, 0.0000000000000000000, -1.000000000000000000 ) ) ;
#110 = CARTESIAN_POINT ( 'NONE',  ( 38.72506513860107400, 44.98809965930301000, 92.27561817667314900 ) ) ;
#111 = DIRECTION ( 'NONE',  ( 1.000000000000000000, -0.0000000000000000000, -0.0000000000000000000 ) ) ;
#112 = CARTESIAN_POINT ( 'NONE',  ( 0.0000000000000000000, 0.0000000000000000000, 0.0000000000000000000 ) ) ;
#113 = PERSON_AND_ORGANIZATION_ROLE ( 'design_owner' ) ;
#114 = CARTESIAN_POINT ( 'NONE',  ( 26.46544435627987100, 32.79709778734606100, 81.50443361389635300 ) ) ;
#115 = ORIENTED_EDGE ( 'NONE', *, *, #382, .F. ) ;
#116 = DIRECTION ( 'NONE',  ( -1.000000000000000000, 0.0000000000000000000, 0.0000000000000000000 ) ) ;
#117 = CARTESIAN_POINT ( 'NONE',  ( 19.90192358989424900, 60.30042509165702600, 107.6178883810042200 ) ) ;
#118 = AXIS2_PLACEMENT_3D ( 'NONE', #2668, #3888, #2969 ) ;
#119 = CARTESIAN_POINT ( 'NONE',  ( 29.97774171567994400, 35.46548700828634500, 82.70173459924558300 ) ) ;
#120 = ORIENTED_EDGE ( 'NONE', *, *, #2793, .F. ) ;
#121 = CARTESIAN_POINT ( 'NONE',  ( 19.90192358989791500, 57.33567257895325800, 67.94300840550349100 ) ) ;
#122 = CARTESIAN_POINT ( 'NONE',  ( 29.90907892555000200, 33.20327802126111300, 38.94300840550347700 ) ) ;
#123 = DIRECTION ( 'NONE',  ( 0.0000000000000000000, 0.0000000000000000000, -1.000000000000000000 ) ) ;
#124 = DATE_TIME_ROLE ( 'classification_date' ) ;
#125 = CARTESIAN_POINT ( 'NONE',  ( 20.66343934322452800, 33.47044556419864100, 80.68547736528688600 ) ) ;
#126 = CYLINDRICAL_SURFACE ( 'NONE', #4060, 16.05999999999998800 ) ;
#127 = CARTESIAN_POINT ( 'NONE',  ( 44.08974182887089200, 67.36581085508913700, -79.32383853639055400 ) ) ;
#128 = VERTEX_POINT ( 'NONE', #877 ) ;
#129 = DATE_AND_TIME ( #966, #1812 ) ;
#130 = CALENDAR_DATE ( 2013, 25, 7 ) ;
#131 = FACE_OUTER_BOUND ( 'NONE', #1874, .T. ) ;
#132 = CARTESIAN_POINT ( 'NONE',  ( 2.326828918379971000E-015, 0.0000000000000000000, 0.0000000000000000000 ) ) ;
#133 = APPROVAL_PERSON_ORGANIZATION ( #973, #3247, #455 ) ;
#134 = DIRECTION ( 'NONE',  ( 0.7071067811865352500, 0.0000000000000000000, -0.7071067811865597900 ) ) ;
#135 = CARTESIAN_POINT ( 'NONE',  ( 19.90192358989791500, 57.33567257895325800, 67.94300840550349100 ) ) ;
#136 = VECTOR ( 'NONE', #583, 1000.000000000000000 ) ;
#137 = CARTESIAN_POINT ( 'NONE',  ( 34.36156835066518800, 31.64380848966201400, 130.6598163581269300 ) ) ;
#138 = APPROVAL_ROLE ( '' ) ;
#139 = ORIENTED_EDGE ( 'NONE', *, *, #3173, .T. ) ;
#140 = EDGE_CURVE ( 'NONE', #1824, #1870, #1108, .T. ) ;
#141 = PRODUCT_DEFINITION_SHAPE ( 'NONE', 'NONE',  #1027 ) ;
#142 = CIRCLE ( 'NONE', #4013, 18.99999999999999600 ) ;
#143 = CARTESIAN_POINT ( 'NONE',  ( 18.47972547658583800, 32.79790387857877900, 81.50523970513019400 ) ) ;
#144 = CARTESIAN_POINT ( 'NONE',  ( 12.00070341403358600, 34.65122651190128500, 81.87954319511006000 ) ) ;
#145 = CARTESIAN_POINT ( 'NONE',  ( 34.73699561273183200, 63.48743964844885600, -3.256991594496522400 ) ) ;
#146 = FACE_OUTER_BOUND ( 'NONE', #1735, .T. ) ;
#147 = AXIS2_PLACEMENT_3D ( 'NONE', #450, #2641, #765 ) ;
#148 = ORIENTED_EDGE ( 'NONE', *, *, #2203, .T. ) ;
#149 = DIRECTION ( 'NONE',  ( 0.9237280213470682200, 0.3830490080632377700, 0.0000000000000000000 ) ) ;
#150 = FACE_OUTER_BOUND ( 'NONE', #2691, .T. ) ;
#151 = CARTESIAN_POINT ( 'NONE',  ( -60.10819268389990100, 0.0000000000000000000, 0.0000000000000000000 ) ) ;
#152 = VERTEX_POINT ( 'NONE', #265 ) ;
#153 = APPROVAL_STATUS ( 'not_yet_approved' ) ;
#154 = CARTESIAN_POINT ( 'NONE',  ( 1.137083816592082700, 44.59261805656551300, 91.87891332499977200 ) ) ;
#155 = ORIENTED_EDGE ( 'NONE', *, *, #3518, .T. ) ;
#156 = LINE ( 'NONE', #826, #3957 ) ;
#157 = CARTESIAN_POINT ( 'NONE',  ( 12.98194084688895700, 32.88136106417034200, 81.58869689072061200 ) ) ;
#158 = EDGE_CURVE ( 'NONE', #3281, #2321, #3209, .T. ) ;
#159 = DIRECTION ( 'NONE',  ( -1.000000000000000000, -0.0000000000000000000, -0.0000000000000000000 ) ) ;
#160 = AXIS2_PLACEMENT_3D ( 'NONE', #1343, #3528, #1663 ) ;
#161 = CARTESIAN_POINT ( 'NONE',  ( -5.723076410102095200, 57.33567257895325800, 38.94300840550347700 ) ) ;
#162 = ORIENTED_EDGE ( 'NONE', *, *, #3682, .T. ) ;
#163 = CC_DESIGN_PERSON_AND_ORGANIZATION_ASSIGNMENT ( #845, #480, ( #3602 ) ) ;
#164 = EDGE_CURVE ( 'NONE', #774, #276, #1830, .T. ) ;
#165 = CARTESIAN_POINT ( 'NONE',  ( 19.90192358989791900, 57.33567257895325800, -0.7569915944965199800 ) ) ;
#166 = ADVANCED_FACE ( 'NONE', ( #1627 ), #4038, .T. ) ;
#167 = EDGE_LOOP ( 'NONE', ( #2903, #3472 ) ) ;
#168 = EDGE_CURVE ( 'NONE', #648, #3222, #46, .T. ) ;
#169 = CARTESIAN_POINT ( 'NONE',  ( 19.90192358989791900, 57.33567257895325800, -2.756991594496535700 ) ) ;
#170 = CARTESIAN_POINT ( 'NONE',  ( 19.90192358989791500, 29.46750770272253200, 111.5927100081490800 ) ) ;
#171 =( REPRESENTATION_RELATIONSHIP ('NONE','NONE', #1622, #1828 ) REPRESENTATION_RELATIONSHIP_WITH_TRANSFORMATION ( #3562 )SHAPE_REPRESENTATION_RELATIONSHIP( ) );
#172 = EDGE_CURVE ( 'NONE', #2065, #903, #904, .T. ) ;
#173 = ORIENTED_EDGE ( 'NONE', *, *, #1975, .F. ) ;
#174 = VECTOR ( 'NONE', #961, 1000.000000000000000 ) ;
#175 = CARTESIAN_POINT ( 'NONE',  ( 7.465950712298819300, 36.72383127139955400, 83.97039061960117600 ) ) ;
#176 = ORIENTED_EDGE ( 'NONE', *, *, #172, .T. ) ;
#177 = CARTESIAN_POINT ( 'NONE',  ( 19.90192358989791500, 21.02210492120335100, 120.0381127896682300 ) ) ;
#178 = AXIS2_PLACEMENT_3D ( 'NONE', #1150, #3351, #1478 ) ;
#179 = ORIENTED_EDGE ( 'NONE', *, *, #3535, .T. ) ;
#180 = PERSON_AND_ORGANIZATION ( #225, #3150 ) ;
#181 = ORIENTED_EDGE ( 'NONE', *, *, #3387, .T. ) ;
#182 = CARTESIAN_POINT ( 'NONE',  ( 3.458845543001413300, 8.943419472370981900, 107.9594273408358300 ) ) ;
#183 = DIRECTION ( 'NONE',  ( -1.951563910473908000E-018, -0.7071067811865486800, 0.7071067811865463500 ) ) ;
#184 = ITEM_DEFINED_TRANSFORMATION ( 'NONE', 'NONE', #3428,  #1546 ) ;
#185 = CARTESIAN_POINT ( 'NONE',  ( -16.05999999999999900, 38.10000000000000100, 0.0000000000000000000 ) ) ;
#186 = EDGE_CURVE ( 'NONE', #3828, #3886, #2352, .T. ) ;
#187 = FACE_OUTER_BOUND ( 'NONE', #3982, .T. ) ;
#188 = ADVANCED_FACE ( 'NONE', ( #2688 ), #2132, .T. ) ;
#189 = APPROVAL_DATE_TIME ( #1018, #2771 ) ;
#190 = VERTEX_POINT ( 'NONE', #3138 ) ;
#191 = CARTESIAN_POINT ( 'NONE',  ( 4.926139381359605300, 37.91070663302274800, 86.61804245957077300 ) ) ;
#192 = APPROVAL ( #726, 'UNSPECIFIED' ) ;
#193 = CARTESIAN_POINT ( 'NONE',  ( 45.52692358989793300, 57.33567257895325800, 38.94300840550347700 ) ) ;
#194 = CIRCLE ( 'NONE', #2307, 18.99999999999999600 ) ;
#195 = CC_DESIGN_PERSON_AND_ORGANIZATION_ASSIGNMENT ( #2703, #1124, ( #3192 ) ) ;
#196 = EDGE_CURVE ( 'NONE', #2778, #416, #1933, .T. ) ;
#197 = DIRECTION ( 'NONE',  ( -1.000000000000000000, -0.0000000000000000000, -0.0000000000000000000 ) ) ;
#198 = LINE ( 'NONE', #3881, #2404 ) ;
#199 = CARTESIAN_POINT ( 'NONE',  ( 9.791177356072353200, 58.38074901296383200, 107.0880848395142100 ) ) ;
#200 = CARTESIAN_POINT ( 'NONE',  ( 58.15865425799412900, 1.966782759430647800E-015, 16.05999999999998800 ) ) ;
#201 = ADVANCED_FACE ( 'NONE', ( #2476, #1191 ), #3779, .T. ) ;
#202 = PERSON_AND_ORGANIZATION_ROLE ( 'classification_officer' ) ;
#203 = LINE ( 'NONE', #733, #937 ) ;
#204 = CARTESIAN_POINT ( 'NONE',  ( -17.90819268389989800, 2.311520833390627500E-015, -18.29999999999999000 ) ) ;
#205 = CARTESIAN_POINT ( 'NONE',  ( 1.703235116204352600, 40.22621985914504700, 88.93355568569535300 ) ) ;
#206 = FACE_OUTER_BOUND ( 'NONE', #3058, .T. ) ;
#207 = VERTEX_POINT ( 'NONE', #2551 ) ;
#208 = CARTESIAN_POINT ( 'NONE',  ( 46.02692358989790500, 57.33567257895325800, 38.44300840550349100 ) ) ;
#209 = AXIS2_PLACEMENT_3D ( 'NONE', #1578, #2193, #335 ) ;
#210 = EDGE_LOOP ( 'NONE', ( #1569, #155, #2769, #1957, #3297 ) ) ;
#211 = DIRECTION ( 'NONE',  ( 0.0000000000000000000, 0.0000000000000000000, -1.000000000000000000 ) ) ;
#212 = ADVANCED_FACE ( 'NONE', ( #3146 ), #2227, .T. ) ;
#213 = DIRECTION ( 'NONE',  ( -1.951563910473908000E-018, -0.7071067811865486800, 0.7071067811865463500 ) ) ;
#214 = CARTESIAN_POINT ( 'NONE',  ( 19.90192358989791500, 73.39567257895325300, 67.94300840550349100 ) ) ;
#215 = DIRECTION ( 'NONE',  ( 0.2390784044194903500, 0.09914037849439545600, 0.9659258262890678700 ) ) ;
#216 = CC_DESIGN_PERSON_AND_ORGANIZATION_ASSIGNMENT ( #2483, #1345, ( #3003 ) ) ;
#217 = ORIENTED_EDGE ( 'NONE', *, *, #164, .T. ) ;
#218 = CARTESIAN_POINT ( 'NONE',  ( 19.90192358989791500, 30.17461448390908200, 110.8856032269625300 ) ) ;
#219 = ORIENTED_EDGE ( 'NONE', *, *, #590, .F. ) ;
#220 = CARTESIAN_POINT ( 'NONE',  ( -41.35930008502347700, 2.791582378656391900E-015, -22.79500000000000200 ) ) ;
#221 = ORIENTED_EDGE ( 'NONE', *, *, #3573, .F. ) ;
#222 = ORIENTED_EDGE ( 'NONE', *, *, #84, .T. ) ;
#223 = ADVANCED_FACE ( 'NONE', ( #3362 ), #1498, .T. ) ;
#224 = DIRECTION ( 'NONE',  ( -0.7071067811865425800, 0.0000000000000000000, 0.7071067811865525700 ) ) ;
#225 = PERSON ( 'UNSPECIFIED', 'UNSPECIFIED', 'UNSPECIFIED', ('UNSPECIFIED'), ('UNSPECIFIED'), ('UNSPECIFIED') ) ;
#226 = DIRECTION ( 'NONE',  ( 0.0000000000000000000, 0.0000000000000000000, -1.000000000000000000 ) ) ;
#227 = CARTESIAN_POINT ( 'NONE',  ( 36.22386045570502200, 37.97690156493105500, 86.68423739148133200 ) ) ;
#228 = ORIENTED_EDGE ( 'NONE', *, *, #168, .F. ) ;
#229 = EDGE_CURVE ( 'NONE', #2932, #64, #2134, .T. ) ;
#230 = EDGE_CURVE ( 'NONE', #2555, #3878, #3249, .T. ) ;
#231 = DIRECTION ( 'NONE',  ( -1.951563910473908000E-018, -0.7071067811865486800, 0.7071067811865463500 ) ) ;
#232 = ORIENTED_EDGE ( 'NONE', *, *, #4026, .T. ) ;
#233 = ADVANCED_FACE ( 'NONE', ( #2526 ), #2574, .F. ) ;
#234 = ORIENTED_EDGE ( 'NONE', *, *, #3996, .F. ) ;
#235 = AXIS2_PLACEMENT_3D ( 'NONE', #3377, #1507, #3696 ) ;
#236 = SHAPE_REPRESENTATION_RELATIONSHIP ( 'NONE' , 'NONE' ,  #3289, #687 ) ;
#237 = CARTESIAN_POINT ( 'NONE',  ( 3.778909188630518400, 53.99201263354452600, 101.3005390810325400 ) ) ;
#238 = VECTOR ( 'NONE', #3718, 1000.000000000000000 ) ;
#239 = CARTESIAN_POINT ( 'NONE',  ( 0.0000000000000000000, 0.0000000000000000000, 0.0000000000000000000 ) ) ;
#240 = LOCAL_TIME ( 12, 1, 29.00000000000000000, #1065 ) ;
#241 = CARTESIAN_POINT ( 'NONE',  ( 15.47667102475164000, 32.33471885031199400, 81.04205467686226400 ) ) ;
#242 = CIRCLE ( 'NONE', #1, 25.62500000000001100 ) ;
#243 = ORIENTED_EDGE ( 'NONE', *, *, #3415, .T. ) ;
#244 = DIRECTION ( 'NONE',  ( -0.3830490080632377700, 0.9237280213470682200, 0.0000000000000000000 ) ) ;
#245 = COORDINATED_UNIVERSAL_TIME_OFFSET ( 0, 0, .AHEAD. ) ;
#246 = EDGE_CURVE ( 'NONE', #1138, #1283, #663, .T. ) ;
#247 = CIRCLE ( 'NONE', #1765, 21.49999999999999600 ) ;
#248 = AXIS2_PLACEMENT_3D ( 'NONE', #1698, #3875, #2007 ) ;
#249 = APPROVAL ( #1388, 'UNSPECIFIED' ) ;
#250 = VECTOR ( 'NONE', #693, 1000.000000000000000 ) ;
#251 = CARTESIAN_POINT ( 'NONE',  ( 6.677818540273772600, 56.55964155255984600, 103.8722075775803400 ) ) ;
#252 = ADVANCED_FACE ( 'NONE', ( #1292 ), #2020, .F. ) ;
#253 = CARTESIAN_POINT ( 'NONE',  ( 19.36692192620107600, 32.01214912293227100, 80.71948494948256300 ) ) ;
#254 = FACE_OUTER_BOUND ( 'NONE', #2859, .T. ) ;
#255 = CARTESIAN_POINT ( 'NONE',  ( 19.90192358989791500, 24.37934850737208200, 116.6808692034995100 ) ) ;
#256 = CYLINDRICAL_SURFACE ( 'NONE', #764, 20.85000000000000100 ) ;
#257 = CARTESIAN_POINT ( 'NONE',  ( -26.93262969212313600, 8.725608443924874400E-016, -7.124999999999985800 ) ) ;
#258 = EDGE_LOOP ( 'NONE', ( #895, #8 ) ) ;
#259 = AXIS2_PLACEMENT_3D ( 'NONE', #3945, #2047, #1126 ) ;
#260 = ORIENTED_EDGE ( 'NONE', *, *, #3859, .F. ) ;
#261 = CARTESIAN_POINT ( 'NONE',  ( 19.90192358989791500, 57.33567257895325800, 41.44300840550348400 ) ) ;
#262 = DIRECTION ( 'NONE',  ( 0.9237280213470682200, 0.3830490080632374900, 0.0000000000000000000 ) ) ;
#263 = ORIENTED_EDGE ( 'NONE', *, *, #1287, .F. ) ;
#264 = ORIENTED_EDGE ( 'NONE', *, *, #3320, .T. ) ;
#265 = CARTESIAN_POINT ( 'NONE',  ( 36.34500163679440700, 36.06611559735914300, 129.1514730111772200 ) ) ;
#266 = ORIENTED_EDGE ( 'NONE', *, *, #2635, .T. ) ;
#267 = DIRECTION ( 'NONE',  ( 0.0000000000000000000, 0.0000000000000000000, -1.000000000000000000 ) ) ;
#268 = VERTEX_POINT ( 'NONE', #3062 ) ;
#269 = DIRECTION ( 'NONE',  ( -0.0000000000000000000, 0.0000000000000000000, -1.000000000000000000 ) ) ;
#270 = CARTESIAN_POINT ( 'NONE',  ( 26.82569524365421600, 59.44595444972572600, 108.1532902762760500 ) ) ;
#271 = ORIENTED_EDGE ( 'NONE', *, *, #3038, .F. ) ;
#272 = ADVANCED_FACE ( 'NONE', ( #4040 ), #2266, .F. ) ;
#273 = EDGE_LOOP ( 'NONE', ( #3984, #522 ) ) ;
#274 = EDGE_CURVE ( 'NONE', #1134, #276, #2960, .T. ) ;
#275 = CARTESIAN_POINT ( 'NONE',  ( -17.90819268389989800, 0.0000000000000000000, 0.0000000000000000000 ) ) ;
#276 = VERTEX_POINT ( 'NONE', #2163 ) ;
#277 = ORIENTED_EDGE ( 'NONE', *, *, #1005, .T. ) ;
#278 = DIRECTION ( 'NONE',  ( 0.0000000000000000000, 0.0000000000000000000, -1.000000000000000000 ) ) ;
#279 = PERSON_AND_ORGANIZATION ( #225, #3150 ) ;
#280 = ORIENTED_EDGE ( 'NONE', *, *, #2670, .F. ) ;
#281 = CARTESIAN_POINT ( 'NONE',  ( -0.1333850425249677700, 46.54994692358093300, 95.25728275013126700 ) ) ;
#282 = ORIENTED_EDGE ( 'NONE', *, *, #246, .T. ) ;
#283 = APPROVAL_DATE_TIME ( #1109, #3636 ) ;
#284 = AXIS2_PLACEMENT_3D ( 'NONE', #3641, #1770, #3940 ) ;
#285 = AXIS2_PLACEMENT_3D ( 'NONE', #3676, #1808, #3985 ) ;
#286 = DIRECTION ( 'NONE',  ( 1.000000000000000000, -0.0000000000000000000, -0.0000000000000000000 ) ) ;
#287 = CYLINDRICAL_SURFACE ( 'NONE', #572, 16.05999999999999900 ) ;
#288 = APPROVAL_PERSON_ORGANIZATION ( #1113, #2771, #3269 ) ;
#289 = CIRCLE ( 'NONE', #1245, 26.18499999999998800 ) ;
#290 = ADVANCED_FACE ( 'NONE', ( #1390, #1533 ), #2743, .T. ) ;
#291 = AXIS2_PLACEMENT_3D ( 'NONE', #2303, #430, #2622 ) ;
#292 = CIRCLE ( 'NONE', #74, 17.06000000000001300 ) ;
#293 = CARTESIAN_POINT ( 'NONE',  ( 2.539719900262215700, 52.34432572415112600, 99.64991833236749100 ) ) ;
#294 = AXIS2_PLACEMENT_3D ( 'NONE', #706, #2891, #1013 ) ;
#295 = CIRCLE ( 'NONE', #3053, 27.12499999999998200 ) ;
#296 = CC_DESIGN_SECURITY_CLASSIFICATION ( #77, ( #4079 ) ) ;
#297 = DIRECTION ( 'NONE',  ( 0.9237280213470681100, 0.3830490080632378300, 0.0000000000000000000 ) ) ;
#298 = ORIENTED_EDGE ( 'NONE', *, *, #3101, .F. ) ;
#299 = FACE_OUTER_BOUND ( 'NONE', #1246, .T. ) ;
#300 = EDGE_CURVE ( 'NONE', #2376, #1682, #2628, .T. ) ;
#301 = ORIENTED_EDGE ( 'NONE', *, *, #3707, .F. ) ;
#302 = ORIENTED_EDGE ( 'NONE', *, *, #2423, .F. ) ;
#303 = CARTESIAN_POINT ( 'NONE',  ( 34.73699561273182500, 63.48743964844885600, -79.32383853639055400 ) ) ;
#304 = DIRECTION ( 'NONE',  ( 0.6935081420032261900, 0.5094342239068901900, 0.5094342239068920800 ) ) ;
#305 = EDGE_CURVE ( 'NONE', #2321, #3281, #747, .T. ) ;
#306 = ORIENTED_EDGE ( 'NONE', *, *, #3168, .T. ) ;
#307 = VERTEX_POINT ( 'NONE', #161 ) ;
#308 = CARTESIAN_POINT ( 'NONE',  ( 5.918703837493331400, 55.32223581394204400, 104.0295716405015300 ) ) ;
#309 = DIRECTION ( 'NONE',  ( 0.0000000000000000000, 0.0000000000000000000, -1.000000000000000000 ) ) ;
#310 = CARTESIAN_POINT ( 'NONE',  ( -1.921150914426558800, 48.28613976345926800, -2.756991594496535700 ) ) ;
#311 = CARTESIAN_POINT ( 'NONE',  ( 1.524736765431601100, 43.44202924190832200, 90.72421230206902000 ) ) ;
#312 = ORIENTED_EDGE ( 'NONE', *, *, #3736, .F. ) ;
#313 = ORIENTED_EDGE ( 'NONE', *, *, #936, .F. ) ;
#314 = AXIS2_PLACEMENT_3D ( 'NONE', #2324, #1387, #2001 ) ;
#315 = CARTESIAN_POINT ( 'NONE',  ( 1.966782759430649000E-015, 22.04000000000000300, 0.0000000000000000000 ) ) ;
#316 = DIRECTION ( 'NONE',  ( 1.000000000000000000, 0.0000000000000000000, 0.0000000000000000000 ) ) ;
#317 = DIRECTION ( 'NONE',  ( 0.0000000000000000000, 0.0000000000000000000, -1.000000000000000000 ) ) ;
#318 = ORIENTED_EDGE ( 'NONE', *, *, #1849, .F. ) ;
#319 = EDGE_CURVE ( 'NONE', #2274, #268, #156, .T. ) ;
#320 = VERTEX_POINT ( 'NONE', #1720 ) ;
#321 = AXIS2_PLACEMENT_3D ( 'NONE', #3753, #332, #2518 ) ;
#322 = CARTESIAN_POINT ( 'NONE',  ( 9.224559328539639200, 58.13716898759497600, 106.8445048141453200 ) ) ;
#323 = PRODUCT_RELATED_PRODUCT_CATEGORY ( 'detail', '', ( #3003 ) ) ;
#324 = ORIENTED_EDGE ( 'NONE', *, *, #1309, .F. ) ;
#325 = DIRECTION ( 'NONE',  ( 1.000000000000000000, 0.0000000000000000000, 0.0000000000000000000 ) ) ;
#326 = DIRECTION ( 'NONE',  ( 0.0000000000000000000, 0.0000000000000000000, -1.000000000000000000 ) ) ;
#327 = CARTESIAN_POINT ( 'NONE',  ( 16.68952690066284500, 59.43147094530510100, 108.1388067718554600 ) ) ;
#328 = AXIS2_PLACEMENT_3D ( 'NONE', #793, #1460, #493 ) ;
#329 = ORIENTED_EDGE ( 'NONE', *, *, #274, .F. ) ;
#330 = EDGE_LOOP ( 'NONE', ( #1185, #2530, #2284, #298, #1490 ) ) ;
#331 = CARTESIAN_POINT ( 'NONE',  ( -17.72930008502348500, 0.0000000000000000000, 0.0000000000000000000 ) ) ;
#332 = DIRECTION ( 'NONE',  ( 0.0000000000000000000, 0.0000000000000000000, -1.000000000000000000 ) ) ;
#333 = CIRCLE ( 'NONE', #2389, 26.12499999999998600 ) ;
#334 = APPROVAL_DATE_TIME ( #1160, #2261 ) ;
#335 = DIRECTION ( 'NONE',  ( -0.0000000000000000000, 0.0000000000000000000, -1.000000000000000000 ) ) ;
#336 = CIRCLE ( 'NONE', #449, 19.00000000000000000 ) ;
#337 = DIRECTION ( 'NONE',  ( 0.0000000000000000000, 0.0000000000000000000, 1.000000000000000000 ) ) ;
#338 = CARTESIAN_POINT ( 'NONE',  ( 22.05950270273240200, 60.23187146526649400, 108.9392072918168600 ) ) ;
#339 = AXIS2_PLACEMENT_3D ( 'NONE', #1733, #159, #3599 ) ;
#340 = DATE_AND_TIME ( #1164, #1997 ) ;
#341 = FACE_OUTER_BOUND ( 'NONE', #1493, .T. ) ;
#342 = VERTEX_POINT ( 'NONE', #3264 ) ;
#343 = DIRECTION ( 'NONE',  ( 0.6935081420032263000, 0.5094342239068901900, 0.5094342239068919700 ) ) ;
#344 = CARTESIAN_POINT ( 'NONE',  ( -49.10930008502348400, 0.0000000000000000000, 0.0000000000000000000 ) ) ;
#345 = FACE_BOUND ( 'NONE', #3644, .T. ) ;
#346 = CARTESIAN_POINT ( 'NONE',  ( -46.22819268389991300, 2.381938024341600300E-015, 19.44999999999998500 ) ) ;
#347 = CARTESIAN_POINT ( 'NONE',  ( 19.90192358989791900, 57.33567257895325800, -3.256991594496522400 ) ) ;
#348 = CARTESIAN_POINT ( 'NONE',  ( 4.093405492934365100, 17.85495456876497000, 99.98015687419146500 ) ) ;
#349 = CARTESIAN_POINT ( 'NONE',  ( 24.70802829751010400, 59.87105181804182100, 107.1879995591066100 ) ) ;
#350 =( NAMED_UNIT ( * ) SI_UNIT ( $, .STERADIAN. ) SOLID_ANGLE_UNIT ( ) );
#351 = ORIENTED_EDGE ( 'NONE', *, *, #3398, .T. ) ;
#352 = FACE_OUTER_BOUND ( 'NONE', #749, .T. ) ;
#353 = EDGE_LOOP ( 'NONE', ( #115, #655, #2414, #1277, #1042 ) ) ;
#354 = CARTESIAN_POINT ( 'NONE',  ( 38.80054225611209500, 47.57136362287749200, 96.27869944942783300 ) ) ;
#355 = DIRECTION ( 'NONE',  ( -0.9237280213470682200, -0.3830490080632376600, 0.0000000000000000000 ) ) ;
#356 = CARTESIAN_POINT ( 'NONE',  ( -20.40819268389990200, 0.0000000000000000000, 0.0000000000000000000 ) ) ;
#357 = ORIENTED_EDGE ( 'NONE', *, *, #1500, .F. ) ;
#358 = VERTEX_POINT ( 'NONE', #548 ) ;
#359 = ORIENTED_EDGE ( 'NONE', *, *, #811, .T. ) ;
#360 = AXIS2_PLACEMENT_3D ( 'NONE', #1366, #3554, #1685 ) ;
#361 = CARTESIAN_POINT ( 'NONE',  ( 0.0000000000000000000, 26.94076836320741100, 26.94076836320751100 ) ) ;
#362 = DIRECTION ( 'NONE',  ( 1.000000000000000000, -0.0000000000000000000, -0.0000000000000000000 ) ) ;
#363 = DIRECTION ( 'NONE',  ( 0.0000000000000000000, 0.0000000000000000000, -1.000000000000000000 ) ) ;
#364 = CARTESIAN_POINT ( 'NONE',  ( 28.20950595958530000, 58.27344712476849500, 106.9807829513211500 ) ) ;
#365 = CARTESIAN_POINT ( 'NONE',  ( 19.90192358989791500, 19.23567257895325600, 67.94300840550349100 ) ) ;
#366 = ORIENTED_EDGE ( 'NONE', *, *, #371, .F. ) ;
#367 = VERTEX_POINT ( 'NONE', #3034 ) ;
#368 = ORIENTED_EDGE ( 'NONE', *, *, #3736, .T. ) ;
#369 = CARTESIAN_POINT ( 'NONE',  ( 39.93730101329835900, 45.79218690235230600, 94.49952272890261900 ) ) ;
#370 = CARTESIAN_POINT ( 'NONE',  ( 19.90192358989791900, 57.33567257895325800, 38.44300840550349100 ) ) ;
#371 = EDGE_CURVE ( 'NONE', #3733, #3176, #999, .T. ) ;
#372 = AXIS2_PLACEMENT_3D ( 'NONE', #2311, #436, #2630 ) ;
#373 = CC_DESIGN_DATE_AND_TIME_ASSIGNMENT ( #1553, #2677, ( #3602 ) ) ;
#374 = DIRECTION ( 'NONE',  ( 0.0000000000000000000, 0.0000000000000000000, -1.000000000000000000 ) ) ;
#375 = CALENDAR_DATE ( 2013, 25, 7 ) ;
#376 = EDGE_CURVE ( 'NONE', #152, #633, #3078, .T. ) ;
#377 = CARTESIAN_POINT ( 'NONE',  ( -60.10819268389990100, 1.966782759430647800E-015, 16.05999999999998500 ) ) ;
#378 = CARTESIAN_POINT ( 'NONE',  ( 37.86843360509838200, 64.78597578578322200, -79.32383853639055400 ) ) ;
#379 = CARTESIAN_POINT ( 'NONE',  ( 33.48291984988637900, 56.56184026784058700, 105.2691760943909300 ) ) ;
#380 =( NAMED_UNIT ( * ) PLANE_ANGLE_UNIT ( ) SI_UNIT ( $, .RADIAN. ) );
#381 = ORIENTED_EDGE ( 'NONE', *, *, #3371, .T. ) ;
#382 = EDGE_CURVE ( 'NONE', #2732, #665, #3936, .T. ) ;
#383 = EDGE_CURVE ( 'NONE', #3878, #2555, #1377, .T. ) ;
#384 = DATE_AND_TIME ( #1207, #2046 ) ;
#385 = CARTESIAN_POINT ( 'NONE',  ( 37.76441272581010400, 42.21718846320994300, 89.49468874176206200 ) ) ;
#386 = VECTOR ( 'NONE', #420, 999.9999999999998900 ) ;
#387 = COORDINATED_UNIVERSAL_TIME_OFFSET ( 0, 0, .AHEAD. ) ;
#388 = ORIENTED_EDGE ( 'NONE', *, *, #3801, .T. ) ;
#389 = CIRCLE ( 'NONE', #622, 16.05999999999999900 ) ;
#390 = AXIS2_PLACEMENT_3D ( 'NONE', #2409, #533, #2739 ) ;
#391 = CARTESIAN_POINT ( 'NONE',  ( 19.90192358989791500, 57.33567257895325800, 67.94300840550349100 ) ) ;
#392 = DIRECTION ( 'NONE',  ( -0.6935081420032263000, -0.5094342239068901900, -0.5094342239068919700 ) ) ;
#393 = FACE_OUTER_BOUND ( 'NONE', #3065, .T. ) ;
#394 = CARTESIAN_POINT ( 'NONE',  ( 36.89530117420162700, 52.89484993041499900, 100.2014554683028800 ) ) ;
#395 = MECHANICAL_CONTEXT ( 'NONE', #62, 'mechanical' ) ;
#396 = LINE ( 'NONE', #2250, #3576 ) ;
#397 = FACE_OUTER_BOUND ( 'NONE', #692, .T. ) ;
#398 = CARTESIAN_POINT ( 'NONE',  ( 35.40681015461371600, 38.41211992184010900, 87.11945574838584600 ) ) ;
#399 = EDGE_CURVE ( 'NONE', #2415, #633, #1466, .T. ) ;
#400 = ORIENTED_EDGE ( 'NONE', *, *, #1214, .F. ) ;
#401 = CARTESIAN_POINT ( 'NONE',  ( 31.75039132593758500, 57.40156151394333500, 104.7153144344047000 ) ) ;
#402 = DIRECTION ( 'NONE',  ( 0.0000000000000000000, 0.0000000000000000000, 1.000000000000000000 ) ) ;
#403 = EDGE_LOOP ( 'NONE', ( #3467, #3012 ) ) ;
#404 = FACE_OUTER_BOUND ( 'NONE', #611, .T. ) ;
#405 = CC_DESIGN_APPROVAL ( #192, ( #3630 ) ) ;
#406 = EDGE_LOOP ( 'NONE', ( #1433, #3141, #3129, #3182 ) ) ;
#407 = SECURITY_CLASSIFICATION ( '', '', #3646 ) ;
#408 = EDGE_CURVE ( 'NONE', #320, #768, #1425, .T. ) ;
#409 = CARTESIAN_POINT ( 'NONE',  ( -4.230470967794220300, 47.32851724330117100, 35.94300840550347700 ) ) ;
#410 = DIRECTION ( 'NONE',  ( -1.000000000000000000, 0.0000000000000000000, 0.0000000000000000000 ) ) ;
#411 = DIRECTION ( 'NONE',  ( -1.000000000000000000, 0.0000000000000000000, 0.0000000000000000000 ) ) ;
#412 = VERTEX_POINT ( 'NONE', #2091 ) ;
#413 = CARTESIAN_POINT ( 'NONE',  ( 38.42102565109463800, 49.31356645708253000, 98.02090228362833100 ) ) ;
#414 = PERSON_AND_ORGANIZATION_ROLE ( 'classification_officer' ) ;
#415 = DIRECTION ( 'NONE',  ( -1.000000000000000000, -0.0000000000000000000, -0.0000000000000000000 ) ) ;
#416 = VERTEX_POINT ( 'NONE', #2368 ) ;
#417 = CARTESIAN_POINT ( 'NONE',  ( 32.19403874780076800, 34.99510807738991500, 83.70244390394020700 ) ) ;
#418 = CARTESIAN_POINT ( 'NONE',  ( 38.79796382799534600, 48.27644093007145900, 95.57323923436384000 ) ) ;
#419 = ORIENTED_EDGE ( 'NONE', *, *, #3944, .F. ) ;
#420 = DIRECTION ( 'NONE',  ( -0.9781476007338055800, 2.546183866652839700E-017, -0.2079116908177600400 ) ) ;
#421 = AXIS2_PLACEMENT_3D ( 'NONE', #3778, #1600, #27 ) ;
#422 = AXIS2_PLACEMENT_3D ( 'NONE', #650, #2845, #969 ) ;
#423 = CARTESIAN_POINT ( 'NONE',  ( 58.15865425799412900, 0.0000000000000000000, -19.44999999999998500 ) ) ;
#424 = DIRECTION ( 'NONE',  ( -0.0000000000000000000, -0.0000000000000000000, 1.000000000000000000 ) ) ;
#425 = APPROVAL_STATUS ( 'not_yet_approved' ) ;
#426 = ORIENTED_EDGE ( 'NONE', *, *, #376, .F. ) ;
#427 = ORIENTED_EDGE ( 'NONE', *, *, #3440, .F. ) ;
#428 = CC_DESIGN_PERSON_AND_ORGANIZATION_ASSIGNMENT ( #3068, #113, ( #1101 ) ) ;
#429 = CARTESIAN_POINT ( 'NONE',  ( 27.87281908499129600, 34.69370078631828100, 81.92240181755723000 ) ) ;
#430 = DIRECTION ( 'NONE',  ( 1.000000000000000000, -0.0000000000000000000, -0.0000000000000000000 ) ) ;
#431 = DIRECTION ( 'NONE',  ( 0.0000000000000000000, 0.0000000000000000000, -1.000000000000000000 ) ) ;
#432 = EDGE_LOOP ( 'NONE', ( #727, #1621, #2919, #531, #3148 ) ) ;
#433 = CARTESIAN_POINT ( 'NONE',  ( -4.230470967794220300, 47.32851724330117100, 38.44300840550349100 ) ) ;
#434 = CARTESIAN_POINT ( 'NONE',  ( 38.34084846078781800, 43.60300803303691500, 90.88578764497508200 ) ) ;
#435 = LINE ( 'NONE', #1838, #1889 ) ;
#436 = DIRECTION ( 'NONE',  ( 1.000000000000000000, -0.0000000000000000000, -0.0000000000000000000 ) ) ;
#437 = DIRECTION ( 'NONE',  ( 0.0000000000000000000, 0.0000000000000000000, 1.000000000000000000 ) ) ;
#438 = APPLICATION_PROTOCOL_DEFINITION ( 'international standard', 'config_control_design', 1994, #2313 ) ;
#439 = APPROVAL_PERSON_ORGANIZATION ( #1254, #2261, #2045 ) ;
#440 = EDGE_CURVE ( 'NONE', #3977, #152, #592, .T. ) ;
#441 = CARTESIAN_POINT ( 'NONE',  ( -53.30290323835134800, 0.0000000000000000000, 23.71000000000000100 ) ) ;
#442 = LINE ( 'NONE', #1154, #1893 ) ;
#443 = EDGE_CURVE ( 'NONE', #2605, #464, #2156, .T. ) ;
#444 = PERSON_AND_ORGANIZATION ( #225, #3150 ) ;
#445 = CARTESIAN_POINT ( 'NONE',  ( 25.82290032688794700, 33.42798831451902700, 82.13532414106933300 ) ) ;
#446 = CARTESIAN_POINT ( 'NONE',  ( 19.90192358989791500, 57.33567257895325800, 67.94300840550349100 ) ) ;
#447 = CIRCLE ( 'NONE', #284, 16.05999999999999900 ) ;
#448 = CARTESIAN_POINT ( 'NONE',  ( 19.11688073541550600, 60.33167442328196000, 109.0390102498323300 ) ) ;
#449 = AXIS2_PLACEMENT_3D ( 'NONE', #261, #2452, #574 ) ;
#450 = CARTESIAN_POINT ( 'NONE',  ( 0.0000000000000000000, 26.94076836320741100, 26.94076836320751100 ) ) ;
#451 = CONICAL_SURFACE ( 'NONE', #883, 26.18499999999999500, 0.2094395102393202800 ) ;
#452 = CARTESIAN_POINT ( 'NONE',  ( 27.02219209301397000, 34.43341341992390900, 81.65943072834134900 ) ) ;
#453 = DIRECTION ( 'NONE',  ( 1.000000000000000000, 0.0000000000000000000, 0.0000000000000000000 ) ) ;
#454 = DIRECTION ( 'NONE',  ( 1.000000000000000000, -0.0000000000000000000, -0.0000000000000000000 ) ) ;
#455 = APPROVAL_ROLE ( '' ) ;
#456 = VECTOR ( 'NONE', #3384, 1000.000000000000000 ) ;
#457 = EDGE_LOOP ( 'NONE', ( #657, #1796 ) ) ;
#458 = CARTESIAN_POINT ( 'NONE',  ( 20.70351911971612000, 32.01845025873626600, 80.72578608528652900 ) ) ;
#459 = EDGE_CURVE ( 'NONE', #1750, #34, #3719, .T. ) ;
#460 = CARTESIAN_POINT ( 'NONE',  ( 19.31735178155594600, 33.46695727391588100, 80.68194619210558500 ) ) ;
#461 = ORIENTED_EDGE ( 'NONE', *, *, #246, .F. ) ;
#462 = AXIS2_PLACEMENT_3D ( 'NONE', #2652, #776, #2954 ) ;
#463 = CC_DESIGN_APPROVAL ( #249, ( #13 ) ) ;
#464 = VERTEX_POINT ( 'NONE', #1146 ) ;
#465 = DIRECTION ( 'NONE',  ( 0.0000000000000000000, 0.0000000000000000000, 1.000000000000000000 ) ) ;
#466 = CARTESIAN_POINT ( 'NONE',  ( 58.15865425799412900, 0.0000000000000000000, -23.62499999999999300 ) ) ;
#467 = DIRECTION ( 'NONE',  ( -1.000000000000000000, 0.0000000000000000000, 0.0000000000000000000 ) ) ;
#468 = DIRECTION ( 'NONE',  ( -1.951563910473908000E-018, -0.7071067811865486800, 0.7071067811865463500 ) ) ;
#469 = PERSON_AND_ORGANIZATION_ROLE ( 'design_supplier' ) ;
#470 = EDGE_LOOP ( 'NONE', ( #2398, #1532, #3981, #940 ) ) ;
#471 = ORIENTED_EDGE ( 'NONE', *, *, #3070, .F. ) ;
#472 = CARTESIAN_POINT ( 'NONE',  ( 16.92855792999758100, 33.60285374273068000, 80.81950114299532100 ) ) ;
#473 = CARTESIAN_POINT ( 'NONE',  ( 9.486497705811107300, 35.65009137773618900, 82.88783618653504000 ) ) ;
#474 = AXIS2_PLACEMENT_3D ( 'NONE', #2325, #2002, #1691 ) ;
#475 = CARTESIAN_POINT ( 'NONE',  ( 19.90192358989791900, 57.33567257895325800, 38.44300840550349100 ) ) ;
#476 = ORIENTED_EDGE ( 'NONE', *, *, #3163, .F. ) ;
#477 = DIRECTION ( 'NONE',  ( 0.0000000000000000000, 0.0000000000000000000, -1.000000000000000000 ) ) ;
#478 = DIRECTION ( 'NONE',  ( 0.0000000000000000000, 0.0000000000000000000, -1.000000000000000000 ) ) ;
#479 = CARTESIAN_POINT ( 'NONE',  ( 19.90192358989791900, 57.33567257895325800, -3.256991594496522400 ) ) ;
#480 = PERSON_AND_ORGANIZATION_ROLE ( 'creator' ) ;
#481 = VERTEX_POINT ( 'NONE', #2393 ) ;
#482 = CARTESIAN_POINT ( 'NONE',  ( 0.1494606772963811800, 43.76192949395749600, 92.46926532050781600 ) ) ;
#483 = DATE_AND_TIME ( #1294, #2139 ) ;
#484 = ADVANCED_FACE ( 'NONE', ( #2991 ), #2848, .F. ) ;
#485 = CARTESIAN_POINT ( 'NONE',  ( 12.19156171236912000, 33.90818055785507600, 82.61551638440308000 ) ) ;
#486 = ORIENTED_EDGE ( 'NONE', *, *, #1500, .T. ) ;
#487 = CIRCLE ( 'NONE', #515, 22.79499999999999800 ) ;
#488 = CARTESIAN_POINT ( 'NONE',  ( 39.79249226157941900, 47.64501808337700300, 96.35235390992733100 ) ) ;
#489 = EDGE_CURVE ( 'NONE', #517, #1378, #3632, .T. ) ;
#490 = VECTOR ( 'NONE', #3205, 999.9999999999998900 ) ;
#491 = DIRECTION ( 'NONE',  ( 0.9237280213470681100, 0.3830490080632378300, 0.0000000000000000000 ) ) ;
#492 = DATE_AND_TIME ( #1307, #2149 ) ;
#493 = DIRECTION ( 'NONE',  ( 0.6935081420032261900, 0.5094342239068900800, 0.5094342239068924100 ) ) ;
#494 = DIRECTION ( 'NONE',  ( 0.0000000000000000000, 0.0000000000000000000, -1.000000000000000000 ) ) ;
#495 = VECTOR ( 'NONE', #3768, 1000.000000000000000 ) ;
#496 = DIRECTION ( 'NONE',  ( 0.6935081420032261900, 0.5094342239068903000, 0.5094342239068919700 ) ) ;
#497 = APPROVAL_STATUS ( 'not_yet_approved' ) ;
#498 = CARTESIAN_POINT ( 'NONE',  ( 19.90192358989791900, 57.33567257895325800, -3.256991594496529100 ) ) ;
#499 = FACE_BOUND ( 'NONE', #1966, .T. ) ;
#500 = CARTESIAN_POINT ( 'NONE',  ( 6.811425824086947900, 35.45883934208508500, 84.16617516863537700 ) ) ;
#501 = DIRECTION ( 'NONE',  ( 0.6935081420032264100, 0.5094342239068904200, 0.5094342239068917500 ) ) ;
#502 = VECTOR ( 'NONE', #2692, 999.9999999999998900 ) ;
#503 = FACE_OUTER_BOUND ( 'NONE', #3135, .T. ) ;
#504 = FACE_OUTER_BOUND ( 'NONE', #2726, .T. ) ;
#505 = AXIS2_PLACEMENT_3D ( 'NONE', #814, #3008, #1446 ) ;
#506 = AXIS2_PLACEMENT_3D ( 'NONE', #854, #3663, #1797 ) ;
#507 = ORIENTED_EDGE ( 'NONE', *, *, #2493, .F. ) ;
#508 = CARTESIAN_POINT ( 'NONE',  ( -60.10819268389990100, 0.0000000000000000000, 0.0000000000000000000 ) ) ;
#509 = ADVANCED_FACE ( 'NONE', ( #503 ), #2011, .F. ) ;
#510 = EDGE_LOOP ( 'NONE', ( #3006, #3974, #2346, #756 ) ) ;
#511 = CARTESIAN_POINT ( 'NONE',  ( -17.72930008502348500, 0.0000000000000000000, 0.0000000000000000000 ) ) ;
#512 = CIRCLE ( 'NONE', #474, 27.87499999999998600 ) ;
#513 = ORIENTED_EDGE ( 'NONE', *, *, #1640, .T. ) ;
#514 = SECURITY_CLASSIFICATION_LEVEL ( 'unclassified' ) ;
#515 = AXIS2_PLACEMENT_3D ( 'NONE', #3536, #1671, #3846 ) ;
#516 = ORIENTED_EDGE ( 'NONE', *, *, #605, .T. ) ;
#517 = VERTEX_POINT ( 'NONE', #1061 ) ;
#518 = CARTESIAN_POINT ( 'NONE',  ( 4.533336963081168800, 38.97376693299849400, 86.23529108517132600 ) ) ;
#519 = ADVANCED_FACE ( 'NONE', ( #2061 ), #1218, .T. ) ;
#520 = CARTESIAN_POINT ( 'NONE',  ( 58.15865425799412900, 0.0000000000000000000, 0.0000000000000000000 ) ) ;
#521 = APPROVAL ( #3626, 'UNKNOWN' ) ;
#522 = ORIENTED_EDGE ( 'NONE', *, *, #811, .F. ) ;
#523 = DIRECTION ( 'NONE',  ( -2.775557561562891400E-017, -0.7071067811865487900, 0.7071067811865463500 ) ) ;
#524 = CARTESIAN_POINT ( 'NONE',  ( -0.1018233491729630300, 46.54533206726683400, 95.25266789381714700 ) ) ;
#525 = EDGE_CURVE ( 'NONE', #2800, #190, #2888, .T. ) ;
#526 = EDGE_CURVE ( 'NONE', #128, #1329, #396, .T. ) ;
#527 = CARTESIAN_POINT ( 'NONE',  ( 37.86843360509838200, 64.78597578578322200, 1.034866834207642800 ) ) ;
#528 = ADVANCED_FACE ( 'NONE', ( #1177 ), #256, .T. ) ;
#529 = PLANE ( 'NONE',  #2222 ) ;
#530 = AXIS2_PLACEMENT_3D ( 'NONE', #3586, #1724, #3897 ) ;
#531 = ORIENTED_EDGE ( 'NONE', *, *, #3109, .T. ) ;
#532 = ADVANCED_FACE ( 'NONE', ( #352 ), #2666, .T. ) ;
#533 = DIRECTION ( 'NONE',  ( -1.000000000000000000, -0.0000000000000000000, -0.0000000000000000000 ) ) ;
#534 = EDGE_CURVE ( 'NONE', #1628, #1241, #3470, .T. ) ;
#535 = FACE_OUTER_BOUND ( 'NONE', #3596, .T. ) ;
#536 = AXIS2_PLACEMENT_3D ( 'NONE', #344, #2532, #651 ) ;
#537 = COORDINATED_UNIVERSAL_TIME_OFFSET ( 0, 0, .AHEAD. ) ;
#538 = PRODUCT_DEFINITION ( 'UNKNOWN', '', #1577, #2444 ) ;
#539 = CARTESIAN_POINT ( 'NONE',  ( 0.0000000000000000000, 38.10000000000000100, 0.0000000000000000000 ) ) ;
#540 = DIRECTION ( 'NONE',  ( 0.0000000000000000000, -0.0000000000000000000, 1.000000000000000000 ) ) ;
#541 = CYLINDRICAL_SURFACE ( 'NONE', #1592, 20.85000000000000100 ) ;
#542 = AXIS2_PLACEMENT_3D ( 'NONE', #912, #3705, #1508 ) ;
#543 = PERSON_AND_ORGANIZATION ( #225, #3150 ) ;
#544 = DIRECTION ( 'NONE',  ( 1.000000000000000000, -0.0000000000000000000, -0.0000000000000000000 ) ) ;
#545 = CYLINDRICAL_SURFACE ( 'NONE', #3922, 23.71000000000000100 ) ;
#546 = CARTESIAN_POINT ( 'NONE',  ( 3.458845543001413300, 11.90874469969441000, 104.9941021135124100 ) ) ;
#547 = ADVANCED_FACE ( 'NONE', ( #1082, #2762 ), #3241, .T. ) ;
#548 = CARTESIAN_POINT ( 'NONE',  ( 44.95804616893713000, 67.72587692266857600, 33.44300840550347700 ) ) ;
#549 = FACE_OUTER_BOUND ( 'NONE', #1978, .T. ) ;
#550 = ORIENTED_EDGE ( 'NONE', *, *, #1711, .F. ) ;
#551 = VECTOR ( 'NONE', #1499, 1000.000000000000000 ) ;
#552 = AXIS2_PLACEMENT_3D ( 'NONE', #2362, #2685, #2347 ) ;
#553 = ORIENTED_EDGE ( 'NONE', *, *, #196, .T. ) ;
#554 = ORIENTED_EDGE ( 'NONE', *, *, #2228, .T. ) ;
#555 = CARTESIAN_POINT ( 'NONE',  ( 58.15865425799412900, 0.0000000000000000000, 0.0000000000000000000 ) ) ;
#556 = CARTESIAN_POINT ( 'NONE',  ( 36.80614638054925800, 64.34546942651050500, -3.256991594496522400 ) ) ;
#557 = CARTESIAN_POINT ( 'NONE',  ( 39.41195415908922000, 43.02022754214264200, 91.72756336869295500 ) ) ;
#558 = ORIENTED_EDGE ( 'NONE', *, *, #3320, .F. ) ;
#559 = ORIENTED_EDGE ( 'NONE', *, *, #4016, .T. ) ;
#560 = ADVANCED_FACE ( 'NONE', ( #150 ), #896, .T. ) ;
#561 = ORIENTED_EDGE ( 'NONE', *, *, #835, .F. ) ;
#562 = DIRECTION ( 'NONE',  ( 0.0000000000000000000, -0.0000000000000000000, 1.000000000000000000 ) ) ;
#563 = UNCERTAINTY_MEASURE_WITH_UNIT (LENGTH_MEASURE( 1.000000000000000100E-005 ), #17, 'distance_accuracy_value', 'NONE');
#564 = EDGE_LOOP ( 'NONE', ( #1586, #4028 ) ) ;
#565 = ORIENTED_EDGE ( 'NONE', *, *, #2578, .F. ) ;
#566 = CARTESIAN_POINT ( 'NONE',  ( 41.40192358989791200, 57.33567257895325800, 38.94300840550347700 ) ) ;
#567 = CARTESIAN_POINT ( 'NONE',  ( 32.17182411505720600, 34.98289425523032700, 83.69023008178059800 ) ) ;
#568 = APPROVAL_PERSON_ORGANIZATION ( #3840, #2291, #2615 ) ;
#569 = DIRECTION ( 'NONE',  ( 0.6935081420032264100, 0.5094342239068904200, 0.5094342239068916400 ) ) ;
#570 = DIRECTION ( 'NONE',  ( 0.0000000000000000000, -1.224646799147353200E-016, 1.000000000000000000 ) ) ;
#571 = ORIENTED_EDGE ( 'NONE', *, *, #835, .T. ) ;
#572 = AXIS2_PLACEMENT_3D ( 'NONE', #2292, #1674, #3540 ) ;
#573 = APPROVAL_DATE_TIME ( #1402, #1681 ) ;
#574 = DIRECTION ( 'NONE',  ( 1.000000000000000000, 0.0000000000000000000, 0.0000000000000000000 ) ) ;
#575 = EDGE_LOOP ( 'NONE', ( #2179, #832 ) ) ;
#576 = CIRCLE ( 'NONE', #66, 20.00000000000000000 ) ;
#577 = COORDINATED_UNIVERSAL_TIME_OFFSET ( 0, 0, .AHEAD. ) ;
#578 = ADVANCED_FACE ( 'NONE', ( #983, #1731 ), #2617, .T. ) ;
#579 = ORGANIZATION ( 'NAUO-ORG2', 'UNSPECIFIED', 'UNSPECIFIED' ) ;
#580 = CYLINDRICAL_SURFACE ( 'NONE', #2957, 22.79500000000000200 ) ;
#581 = PERSON_AND_ORGANIZATION ( #225, #3150 ) ;
#582 = EDGE_CURVE ( 'NONE', #268, #2847, #1825, .T. ) ;
#583 = DIRECTION ( 'NONE',  ( 0.0000000000000000000, 0.0000000000000000000, -1.000000000000000000 ) ) ;
#584 = VECTOR ( 'NONE', #2837, 1000.000000000000000 ) ;
#585 = AXIS2_PLACEMENT_3D ( 'NONE', #3238, #1370, #3558 ) ;
#586 = PRODUCT_DEFINITION_FORMATION_WITH_SPECIFIED_SOURCE ( 'ANY', '', #2087, .NOT_KNOWN. ) ;
#587 = EDGE_CURVE ( 'NONE', #1984, #3365, #2556, .T. ) ;
#588 = DIRECTION ( 'NONE',  ( 0.0000000000000000000, 0.0000000000000000000, -1.000000000000000000 ) ) ;
#589 = CYLINDRICAL_SURFACE ( 'NONE', #1424, 19.00000000000000000 ) ;
#590 = EDGE_CURVE ( 'NONE', #2613, #898, #1908, .T. ) ;
#591 = DIRECTION ( 'NONE',  ( 0.0000000000000000000, 0.0000000000000000000, -1.000000000000000000 ) ) ;
#592 = LINE ( 'NONE', #1798, #3805 ) ;
#593 = EDGE_CURVE ( 'NONE', #799, #902, #37, .T. ) ;
#594 = CIRCLE ( 'NONE', #536, 23.71000000000000100 ) ;
#595 = CARTESIAN_POINT ( 'NONE',  ( 1.093054222355778900, 48.27866889490935900, 96.98600472146421200 ) ) ;
#596 = CIRCLE ( 'NONE', #3464, 27.12499999999998600 ) ;
#597 = EDGE_LOOP ( 'NONE', ( #1432, #2906, #1794, #271 ) ) ;
#598 = CARTESIAN_POINT ( 'NONE',  ( -49.10930008502348400, 0.0000000000000000000, 23.11499999999999800 ) ) ;
#599 = EDGE_LOOP ( 'NONE', ( #3015, #2774, #1583, #3005 ) ) ;
#600 = ADVANCED_FACE ( 'NONE', ( #2459 ), #1528, .T. ) ;
#601 = AXIS2_PLACEMENT_3D ( 'NONE', #2080, #3338, #3947 ) ;
#602 = CARTESIAN_POINT ( 'NONE',  ( 58.15865425799412900, 0.0000000000000000000, 0.0000000000000000000 ) ) ;
#603 = ORIENTED_EDGE ( 'NONE', *, *, #371, .T. ) ;
#604 = EDGE_LOOP ( 'NONE', ( #2729, #759 ) ) ;
#605 = EDGE_CURVE ( 'NONE', #3056, #902, #2369, .T. ) ;
#606 = CARTESIAN_POINT ( 'NONE',  ( 1.625919705979942400, 51.93152295374100200, 100.6388587802913400 ) ) ;
#607 = VERTEX_POINT ( 'NONE', #2123 ) ;
#608 = CC_DESIGN_SECURITY_CLASSIFICATION ( #3630, ( #2519 ) ) ;
#609 = CC_DESIGN_SECURITY_CLASSIFICATION ( #407, ( #4081 ) ) ;
#610 = EDGE_CURVE ( 'NONE', #64, #2932, #3179, .T. ) ;
#611 = EDGE_LOOP ( 'NONE', ( #1373, #3884 ) ) ;
#612 = DIRECTION ( 'NONE',  ( -1.000000000000000000, 0.0000000000000000000, 0.0000000000000000000 ) ) ;
#613 = ORIENTED_EDGE ( 'NONE', *, *, #690, .T. ) ;
#614 = CARTESIAN_POINT ( 'NONE',  ( 2.047412352355437700, 51.47075924077331900, 98.77465818312941800 ) ) ;
#615 = CARTESIAN_POINT ( 'NONE',  ( -22.77439587576796100, 0.0000000000000000000, 0.0000000000000000000 ) ) ;
#616 = DATE_AND_TIME ( #1459, #2288 ) ;
#617 = CARTESIAN_POINT ( 'NONE',  ( 6.800959343948505900, 56.63695279277222000, 103.9496225623935400 ) ) ;
#618 = DIRECTION ( 'NONE',  ( -1.000000000000000000, 0.0000000000000000000, 0.0000000000000000000 ) ) ;
#619 = CARTESIAN_POINT ( 'NONE',  ( 58.15865425799412900, 0.0000000000000000000, 0.0000000000000000000 ) ) ;
#620 = CARTESIAN_POINT ( 'NONE',  ( 1.155048241921638100, 44.65222376961565200, 91.93863938261121400 ) ) ;
#621 = CARTESIAN_POINT ( 'NONE',  ( 14.28081740955222800, 59.74432737460833900, 108.4516632011587100 ) ) ;
#622 = AXIS2_PLACEMENT_3D ( 'NONE', #987, #3167, #1295 ) ;
#623 = PLANE ( 'NONE',  #3149 ) ;
#624 = VECTOR ( 'NONE', #544, 1000.000000000000000 ) ;
#625 = DATE_AND_TIME ( #1464, #2299 ) ;
#626 = FACE_OUTER_BOUND ( 'NONE', #3045, .T. ) ;
#627 = CC_DESIGN_PERSON_AND_ORGANIZATION_ASSIGNMENT ( #3263, #2950, ( #2377 ) ) ;
#628 = CIRCLE ( 'NONE', #3494, 20.85000000000000100 ) ;
#629 = CARTESIAN_POINT ( 'NONE',  ( 10.28889464567962600, 57.77966573387796200, 106.4870015604260400 ) ) ;
#630 = DIRECTION ( 'NONE',  ( 0.0000000000000000000, 0.0000000000000000000, -1.000000000000000000 ) ) ;
#631 = FACE_OUTER_BOUND ( 'NONE', #2367, .T. ) ;
#632 = CARTESIAN_POINT ( 'NONE',  ( 17.30714568419530200, 60.18181306869911400, 107.4991350086326300 ) ) ;
#633 = VERTEX_POINT ( 'NONE', #546 ) ;
#634 = ORIENTED_EDGE ( 'NONE', *, *, #2406, .F. ) ;
#635 = VECTOR ( 'NONE', #2094, 1000.000000000000000 ) ;
#636 = EDGE_CURVE ( 'NONE', #1378, #2576, #4020, .T. ) ;
#637 = ORIENTED_EDGE ( 'NONE', *, *, #2728, .F. ) ;
#638 = DIRECTION ( 'NONE',  ( 0.0000000000000000000, 0.0000000000000000000, 1.000000000000000000 ) ) ;
#639 = EDGE_CURVE ( 'NONE', #2482, #1274, #3918, .T. ) ;
#640 = ORIENTED_EDGE ( 'NONE', *, *, #2328, .F. ) ;
#641 = EDGE_LOOP ( 'NONE', ( #819, #516, #829, #1043 ) ) ;
#642 = AXIS2_PLACEMENT_3D ( 'NONE', #3071, #1192, #3394 ) ;
#643 = DIRECTION ( 'NONE',  ( 0.0000000000000000000, -0.0000000000000000000, 1.000000000000000000 ) ) ;
#644 = EDGE_LOOP ( 'NONE', ( #2027, #1176, #2700, #2813 ) ) ;
#645 = ORIENTED_EDGE ( 'NONE', *, *, #459, .T. ) ;
#646 = CARTESIAN_POINT ( 'NONE',  ( 22.26612547367296100, 59.51488992320737700, 108.2222257497554500 ) ) ;
#647 = ORIENTED_EDGE ( 'NONE', *, *, #1349, .T. ) ;
#648 = VERTEX_POINT ( 'NONE', #3391 ) ;
#649 = DIRECTION ( 'NONE',  ( -0.0000000000000000000, -0.0000000000000000000, 1.000000000000000000 ) ) ;
#650 = CARTESIAN_POINT ( 'NONE',  ( 0.0000000000000000000, 38.10000000000000100, -29.00000000000000000 ) ) ;
#651 = DIRECTION ( 'NONE',  ( 0.0000000000000000000, 0.0000000000000000000, 1.000000000000000000 ) ) ;
#652 = EDGE_CURVE ( 'NONE', #3430, #3017, #1430, .T. ) ;
#653 = ORIENTED_EDGE ( 'NONE', *, *, #2189, .T. ) ;
#654 = AXIS2_PLACEMENT_3D ( 'NONE', #2195, #326, #2512 ) ;
#655 = ORIENTED_EDGE ( 'NONE', *, *, #3967, .F. ) ;
#656 = CC_DESIGN_PERSON_AND_ORGANIZATION_ASSIGNMENT ( #681, #1706, ( #13 ) ) ;
#657 = ORIENTED_EDGE ( 'NONE', *, *, #1452, .F. ) ;
#658 = MANIFOLD_SOLID_BREP ( 'Chamfer1', #1924 ) ;
#659 = DIRECTION ( 'NONE',  ( -0.0000000000000000000, -0.0000000000000000000, 1.000000000000000000 ) ) ;
#660 = CARTESIAN_POINT ( 'NONE',  ( 19.90192358989791900, 57.33567257895325800, 33.44300840550347700 ) ) ;
#661 = CARTESIAN_POINT ( 'NONE',  ( 24.96098117685958300, 59.86025234534300000, 108.5675881718933600 ) ) ;
#662 =( LENGTH_UNIT ( ) NAMED_UNIT ( * ) SI_UNIT ( .MILLI., .METRE. ) );
#663 = LINE ( 'NONE', #310, #2335 ) ;
#664 = ORIENTED_EDGE ( 'NONE', *, *, #319, .F. ) ;
#665 = VERTEX_POINT ( 'NONE', #2118 ) ;
#666 = CARTESIAN_POINT ( 'NONE',  ( 14.56187271855996600, 59.76098916622824200, 107.0778024192475600 ) ) ;
#667 = APPROVAL_PERSON_ORGANIZATION ( #1506, #1681, #3197 ) ;
#668 = PRODUCT_DEFINITION_SHAPE ( 'NONE', 'NONE',  #538 ) ;
#669 = DIRECTION ( 'NONE',  ( 0.0000000000000000000, -0.0000000000000000000, 1.000000000000000000 ) ) ;
#670 = DIRECTION ( 'NONE',  ( -1.000000000000000000, 0.0000000000000000000, 0.0000000000000000000 ) ) ;
#671 = LINE ( 'NONE', #2869, #2235 ) ;
#672 = DATE_AND_TIME ( #1510, #2348 ) ;
#673 = COORDINATED_UNIVERSAL_TIME_OFFSET ( 0, 0, .AHEAD. ) ;
#674 = AXIS2_PLACEMENT_3D ( 'NONE', #1371, #454, #123 ) ;
#675 = CARTESIAN_POINT ( 'NONE',  ( -26.93262969212313600, 3.321854442687194000E-015, 27.12499999999998600 ) ) ;
#676 = DIRECTION ( 'NONE',  ( -0.0000000000000000000, -0.0000000000000000000, 1.000000000000000000 ) ) ;
#677 = FACE_OUTER_BOUND ( 'NONE', #3026, .T. ) ;
#678 = DIRECTION ( 'NONE',  ( -1.951563910473908000E-018, -0.7071067811865486800, 0.7071067811865463500 ) ) ;
#679 = CARTESIAN_POINT ( 'NONE',  ( 29.86095390698417900, 58.34189883884325000, 105.6569169976692000 ) ) ;
#680 = DIRECTION ( 'NONE',  ( 1.000000000000000000, 0.0000000000000000000, 0.0000000000000000000 ) ) ;
#681 = PERSON_AND_ORGANIZATION ( #225, #3150 ) ;
#682 = CIRCLE ( 'NONE', #3423, 23.11499999999999800 ) ;
#683 = CARTESIAN_POINT ( 'NONE',  ( 38.76241549944597200, 44.50316879539045800, 93.21050462194080000 ) ) ;
#684 = DIRECTION ( 'NONE',  ( 1.000000000000000000, 3.452846727303120300E-015, 0.0000000000000000000 ) ) ;
#685 = CIRCLE ( 'NONE', #808, 16.06000000000000200 ) ;
#686 = CARTESIAN_POINT ( 'NONE',  ( 22.05950270301109100, 60.23187146528844900, 108.9392072918388300 ) ) ;
#687 = ADVANCED_BREP_SHAPE_REPRESENTATION ( '', ( #3740, #1546 ), #2178 ) ;
#688 = ORIENTED_EDGE ( 'NONE', *, *, #2127, .F. ) ;
#689 = LINE ( 'NONE', #1873, #3081 ) ;
#690 = EDGE_CURVE ( 'NONE', #2618, #3590, #3085, .T. ) ;
#691 = CARTESIAN_POINT ( 'NONE',  ( 19.90192358989791900, 57.33567257895325800, -79.32383853639055400 ) ) ;
#692 = EDGE_LOOP ( 'NONE', ( #3580, #1970, #1342, #1963 ) ) ;
#693 = DIRECTION ( 'NONE',  ( 1.000000000000000000, -0.0000000000000000000, -0.0000000000000000000 ) ) ;
#694 = CARTESIAN_POINT ( 'NONE',  ( 33.70505009761083700, 55.42619381419186200, 104.1335296407399400 ) ) ;
#695 = VERTEX_POINT ( 'NONE', #1503 ) ;
#696 = CIRCLE ( 'NONE', #3694, 27.12499999999998200 ) ;
#697 = ORIENTED_EDGE ( 'NONE', *, *, #869, .F. ) ;
#698 = CARTESIAN_POINT ( 'NONE',  ( 41.72499809422240000, 66.38520539444724000, -2.756991594496535700 ) ) ;
#699 = CARTESIAN_POINT ( 'NONE',  ( 38.70454373313983600, 41.25698894254154000, 89.96432476909184600 ) ) ;
#700 = CARTESIAN_POINT ( 'NONE',  ( -17.72930008502348500, 0.0000000000000000000, 16.05999999999999900 ) ) ;
#701 = DIRECTION ( 'NONE',  ( 0.0000000000000000000, -0.7071067811865487900, 0.7071067811865462400 ) ) ;
#702 = EDGE_LOOP ( 'NONE', ( #264, #90 ) ) ;
#703 = VERTEX_POINT ( 'NONE', #1189 ) ;
#704 = AXIS2_PLACEMENT_3D ( 'NONE', #1147, #3349, #1473 ) ;
#705 = AXIS2_PLACEMENT_3D ( 'NONE', #3690, #1817, #3993 ) ;
#706 = CARTESIAN_POINT ( 'NONE',  ( 19.90192358989791500, 23.98743014852677600, 117.0727875623448100 ) ) ;
#707 = DIRECTION ( 'NONE',  ( -1.000000000000000000, 0.0000000000000000000, 0.0000000000000000000 ) ) ;
#708 = CARTESIAN_POINT ( 'NONE',  ( 37.78968946802860500, 52.51154382635829900, 101.2188796529086400 ) ) ;
#709 = APPLICATION_CONTEXT ( 'configuration controlled 3d designs of mechanical parts and assemblies' ) ;
#710 = ORIENTED_EDGE ( 'NONE', *, *, #2378, .T. ) ;
#711 = ORIENTED_EDGE ( 'NONE', *, *, #443, .F. ) ;
#712 = AXIS2_PLACEMENT_3D ( 'NONE', #3475, #1624, #3803 ) ;
#713 = ORIENTED_EDGE ( 'NONE', *, *, #2728, .T. ) ;
#714 = CARTESIAN_POINT ( 'NONE',  ( 35.05769372625093200, 38.77165195328108600, 86.03198926112210600 ) ) ;
#715 = CARTESIAN_POINT ( 'NONE',  ( 33.46412643322388900, 56.28557884975073500, 103.5977262534107700 ) ) ;
#716 = CARTESIAN_POINT ( 'NONE',  ( -22.20005111260406500, 2.381938024341600300E-015, -19.44999999999998500 ) ) ;
#717 = ORIENTED_EDGE ( 'NONE', *, *, #2529, .T. ) ;
#718 = EDGE_LOOP ( 'NONE', ( #1638, #2918 ) ) ;
#719 = CARTESIAN_POINT ( 'NONE',  ( 19.90192358989791500, 57.33567257895325800, 67.94300840550349100 ) ) ;
#720 = CC_DESIGN_APPROVAL ( #521, ( #77 ) ) ;
#721 = CARTESIAN_POINT ( 'NONE',  ( 19.90192358989791500, 19.23567257895325600, 67.94300840550349100 ) ) ;
#722 = APPROVAL_DATE_TIME ( #1547, #1230 ) ;
#723 = CARTESIAN_POINT ( 'NONE',  ( 44.08974182887089200, 67.36581085508913700, -3.256991594496522400 ) ) ;
#724 = EDGE_LOOP ( 'NONE', ( #2858, #222 ) ) ;
#725 = CARTESIAN_POINT ( 'NONE',  ( 38.66685448584502900, 49.15823760743903400, 96.45722740347396500 ) ) ;
#726 = APPROVAL_STATUS ( 'not_yet_approved' ) ;
#727 = ORIENTED_EDGE ( 'NONE', *, *, #3793, .F. ) ;
#728 = EDGE_CURVE ( 'NONE', #1428, #3443, #596, .T. ) ;
#729 = EDGE_CURVE ( 'NONE', #3055, #367, #3813, .T. ) ;
#730 = APPROVAL_PERSON_ORGANIZATION ( #1550, #840, #3943 ) ;
#731 = CARTESIAN_POINT ( 'NONE',  ( 31.05360364874892200, 35.30681662258322000, 84.01415244913805200 ) ) ;
#732 = FACE_OUTER_BOUND ( 'NONE', #2506, .T. ) ;
#733 = CARTESIAN_POINT ( 'NONE',  ( -18.40819268389988400, 2.893228062985621000E-015, 23.62499999999999300 ) ) ;
#734 = PERSON_AND_ORGANIZATION ( #225, #3150 ) ;
#735 = CYLINDRICAL_SURFACE ( 'NONE', #118, 23.71000000000000100 ) ;
#736 = DIRECTION ( 'NONE',  ( -1.000000000000000000, -0.0000000000000000000, -0.0000000000000000000 ) ) ;
#737 = AXIS2_PLACEMENT_3D ( 'NONE', #479, #2676, #795 ) ;
#738 = DIRECTION ( 'NONE',  ( -1.000000000000000000, -0.0000000000000000000, -0.0000000000000000000 ) ) ;
#739 = DIRECTION ( 'NONE',  ( 1.000000000000000000, -0.0000000000000000000, -0.0000000000000000000 ) ) ;
#740 = VECTOR ( 'NONE', #3570, 1000.000000000000000 ) ;
#741 = DIRECTION ( 'NONE',  ( 1.000000000000000000, 0.0000000000000000000, 0.0000000000000000000 ) ) ;
#742 = PERSON_AND_ORGANIZATION_ROLE ( 'creator' ) ;
#743 = DIRECTION ( 'NONE',  ( 0.0000000000000000000, 0.0000000000000000000, 1.000000000000000000 ) ) ;
#744 = CIRCLE ( 'NONE', #654, 16.05999999999999900 ) ;
#745 = CARTESIAN_POINT ( 'NONE',  ( 28.29233990055398000, 33.31290171880420600, 82.02023754535447600 ) ) ;
#746 = EDGE_CURVE ( 'NONE', #358, #3746, #696, .T. ) ;
#747 = B_SPLINE_CURVE_WITH_KNOTS ( 'NONE', 3,
 ( #488, #3907, #3296, #2988, #2034, #1699, #1100, #3618, #3567, #2955, #2363, #1736, #1716, #1078, #3889, #3014, #3683, #270, #2144, #2066, #1165, #3051, #3670, #686, #2886, #448, #2564, #72, #2904, #3678, #2708, #3939, #199, #1754, #866, #2024, #3657, #3334, #3025, #1414, #3961, #3605, #1093, #2039, #1122, #1486, #3360, #524, #3640, #3623, #1784 ),
 .UNSPECIFIED., .F., .F.,
 ( 4, 2, 2, 2, 2, 2, 2, 2, 2, 1, 2, 2, 2, 2, 2, 2, 2, 2, 2, 2, 2, 2, 2, 2, 2, 4 ),
 ( 0.002079762465532891900, 0.006039146865006121000, 0.008018839064742744000, 0.009998531264479367000, 0.01395791566395258700, 0.01593760786368919900, 0.01791730006342581400, 0.02187668446289902900, 0.02385637666263563200, 0.02583606886237223600, 0.02781576106210884000, 0.02880560716197713700, 0.02979545326184543400, 0.03375483766131862100, 0.03573452986105521400, 0.03771422206079180800, 0.04167360646026500200, 0.04365329866000158800, 0.04563299085973816800, 0.04959237525921133400, 0.05355175965868450000, 0.05553145185842108700, 0.05751114405815766600, 0.06147052845763086000, 0.06345022065736746800, 0.06542991285710407500 ),
 .UNSPECIFIED. ) ;
#748 = AXIS2_PLACEMENT_3D ( 'NONE', #35, #1290, #3476 ) ;
#749 = EDGE_LOOP ( 'NONE', ( #1807, #513, #100, #3941 ) ) ;
#750 = CIRCLE ( 'NONE', #178, 27.87499999999998900 ) ;
#751 = APPROVAL ( #2632, 'UNSPECIFIED' ) ;
#752 = VERTEX_POINT ( 'NONE', #1793 ) ;
#753 = AXIS2_PLACEMENT_3D ( 'NONE', #3316, #1445, #477 ) ;
#754 = ORIENTED_EDGE ( 'NONE', *, *, #3230, .F. ) ;
#755 = CARTESIAN_POINT ( 'NONE',  ( 37.54953958070847600, 41.81529835610042100, 89.09112547525698700 ) ) ;
#756 = ORIENTED_EDGE ( 'NONE', *, *, #3168, .F. ) ;
#757 = APPROVAL_ROLE ( '' ) ;
#758 = DIRECTION ( 'NONE',  ( -1.000000000000000000, 0.0000000000000000000, 0.0000000000000000000 ) ) ;
#759 = ORIENTED_EDGE ( 'NONE', *, *, #158, .T. ) ;
#760 = VERTEX_POINT ( 'NONE', #1467 ) ;
#761 = CARTESIAN_POINT ( 'NONE',  ( 24.34654421219626000, 33.80838576808258000, 81.02751808978094100 ) ) ;
#762 = DIRECTION ( 'NONE',  ( 1.000000000000000000, 0.0000000000000000000, 0.0000000000000000000 ) ) ;
#763 = ORIENTED_EDGE ( 'NONE', *, *, #443, .T. ) ;
#764 = AXIS2_PLACEMENT_3D ( 'NONE', #2300, #1039, #3198 ) ;
#765 = DIRECTION ( 'NONE',  ( 1.000000000000000000, 0.0000000000000000000, 0.0000000000000000000 ) ) ;
#766 = AXIS2_PLACEMENT_3D ( 'NONE', #807, #3615, #1751 ) ;
#767 = CARTESIAN_POINT ( 'NONE',  ( 25.12940202276098500, 33.97474149411488800, 81.19573942829885000 ) ) ;
#768 = VERTEX_POINT ( 'NONE', #818 ) ;
#769 = CARTESIAN_POINT ( 'NONE',  ( 19.90192358989791900, 57.33567257895325800, -79.32383853639055400 ) ) ;
#770 = DIRECTION ( 'NONE',  ( -0.9237280213470682200, -0.3830490080632377700, 0.0000000000000000000 ) ) ;
#771 = DIRECTION ( 'NONE',  ( 1.000000000000000000, -0.0000000000000000000, -0.0000000000000000000 ) ) ;
#772 = MECHANICAL_CONTEXT ( 'NONE', #1637, 'mechanical' ) ;
#773 = ORIENTED_EDGE ( 'NONE', *, *, #652, .F. ) ;
#774 = VERTEX_POINT ( 'NONE', #3020 ) ;
#775 = CARTESIAN_POINT ( 'NONE',  ( 19.72525420869060000, 32.76084425247336200, 81.46818007902246000 ) ) ;
#776 = DIRECTION ( 'NONE',  ( 0.0000000000000000000, 0.0000000000000000000, 1.000000000000000000 ) ) ;
#777 = ORIENTED_EDGE ( 'NONE', *, *, #593, .T. ) ;
#778 = SHAPE_DEFINITION_REPRESENTATION ( #2964, #2558 ) ;
#779 = EDGE_LOOP ( 'NONE', ( #2629, #219, #2029, #162 ) ) ;
#780 = CONICAL_SURFACE ( 'NONE', #3424, 23.62499999999999300, 0.7853981633974657100 ) ;
#781 = PERSON_AND_ORGANIZATION ( #225, #3150 ) ;
#782 = PERSON_AND_ORGANIZATION_ROLE ( 'classification_officer' ) ;
#783 = EDGE_CURVE ( 'NONE', #2732, #1580, #1203, .T. ) ;
#784 = CYLINDRICAL_SURFACE ( 'NONE', #1897, 27.87499999999998600 ) ;
#785 = COORDINATED_UNIVERSAL_TIME_OFFSET ( 0, 0, .AHEAD. ) ;
#786 = CARTESIAN_POINT ( 'NONE',  ( 16.77206500051557500, 32.15863073032831200, 80.86596655687859000 ) ) ;
#787 = CARTESIAN_POINT ( 'NONE',  ( 8.074668671510107000, 36.36920771788454200, 83.61299234821031200 ) ) ;
#788 = FACE_OUTER_BOUND ( 'NONE', #1864, .T. ) ;
#789 = AXIS2_PLACEMENT_3D ( 'NONE', #3248, #1382, #3568 ) ;
#790 = DIRECTION ( 'NONE',  ( 1.000000000000000000, 0.0000000000000000000, 0.0000000000000000000 ) ) ;
#791 = LINE ( 'NONE', #1354, #2360 ) ;
#792 = ADVANCED_FACE ( 'NONE', ( #3725 ), #2069, .T. ) ;
#793 = CARTESIAN_POINT ( 'NONE',  ( 19.90192358989791500, 23.98743014852677600, 117.0727875623448100 ) ) ;
#794 = DIRECTION ( 'NONE',  ( 0.9237280213470682200, 0.3830490080632377700, 0.0000000000000000000 ) ) ;
#795 = DIRECTION ( 'NONE',  ( 0.9237280213470680000, 0.3830490080632380500, 0.0000000000000000000 ) ) ;
#796 = APPROVAL_STATUS ( 'not_yet_approved' ) ;
#797 = CIRCLE ( 'NONE', #737, 18.29999999999999000 ) ;
#798 = CARTESIAN_POINT ( 'NONE',  ( 1.009395715519828100, 44.75919980177270200, 93.46653562832300100 ) ) ;
#799 = VERTEX_POINT ( 'NONE', #3011 ) ;
#800 = EDGE_LOOP ( 'NONE', ( #95, #3136 ) ) ;
#801 = CARTESIAN_POINT ( 'NONE',  ( -17.90819268389989800, 0.0000000000000000000, 0.0000000000000000000 ) ) ;
#802 = ORIENTED_EDGE ( 'NONE', *, *, #2114, .T. ) ;
#803 = CARTESIAN_POINT ( 'NONE',  ( 11.60858319012348800, 34.80129366076693700, 82.03108279263280200 ) ) ;
#804 = VECTOR ( 'NONE', #972, 1000.000000000000000 ) ;
#805 = EDGE_CURVE ( 'NONE', #2133, #342, #2997, .T. ) ;
#806 = ORIENTED_EDGE ( 'NONE', *, *, #1212, .F. ) ;
#807 = CARTESIAN_POINT ( 'NONE',  ( 29.90907892555000200, 33.20327802126111300, 35.94300840550347700 ) ) ;
#808 = AXIS2_PLACEMENT_3D ( 'NONE', #121, #2323, #453 ) ;
#809 = CARTESIAN_POINT ( 'NONE',  ( 19.90192358989424900, 60.30042509165702600, 107.6178883810042200 ) ) ;
#810 = APPROVAL ( #796, 'UNSPECIFIED' ) ;
#811 = EDGE_CURVE ( 'NONE', #861, #2562, #2895, .T. ) ;
#812 = ORIENTED_EDGE ( 'NONE', *, *, #2378, .F. ) ;
#813 = COORDINATED_UNIVERSAL_TIME_OFFSET ( 0, 0, .AHEAD. ) ;
#814 = CARTESIAN_POINT ( 'NONE',  ( 19.90192358989791900, 57.33567257895325800, -2.756991594496535700 ) ) ;
#815 = EDGE_CURVE ( 'NONE', #3886, #1274, #512, .T. ) ;
#816 = DATE_TIME_ROLE ( 'classification_date' ) ;
#817 = EDGE_CURVE ( 'NONE', #3487, #1329, #1222, .T. ) ;
#818 = CARTESIAN_POINT ( 'NONE',  ( 34.36156835066518800, 56.79814451061933100, 105.5054803371697000 ) ) ;
#819 = ORIENTED_EDGE ( 'NONE', *, *, #2137, .F. ) ;
#820 = DIRECTION ( 'NONE',  ( 0.9237280213470681100, 0.3830490080632379400, 0.0000000000000000000 ) ) ;
#821 = ADVANCED_FACE ( 'NONE', ( #404, #3643 ), #2949, .F. ) ;
#822 = CARTESIAN_POINT ( 'NONE',  ( 7.022887714789675300, 36.30475115123476800, 85.01208697778278600 ) ) ;
#823 = DIRECTION ( 'NONE',  ( 0.0000000000000000000, 0.0000000000000000000, -1.000000000000000000 ) ) ;
#824 = AXIS2_PLACEMENT_3D ( 'NONE', #2104, #231, #2422 ) ;
#825 = DIRECTION ( 'NONE',  ( 0.0000000000000000000, 0.0000000000000000000, -1.000000000000000000 ) ) ;
#826 = CARTESIAN_POINT ( 'NONE',  ( 41.72499809422240000, 66.38520539444724000, -79.32383853639055400 ) ) ;
#827 = CARTESIAN_POINT ( 'NONE',  ( 3.458845543001413300, 25.61247411908971800, 91.29037269411715300 ) ) ;
#828 = ADVANCED_FACE ( 'NONE', ( #1321, #299 ), #2714, .F. ) ;
#829 = ORIENTED_EDGE ( 'NONE', *, *, #1790, .T. ) ;
#830 = VERTEX_POINT ( 'NONE', #3836 ) ;
#831 = APPROVAL_ROLE ( '' ) ;
#832 = ORIENTED_EDGE ( 'NONE', *, *, #1530, .F. ) ;
#833 = DIRECTION ( 'NONE',  ( 1.000000000000000000, -0.0000000000000000000, -0.0000000000000000000 ) ) ;
#834 = APPROVAL_PERSON_ORGANIZATION ( #1647, #1230, #1974 ) ;
#835 = EDGE_CURVE ( 'NONE', #2820, #2770, #2801, .T. ) ;
#836 = CARTESIAN_POINT ( 'NONE',  ( 3.724463982640402000, 37.83474770878265000, 86.54208353533294900 ) ) ;
#837 = PRODUCT_RELATED_PRODUCT_CATEGORY ( 'detail', '', ( #3313 ) ) ;
#838 = CARTESIAN_POINT ( 'NONE',  ( -41.35930008502347700, 0.0000000000000000000, 0.0000000000000000000 ) ) ;
#839 = CALENDAR_DATE ( 2013, 25, 7 ) ;
#840 = APPROVAL ( #1774, 'UNKNOWN' ) ;
#841 = AXIS2_PLACEMENT_3D ( 'NONE', #3614, #891, #2059 ) ;
#842 = CONICAL_SURFACE ( 'NONE', #2037, 16.06000000000000200, 0.7853981633974552700 ) ;
#843 = CARTESIAN_POINT ( 'NONE',  ( 35.71044168686145800, 41.08006083668010400, 123.2052631421066900 ) ) ;
#844 = ADVANCED_FACE ( 'NONE', ( #3524 ), #1037, .T. ) ;
#845 = PERSON_AND_ORGANIZATION ( #225, #3150 ) ;
#846 = DIRECTION ( 'NONE',  ( -1.951563910473908000E-018, -0.7071067811865486800, 0.7071067811865463500 ) ) ;
#847 = CARTESIAN_POINT ( 'NONE',  ( 0.01199700823242741600, 44.68492766911142400, 93.39226349566173700 ) ) ;
#848 = FACE_OUTER_BOUND ( 'NONE', #1047, .T. ) ;
#849 = VECTOR ( 'NONE', #1340, 1000.000000000000000 ) ;
#850 = ADVANCED_FACE ( 'NONE', ( #1130 ), #1787, .F. ) ;
#851 = DIRECTION ( 'NONE',  ( 0.0000000000000000000, 0.0000000000000000000, -1.000000000000000000 ) ) ;
#852 = CIRCLE ( 'NONE', #3877, 54.15999999999999700 ) ;
#853 = AXIS2_PLACEMENT_3D ( 'NONE', #3137, #14, #960 ) ;
#854 = CARTESIAN_POINT ( 'NONE',  ( -46.22819268389990600, 23.62499999999998900, 0.0000000000000000000 ) ) ;
#855 = CARTESIAN_POINT ( 'NONE',  ( 19.90192358989791500, 23.98743014852677600, 117.0727875623448100 ) ) ;
#856 = CARTESIAN_POINT ( 'NONE',  ( -57.10819268389989400, 3.413702952623245400E-015, 27.87499999999998600 ) ) ;
#857 = CARTESIAN_POINT ( 'NONE',  ( 0.4483490836584410100, 42.84972101119977600, 91.55705683775009600 ) ) ;
#858 = CONICAL_SURFACE ( 'NONE', #3403, 18.29999999999999000, 0.2617993877991508500 ) ;
#859 = CC_DESIGN_PERSON_AND_ORGANIZATION_ASSIGNMENT ( #3417, #1725, ( #2087 ) ) ;
#860 = ORIENTED_EDGE ( 'NONE', *, *, #2619, .T. ) ;
#861 = VERTEX_POINT ( 'NONE', #981 ) ;
#862 = ADVANCED_FACE ( 'NONE', ( #206 ), #1157, .F. ) ;
#863 = DIRECTION ( 'NONE',  ( -1.000000000000000000, 0.0000000000000000000, 0.0000000000000000000 ) ) ;
#864 = ORIENTED_EDGE ( 'NONE', *, *, #2860, .T. ) ;
#865 = DIRECTION ( 'NONE',  ( -0.3467540710016129800, -0.8670895476492406200, 0.3576553237423477600 ) ) ;
#866 = CARTESIAN_POINT ( 'NONE',  ( 8.136870212853276400, 57.61578232560936600, 106.3231181521597400 ) ) ;
#867 = ORIENTED_EDGE ( 'NONE', *, *, #2081, .F. ) ;
#868 = CARTESIAN_POINT ( 'NONE',  ( 39.66200251047442300, 43.93344079964557400, 92.64077662619588700 ) ) ;
#869 = EDGE_CURVE ( 'NONE', #2847, #1283, #1865, .T. ) ;
#870 = EDGE_CURVE ( 'NONE', #1138, #268, #1961, .T. ) ;
#871 = CARTESIAN_POINT ( 'NONE',  ( -22.20005111260406500, 0.0000000000000000000, 0.0000000000000000000 ) ) ;
#872 = ORIENTED_EDGE ( 'NONE', *, *, #4026, .F. ) ;
#873 = AXIS2_PLACEMENT_3D ( 'NONE', #275, #2466, #588 ) ;
#874 = CARTESIAN_POINT ( 'NONE',  ( 4.920630716333017000, 55.14454161869671400, 102.4549496755721000 ) ) ;
#875 = DIRECTION ( 'NONE',  ( 0.0000000000000000000, 0.0000000000000000000, -1.000000000000000000 ) ) ;
#876 = ADVANCED_FACE ( 'NONE', ( #2608 ), #858, .T. ) ;
#877 = CARTESIAN_POINT ( 'NONE',  ( -20.40819268389990200, 3.206737643567343200E-015, 26.18499999999998800 ) ) ;
#878 = DESIGN_CONTEXT ( 'detailed design', #3898, 'design' ) ;
#879 = CARTESIAN_POINT ( 'NONE',  ( -48.55504382660144800, 0.0000000000000000000, 0.0000000000000000000 ) ) ;
#880 = EDGE_CURVE ( 'NONE', #2562, #861, #1673, .T. ) ;
#881 = FACE_OUTER_BOUND ( 'NONE', #597, .T. ) ;
#882 = PERSON_AND_ORGANIZATION ( #225, #3150 ) ;
#883 = AXIS2_PLACEMENT_3D ( 'NONE', #3130, #643, #962 ) ;
#884 = PERSON_AND_ORGANIZATION ( #3108, #1707 ) ;
#885 = CC_DESIGN_DATE_AND_TIME_ASSIGNMENT ( #1413, #3882, ( #13 ) ) ;
#886 = LINE ( 'NONE', #921, #2351 ) ;
#887 = DATE_AND_TIME ( #1709, #2541 ) ;
#888 = DIRECTION ( 'NONE',  ( 0.0000000000000000000, -0.0000000000000000000, 1.000000000000000000 ) ) ;
#889 = LINE ( 'NONE', #1855, #24 ) ;
#890 = EDGE_CURVE ( 'NONE', #342, #2133, #101, .T. ) ;
#891 = DIRECTION ( 'NONE',  ( 0.0000000000000000000, 0.0000000000000000000, -1.000000000000000000 ) ) ;
#892 = LINE ( 'NONE', #3211, #3270 ) ;
#893 = ADVANCED_FACE ( 'NONE', ( #939 ), #1567, .F. ) ;
#894 = FACE_OUTER_BOUND ( 'NONE', #2853, .T. ) ;
#895 = ORIENTED_EDGE ( 'NONE', *, *, #229, .T. ) ;
#896 = CONICAL_SURFACE ( 'NONE', #1379, 26.12499999999998600, 0.7853981633974378400 ) ;
#897 = CARTESIAN_POINT ( 'NONE',  ( 5.343936522081892600, 55.51375209597704000, 102.8247351234437700 ) ) ;
#898 = VERTEX_POINT ( 'NONE', #204 ) ;
#899 = ORIENTED_EDGE ( 'NONE', *, *, #3398, .F. ) ;
#900 = CARTESIAN_POINT ( 'NONE',  ( -20.40819268389990200, 0.0000000000000000000, 0.0000000000000000000 ) ) ;
#901 = SHAPE_REPRESENTATION ( 'PL-24-ELBOW-ISSUE3', ( #1546 ), #1965 ) ;
#902 = VERTEX_POINT ( 'NONE', #527 ) ;
#903 = VERTEX_POINT ( 'NONE', #185 ) ;
#904 = LINE ( 'NONE', #2511, #3404 ) ;
#905 = CARTESIAN_POINT ( 'NONE',  ( 1.006493337315707200, 45.46814809877160000, 92.75715507526155100 ) ) ;
#906 = ORIENTED_EDGE ( 'NONE', *, *, #3707, .T. ) ;
#907 = CLOSED_SHELL ( 'NONE', ( #3685, #1206, #1128, #212, #272, #1541, #3591, #3343, #484, #166, #3093, #1801, #2431, #1475, #2763, #914, #1772, #3333, #1455, #3030, #876, #1167, #2057, #1760, #2030, #3368, #828, #3007, #3621, #3044, #2470, #1848, #2690, #893, #3280, #2093, #1182, #2157, #1741, #1422, #4000, #3649, #201, #2984, #2083, #792, #2750, #1444, #2373, #3951, #3037, #2780, #2117, #252, #560, #862 ) ) ;
#908 = ORIENTED_EDGE ( 'NONE', *, *, #2186, .T. ) ;
#909 = EDGE_CURVE ( 'NONE', #190, #3932, #2412, .T. ) ;
#910 = CARTESIAN_POINT ( 'NONE',  ( 3.248749841729344600, 35.32266347460588200, 128.4080208884239500 ) ) ;
#911 = ORIENTED_EDGE ( 'NONE', *, *, #104, .F. ) ;
#912 = CARTESIAN_POINT ( 'NONE',  ( -17.90819268389989500, 18.29999999999999000, 0.0000000000000000000 ) ) ;
#913 = DIRECTION ( 'NONE',  ( 1.000000000000000000, -0.0000000000000000000, -0.0000000000000000000 ) ) ;
#914 = ADVANCED_FACE ( 'NONE', ( #3341 ), #3976, .T. ) ;
#915 = CARTESIAN_POINT ( 'NONE',  ( 1.330302757752002100, 49.84208073994882700, 97.14260876089098000 ) ) ;
#916 = CARTESIAN_POINT ( 'NONE',  ( 8.764182829326099300, 12.84059128525869300, 111.8565991537235500 ) ) ;
#917 = AXIS2_PLACEMENT_3D ( 'NONE', #257, #2448, #570 ) ;
#918 = ORIENTED_EDGE ( 'NONE', *, *, #2021, .F. ) ;
#919 = AXIS2_PLACEMENT_3D ( 'NONE', #1159, #3973, #2111 ) ;
#920 = CALENDAR_DATE ( 2013, 25, 7 ) ;
#921 = CARTESIAN_POINT ( 'NONE',  ( 58.15865425799412900, 3.199389762772458500E-015, 26.12499999999998600 ) ) ;
#922 = ORIENTED_EDGE ( 'NONE', *, *, #2343, .F. ) ;
#923 = CARTESIAN_POINT ( 'NONE',  ( 19.90192358989791900, 57.33567257895325800, 1.034866834207642800 ) ) ;
#924 = AXIS2_PLACEMENT_3D ( 'NONE', #1051, #3233, #1361 ) ;
#925 = LOCAL_TIME ( 12, 1, 29.00000000000000000, #1764 ) ;
#926 = CIRCLE ( 'NONE', #2873, 23.11499999999999800 ) ;
#927 = CARTESIAN_POINT ( 'NONE',  ( 2.793271439293167000, 52.04387718849325500, 100.7512130150391000 ) ) ;
#928 = COORDINATED_UNIVERSAL_TIME_OFFSET ( 0, 0, .AHEAD. ) ;
#929 = DIRECTION ( 'NONE',  ( 0.6935081420032263000, 0.5094342239068903000, 0.5094342239068920800 ) ) ;
#930 = FACE_OUTER_BOUND ( 'NONE', #599, .T. ) ;
#931 = CC_DESIGN_DATE_AND_TIME_ASSIGNMENT ( #1513, #3927, ( #77 ) ) ;
#932 = CIRCLE ( 'NONE', #1834, 54.15999999999999700 ) ;
#933 = EDGE_CURVE ( 'NONE', #1682, #3533, #2505, .T. ) ;
#934 = DIRECTION ( 'NONE',  ( 0.0000000000000000000, 0.0000000000000000000, -1.000000000000000000 ) ) ;
#935 = DIRECTION ( 'NONE',  ( 1.224646799147353200E-016, 1.000000000000000000, 0.0000000000000000000 ) ) ;
#936 = EDGE_CURVE ( 'NONE', #607, #1447, #750, .T. ) ;
#937 = VECTOR ( 'NONE', #2916, 1000.000000000000000 ) ;
#938 = CARTESIAN_POINT ( 'NONE',  ( 6.111434909917800700, 56.45372693858657000, 105.1610627651369300 ) ) ;
#939 = FACE_OUTER_BOUND ( 'NONE', #3869, .T. ) ;
#940 = ORIENTED_EDGE ( 'NONE', *, *, #3607, .F. ) ;
#941 = CARTESIAN_POINT ( 'NONE',  ( 19.90192358989791900, 57.33567257895325800, -3.256991594496529100 ) ) ;
#942 = CARTESIAN_POINT ( 'NONE',  ( 1.006493337315703900, 45.46814809877161400, 92.75715507526155100 ) ) ;
#943 = CARTESIAN_POINT ( 'NONE',  ( 14.85701483269525300, 59.13716397445556100, 107.8444998010024700 ) ) ;
#944 = AXIS2_PLACEMENT_3D ( 'NONE', #3287, #1419, #3609 ) ;
#945 = CARTESIAN_POINT ( 'NONE',  ( 58.15865425799412900, 0.0000000000000000000, 0.0000000000000000000 ) ) ;
#946 = CARTESIAN_POINT ( 'NONE',  ( -29.72930008502348500, 2.903637560778374600E-015, -23.71000000000000100 ) ) ;
#947 = VERTEX_POINT ( 'NONE', #220 ) ;
#948 = EDGE_CURVE ( 'NONE', #3302, #1922, #3426, .T. ) ;
#949 = AXIS2_PLACEMENT_3D ( 'NONE', #1906, #22, #2226 ) ;
#950 = CARTESIAN_POINT ( 'NONE',  ( 11.93815418190052900, 59.09557331515510700, 106.4115648749664600 ) ) ;
#951 = CC_DESIGN_APPROVAL ( #751, ( #538 ) ) ;
#952 = CARTESIAN_POINT ( 'NONE',  ( -49.10930008502348400, 0.0000000000000000000, 0.0000000000000000000 ) ) ;
#953 = CARTESIAN_POINT ( 'NONE',  ( 39.79249226157941900, 47.64501808337700300, 96.35235390992733100 ) ) ;
#954 = CARTESIAN_POINT ( 'NONE',  ( 19.90192358989791500, 19.23567257895325600, 67.94300840550349100 ) ) ;
#955 = CARTESIAN_POINT ( 'NONE',  ( 17.17057842600552000, 60.18756298569462600, 108.8948988122450000 ) ) ;
#956 = AXIS2_PLACEMENT_3D ( 'NONE', #3975, #846, #2418 ) ;
#957 = ORIENTED_EDGE ( 'NONE', *, *, #300, .T. ) ;
#958 = CARTESIAN_POINT ( 'NONE',  ( 19.90192358989791900, 57.33567257895325800, -79.32383853639055400 ) ) ;
#959 = AXIS2_PLACEMENT_3D ( 'NONE', #2913, #1947, #2899 ) ;
#960 = DIRECTION ( 'NONE',  ( 0.9237280213470682200, 0.3830490080632376100, 0.0000000000000000000 ) ) ;
#961 = DIRECTION ( 'NONE',  ( 1.000000000000000000, -0.0000000000000000000, -0.0000000000000000000 ) ) ;
#962 = DIRECTION ( 'NONE',  ( -0.9237280213470681100, -0.3830490080632377700, 0.0000000000000000000 ) ) ;
#963 = CARTESIAN_POINT ( 'NONE',  ( 22.88317257335591000, 60.13592268841610900, 107.4531896504447400 ) ) ;
#964 = AXIS2_PLACEMENT_3D ( 'NONE', #1439, #3631, #1763 ) ;
#965 = LINE ( 'NONE', #303, #2533 ) ;
#966 = CALENDAR_DATE ( 2013, 25, 7 ) ;
#967 = LOCAL_TIME ( 12, 1, 29.00000000000000000, #1813 ) ;
#968 = DIRECTION ( 'NONE',  ( 1.000000000000000000, 0.0000000000000000000, 0.0000000000000000000 ) ) ;
#969 = DIRECTION ( 'NONE',  ( -1.000000000000000000, 0.0000000000000000000, 0.0000000000000000000 ) ) ;
#970 = LINE ( 'NONE', #1823, #2538 ) ;
#971 = CARTESIAN_POINT ( 'NONE',  ( 45.65084218494743600, 68.01316367871599800, 35.94300840550347700 ) ) ;
#972 = DIRECTION ( 'NONE',  ( 0.0000000000000000000, 0.0000000000000000000, -1.000000000000000000 ) ) ;
#973 = PERSON_AND_ORGANIZATION ( #225, #3150 ) ;
#974 = LINE ( 'NONE', #3035, #136 ) ;
#975 = CARTESIAN_POINT ( 'NONE',  ( 0.0000000000000000000, 38.10000000000000100, -29.00000000000000000 ) ) ;
#976 = DIRECTION ( 'NONE',  ( 0.9237280213470682200, 0.3830490080632376100, 0.0000000000000000000 ) ) ;
#977 = CYLINDRICAL_SURFACE ( 'NONE', #3600, 27.87499999999998600 ) ;
#978 = CARTESIAN_POINT ( 'NONE',  ( 25.89987376150738600, 58.93808586689893000, 107.6454216934492500 ) ) ;
#979 =( NAMED_UNIT ( * ) SI_UNIT ( $, .STERADIAN. ) SOLID_ANGLE_UNIT ( ) );
#980 = LINE ( 'NONE', #137, #2457 ) ;
#981 = CARTESIAN_POINT ( 'NONE',  ( -54.60819268389989400, 3.321854442687194000E-015, 27.12499999999998600 ) ) ;
#982 = CARTESIAN_POINT ( 'NONE',  ( 0.0000000000000000000, 26.94076836320741100, 26.94076836320751100 ) ) ;
#983 = FACE_BOUND ( 'NONE', #702, .T. ) ;
#984 = ORIENTED_EDGE ( 'NONE', *, *, #636, .F. ) ;
#985 = AXIS2_PLACEMENT_3D ( 'NONE', #132, #2334, #465 ) ;
#986 = PLANE ( 'NONE',  #3934 ) ;
#987 = CARTESIAN_POINT ( 'NONE',  ( 0.0000000000000000000, 38.10000000000000100, 0.0000000000000000000 ) ) ;
#988 = DIRECTION ( 'NONE',  ( 0.0000000000000000000, 0.0000000000000000000, -1.000000000000000000 ) ) ;
#989 = CARTESIAN_POINT ( 'NONE',  ( 19.90192358989791500, 21.02210492120335100, 120.0381127896682300 ) ) ;
#990 = CARTESIAN_POINT ( 'NONE',  ( 30.38511339746087400, 58.24962007627089400, 106.9569559028212500 ) ) ;
#991 = DIRECTION ( 'NONE',  ( 0.6935081420032263000, 0.5094342239068903000, 0.5094342239068919700 ) ) ;
#992 = VECTOR ( 'NONE', #3700, 1000.000000000000000 ) ;
#993 = ORIENTED_EDGE ( 'NONE', *, *, #3438, .F. ) ;
#994 = CARTESIAN_POINT ( 'NONE',  ( 38.67923416293560000, 44.77876108486332600, 92.06559726759235200 ) ) ;
#995 = DIRECTION ( 'NONE',  ( -1.951563910473908400E-018, -0.7071067811865487900, 0.7071067811865463500 ) ) ;
#996 = ORIENTED_EDGE ( 'NONE', *, *, #1790, .F. ) ;
#997 = AXIS2_PLACEMENT_3D ( 'NONE', #135, #2337, #467 ) ;
#998 = CC_DESIGN_APPROVAL ( #810, ( #586 ) ) ;
#999 = LINE ( 'NONE', #3348, #59 ) ;
#1000 = DIRECTION ( 'NONE',  ( 1.000000000000000000, -0.0000000000000000000, -0.0000000000000000000 ) ) ;
#1001 = EDGE_CURVE ( 'NONE', #1527, #416, #3125, .T. ) ;
#1002 = DIRECTION ( 'NONE',  ( 1.000000000000000000, -0.0000000000000000000, -0.0000000000000000000 ) ) ;
#1003 = CARTESIAN_POINT ( 'NONE',  ( 34.11878330031206000, 55.79135716991945800, 103.1027652631794900 ) ) ;
#1004 = DIRECTION ( 'NONE',  ( 0.0000000000000000000, 0.0000000000000000000, 1.000000000000000000 ) ) ;
#1005 = EDGE_CURVE ( 'NONE', #2131, #64, #2314, .T. ) ;
#1006 = EDGE_CURVE ( 'NONE', #1134, #3443, #1481, .T. ) ;
#1007 = EDGE_LOOP ( 'NONE', ( #2167, #2978, #906, #3837 ) ) ;
#1008 = CARTESIAN_POINT ( 'NONE',  ( 37.28483073553506000, 40.69416490227880700, 89.40150072884270600 ) ) ;
#1009 = DATE_AND_TIME ( #1844, #2696 ) ;
#1010 = CARTESIAN_POINT ( 'NONE',  ( 22.22223554698024700, 60.20629018263938500, 107.5236413554807200 ) ) ;
#1011 = CONTEXT_DEPENDENT_SHAPE_REPRESENTATION ( #2384, #2479 ) ;
#1012 = AXIS2_PLACEMENT_3D ( 'NONE', #871, #3048, #1163 ) ;
#1013 = DIRECTION ( 'NONE',  ( 0.6935081420032261900, 0.5094342239068900800, 0.5094342239068924100 ) ) ;
#1014 = VECTOR ( 'NONE', #2945, 1000.000000000000100 ) ;
#1015 = CARTESIAN_POINT ( 'NONE',  ( -49.10930008502348400, 2.830771076229107100E-015, -23.11499999999999800 ) ) ;
#1016 = CARTESIAN_POINT ( 'NONE',  ( 37.17659393182648800, 51.79537436652434900, 100.5027101930746500 ) ) ;
#1017 = APPROVAL_STATUS ( 'not_yet_approved' ) ;
#1018 = DATE_AND_TIME ( #1853, #2707 ) ;
#1019 = ORIENTED_EDGE ( 'NONE', *, *, #526, .F. ) ;
#1020 = CARTESIAN_POINT ( 'NONE',  ( -26.93262969212313600, 0.0000000000000000000, 0.0000000000000000000 ) ) ;
#1021 = CIRCLE ( 'NONE', #2096, 23.62499999999998900 ) ;
#1022 = ORIENTED_EDGE ( 'NONE', *, *, #3786, .F. ) ;
#1023 = CARTESIAN_POINT ( 'NONE',  ( 35.85536583865266600, 37.62139429095596200, 86.32873011750625400 ) ) ;
#1024 = EDGE_CURVE ( 'NONE', #1241, #1628, #4070, .T. ) ;
#1025 = CARTESIAN_POINT ( 'NONE',  ( 34.62830877489783200, 55.36690247669339700, 102.6776572307487400 ) ) ;
#1026 = CONICAL_SURFACE ( 'NONE', #2702, 23.62499999999999300, 0.7853981633974657100 ) ;
#1027 = PRODUCT_DEFINITION ( 'UNKNOWN', '', #2086, #1903 ) ;
#1028 = DIRECTION ( 'NONE',  ( 1.000000000000000000, 0.0000000000000000000, 0.0000000000000000000 ) ) ;
#1029 = FACE_OUTER_BOUND ( 'NONE', #3319, .T. ) ;
#1030 = CC_DESIGN_APPROVAL ( #840, ( #407 ) ) ;
#1031 = AXIS2_PLACEMENT_3D ( 'NONE', #511, #3666, #1173 ) ;
#1032 = DIRECTION ( 'NONE',  ( 0.0000000000000000000, 0.0000000000000000000, 1.000000000000000000 ) ) ;
#1033 = ORIENTED_EDGE ( 'NONE', *, *, #1060, .F. ) ;
#1034 = CARTESIAN_POINT ( 'NONE',  ( 39.65448242210424500, 48.57434985450788600, 97.28168568105822100 ) ) ;
#1035 = APPLICATION_PROTOCOL_DEFINITION ( 'international standard', 'config_control_design', 1994, #1314 ) ;
#1036 = ORIENTED_EDGE ( 'NONE', *, *, #1006, .F. ) ;
#1037 = CYLINDRICAL_SURFACE ( 'NONE', #2365, 18.99999999999999600 ) ;
#1038 = EDGE_LOOP ( 'NONE', ( #2683, #217, #368, #1630 ) ) ;
#1039 = DIRECTION ( 'NONE',  ( -1.000000000000000000, -0.0000000000000000000, -0.0000000000000000000 ) ) ;
#1040 = ORIENTED_EDGE ( 'NONE', *, *, #2269, .F. ) ;
#1041 = CARTESIAN_POINT ( 'NONE',  ( 30.04713886431378000, 35.52645111047084500, 82.76310465622796600 ) ) ;
#1042 = ORIENTED_EDGE ( 'NONE', *, *, #1151, .T. ) ;
#1043 = ORIENTED_EDGE ( 'NONE', *, *, #3479, .F. ) ;
#1044 = CARTESIAN_POINT ( 'NONE',  ( 19.90192358989791900, 57.33567257895325800, -79.32383853639055400 ) ) ;
#1045 = CARTESIAN_POINT ( 'NONE',  ( -1.921150914426558800, 48.28613976345926800, -2.756991594496535700 ) ) ;
#1046 = SECURITY_CLASSIFICATION_LEVEL ( 'unclassified' ) ;
#1047 = EDGE_LOOP ( 'NONE', ( #2315, #763, #996, #2249 ) ) ;
#1048 = SECURITY_CLASSIFICATION ( '', '', #2371 ) ;
#1049 = CARTESIAN_POINT ( 'NONE',  ( 26.99545435089669400, 33.72989040120374700, 82.43722622775290200 ) ) ;
#1050 = EDGE_LOOP ( 'NONE', ( #1875, #2678 ) ) ;
#1051 = CARTESIAN_POINT ( 'NONE',  ( -26.93262969212313600, 0.0000000000000000000, 0.0000000000000000000 ) ) ;
#1052 = CARTESIAN_POINT ( 'NONE',  ( 35.71044168686145800, 35.99190164132964800, 128.2934223374571200 ) ) ;
#1053 = ORIENTED_EDGE ( 'NONE', *, *, #1711, .T. ) ;
#1054 = ORIENTED_EDGE ( 'NONE', *, *, #1360, .F. ) ;
#1055 = CARTESIAN_POINT ( 'NONE',  ( -17.90819268389989800, 3.206737643567343200E-015, 26.18499999999998800 ) ) ;
#1056 = CARTESIAN_POINT ( 'NONE',  ( 36.01384199479635800, 39.74800133017848900, 87.01383102818768100 ) ) ;
#1057 = CARTESIAN_POINT ( 'NONE',  ( 4.880566347876946800, 56.40095380604772400, 105.1082896325980700 ) ) ;
#1058 = DATE_TIME_ROLE ( 'creation_date' ) ;
#1059 = VERTEX_POINT ( 'NONE', #1791 ) ;
#1060 = EDGE_CURVE ( 'NONE', #861, #2124, #1374, .T. ) ;
#1061 = CARTESIAN_POINT ( 'NONE',  ( 8.764182829326099300, 37.99492730621600600, 86.70226313276631900 ) ) ;
#1062 = EDGE_CURVE ( 'NONE', #2253, #1620, #3047, .T. ) ;
#1063 = CARTESIAN_POINT ( 'NONE',  ( 24.58047161344123300, 32.37621639037483600, 81.08355221692511300 ) ) ;
#1064 = LINE ( 'NONE', #1847, #2643 ) ;
#1065 = COORDINATED_UNIVERSAL_TIME_OFFSET ( 0, 0, .AHEAD. ) ;
#1066 = LINE ( 'NONE', #2427, #3457 ) ;
#1067 = PERSON_AND_ORGANIZATION ( #225, #3150 ) ;
#1068 = CARTESIAN_POINT ( 'NONE',  ( 22.55075119947277100, 33.56499127372935500, 80.78121158731136100 ) ) ;
#1069 = DIRECTION ( 'NONE',  ( 0.0000000000000000000, 0.0000000000000000000, -1.000000000000000000 ) ) ;
#1070 = CIRCLE ( 'NONE', #2593, 19.44999999999998200 ) ;
#1071 = CARTESIAN_POINT ( 'NONE',  ( -54.60819268389989400, 0.0000000000000000000, 0.0000000000000000000 ) ) ;
#1072 = APPLICATION_CONTEXT ( 'configuration controlled 3d designs of mechanical parts and assemblies' ) ;
#1073 = LINE ( 'NONE', #2568, #250 ) ;
#1074 = CARTESIAN_POINT ( 'NONE',  ( 19.41031897347843200, 33.46962708165901300, 80.68464890342734500 ) ) ;
#1075 = EDGE_CURVE ( 'NONE', #3278, #4034, #3864, .T. ) ;
#1076 = DIRECTION ( 'NONE',  ( 0.0000000000000000000, 0.0000000000000000000, -1.000000000000000000 ) ) ;
#1077 = AXIS2_PLACEMENT_3D ( 'NONE', #1887, #5, #2209 ) ;
#1078 = CARTESIAN_POINT ( 'NONE',  ( 31.47320275468364100, 57.74164697318785500, 106.4489827997382000 ) ) ;
#1079 = VECTOR ( 'NONE', #1679, 1000.000000000000000 ) ;
#1080 = PRODUCT_DEFINITION_FORMATION_WITH_SPECIFIED_SOURCE ( 'ANY', '', #2377, .NOT_KNOWN. ) ;
#1081 = VERTEX_POINT ( 'NONE', #2766 ) ;
#1082 = FACE_OUTER_BOUND ( 'NONE', #167, .T. ) ;
#1083 = CARTESIAN_POINT ( 'NONE',  ( 0.0000000000000000000, 0.0000000000000000000, 0.0000000000000000000 ) ) ;
#1084 = ORIENTED_EDGE ( 'NONE', *, *, #3040, .F. ) ;
#1085 = APPROVAL_STATUS ( 'not_yet_approved' ) ;
#1086 = EDGE_CURVE ( 'NONE', #947, #1628, #1267, .T. ) ;
#1087 = ORIENTED_EDGE ( 'NONE', *, *, #2159, .T. ) ;
#1088 = CARTESIAN_POINT ( 'NONE',  ( 15.72659258474340900, 33.06049460101031200, 81.76783042755604900 ) ) ;
#1089 = CARTESIAN_POINT ( 'NONE',  ( 6.324124624169059000, 37.45514598286803200, 84.70712766000879400 ) ) ;
#1090 = CARTESIAN_POINT ( 'NONE',  ( -46.22819268389991300, 0.0000000000000000000, 0.0000000000000000000 ) ) ;
#1091 = ORIENTED_EDGE ( 'NONE', *, *, #525, .F. ) ;
#1092 = ORIENTED_EDGE ( 'NONE', *, *, #1799, .T. ) ;
#1093 = CARTESIAN_POINT ( 'NONE',  ( 1.131152178776000400, 51.07208330764549200, 99.77941913419583400 ) ) ;
#1094 = DIRECTION ( 'NONE',  ( 0.0000000000000000000, 0.0000000000000000000, 1.000000000000000000 ) ) ;
#1095 = ORIENTED_EDGE ( 'NONE', *, *, #3573, .T. ) ;
#1096 = ORIENTED_EDGE ( 'NONE', *, *, #3668, .F. ) ;
#1097 = CARTESIAN_POINT ( 'NONE',  ( 19.90192358989791500, 30.17461448390908200, 110.8856032269625300 ) ) ;
#1098 = PERSON_AND_ORGANIZATION_ROLE ( 'creator' ) ;
#1099 = CARTESIAN_POINT ( 'NONE',  ( 11.17209159014917600, 33.42670134537763000, 82.13403717192791500 ) ) ;
#1100 = CARTESIAN_POINT ( 'NONE',  ( 37.78969555573143400, 52.51153537195497700, 101.2188711985053100 ) ) ;
#1101 = PRODUCT ( 'PL-24-ELBOW-ISSUE3', 'PL-24-ELBOW-ISSUE3', '', ( #1983 ) ) ;
#1102 = EDGE_CURVE ( 'NONE', #1447, #607, #2113, .T. ) ;
#1103 = PERSON_AND_ORGANIZATION ( #225, #3150 ) ;
#1104 = ADVANCED_FACE ( 'NONE', ( #3686 ), #3572, .F. ) ;
#1105 = DIRECTION ( 'NONE',  ( -1.000000000000000000, -0.0000000000000000000, -0.0000000000000000000 ) ) ;
#1106 = ADVANCED_BREP_SHAPE_REPRESENTATION ( '', ( #658, #1546 ), #1965 ) ;
#1107 = VERTEX_POINT ( 'NONE', #2777 ) ;
#1108 = LINE ( 'NONE', #200, #992 ) ;
#1109 = DATE_AND_TIME ( #1940, #2786 ) ;
#1110 = DIRECTION ( 'NONE',  ( -0.9237280213470682200, -0.3830490080632376600, 0.0000000000000000000 ) ) ;
#1111 = CIRCLE ( 'NONE', #147, 16.05999999999999900 ) ;
#1112 = CARTESIAN_POINT ( 'NONE',  ( 19.90192358989791500, 19.23567257895325600, 67.94300840550349100 ) ) ;
#1113 = PERSON_AND_ORGANIZATION ( #225, #3150 ) ;
#1114 = CARTESIAN_POINT ( 'NONE',  ( 6.117214068769932600, 37.63208168209552400, 84.88518075398823700 ) ) ;
#1115 = DIRECTION ( 'NONE',  ( -1.951563910473908000E-018, -0.7071067811865486800, 0.7071067811865463500 ) ) ;
#1116 = CIRCLE ( 'NONE', #2933, 18.99999999999999600 ) ;
#1117 = DIRECTION ( 'NONE',  ( 1.000000000000000000, 0.0000000000000000000, 0.0000000000000000000 ) ) ;
#1118 = AXIS2_PLACEMENT_3D ( 'NONE', #2076, #2394, #1123 ) ;
#1119 = AXIS2_PLACEMENT_3D ( 'NONE', #239, #2430, #3359 ) ;
#1120 = PLANE ( 'NONE',  #3495 ) ;
#1121 = CONICAL_SURFACE ( 'NONE', #2260, 16.06000000000000200, 0.7853981633974552700 ) ;
#1122 = CARTESIAN_POINT ( 'NONE',  ( 0.3528490297594262200, 49.29497519265964900, 98.00231101920999800 ) ) ;
#1123 = DIRECTION ( 'NONE',  ( 0.0000000000000000000, 0.0000000000000000000, -1.000000000000000000 ) ) ;
#1124 = PERSON_AND_ORGANIZATION_ROLE ( 'classification_officer' ) ;
#1125 = AXIS2_PLACEMENT_3D ( 'NONE', #3862, #1988, #116 ) ;
#1126 = DIRECTION ( 'NONE',  ( 0.9237280213470681100, 0.3830490080632378300, 0.0000000000000000000 ) ) ;
#1127 = VECTOR ( 'NONE', #2561, 1000.000000000000000 ) ;
#1128 = ADVANCED_FACE ( 'NONE', ( #2759 ), #3948, .F. ) ;
#1129 = CARTESIAN_POINT ( 'NONE',  ( 3.850425366661486900, 38.98757481474184100, 87.69491064128530400 ) ) ;
#1130 = FACE_OUTER_BOUND ( 'NONE', #2078, .T. ) ;
#1131 = DIRECTION ( 'NONE',  ( 0.0000000000000000000, 0.0000000000000000000, 1.000000000000000000 ) ) ;
#1132 = ORIENTED_EDGE ( 'NONE', *, *, #2127, .T. ) ;
#1133 = DIRECTION ( 'NONE',  ( 0.0000000000000000000, 0.0000000000000000000, 1.000000000000000000 ) ) ;
#1134 = VERTEX_POINT ( 'NONE', #2297 ) ;
#1135 = DIRECTION ( 'NONE',  ( 0.6935081420032263000, 0.5094342239068905300, 0.5094342239068914100 ) ) ;
#1136 = CARTESIAN_POINT ( 'NONE',  ( 11.75209781196418900, 33.23553077379721500, 81.94286660034752900 ) ) ;
#1137 = ADVANCED_FACE ( 'NONE', ( #2205 ), #1901, .F. ) ;
#1138 = VERTEX_POINT ( 'NONE', #1045 ) ;
#1139 = EDGE_CURVE ( 'NONE', #1580, #1397, #2842, .T. ) ;
#1140 = EDGE_CURVE ( 'NONE', #3648, #1620, #3763, .T. ) ;
#1141 = EDGE_LOOP ( 'NONE', ( #243, #9 ) ) ;
#1142 = DIRECTION ( 'NONE',  ( 0.6935081420032264100, 0.5094342239068904200, 0.5094342239068917500 ) ) ;
#1143 = CARTESIAN_POINT ( 'NONE',  ( -40.35930008502347700, 0.0000000000000000000, 16.05999999999999900 ) ) ;
#1144 = AXIS2_PLACEMENT_3D ( 'NONE', #170, #2370, #496 ) ;
#1145 = ADVANCED_FACE ( 'NONE', ( #2008 ), #3463, .F. ) ;
#1146 = CARTESIAN_POINT ( 'NONE',  ( 1.935413574697456800, 49.88536937212329300, 1.034866834207642800 ) ) ;
#1147 = CARTESIAN_POINT ( 'NONE',  ( -40.35930008502347700, 0.0000000000000000000, 0.0000000000000000000 ) ) ;
#1148 = CARTESIAN_POINT ( 'NONE',  ( 37.28566181849944200, 39.15561768686610800, 87.86295351341640000 ) ) ;
#1149 = ORIENTED_EDGE ( 'NONE', *, *, #1024, .F. ) ;
#1150 = CARTESIAN_POINT ( 'NONE',  ( 19.90192358989791900, 57.33567257895325800, 35.94300840550347700 ) ) ;
#1151 = EDGE_CURVE ( 'NONE', #2961, #665, #2662, .T. ) ;
#1152 = AXIS2_PLACEMENT_3D ( 'NONE', #10, #1264, #2215 ) ;
#1153 = CC_DESIGN_PERSON_AND_ORGANIZATION_ASSIGNMENT ( #543, #2938, ( #538 ) ) ;
#1154 = CARTESIAN_POINT ( 'NONE',  ( -53.30290323835134800, 0.0000000000000000000, 22.79500000000000200 ) ) ;
#1155 = AXIS2_PLACEMENT_3D ( 'NONE', #2736, #2379, #2722 ) ;
#1156 = CARTESIAN_POINT ( 'NONE',  ( 2.413833555574869100, 52.12709462318947800, 99.43226924282419100 ) ) ;
#1157 =( BOUNDED_SURFACE ( )  B_SPLINE_SURFACE ( 3, 2, ( 
 ( #3158, #354, #3473 ),
 ( #1607, #3784, #1923 ),
 ( #33, #2238, #369 ),
 ( #2559, #683, #2867 ),
 ( #994, #3175, #1303 ),
 ( #3490, #1623, #3802 ),
 ( #1935, #50, #2252 ),
 ( #385, #2573, #699 ),
 ( #2882, #1008, #3187 ),
 ( #1317, #3504, #1641 ),
 ( #3815, #1949, #67 ),
 ( #2271, #398, #2586 ),
 ( #714, #2901, #1023 ),
 ( #3200, #1334, #3520 ),
 ( #1653, #3832, #1967 ),
 ( #87, #2287, #417 ),
 ( #2604, #731, #2914 ),
 ( #1041, #3218, #1350 ),
 ( #3534, #1669, #3845 ),
 ( #1977, #103, #2302 ),
 ( #429, #2621, #745 ),
 ( #2928, #1049, #3232 ),
 ( #1359, #3550, #1683 ),
 ( #3861, #1986, #114 ),
 ( #2318, #445, #2634 ),
 ( #761, #2941, #1063 ),
 ( #3242, #1376, #3565 ),
 ( #1696, #3873, #2006 ),
 ( #125, #2329, #458 ),
 ( #2651, #775, #2953 ),
 ( #1074, #3254, #1393 ),
 ( #3575, #1710, #3885 ),
 ( #2017, #143, #2342 ),
 ( #472, #2665, #786 ),
 ( #2966, #1088, #3271 ),
 ( #1403, #3593, #1730 ),
 ( #3903, #2031, #157 ),
 ( #2361, #485, #2682 ),
 ( #803, #2986, #1099 ),
 ( #3293, #1423, #3613 ),
 ( #1749, #3917, #2052 ),
 ( #175, #2374, #500 ),
 ( #2698, #822, #2996 ),
 ( #1114, #3310, #1438 ),
 ( #3629, #1761, #3933 ),
 ( #2068, #191, #2386 ),
 ( #518, #2718, #836 ),
 ( #3016, #1129, #3326 ),
 ( #1453, #3650, #1778 ),
 ( #3950, #2085, #205 ),
 ( #2399, #4063, #3589 ),
 ( #1728, #3900, #2028 ),
 ( #154, #2359, #482 ),
 ( #2680, #798, #2982 ) ),
 .UNSPECIFIED., .F., .F., .T. ) 
 B_SPLINE_SURFACE_WITH_KNOTS ( ( 4, 2, 2, 2, 2, 2, 2, 2, 2, 2, 2, 2, 2, 2, 2, 2, 2, 2, 2, 2, 2, 2, 2, 2, 2, 2, 4 ),
 ( 3, 3 ),
 ( 0.0000000000000000000, 0.003908505155532576900, 0.005862757733298865800, 0.007817010311065153800, 0.01172551546659773200, 0.01367976804436402000, 0.01563402062213030800, 0.01954252577766288400, 0.02149677835542917300, 0.02345103093319546300, 0.02540528351096175300, 0.02638240979984489400, 0.02735953608872803900, 0.03126804124426061500, 0.03322229382202690500, 0.03419942011091004600, 0.03517654639979318800, 0.03908505155532576700, 0.04103930413309205700, 0.04299355671085834700, 0.04690206186639092600, 0.04885631444415721600, 0.05081056702192350600, 0.05276481959968978800, 0.05471907217745607800, 0.05862757733298865100, 0.06253608248852123000 ),
 ( 0.0000000000000000000, 1.000000000000000000 ),
 .UNSPECIFIED. ) 
 GEOMETRIC_REPRESENTATION_ITEM ( )  RATIONAL_B_SPLINE_SURFACE ( (
 ( 1.000000000000000000, 0.7080251947824087700, 1.000000000000000000),
 ( 1.000000000000000000, 0.7074778015836542500, 1.000000000000000000),
 ( 1.000000000000000000, 0.7068805545955501000, 1.000000000000000000),
 ( 1.000000000000000000, 0.7058830774424094100, 1.000000000000000000),
 ( 1.000000000000000000, 0.7055336072660262100, 1.000000000000000000),
 ( 1.000000000000000000, 0.7047949849483045000, 1.000000000000000000),
 ( 1.000000000000000000, 0.7044044150811720200, 1.000000000000000000),
 ( 1.000000000000000000, 0.7031909047356329500, 1.000000000000000000),
 ( 1.000000000000000000, 0.7023188954813607300, 1.000000000000000000),
 ( 1.000000000000000000, 0.7008981452555118600, 1.000000000000000000),
 ( 1.000000000000000000, 0.7004040505494084600, 1.000000000000000000),
 ( 1.000000000000000000, 0.6993839064970053300, 1.000000000000000000),
 ( 1.000000000000000000, 0.6988626828796366000, 1.000000000000000000),
 ( 1.000000000000000000, 0.6972695858629087700, 1.000000000000000000),
 ( 1.000000000000000000, 0.6961663293375010000, 1.000000000000000000),
 ( 1.000000000000000000, 0.6944928722216565700, 1.000000000000000000),
 ( 1.000000000000000000, 0.6939328301672922400, 1.000000000000000000),
 ( 1.000000000000000000, 0.6928460062950041500, 1.000000000000000000),
 ( 1.000000000000000000, 0.6923160625368856000, 1.000000000000000000),
 ( 1.000000000000000000, 0.6913000139886402700, 1.000000000000000000),
 ( 1.000000000000000000, 0.6908139116978544400, 1.000000000000000000),
 ( 1.000000000000000000, 0.6901332273521471100, 1.000000000000000000),
 ( 1.000000000000000000, 0.6899144409554771600, 1.000000000000000000),
 ( 1.000000000000000000, 0.6894960302153696500, 1.000000000000000000),
 ( 1.000000000000000000, 0.6892960371067051700, 1.000000000000000000),
 ( 1.000000000000000000, 0.6883612164132444400, 1.000000000000000000),
 ( 1.000000000000000000, 0.6878157715857420300, 1.000000000000000000),
 ( 1.000000000000000000, 0.6873858443048470600, 1.000000000000000000),
 ( 1.000000000000000000, 0.6873069562460474300, 1.000000000000000000),
 ( 1.000000000000000000, 0.6872920299249614100, 1.000000000000000000),
 ( 1.000000000000000000, 0.6873043900923764300, 1.000000000000000000),
 ( 1.000000000000000000, 0.6873631174612332400, 1.000000000000000000),
 ( 1.000000000000000000, 0.6874094262750223300, 1.000000000000000000),
 ( 1.000000000000000000, 0.6877224114907635200, 1.000000000000000000),
 ( 1.000000000000000000, 0.6882350961464663900, 1.000000000000000000),
 ( 1.000000000000000000, 0.6893103173621264500, 1.000000000000000000),
 ( 1.000000000000000000, 0.6897220722283481400, 1.000000000000000000),
 ( 1.000000000000000000, 0.6906131647179070100, 1.000000000000000000),
 ( 1.000000000000000000, 0.6910923297385999100, 1.000000000000000000),
 ( 1.000000000000000000, 0.6925979856987080100, 1.000000000000000000),
 ( 1.000000000000000000, 0.6936906305609091800, 1.000000000000000000),
 ( 1.000000000000000000, 0.6953688489677520800, 1.000000000000000000),
 ( 1.000000000000000000, 0.6959278960620194400, 1.000000000000000000),
 ( 1.000000000000000000, 0.6970293881787990000, 1.000000000000000000),
 ( 1.000000000000000000, 0.6975728687698844500, 1.000000000000000000),
 ( 1.000000000000000000, 0.6986395658450993400, 1.000000000000000000),
 ( 1.000000000000000000, 0.6991628152359957700, 1.000000000000000000),
 ( 1.000000000000000000, 0.7001862275296547600, 1.000000000000000000),
 ( 1.000000000000000000, 0.7006882733003799700, 1.000000000000000000),
 ( 1.000000000000000000, 0.7021285735684860100, 1.000000000000000000),
 ( 1.000000000000000000, 0.7030103896984638600, 1.000000000000000000),
 ( 1.000000000000000000, 0.7046431181377821300, 1.000000000000000000),
 ( 1.000000000000000000, 0.7053989651678811400, 1.000000000000000000),
 ( 1.000000000000000000, 0.7060772097192321600, 1.000000000000000000) ) ) 
 REPRESENTATION_ITEM ( '' )  SURFACE ( )  );
#1158 = CIRCLE ( 'NONE', #2171, 27.87499999999998600 ) ;
#1159 = CARTESIAN_POINT ( 'NONE',  ( 19.90192358989791500, 19.23567257895325600, 67.94300840550349100 ) ) ;
#1160 = DATE_AND_TIME ( #1992, #2830 ) ;
#1161 = CARTESIAN_POINT ( 'NONE',  ( 26.44299046139865100, 32.79158760704469700, 81.49892343359496700 ) ) ;
#1162 = CYLINDRICAL_SURFACE ( 'NONE', #3672, 20.85000000000000100 ) ;
#1163 = DIRECTION ( 'NONE',  ( 0.0000000000000000000, 0.0000000000000000000, -1.000000000000000000 ) ) ;
#1164 = CALENDAR_DATE ( 2013, 25, 7 ) ;
#1165 = CARTESIAN_POINT ( 'NONE',  ( 23.36363432232706900, 60.10093054083688500, 108.8082663673872300 ) ) ;
#1166 = CONICAL_SURFACE ( 'NONE', #505, 23.62499999999999300, 0.7853981633974657100 ) ;
#1167 = ADVANCED_FACE ( 'NONE', ( #254 ), #2548, .F. ) ;
#1168 = AXIS2_PLACEMENT_3D ( 'NONE', #2939, #2285, #3229 ) ;
#1169 = CARTESIAN_POINT ( 'NONE',  ( 19.90192358989791900, 57.33567257895325800, 25.06300840550348900 ) ) ;
#1170 = VECTOR ( 'NONE', #1311, 1000.000000000000000 ) ;
#1171 = AXIS2_PLACEMENT_3D ( 'NONE', #3355, #1483, #3673 ) ;
#1172 = DIRECTION ( 'NONE',  ( 1.000000000000000000, -0.0000000000000000000, -0.0000000000000000000 ) ) ;
#1173 = DIRECTION ( 'NONE',  ( 0.0000000000000000000, 0.0000000000000000000, 1.000000000000000000 ) ) ;
#1174 = VECTOR ( 'NONE', #2926, 999.9999999999998900 ) ;
#1175 = DIRECTION ( 'NONE',  ( 0.0000000000000000000, 0.0000000000000000000, 1.000000000000000000 ) ) ;
#1176 = ORIENTED_EDGE ( 'NONE', *, *, #1431, .T. ) ;
#1177 = FACE_OUTER_BOUND ( 'NONE', #644, .T. ) ;
#1178 = ORIENTED_EDGE ( 'NONE', *, *, #2546, .T. ) ;
#1179 = CARTESIAN_POINT ( 'NONE',  ( -60.10819268389990100, 3.199389762772458500E-015, 26.12499999999998600 ) ) ;
#1180 = EDGE_LOOP ( 'NONE', ( #3477, #2664, #3992, #2279, #634 ) ) ;
#1181 = CARTESIAN_POINT ( 'NONE',  ( 19.90192358989791500, 37.69115956792208500, 103.3690581429495600 ) ) ;
#1182 = ADVANCED_FACE ( 'NONE', ( #146, #1821 ), #2645, .T. ) ;
#1183 = CARTESIAN_POINT ( 'NONE',  ( 0.1816110587759772200, 43.76371471052797800, 92.47105053707831200 ) ) ;
#1184 = PRODUCT_DEFINITION_SHAPE ( 'NONE', 'NONE',  #3602 ) ;
#1185 = ORIENTED_EDGE ( 'NONE', *, *, #1599, .F. ) ;
#1186 = DIRECTION ( 'NONE',  ( 0.0000000000000000000, 0.0000000000000000000, 1.000000000000000000 ) ) ;
#1187 = EDGE_LOOP ( 'NONE', ( #3097, #3084, #3529, #2912 ) ) ;
#1188 = CARTESIAN_POINT ( 'NONE',  ( 26.48348574199576800, 60.06489676140382300, 5.767445413726715500 ) ) ;
#1189 = CARTESIAN_POINT ( 'NONE',  ( 0.9019235898979176500, 57.33567257895325800, 67.94300840550349100 ) ) ;
#1190 = AXIS2_PLACEMENT_3D ( 'NONE', #1718, #3892, #2022 ) ;
#1191 = FACE_BOUND ( 'NONE', #2275, .T. ) ;
#1192 = DIRECTION ( 'NONE',  ( -1.000000000000000000, -0.0000000000000000000, -0.0000000000000000000 ) ) ;
#1193 = ORIENTED_EDGE ( 'NONE', *, *, #3163, .T. ) ;
#1194 = CARTESIAN_POINT ( 'NONE',  ( 7.659176775781122400, 57.18371880825623100, 104.4971672680795500 ) ) ;
#1195 = ORIENTED_EDGE ( 'NONE', *, *, #2186, .F. ) ;
#1196 = DIRECTION ( 'NONE',  ( 0.0000000000000000000, 0.0000000000000000000, -1.000000000000000000 ) ) ;
#1197 = ORIENTED_EDGE ( 'NONE', *, *, #3607, .T. ) ;
#1198 = LOCAL_TIME ( 12, 1, 29.00000000000000000, #2038 ) ;
#1199 = ORIENTED_EDGE ( 'NONE', *, *, #3667, .F. ) ;
#1200 = CARTESIAN_POINT ( 'NONE',  ( 1.009395715519829200, 44.75919980177270200, 93.46653562832300100 ) ) ;
#1201 = VECTOR ( 'NONE', #2974, 1000.000000000000000 ) ;
#1202 = ORIENTED_EDGE ( 'NONE', *, *, #2451, .F. ) ;
#1203 = CIRCLE ( 'NONE', #1125, 18.99999999999999600 ) ;
#1204 = CARTESIAN_POINT ( 'NONE',  ( -17.90819268389989800, 0.0000000000000000000, 18.29999999999999000 ) ) ;
#1205 = AXIS2_PLACEMENT_3D ( 'NONE', #151, #2355, #478 ) ;
#1206 = ADVANCED_FACE ( 'NONE', ( #894 ), #1727, .T. ) ;
#1207 = CALENDAR_DATE ( 2013, 25, 7 ) ;
#1208 = CC_DESIGN_PERSON_AND_ORGANIZATION_ASSIGNMENT ( #3033, #1098, ( #586 ) ) ;
#1209 = DIRECTION ( 'NONE',  ( -0.6935081420032263000, -0.5094342239068901900, -0.5094342239068919700 ) ) ;
#1210 = CYLINDRICAL_SURFACE ( 'NONE', #4002, 16.05999999999998800 ) ;
#1211 = PERSON_AND_ORGANIZATION ( #225, #3150 ) ;
#1212 = EDGE_CURVE ( 'NONE', #1789, #3648, #3382, .T. ) ;
#1213 = CYLINDRICAL_SURFACE ( 'NONE', #853, 27.87499999999998900 ) ;
#1214 = EDGE_CURVE ( 'NONE', #768, #3302, #980, .T. ) ;
#1215 = FACE_OUTER_BOUND ( 'NONE', #2663, .T. ) ;
#1216 = CARTESIAN_POINT ( 'NONE',  ( 0.3528490295574348600, 49.29497519265059700, 98.00231101920093100 ) ) ;
#1217 = DIRECTION ( 'NONE',  ( -1.951563910473908400E-018, -0.7071067811865487900, 0.7071067811865463500 ) ) ;
#1218 = TOROIDAL_SURFACE ( 'NONE', #1805, 7.124999999999985800, 20.00000000000000000 ) ;
#1219 = CYLINDRICAL_SURFACE ( 'NONE', #1575, 23.62499999999999300 ) ;
#1220 = AXIS2_PLACEMENT_3D ( 'NONE', #2116, #244, #2434 ) ;
#1221 = EDGE_LOOP ( 'NONE', ( #3383, #1091, #2504, #351 ) ) ;
#1222 = CIRCLE ( 'NONE', #674, 26.68795201467610000 ) ;
#1223 = EDGE_LOOP ( 'NONE', ( #7, #302 ) ) ;
#1224 = ORIENTED_EDGE ( 'NONE', *, *, #870, .F. ) ;
#1225 = DIRECTION ( 'NONE',  ( 0.9237280213470682200, 0.3830490080632378300, 0.0000000000000000000 ) ) ;
#1226 = EDGE_CURVE ( 'NONE', #2995, #2528, #32, .T. ) ;
#1227 = ORIENTED_EDGE ( 'NONE', *, *, #1139, .F. ) ;
#1228 = CARTESIAN_POINT ( 'NONE',  ( 3.666686312393788500, 53.90252859074161800, 101.2109273842424000 ) ) ;
#1229 = B_SPLINE_CURVE_WITH_KNOTS ( 'NONE', 3,
 ( #2254, #51, #2883, #1010, #3188, #1318, #3505, #1642, #3816, #1950, #70, #2272, #401, #2587, #715, #2902, #1025, #3202, #1335, #3521, #1655, #3834, #1968, #88, #2290, #418 ),
 .UNSPECIFIED., .F., .F.,
 ( 4, 2, 2, 2, 2, 2, 2, 2, 2, 2, 2, 2, 4 ),
 ( 0.08977686020154510000, 0.09152257903287595900, 0.09326829786420683100, 0.09675973552686853400, 0.09850545435819940700, 0.1002511731895302700, 0.1037426108521919800, 0.1054883296835228400, 0.1072340485148537000, 0.1107254861775154600, 0.1124712050088463300, 0.1142169238401772200, 0.1177083615028389800 ),
 .UNSPECIFIED. ) ;
#1230 = APPROVAL ( #3843, 'UNSPECIFIED' ) ;
#1231 = CARTESIAN_POINT ( 'NONE',  ( -1.598076410102081000, 57.33567257895325800, 38.94300840550347700 ) ) ;
#1232 = CC_DESIGN_DATE_AND_TIME_ASSIGNMENT ( #3322, #2079, ( #407 ) ) ;
#1233 = AXIS2_PLACEMENT_3D ( 'NONE', #3057, #1474, #1496 ) ;
#1234 = DIRECTION ( 'NONE',  ( -1.951563910473908000E-018, -0.7071067811865486800, 0.7071067811865463500 ) ) ;
#1235 = ORIENTED_EDGE ( 'NONE', *, *, #817, .F. ) ;
#1236 = ORIENTED_EDGE ( 'NONE', *, *, #909, .T. ) ;
#1237 = CARTESIAN_POINT ( 'NONE',  ( -18.40819268389988400, 2.893228062985621000E-015, 23.62499999999999300 ) ) ;
#1238 = DIRECTION ( 'NONE',  ( -0.0000000000000000000, -0.0000000000000000000, 1.000000000000000000 ) ) ;
#1239 = ORIENTED_EDGE ( 'NONE', *, *, #300, .F. ) ;
#1240 = CARTESIAN_POINT ( 'NONE',  ( 8.220085235300587100, 56.78759031930901100, 105.4949261458502900 ) ) ;
#1241 = VERTEX_POINT ( 'NONE', #1399 ) ;
#1242 = EDGE_LOOP ( 'NONE', ( #2956, #4076, #179, #2257 ) ) ;
#1243 = DIRECTION ( 'NONE',  ( 0.9237280213470681100, 0.3830490080632379400, 0.0000000000000000000 ) ) ;
#1244 = CARTESIAN_POINT ( 'NONE',  ( 15.46637288649320000, 59.93122841757995200, 107.2482487779490300 ) ) ;
#1245 = AXIS2_PLACEMENT_3D ( 'NONE', #2875, #1000, #3181 ) ;
#1246 = EDGE_LOOP ( 'NONE', ( #2426, #2633 ) ) ;
#1247 = CARTESIAN_POINT ( 'NONE',  ( -6.223076410102064100, 57.33567257895325800, 38.44300840550349100 ) ) ;
#1248 = EDGE_LOOP ( 'NONE', ( #3914, #2074, #1746, #400 ) ) ;
#1249 = DIRECTION ( 'NONE',  ( 1.000000000000000000, -0.0000000000000000000, -0.0000000000000000000 ) ) ;
#1250 = CARTESIAN_POINT ( 'NONE',  ( -46.22819268389991300, 0.0000000000000000000, 0.0000000000000000000 ) ) ;
#1251 = CC_DESIGN_PERSON_AND_ORGANIZATION_ASSIGNMENT ( #2341, #2583, ( #3313 ) ) ;
#1252 = CIRCLE ( 'NONE', #1543, 23.71000000000000100 ) ;
#1253 = CARTESIAN_POINT ( 'NONE',  ( 11.51900842350053000, 59.04346475351086800, 107.7508005800612400 ) ) ;
#1254 = PERSON_AND_ORGANIZATION ( #225, #3150 ) ;
#1255 = DIRECTION ( 'NONE',  ( 0.0000000000000000000, 0.0000000000000000000, 1.000000000000000000 ) ) ;
#1256 = DIRECTION ( 'NONE',  ( -0.0000000000000000000, -0.0000000000000000000, -1.000000000000000000 ) ) ;
#1257 = LINE ( 'NONE', #3031, #3563 ) ;
#1258 = CARTESIAN_POINT ( 'NONE',  ( 31.73317249247295600, 38.15845556257409000, 120.2836578680006600 ) ) ;
#1259 = CARTESIAN_POINT ( 'NONE',  ( 19.15541663183552900, 59.63569921589293400, 108.3430350424433200 ) ) ;
#1260 = DATE_AND_TIME ( #2105, #2934 ) ;
#1261 = LINE ( 'NONE', #3335, #2834 ) ;
#1262 = EDGE_CURVE ( 'NONE', #3484, #3056, #797, .T. ) ;
#1263 = DIRECTION ( 'NONE',  ( 0.0000000000000000000, -0.0000000000000000000, 1.000000000000000000 ) ) ;
#1264 = DIRECTION ( 'NONE',  ( 0.0000000000000000000, 0.0000000000000000000, -1.000000000000000000 ) ) ;
#1265 = EDGE_CURVE ( 'NONE', #3055, #3733, #1610, .T. ) ;
#1266 = FACE_BOUND ( 'NONE', #1141, .T. ) ;
#1267 = LINE ( 'NONE', #3997, #456 ) ;
#1268 = AXIS2_PLACEMENT_3D ( 'NONE', #3732, #1858, #4046 ) ;
#1269 = DIRECTION ( 'NONE',  ( 0.0000000000000000000, -0.0000000000000000000, 1.000000000000000000 ) ) ;
#1270 = DIRECTION ( 'NONE',  ( 1.000000000000000000, -0.0000000000000000000, -0.0000000000000000000 ) ) ;
#1271 = CARTESIAN_POINT ( 'NONE',  ( 23.04008041459868000, 60.13922888664726700, 108.8465647131976400 ) ) ;
#1272 =( NAMED_UNIT ( * ) SI_UNIT ( $, .STERADIAN. ) SOLID_ANGLE_UNIT ( ) );
#1273 = ORIENTED_EDGE ( 'NONE', *, *, #3275, .F. ) ;
#1274 = VERTEX_POINT ( 'NONE', #3268 ) ;
#1275 = DIRECTION ( 'NONE',  ( -0.0000000000000000000, 0.0000000000000000000, 1.000000000000000000 ) ) ;
#1276 = DIRECTION ( 'NONE',  ( 0.9237280213470682200, 0.3830490080632375500, 0.0000000000000000000 ) ) ;
#1277 = ORIENTED_EDGE ( 'NONE', *, *, #1862, .T. ) ;
#1278 = EDGE_CURVE ( 'NONE', #3648, #1789, #3274, .T. ) ;
#1279 = AXIS2_PLACEMENT_3D ( 'NONE', #1881, #630, #4073 ) ;
#1280 = ORIENTED_EDGE ( 'NONE', *, *, #590, .T. ) ;
#1281 = ORIENTED_EDGE ( 'NONE', *, *, #4022, .F. ) ;
#1282 = APPROVAL ( #2015, 'UNSPECIFIED' ) ;
#1283 = VERTEX_POINT ( 'NONE', #1744 ) ;
#1284 = CARTESIAN_POINT ( 'NONE',  ( 26.47950666067471900, 59.47770585829599800, 106.7941710791736500 ) ) ;
#1285 =( LENGTH_UNIT ( ) NAMED_UNIT ( * ) SI_UNIT ( .MILLI., .METRE. ) );
#1286 = ORIENTED_EDGE ( 'NONE', *, *, #2767, .T. ) ;
#1287 = EDGE_CURVE ( 'NONE', #1739, #1574, #3174, .T. ) ;
#1288 = ORIENTED_EDGE ( 'NONE', *, *, #3244, .T. ) ;
#1289 = DIRECTION ( 'NONE',  ( 1.000000000000000000, 0.0000000000000000000, 0.0000000000000000000 ) ) ;
#1290 = DIRECTION ( 'NONE',  ( -1.000000000000000000, 0.0000000000000000000, 0.0000000000000000000 ) ) ;
#1291 = DIRECTION ( 'NONE',  ( 0.0000000000000000000, 0.0000000000000000000, -1.000000000000000000 ) ) ;
#1292 = FACE_OUTER_BOUND ( 'NONE', #2577, .T. ) ;
#1293 = AXIS2_PLACEMENT_3D ( 'NONE', #1705, #2745, #3276 ) ;
#1294 = CALENDAR_DATE ( 2013, 25, 7 ) ;
#1295 = DIRECTION ( 'NONE',  ( 1.000000000000000000, 0.0000000000000000000, 0.0000000000000000000 ) ) ;
#1296 = CARTESIAN_POINT ( 'NONE',  ( 19.90192358989791500, 57.33567257895325800, 38.94300840550349100 ) ) ;
#1297 = CARTESIAN_POINT ( 'NONE',  ( 30.90349180833425500, 57.17156339744434500, 105.8788992239946900 ) ) ;
#1298 = CARTESIAN_POINT ( 'NONE',  ( 19.90192358989791900, 57.33567257895325800, -21.16518427839642100 ) ) ;
#1299 = ORIENTED_EDGE ( 'NONE', *, *, #2821, .T. ) ;
#1300 = CONICAL_SURFACE ( 'NONE', #3720, 18.29999999999999000, 0.2617993877991508500 ) ;
#1301 = DIRECTION ( 'NONE',  ( 0.0000000000000000000, 0.0000000000000000000, -1.000000000000000000 ) ) ;
#1302 = ITEM_DEFINED_TRANSFORMATION ( 'NONE', 'NONE', #3217,  #1546 ) ;
#1303 = CARTESIAN_POINT ( 'NONE',  ( 39.66751366688126300, 43.95814659866489600, 92.66548242521521700 ) ) ;
#1304 = DIRECTION ( 'NONE',  ( 0.0000000000000000000, -1.000000000000000000, 0.0000000000000000000 ) ) ;
#1305 = FACE_OUTER_BOUND ( 'NONE', #1738, .T. ) ;
#1306 = CARTESIAN_POINT ( 'NONE',  ( 19.90192358989791900, 57.33567257895325800, 38.44300840550349100 ) ) ;
#1307 = CALENDAR_DATE ( 2013, 25, 7 ) ;
#1308 = FACE_OUTER_BOUND ( 'NONE', #3308, .T. ) ;
#1309 = EDGE_CURVE ( 'NONE', #1081, #2699, #2364, .T. ) ;
#1310 = CARTESIAN_POINT ( 'NONE',  ( 19.90192358989791900, 57.33567257895325800, -3.256991594496522400 ) ) ;
#1311 = DIRECTION ( 'NONE',  ( -1.000000000000000000, -0.0000000000000000000, -0.0000000000000000000 ) ) ;
#1312 = FACE_OUTER_BOUND ( 'NONE', #1322, .T. ) ;
#1313 = CARTESIAN_POINT ( 'NONE',  ( 34.86703907449240300, 55.56297504483320900, 104.2703108713835600 ) ) ;
#1314 = APPLICATION_CONTEXT ( 'configuration controlled 3d designs of mechanical parts and assemblies' ) ;
#1315 = VECTOR ( 'NONE', #3282, 1000.000000000000000 ) ;
#1316 = FACE_OUTER_BOUND ( 'NONE', #3133, .T. ) ;
#1317 = CARTESIAN_POINT ( 'NONE',  ( 36.43201450325528200, 40.24459044986142700, 87.51298656378379800 ) ) ;
#1318 = CARTESIAN_POINT ( 'NONE',  ( 24.51592228214481800, 59.92426154905725600, 107.2412740731568400 ) ) ;
#1319 = DIRECTION ( 'NONE',  ( 0.0000000000000000000, 0.0000000000000000000, 1.000000000000000000 ) ) ;
#1320 = ORIENTED_EDGE ( 'NONE', *, *, #1001, .F. ) ;
#1321 = FACE_BOUND ( 'NONE', #604, .T. ) ;
#1322 = EDGE_LOOP ( 'NONE', ( #1918, #571, #3978, #43, #2084 ) ) ;
#1323 = AXIS2_PLACEMENT_3D ( 'NONE', #3658, #2723, #1135 ) ;
#1324 = EDGE_LOOP ( 'NONE', ( #1235, #3693, #301, #3872 ) ) ;
#1325 = AXIS2_PLACEMENT_3D ( 'NONE', #4006, #2135, #262 ) ;
#1326 = CARTESIAN_POINT ( 'NONE',  ( -4.285894649075052200, 47.30553430281737800, -0.7569915944965199800 ) ) ;
#1327 = CARTESIAN_POINT ( 'NONE',  ( 19.90192358989791900, 57.33567257895325800, 25.06300840550348900 ) ) ;
#1328 = CARTESIAN_POINT ( 'NONE',  ( 39.79249226157941900, 48.35212486456355700, 95.64524712874077700 ) ) ;
#1329 = VERTEX_POINT ( 'NONE', #2693 ) ;
#1330 = CARTESIAN_POINT ( 'NONE',  ( 37.65278222385528300, 51.68143218926089600, 98.98575395211706500 ) ) ;
#1331 = PERSON_AND_ORGANIZATION_ROLE ( 'creator' ) ;
#1332 =( GEOMETRIC_REPRESENTATION_CONTEXT ( 3 ) GLOBAL_UNCERTAINTY_ASSIGNED_CONTEXT ( ( #1537 ) ) GLOBAL_UNIT_ASSIGNED_CONTEXT ( ( #3551, #4061, #1272 ) ) REPRESENTATION_CONTEXT ( 'NONE', 'WORKASPACE' ) );
#1333 = VERTEX_POINT ( 'NONE', #2014 ) ;
#1334 = CARTESIAN_POINT ( 'NONE',  ( 33.86568792088768700, 37.03827979289572200, 85.74561561944149400 ) ) ;
#1335 = CARTESIAN_POINT ( 'NONE',  ( 36.30107943202361300, 53.70359445109305300, 101.0116499719489300 ) ) ;
#1336 = DIRECTION ( 'NONE',  ( 0.6935081420032263000, 0.5094342239068905300, 0.5094342239068914100 ) ) ;
#1337 = ORIENTED_EDGE ( 'NONE', *, *, #1694, .T. ) ;
#1338 = ORIENTED_EDGE ( 'NONE', *, *, #3415, .F. ) ;
#1339 = DIRECTION ( 'NONE',  ( 0.0000000000000000000, 0.0000000000000000000, -1.000000000000000000 ) ) ;
#1340 = DIRECTION ( 'NONE',  ( 0.0000000000000000000, 0.0000000000000000000, -1.000000000000000000 ) ) ;
#1341 = ORIENTED_EDGE ( 'NONE', *, *, #3801, .F. ) ;
#1342 = ORIENTED_EDGE ( 'NONE', *, *, #526, .T. ) ;
#1343 = CARTESIAN_POINT ( 'NONE',  ( -17.90819268389989800, 0.0000000000000000000, 0.0000000000000000000 ) ) ;
#1344 = CARTESIAN_POINT ( 'NONE',  ( 38.80054225611209500, 47.57136362287749200, 96.27869944942783300 ) ) ;
#1345 = PERSON_AND_ORGANIZATION_ROLE ( 'design_owner' ) ;
#1346 = ORIENTED_EDGE ( 'NONE', *, *, #3734, .F. ) ;
#1347 = EDGE_CURVE ( 'NONE', #49, #1870, #1525, .T. ) ;
#1348 = DIRECTION ( 'NONE',  ( 1.000000000000000000, -0.0000000000000000000, -0.0000000000000000000 ) ) ;
#1349 = EDGE_CURVE ( 'NONE', #1771, #2618, #689, .T. ) ;
#1350 = CARTESIAN_POINT ( 'NONE',  ( 30.58109756301266200, 34.19346239773653200, 82.90079822428681700 ) ) ;
#1351 = AXIS2_PLACEMENT_3D ( 'NONE', #4050, #2177, #304 ) ;
#1352 = DIRECTION ( 'NONE',  ( 1.951563910473908000E-018, 0.7071067811865486800, -0.7071067811865463500 ) ) ;
#1353 = TOROIDAL_SURFACE ( 'NONE', #919, 38.10000000000000100, 16.05999999999999900 ) ;
#1354 = CARTESIAN_POINT ( 'NONE',  ( 38.90192358989791200, 57.33567257895325800, 38.94300840550349100 ) ) ;
#1355 = DATE_TIME_ROLE ( 'classification_date' ) ;
#1356 = PERSON_AND_ORGANIZATION ( #225, #3150 ) ;
#1357 = CIRCLE ( 'NONE', #1383, 22.79500000000000200 ) ;
#1358 = APPROVAL_DATE_TIME ( #2198, #751 ) ;
#1359 = CARTESIAN_POINT ( 'NONE',  ( 26.72435545758844800, 34.35745769866151300, 81.58264649488494100 ) ) ;
#1360 = EDGE_CURVE ( 'NONE', #190, #2800, #3913, .T. ) ;
#1361 = DIRECTION ( 'NONE',  ( 0.0000000000000000000, 0.0000000000000000000, 1.000000000000000000 ) ) ;
#1362 = CARTESIAN_POINT ( 'NONE',  ( 0.0000000000000000000, 0.0000000000000000000, 0.0000000000000000000 ) ) ;
#1363 = CIRCLE ( 'NONE', #3298, 16.06000000000000200 ) ;
#1364 = AXIS2_PLACEMENT_3D ( 'NONE', #356, #670, #3145 ) ;
#1365 = CC_DESIGN_DATE_AND_TIME_ASSIGNMENT ( #1260, #1058, ( #538 ) ) ;
#1366 = CARTESIAN_POINT ( 'NONE',  ( -17.90819268389989100, 0.0000000000000000000, 0.0000000000000000000 ) ) ;
#1367 = CIRCLE ( 'NONE', #1715, 19.44999999999998200 ) ;
#1368 = AXIS2_PLACEMENT_3D ( 'NONE', #855, #213, #3665 ) ;
#1369 = CARTESIAN_POINT ( 'NONE',  ( 34.86627760597038200, 38.59461570347264800, 85.85389854489434900 ) ) ;
#1370 = DIRECTION ( 'NONE',  ( 0.0000000000000000000, -0.7071067811865487900, 0.7071067811865462400 ) ) ;
#1371 = CARTESIAN_POINT ( 'NONE',  ( -22.77439587576796100, 0.0000000000000000000, 0.0000000000000000000 ) ) ;
#1372 = APPROVAL_ROLE ( '' ) ;
#1373 = ORIENTED_EDGE ( 'NONE', *, *, #86, .F. ) ;
#1374 = LINE ( 'NONE', #3681, #551 ) ;
#1375 = VERTEX_POINT ( 'NONE', #946 ) ;
#1376 = CARTESIAN_POINT ( 'NONE',  ( 23.12272639195999300, 32.92742963249816100, 81.63476545905295700 ) ) ;
#1377 = CIRCLE ( 'NONE', #753, 26.12499999999998600 ) ;
#1378 = VERTEX_POINT ( 'NONE', #1557 ) ;
#1379 = AXIS2_PLACEMENT_3D ( 'NONE', #1934, #1985, #1667 ) ;
#1380 = EDGE_LOOP ( 'NONE', ( #2471, #802 ) ) ;
#1381 = ORIENTED_EDGE ( 'NONE', *, *, #2756, .F. ) ;
#1382 = DIRECTION ( 'NONE',  ( 0.0000000000000000000, 0.0000000000000000000, -1.000000000000000000 ) ) ;
#1383 = AXIS2_PLACEMENT_3D ( 'NONE', #838, #3019, #1131 ) ;
#1384 = CARTESIAN_POINT ( 'NONE',  ( 19.90192358990117300, 33.46695727391595200, 80.68194619210565600 ) ) ;
#1385 = CARTESIAN_POINT ( 'NONE',  ( 58.15865425799412900, 3.206737643567343200E-015, 26.18499999999998800 ) ) ;
#1386 = ORIENTED_EDGE ( 'NONE', *, *, #1554, .F. ) ;
#1387 = DIRECTION ( 'NONE',  ( -1.000000000000000000, -0.0000000000000000000, -0.0000000000000000000 ) ) ;
#1388 = APPROVAL_STATUS ( 'not_yet_approved' ) ;
#1389 = VERTEX_POINT ( 'NONE', #3121 ) ;
#1390 = FACE_OUTER_BOUND ( 'NONE', #55, .T. ) ;
#1391 = DESIGN_CONTEXT ( 'detailed design', #709, 'design' ) ;
#1392 = ORIENTED_EDGE ( 'NONE', *, *, #2967, .T. ) ;
#1393 = CARTESIAN_POINT ( 'NONE',  ( 19.38444504630064100, 32.01758373544279100, 80.72491956199307600 ) ) ;
#1394 = ORIENTED_EDGE ( 'NONE', *, *, #525, .T. ) ;
#1395 = ORIENTED_EDGE ( 'NONE', *, *, #2860, .F. ) ;
#1396 = CARTESIAN_POINT ( 'NONE',  ( 17.57897894839704400, 33.56104810765488400, 80.77718623629105800 ) ) ;
#1397 = VERTEX_POINT ( 'NONE', #2492 ) ;
#1398 = CARTESIAN_POINT ( 'NONE',  ( -18.40819268389988400, 0.0000000000000000000, 0.0000000000000000000 ) ) ;
#1399 = CARTESIAN_POINT ( 'NONE',  ( -48.55504382660144800, 0.0000000000000000000, 22.79500000000000200 ) ) ;
#1400 = APPLICATION_PROTOCOL_DEFINITION ( 'international standard', 'config_control_design', 1994, #3811 ) ;
#1401 = ORIENTED_EDGE ( 'NONE', *, *, #3070, .T. ) ;
#1402 = DATE_AND_TIME ( #2230, #3064 ) ;
#1403 = CARTESIAN_POINT ( 'NONE',  ( 13.92243884805774100, 34.13929786327639000, 81.36212971165566900 ) ) ;
#1404 = ORIENTED_EDGE ( 'NONE', *, *, #1140, .T. ) ;
#1405 = CIRCLE ( 'NONE', #3502, 19.00000000000000000 ) ;
#1406 = CARTESIAN_POINT ( 'NONE',  ( 4.483616835594802700, 39.02389569843894900, 86.28570342924798800 ) ) ;
#1407 = DIRECTION ( 'NONE',  ( 0.0000000000000000000, 0.0000000000000000000, -1.000000000000000000 ) ) ;
#1408 = APPROVAL_PERSON_ORGANIZATION ( #2236, #751, #757 ) ;
#1409 = APPROVAL_DATE_TIME ( #2237, #521 ) ;
#1410 = AXIS2_PLACEMENT_3D ( 'NONE', #475, #2673, #790 ) ;
#1411 = LINE ( 'NONE', #91, #386 ) ;
#1412 = CARTESIAN_POINT ( 'NONE',  ( 19.90192358989791900, 57.33567257895325800, 5.767445413726715500 ) ) ;
#1413 = DATE_AND_TIME ( #2240, #3073 ) ;
#1414 = CARTESIAN_POINT ( 'NONE',  ( 2.812200139949027700, 53.57318214492373400, 102.2805179714741000 ) ) ;
#1415 = DIRECTION ( 'NONE',  ( -1.951563910473908000E-018, -0.7071067811865486800, 0.7071067811865463500 ) ) ;
#1416 = UNCERTAINTY_MEASURE_WITH_UNIT (LENGTH_MEASURE( 1.000000000000000100E-005 ), #2248, 'distance_accuracy_value', 'NONE');
#1417 = DIRECTION ( 'NONE',  ( 0.0000000000000000000, 0.0000000000000000000, -1.000000000000000000 ) ) ;
#1418 = FACE_OUTER_BOUND ( 'NONE', #1872, .T. ) ;
#1419 = DIRECTION ( 'NONE',  ( -1.000000000000000000, 0.0000000000000000000, 0.0000000000000000000 ) ) ;
#1420 = SECURITY_CLASSIFICATION_LEVEL ( 'unclassified' ) ;
#1421 = CIRCLE ( 'NONE', #1205, 16.05999999999998500 ) ;
#1422 = ADVANCED_FACE ( 'NONE', ( #1426, #4014 ), #2823, .T. ) ;
#1423 = CARTESIAN_POINT ( 'NONE',  ( 9.988648526364219300, 34.69938028684822500, 83.40671611340303600 ) ) ;
#1424 = AXIS2_PLACEMENT_3D ( 'NONE', #1982, #1689, #1999 ) ;
#1425 = CIRCLE ( 'NONE', #956, 20.85000000000000100 ) ;
#1426 = FACE_OUTER_BOUND ( 'NONE', #1695, .T. ) ;
#1427 = CC_DESIGN_PERSON_AND_ORGANIZATION_ASSIGNMENT ( #2192, #3288, ( #586 ) ) ;
#1428 = VERTEX_POINT ( 'NONE', #2201 ) ;
#1429 = DIRECTION ( 'NONE',  ( 0.0000000000000000000, -0.7071067811865487900, 0.7071067811865462400 ) ) ;
#1430 = CIRCLE ( 'NONE', #3061, 26.18499999999998800 ) ;
#1431 = EDGE_CURVE ( 'NONE', #2004, #481, #2251, .T. ) ;
#1432 = ORIENTED_EDGE ( 'NONE', *, *, #1799, .F. ) ;
#1433 = ORIENTED_EDGE ( 'NONE', *, *, #3050, .F. ) ;
#1434 = SECURITY_CLASSIFICATION_LEVEL ( 'unclassified' ) ;
#1435 = EDGE_CURVE ( 'NONE', #3365, #2627, #594, .T. ) ;
#1436 = DIRECTION ( 'NONE',  ( 0.0000000000000000000, 0.0000000000000000000, -1.000000000000000000 ) ) ;
#1437 = ORIENTED_EDGE ( 'NONE', *, *, #2793, .T. ) ;
#1438 = CARTESIAN_POINT ( 'NONE',  ( 5.391703041295350800, 36.41818859602705100, 85.12552442257734200 ) ) ;
#1439 = CARTESIAN_POINT ( 'NONE',  ( -17.90819268389989800, 0.0000000000000000000, 0.0000000000000000000 ) ) ;
#1440 = CARTESIAN_POINT ( 'NONE',  ( 0.0000000000000000000, 38.10000000000000100, 0.0000000000000000000 ) ) ;
#1441 = EDGE_LOOP ( 'NONE', ( #2610, #603, #1534, #2242 ) ) ;
#1442 = AXIS2_PLACEMENT_3D ( 'NONE', #879, #3059, #1175 ) ;
#1443 = DIRECTION ( 'NONE',  ( -1.951563910473908000E-018, -0.7071067811865486800, 0.7071067811865463500 ) ) ;
#1444 = ADVANCED_FACE ( 'NONE', ( #2993 ), #3721, .T. ) ;
#1445 = DIRECTION ( 'NONE',  ( 1.000000000000000000, -0.0000000000000000000, -0.0000000000000000000 ) ) ;
#1446 = DIRECTION ( 'NONE',  ( 0.9237280213470682200, 0.3830490080632375500, 0.0000000000000000000 ) ) ;
#1447 = VERTEX_POINT ( 'NONE', #971 ) ;
#1448 =( REPRESENTATION_RELATIONSHIP ('NONE','NONE', #1622, #3289 ) REPRESENTATION_RELATIONSHIP_WITH_TRANSFORMATION ( #184 )SHAPE_REPRESENTATION_RELATIONSHIP( ) );
#1449 = DIRECTION ( 'NONE',  ( 0.9237280213470682200, 0.3830490080632376100, 0.0000000000000000000 ) ) ;
#1450 = CARTESIAN_POINT ( 'NONE',  ( 19.90192358989791500, 30.17461448390908200, 110.8856032269625300 ) ) ;
#1451 = ORIENTED_EDGE ( 'NONE', *, *, #1024, .T. ) ;
#1452 = EDGE_CURVE ( 'NONE', #3001, #4034, #2158, .T. ) ;
#1453 = CARTESIAN_POINT ( 'NONE',  ( 3.505554413407454600, 40.08099361880336200, 87.34855772288636900 ) ) ;
#1454 = CC_DESIGN_APPROVAL ( #1230, ( #1027 ) ) ;
#1455 = ADVANCED_FACE ( 'NONE', ( #504 ), #1219, .F. ) ;
#1456 = ORIENTED_EDGE ( 'NONE', *, *, #1694, .F. ) ;
#1457 = DIRECTION ( 'NONE',  ( 0.0000000000000000000, 0.0000000000000000000, -1.000000000000000000 ) ) ;
#1458 = CC_DESIGN_PERSON_AND_ORGANIZATION_ASSIGNMENT ( #1550, #202, ( #407 ) ) ;
#1459 = CALENDAR_DATE ( 2013, 25, 7 ) ;
#1460 = DIRECTION ( 'NONE',  ( -1.951563910473908000E-018, -0.7071067811865486800, 0.7071067811865463500 ) ) ;
#1461 = DIRECTION ( 'NONE',  ( 0.0000000000000000000, 0.0000000000000000000, -1.000000000000000000 ) ) ;
#1462 = LINE ( 'NONE', #1471, #2190 ) ;
#1463 = ADVANCED_FACE ( 'NONE', ( #3806 ), #1953, .T. ) ;
#1464 = CALENDAR_DATE ( 2013, 25, 7 ) ;
#1465 = DIRECTION ( 'NONE',  ( -1.951563910473908000E-018, -0.7071067811865486800, 0.7071067811865463500 ) ) ;
#1466 = LINE ( 'NONE', #182, #502 ) ;
#1467 = CARTESIAN_POINT ( 'NONE',  ( -1.921150914426555300, 48.28613976345926800, 25.06300840550348900 ) ) ;
#1468 = CYLINDRICAL_SURFACE ( 'NONE', #552, 19.44999999999998200 ) ;
#1469 = AXIS2_PLACEMENT_3D ( 'NONE', #361, #3481, #1614 ) ;
#1470 = B_SPLINE_CURVE_WITH_KNOTS ( 'NONE', 3,
 ( #2278, #1676, #1980, #110, #2308, #434, #2626, #755, #2935, #1056, #3237, #1369, #3556, #1686, #3868, #1998, #119, #2322, #452, #2642, #767, #2947, #1068, #3250, #1384 ),
 .UNSPECIFIED., .F., .F.,
 ( 4, 2, 2, 2, 2, 2, 1, 2, 2, 2, 2, 2, 4 ),
 ( 0.1177083615028389800, 0.1216952597306054200, 0.1236887088444886300, 0.1256821579583718400, 0.1296690561861382500, 0.1316625053000214400, 0.1336559544139046500, 0.1356494035277878400, 0.1376428526416710600, 0.1416297508694374700, 0.1436231999833206800, 0.1456166490972039000, 0.1496035473249703300 ),
 .UNSPECIFIED. ) ;
#1471 = CARTESIAN_POINT ( 'NONE',  ( 3.871482887493334700, 12.21185806291901200, 105.2972154767370100 ) ) ;
#1472 = CIRCLE ( 'NONE', #2872, 23.11500000000000200 ) ;
#1473 = DIRECTION ( 'NONE',  ( 0.0000000000000000000, 0.0000000000000000000, -1.000000000000000000 ) ) ;
#1474 = DIRECTION ( 'NONE',  ( -1.000000000000000000, -0.0000000000000000000, -0.0000000000000000000 ) ) ;
#1475 = ADVANCED_FACE ( 'NONE', ( #2064 ), #3635, .T. ) ;
#1476 = PRODUCT_DEFINITION ( 'UNKNOWN', '', #2519, #1391 ) ;
#1477 = FACE_OUTER_BOUND ( 'NONE', #1795, .T. ) ;
#1478 = DIRECTION ( 'NONE',  ( 0.9237280213470682200, 0.3830490080632376100, 0.0000000000000000000 ) ) ;
#1479 = ORIENTED_EDGE ( 'NONE', *, *, #196, .F. ) ;
#1480 = VERTEX_POINT ( 'NONE', #1925 ) ;
#1481 = CIRCLE ( 'NONE', #1220, 20.00000000000000400 ) ;
#1482 = ORIENTED_EDGE ( 'NONE', *, *, #4039, .T. ) ;
#1483 = DIRECTION ( 'NONE',  ( 0.0000000000000000000, 0.0000000000000000000, 1.000000000000000000 ) ) ;
#1484 = ORIENTED_EDGE ( 'NONE', *, *, #3440, .T. ) ;
#1485 = ADVANCED_FACE ( 'NONE', ( #397 ), #2719, .T. ) ;
#1486 = CARTESIAN_POINT ( 'NONE',  ( 0.1072227993120256800, 48.39006558596570800, 97.09740141251602100 ) ) ;
#1487 = EDGE_CURVE ( 'NONE', #2319, #1480, #3519, .T. ) ;
#1488 = EDGE_CURVE ( 'NONE', #4037, #3055, #2889, .T. ) ;
#1489 = ORIENTED_EDGE ( 'NONE', *, *, #817, .T. ) ;
#1490 = ORIENTED_EDGE ( 'NONE', *, *, #1693, .F. ) ;
#1491 = AXIS2_PLACEMENT_3D ( 'NONE', #910, #3083, #1209 ) ;
#1492 = DIRECTION ( 'NONE',  ( 0.9237280213470681100, 0.3830490080632376100, 0.0000000000000000000 ) ) ;
#1493 = EDGE_LOOP ( 'NONE', ( #280, #357, #2161, #181, #2620 ) ) ;
#1494 = CARTESIAN_POINT ( 'NONE',  ( 12.78315252382181600, 59.33096469011538000, 106.6472474883439500 ) ) ;
#1495 = PERSON ( 'NAUO-PER4', 'UNSPECIFIED', 'UNSPECIFIED', ('UNSPECIFIED'), ('UNSPECIFIED'), ('UNSPECIFIED') ) ;
#1496 = DIRECTION ( 'NONE',  ( 0.0000000000000000000, 0.0000000000000000000, 1.000000000000000000 ) ) ;
#1497 = ORIENTED_EDGE ( 'NONE', *, *, #1891, .T. ) ;
#1498 = CYLINDRICAL_SURFACE ( 'NONE', #3119, 18.99999999999999600 ) ;
#1499 = DIRECTION ( 'NONE',  ( 1.000000000000000000, -0.0000000000000000000, -0.0000000000000000000 ) ) ;
#1500 = EDGE_CURVE ( 'NONE', #3437, #517, #2798, .T. ) ;
#1501 = AXIS2_PLACEMENT_3D ( 'NONE', #954, #3446, #337 ) ;
#1502 = ADVANCED_FACE ( 'NONE', ( #1316 ), #3422, .F. ) ;
#1503 = CARTESIAN_POINT ( 'NONE',  ( -29.72930008502348500, 2.553388576222231200E-015, -20.85000000000000100 ) ) ;
#1504 = CC_DESIGN_APPROVAL ( #1282, ( #1080 ) ) ;
#1505 = VERTEX_POINT ( 'NONE', #3189 ) ;
#1506 = PERSON_AND_ORGANIZATION ( #225, #3150 ) ;
#1507 = DIRECTION ( 'NONE',  ( 0.0000000000000000000, 0.0000000000000000000, -1.000000000000000000 ) ) ;
#1508 = DIRECTION ( 'NONE',  ( -0.0000000000000000000, 0.0000000000000000000, -1.000000000000000000 ) ) ;
#1509 = CYLINDRICAL_SURFACE ( 'NONE', #2881, 27.87499999999998900 ) ;
#1510 = CALENDAR_DATE ( 2013, 25, 7 ) ;
#1511 = DIRECTION ( 'NONE',  ( 0.6935081420032263000, 0.5094342239068900800, 0.5094342239068919700 ) ) ;
#1512 = EDGE_CURVE ( 'NONE', #53, #2124, #1861, .T. ) ;
#1513 = DATE_AND_TIME ( #2349, #3157 ) ;
#1514 = CARTESIAN_POINT ( 'NONE',  ( 24.55882368666336600, 32.37259719869958700, 81.07993302524984400 ) ) ;
#1515 = LINE ( 'NONE', #76, #490 ) ;
#1516 = APPROVAL_DATE_TIME ( #2353, #249 ) ;
#1517 = DIRECTION ( 'NONE',  ( 0.9237280213470683300, 0.3830490080632375500, 0.0000000000000000000 ) ) ;
#1518 = CYLINDRICAL_SURFACE ( 'NONE', #3653, 23.62499999999999300 ) ;
#1519 = CARTESIAN_POINT ( 'NONE',  ( 19.90192358989791900, 57.33567257895325800, -3.256991594496522400 ) ) ;
#1520 = AXIS2_PLACEMENT_3D ( 'NONE', #1594, #3772, #1902 ) ;
#1521 = FACE_OUTER_BOUND ( 'NONE', #2521, .T. ) ;
#1522 = CARTESIAN_POINT ( 'NONE',  ( 1.935345639746391100, 51.24734558008073300, 98.55079769681007900 ) ) ;
#1523 = ORIENTED_EDGE ( 'NONE', *, *, #3099, .T. ) ;
#1524 = ADVANCED_FACE ( 'NONE', ( #1029 ), #3337, .T. ) ;
#1525 = CIRCLE ( 'NONE', #3538, 16.05999999999999200 ) ;
#1526 = CARTESIAN_POINT ( 'NONE',  ( 0.8759092504838259500, 46.34363528353249300, 93.63535383529368500 ) ) ;
#1527 = VERTEX_POINT ( 'NONE', #716 ) ;
#1528 = CYLINDRICAL_SURFACE ( 'NONE', #2850, 26.18499999999998800 ) ;
#1529 = CARTESIAN_POINT ( 'NONE',  ( 16.05999999999999900, 38.10000000000000100, 0.0000000000000000000 ) ) ;
#1530 = EDGE_CURVE ( 'NONE', #3746, #358, #295, .T. ) ;
#1531 = CARTESIAN_POINT ( 'NONE',  ( 0.01199700823242741600, 44.68492766911142400, 93.39226349566173700 ) ) ;
#1532 = ORIENTED_EDGE ( 'NONE', *, *, #408, .T. ) ;
#1533 = FACE_BOUND ( 'NONE', #403, .T. ) ;
#1534 = ORIENTED_EDGE ( 'NONE', *, *, #3908, .F. ) ;
#1535 = ORIENTED_EDGE ( 'NONE', *, *, #2824, .T. ) ;
#1536 = CARTESIAN_POINT ( 'NONE',  ( 1.854365961938236700, 50.40777544210627800, 99.11511126865433100 ) ) ;
#1537 = UNCERTAINTY_MEASURE_WITH_UNIT (LENGTH_MEASURE( 1.000000000000000100E-005 ), #3551, 'distance_accuracy_value', 'NONE');
#1538 = ORIENTED_EDGE ( 'NONE', *, *, #1487, .F. ) ;
#1539 = DIRECTION ( 'NONE',  ( -1.000000000000000000, -0.0000000000000000000, -0.0000000000000000000 ) ) ;
#1540 = EDGE_LOOP ( 'NONE', ( #3441, #3722 ) ) ;
#1541 = ADVANCED_FACE ( 'NONE', ( #92 ), #2501, .F. ) ;
#1542 = AXIS2_PLACEMENT_3D ( 'NONE', #1188, #3388, #1517 ) ;
#1543 = AXIS2_PLACEMENT_3D ( 'NONE', #1181, #3380, #1511 ) ;
#1544 = CARTESIAN_POINT ( 'NONE',  ( 19.90192358989791900, 57.33567257895325800, -79.32383853639055400 ) ) ;
#1545 = CARTESIAN_POINT ( 'NONE',  ( 9.274630531556519800, 58.00584926658999800, 105.3204152823587200 ) ) ;
#1546 = AXIS2_PLACEMENT_3D ( 'NONE', #1593, #3771, #1900 ) ;
#1547 = DATE_AND_TIME ( #2390, #3201 ) ;
#1548 = CARTESIAN_POINT ( 'NONE',  ( 2.812200139861564800, 53.57318214487285200, 102.2805179714232100 ) ) ;
#1549 = EDGE_LOOP ( 'NONE', ( #1022, #2071 ) ) ;
#1550 = PERSON_AND_ORGANIZATION ( #1495, #2395 ) ;
#1551 = CARTESIAN_POINT ( 'NONE',  ( -29.72930008502348500, 0.0000000000000000000, 0.0000000000000000000 ) ) ;
#1552 = FACE_BOUND ( 'NONE', #1050, .T. ) ;
#1553 = DATE_AND_TIME ( #2397, #3214 ) ;
#1554 = EDGE_CURVE ( 'NONE', #3932, #2758, #203, .T. ) ;
#1555 = DIRECTION ( 'NONE',  ( 1.000000000000000000, 0.0000000000000000000, 0.0000000000000000000 ) ) ;
#1556 = FACE_OUTER_BOUND ( 'NONE', #1913, .T. ) ;
#1557 = CARTESIAN_POINT ( 'NONE',  ( 19.90192358989791500, 34.82030603630474300, 83.52764186285502000 ) ) ;
#1558 = EDGE_CURVE ( 'NONE', #2778, #2224, #1781, .T. ) ;
#1559 = CIRCLE ( 'NONE', #2463, 23.62499999999999300 ) ;
#1560 = CARTESIAN_POINT ( 'NONE',  ( 8.725122881569378200, 57.74015037423346500, 105.0543589105264200 ) ) ;
#1561 = DIRECTION ( 'NONE',  ( 1.000000000000000000, -0.0000000000000000000, -0.0000000000000000000 ) ) ;
#1562 = CARTESIAN_POINT ( 'NONE',  ( 58.15865425799412900, 3.413702952623245400E-015, 27.87499999999998600 ) ) ;
#1563 = VECTOR ( 'NONE', #1990, 1000.000000000000000 ) ;
#1564 = CARTESIAN_POINT ( 'NONE',  ( 15.23292284948611400, 59.92363369205524700, 108.6309695186056100 ) ) ;
#1565 = CARTESIAN_POINT ( 'NONE',  ( 19.90192358989791500, 19.23567257895325600, 67.94300840550349100 ) ) ;
#1566 = ORIENTED_EDGE ( 'NONE', *, *, #729, .T. ) ;
#1567 = CONICAL_SURFACE ( 'NONE', #4033, 23.11500000000000200, 0.5235987755982984800 ) ;
#1568 = ORIENTED_EDGE ( 'NONE', *, *, #172, .F. ) ;
#1569 = ORIENTED_EDGE ( 'NONE', *, *, #1487, .T. ) ;
#1570 = DIRECTION ( 'NONE',  ( 0.0000000000000000000, 0.0000000000000000000, -1.000000000000000000 ) ) ;
#1571 = DIRECTION ( 'NONE',  ( 0.0000000000000000000, 0.0000000000000000000, -1.000000000000000000 ) ) ;
#1572 = EDGE_LOOP ( 'NONE', ( #1239, #1535, #3231, #318, #872 ) ) ;
#1573 = EDGE_CURVE ( 'NONE', #1333, #2220, #2603, .T. ) ;
#1574 = VERTEX_POINT ( 'NONE', #3203 ) ;
#1575 = AXIS2_PLACEMENT_3D ( 'NONE', #3774, #2846, #1276 ) ;
#1576 = CARTESIAN_POINT ( 'NONE',  ( 13.07273822424683700, 58.75055969380883200, 107.4578955203591900 ) ) ;
#1577 = PRODUCT_DEFINITION_FORMATION_WITH_SPECIFIED_SOURCE ( 'ANY', '', #1101, .NOT_KNOWN. ) ;
#1578 = CARTESIAN_POINT ( 'NONE',  ( -54.60819268389989400, 27.87499999999998600, 0.0000000000000000000 ) ) ;
#1579 = DIRECTION ( 'NONE',  ( 1.000000000000000000, -0.0000000000000000000, -0.0000000000000000000 ) ) ;
#1580 = VERTEX_POINT ( 'NONE', #2607 ) ;
#1581 = CARTESIAN_POINT ( 'NONE',  ( 20.39501911706660300, 60.32496718880935300, 107.6424598305209100 ) ) ;
#1582 = AXIS2_PLACEMENT_3D ( 'NONE', #3584, #3549, #3532 ) ;
#1583 = ORIENTED_EDGE ( 'NONE', *, *, #440, .T. ) ;
#1584 = PLANE ( 'NONE',  #3304 ) ;
#1585 = CARTESIAN_POINT ( 'NONE',  ( -17.72930008502348500, 0.0000000000000000000, 0.0000000000000000000 ) ) ;
#1586 = ORIENTED_EDGE ( 'NONE', *, *, #3040, .T. ) ;
#1587 = AXIS2_PLACEMENT_3D ( 'NONE', #3858, #2572, #2600 ) ;
#1588 = CARTESIAN_POINT ( 'NONE',  ( 0.9019235898979176500, 57.33567257895325800, 38.94300840550349100 ) ) ;
#1589 = DIRECTION ( 'NONE',  ( -1.000000000000000000, 0.0000000000000000000, 0.0000000000000000000 ) ) ;
#1590 = CARTESIAN_POINT ( 'NONE',  ( 58.15865425799412900, 0.0000000000000000000, 0.0000000000000000000 ) ) ;
#1591 = CARTESIAN_POINT ( 'NONE',  ( 23.19345495066402700, 59.41617330404133000, 108.1235091305894300 ) ) ;
#1592 = AXIS2_PLACEMENT_3D ( 'NONE', #177, #1115, #501 ) ;
#1593 = CARTESIAN_POINT ( 'NONE',  ( 0.0000000000000000000, 0.0000000000000000000, 0.0000000000000000000 ) ) ;
#1594 = CARTESIAN_POINT ( 'NONE',  ( 0.0000000000000000000, 0.0000000000000000000, 0.0000000000000000000 ) ) ;
#1595 = SHAPE_DEFINITION_REPRESENTATION ( #668, #901 ) ;
#1596 = DIRECTION ( 'NONE',  ( -1.000000000000000000, 0.0000000000000000000, 0.0000000000000000000 ) ) ;
#1597 = FACE_OUTER_BOUND ( 'NONE', #2216, .T. ) ;
#1598 = DATE_AND_TIME ( #2441, #3257 ) ;
#1599 = EDGE_CURVE ( 'NONE', #2946, #3590, #852, .T. ) ;
#1600 = DIRECTION ( 'NONE',  ( 0.0000000000000000000, -0.0000000000000000000, 1.000000000000000000 ) ) ;
#1601 = FACE_OUTER_BOUND ( 'NONE', #3471, .T. ) ;
#1602 = CARTESIAN_POINT ( 'NONE',  ( 19.90192358989791900, 57.33567257895325800, 1.034866834207642800 ) ) ;
#1603 = CARTESIAN_POINT ( 'NONE',  ( 26.82569524337763400, 59.44595444985919400, 108.1532902764095500 ) ) ;
#1604 =( NAMED_UNIT ( * ) SI_UNIT ( $, .STERADIAN. ) SOLID_ANGLE_UNIT ( ) );
#1605 = APPROVAL_PERSON_ORGANIZATION ( #2447, #249, #3571 ) ;
#1606 = FACE_OUTER_BOUND ( 'NONE', #3929, .T. ) ;
#1607 = CARTESIAN_POINT ( 'NONE',  ( 38.92907334202058000, 47.39464309675682300, 94.68924990638247200 ) ) ;
#1608 = DIRECTION ( 'NONE',  ( -0.9237280213470681100, -0.3830490080632377700, 0.0000000000000000000 ) ) ;
#1609 = VECTOR ( 'NONE', #3827, 1000.000000000000000 ) ;
#1610 = CIRCLE ( 'NONE', #944, 16.05999999999999900 ) ;
#1611 = AXIS2_PLACEMENT_3D ( 'NONE', #691, #2874, #2567 ) ;
#1612 = AXIS2_PLACEMENT_3D ( 'NONE', #1412, #3604, #1740 ) ;
#1613 = DIRECTION ( 'NONE',  ( 0.0000000000000000000, -0.7071067811865487900, 0.7071067811865462400 ) ) ;
#1614 = DIRECTION ( 'NONE',  ( 1.000000000000000000, 0.0000000000000000000, 0.0000000000000000000 ) ) ;
#1615 = DIRECTION ( 'NONE',  ( 0.9237280213470681100, 0.3830490080632378300, 0.0000000000000000000 ) ) ;
#1616 = CARTESIAN_POINT ( 'NONE',  ( 58.15865425799412900, 0.0000000000000000000, 0.0000000000000000000 ) ) ;
#1617 = CARTESIAN_POINT ( 'NONE',  ( 32.33982418791588700, 57.03264594434124000, 104.3458728200835800 ) ) ;
#1618 = DIRECTION ( 'NONE',  ( 0.0000000000000000000, 0.0000000000000000000, -1.000000000000000000 ) ) ;
#1619 = VECTOR ( 'NONE', #215, 1000.000000000000100 ) ;
#1620 = VERTEX_POINT ( 'NONE', #1052 ) ;
#1621 = ORIENTED_EDGE ( 'NONE', *, *, #4011, .T. ) ;
#1622 = SHAPE_REPRESENTATION ( 'PL-24-45-WF', ( #4066, #2812, #3027, #3217, #3428 ), #3661 ) ;
#1623 = CARTESIAN_POINT ( 'NONE',  ( 38.43785958631518400, 43.20291079848706800, 91.91024662503055300 ) ) ;
#1624 = DIRECTION ( 'NONE',  ( 1.000000000000000000, -0.0000000000000000000, -0.0000000000000000000 ) ) ;
#1625 = DIRECTION ( 'NONE',  ( 1.000000000000000000, 7.968107832237970200E-016, 0.0000000000000000000 ) ) ;
#1626 = ORIENTED_EDGE ( 'NONE', *, *, #1862, .F. ) ;
#1627 = FACE_OUTER_BOUND ( 'NONE', #3023, .T. ) ;
#1628 = VERTEX_POINT ( 'NONE', #3234 ) ;
#1629 = AXIS2_PLACEMENT_3D ( 'NONE', #769, #1069, #2644 ) ;
#1630 = ORIENTED_EDGE ( 'NONE', *, *, #2189, .F. ) ;
#1631 = SECURITY_CLASSIFICATION ( '', '', #1420 ) ;
#1632 = DIRECTION ( 'NONE',  ( 0.9237280213470680000, 0.3830490080632380500, 0.0000000000000000000 ) ) ;
#1633 = CARTESIAN_POINT ( 'NONE',  ( 0.01199700823243173500, 45.39203445029797000, 92.68515671447519800 ) ) ;
#1634 = CARTESIAN_POINT ( 'NONE',  ( 3.479293454076909600, 40.64581804959569700, 122.7710203550222700 ) ) ;
#1635 = ORIENTED_EDGE ( 'NONE', *, *, #2269, .T. ) ;
#1636 = CARTESIAN_POINT ( 'NONE',  ( 35.31898320141871700, 54.08472412460042700, 102.7920599511553000 ) ) ;
#1637 = APPLICATION_CONTEXT ( 'configuration controlled 3d designs of mechanical parts and assemblies' ) ;
#1638 = ORIENTED_EDGE ( 'NONE', *, *, #2228, .F. ) ;
#1639 = EDGE_CURVE ( 'NONE', #2528, #3278, #1668, .T. ) ;
#1640 = EDGE_CURVE ( 'NONE', #2004, #695, #3220, .T. ) ;
#1641 = CARTESIAN_POINT ( 'NONE',  ( 37.30201928811008100, 39.17594072474805200, 87.88327655129835100 ) ) ;
#1642 = CARTESIAN_POINT ( 'NONE',  ( 27.25058867739631600, 59.26208795497554100, 106.5782840132435900 ) ) ;
#1643 = EDGE_LOOP ( 'NONE', ( #1394, #3946 ) ) ;
#1644 = DIRECTION ( 'NONE',  ( 0.0000000000000000000, 0.0000000000000000000, 1.000000000000000000 ) ) ;
#1645 = AXIS2_PLACEMENT_3D ( 'NONE', #255, #2446, #569 ) ;
#1646 = DIRECTION ( 'NONE',  ( 1.000000000000000000, 0.0000000000000000000, 0.0000000000000000000 ) ) ;
#1647 = PERSON_AND_ORGANIZATION ( #225, #3150 ) ;
#1648 = DIRECTION ( 'NONE',  ( 0.9237280213470681100, 0.3830490080632376100, 0.0000000000000000000 ) ) ;
#1649 = DIRECTION ( 'NONE',  ( 0.0000000000000000000, -0.7071067811865510100, 0.7071067811865441300 ) ) ;
#1650 = CARTESIAN_POINT ( 'NONE',  ( 38.58703794152695100, 51.23308604189004000, 99.94042186844038200 ) ) ;
#1651 = APPROVAL_STATUS ( 'not_yet_approved' ) ;
#1652 = LOCAL_TIME ( 12, 1, 29.00000000000000000, #2486 ) ;
#1653 = CARTESIAN_POINT ( 'NONE',  ( 33.01914998991490800, 37.13025095013697600, 84.37994643081027800 ) ) ;
#1654 = EDGE_CURVE ( 'NONE', #3633, #3437, #2408, .T. ) ;
#1655 = CARTESIAN_POINT ( 'NONE',  ( 37.33748545823866700, 52.22418115351712200, 99.52954625377242300 ) ) ;
#1656 = CIRCLE ( 'NONE', #2687, 20.85000000000000100 ) ;
#1657 = CARTESIAN_POINT ( 'NONE',  ( 19.90192358989791900, 57.33567257895325800, 33.44300840550347700 ) ) ;
#1658 = APPROVAL_DATE_TIME ( #2489, #3791 ) ;
#1659 = CC_DESIGN_PERSON_AND_ORGANIZATION_ASSIGNMENT ( #3949, #99, ( #1027 ) ) ;
#1660 = FACE_OUTER_BOUND ( 'NONE', #470, .T. ) ;
#1661 = AXIS2_PLACEMENT_3D ( 'NONE', #1868, #4, #3466 ) ;
#1662 = DIRECTION ( 'NONE',  ( 0.0000000000000000000, 0.0000000000000000000, -1.000000000000000000 ) ) ;
#1663 = DIRECTION ( 'NONE',  ( 0.0000000000000000000, 0.0000000000000000000, -1.000000000000000000 ) ) ;
#1664 = CIRCLE ( 'NONE', #2243, 17.06000000000001300 ) ;
#1665 = APPLICATION_PROTOCOL_DEFINITION ( 'international standard', 'config_control_design', 1994, #3531 ) ;
#1666 = ORIENTED_EDGE ( 'NONE', *, *, #1976, .T. ) ;
#1667 = DIRECTION ( 'NONE',  ( -1.000000000000000000, 0.0000000000000000000, 0.0000000000000000000 ) ) ;
#1668 = CIRCLE ( 'NONE', #12, 16.06000000000000200 ) ;
#1669 = CARTESIAN_POINT ( 'NONE',  ( 29.49557934478721300, 34.58931432278877300, 83.29665014933453900 ) ) ;
#1670 = ORIENTED_EDGE ( 'NONE', *, *, #2578, .T. ) ;
#1671 = DIRECTION ( 'NONE',  ( -1.951563910473908000E-018, -0.7071067811865486800, 0.7071067811865463500 ) ) ;
#1672 = DIRECTION ( 'NONE',  ( 1.000000000000000000, -0.0000000000000000000, -0.0000000000000000000 ) ) ;
#1673 = CIRCLE ( 'NONE', #3619, 27.12499999999998600 ) ;
#1674 = DIRECTION ( 'NONE',  ( -1.000000000000000000, -0.0000000000000000000, -0.0000000000000000000 ) ) ;
#1675 = AXIS2_PLACEMENT_3D ( 'NONE', #1633, #3808, #1943 ) ;
#1676 = CARTESIAN_POINT ( 'NONE',  ( 38.93769867830964400, 47.33663202936841000, 94.63109466658730200 ) ) ;
#1677 = DIRECTION ( 'NONE',  ( 0.0000000000000000000, 0.0000000000000000000, -1.000000000000000000 ) ) ;
#1678 = CARTESIAN_POINT ( 'NONE',  ( -29.72930008502348500, 0.0000000000000000000, 23.71000000000000100 ) ) ;
#1679 = DIRECTION ( 'NONE',  ( -0.0000000000000000000, -0.0000000000000000000, 1.000000000000000000 ) ) ;
#1680 = APPROVAL_ROLE ( '' ) ;
#1681 = APPROVAL ( #1017, 'UNSPECIFIED' ) ;
#1682 = VERTEX_POINT ( 'NONE', #117 ) ;
#1683 = CARTESIAN_POINT ( 'NONE',  ( 27.08343081906735300, 32.95720737183677300, 81.66454319838705100 ) ) ;
#1684 = DIRECTION ( 'NONE',  ( 0.0000000000000000000, 0.0000000000000000000, 1.000000000000000000 ) ) ;
#1685 = DIRECTION ( 'NONE',  ( 0.0000000000000000000, 0.0000000000000000000, -1.000000000000000000 ) ) ;
#1686 = CARTESIAN_POINT ( 'NONE',  ( 33.09988747318248400, 37.21357412278925400, 84.46375841353501800 ) ) ;
#1687 = ORIENTED_EDGE ( 'NONE', *, *, #230, .T. ) ;
#1688 = EDGE_LOOP ( 'NONE', ( #2566, #2320 ) ) ;
#1689 = DIRECTION ( 'NONE',  ( -0.0000000000000000000, -0.0000000000000000000, 1.000000000000000000 ) ) ;
#1690 = DIRECTION ( 'NONE',  ( 0.0000000000000000000, 0.0000000000000000000, -1.000000000000000000 ) ) ;
#1691 = DIRECTION ( 'NONE',  ( 0.0000000000000000000, 0.0000000000000000000, -1.000000000000000000 ) ) ;
#1692 = PERSON_AND_ORGANIZATION_ROLE ( 'design_supplier' ) ;
#1693 = EDGE_CURVE ( 'NONE', #3590, #903, #4068, .T. ) ;
#1694 = EDGE_CURVE ( 'NONE', #648, #2376, #2923, .T. ) ;
#1695 = EDGE_LOOP ( 'NONE', ( #3305, #3726 ) ) ;
#1696 = CARTESIAN_POINT ( 'NONE',  ( 21.28437555446356600, 33.49528470702679800, 80.71062318432275600 ) ) ;
#1697 = ORIENTED_EDGE ( 'NONE', *, *, #3518, .F. ) ;
#1698 = CARTESIAN_POINT ( 'NONE',  ( 19.90192358989791500, 46.17644094216066700, 94.88377676871100200 ) ) ;
#1699 = CARTESIAN_POINT ( 'NONE',  ( 38.07717008708306100, 52.08877173604116700, 100.7961075625915300 ) ) ;
#1700 = AXIS2_PLACEMENT_3D ( 'NONE', #719, #2907, #1028 ) ;
#1701 = ORIENTED_EDGE ( 'NONE', *, *, #3824, .T. ) ;
#1702 = CARTESIAN_POINT ( 'NONE',  ( 2.997700799246580900, 50.32587573139601000, -3.256991594496522400 ) ) ;
#1703 = CIRCLE ( 'NONE', #3207, 17.06000000000001300 ) ;
#1704 = PERSON_AND_ORGANIZATION ( #225, #3150 ) ;
#1705 = CARTESIAN_POINT ( 'NONE',  ( -17.72930008502348500, 20.85000000000000100, 0.0000000000000000000 ) ) ;
#1706 = PERSON_AND_ORGANIZATION_ROLE ( 'creator' ) ;
#1707 = ORGANIZATION ( 'NAUO-ORG1', 'UNSPECIFIED', 'UNSPECIFIED' ) ;
#1708 = FACE_OUTER_BOUND ( 'NONE', #102, .T. ) ;
#1709 = CALENDAR_DATE ( 2013, 25, 7 ) ;
#1710 = CARTESIAN_POINT ( 'NONE',  ( 18.78949693981650500, 32.78327077521634400, 81.49060660176547800 ) ) ;
#1711 = EDGE_CURVE ( 'NONE', #774, #2932, #3971, .T. ) ;
#1712 = CARTESIAN_POINT ( 'NONE',  ( 15.30816947829088900, 33.85747949071547700, 81.07713006850465800 ) ) ;
#1713 = DIRECTION ( 'NONE',  ( 0.0000000000000000000, 0.0000000000000000000, 1.000000000000000000 ) ) ;
#1714 = VECTOR ( 'NONE', #2473, 1000.000000000000000 ) ;
#1715 = AXIS2_PLACEMENT_3D ( 'NONE', #1602, #3780, #1916 ) ;
#1716 = CARTESIAN_POINT ( 'NONE',  ( 32.99445053546490700, 56.87053376576571400, 105.5778695923160800 ) ) ;
#1717 = CC_DESIGN_PERSON_AND_ORGANIZATION_ASSIGNMENT ( #2879, #2339, ( #1080 ) ) ;
#1718 = CARTESIAN_POINT ( 'NONE',  ( 19.90192358989791900, 57.33567257895325800, 25.06300840550348900 ) ) ;
#1719 = CIRCLE ( 'NONE', #160, 16.05999999999999200 ) ;
#1720 = CARTESIAN_POINT ( 'NONE',  ( 5.442278829130642300, 35.55473737370201800, 84.26207320025230300 ) ) ;
#1721 = DIRECTION ( 'NONE',  ( 0.0000000000000000000, 0.0000000000000000000, -1.000000000000000000 ) ) ;
#1722 = ORIENTED_EDGE ( 'NONE', *, *, #2328, .T. ) ;
#1723 = PLANE ( 'NONE',  #2474 ) ;
#1724 = DIRECTION ( 'NONE',  ( 0.0000000000000000000, 0.0000000000000000000, 1.000000000000000000 ) ) ;
#1725 = PERSON_AND_ORGANIZATION_ROLE ( 'design_owner' ) ;
#1726 = EDGE_CURVE ( 'NONE', #1771, #2065, #744, .T. ) ;
#1727 = TOROIDAL_SURFACE ( 'NONE', #314, 38.10000000000000100, 19.00000000000000000 ) ;
#1728 = CARTESIAN_POINT ( 'NONE',  ( 1.393366033572028600, 43.71769035331868700, 91.00097324780971100 ) ) ;
#1729 = ORIENTED_EDGE ( 'NONE', *, *, #2529, .F. ) ;
#1730 = CARTESIAN_POINT ( 'NONE',  ( 13.60772912482887200, 32.72638928384520800, 81.43372511039548600 ) ) ;
#1731 = FACE_OUTER_BOUND ( 'NONE', #1549, .T. ) ;
#1732 = CARTESIAN_POINT ( 'NONE',  ( 3.527474242598862600, 40.05641663651850600, 87.32384979155810400 ) ) ;
#1733 = CARTESIAN_POINT ( 'NONE',  ( -53.30290323835134800, 0.0000000000000000000, 0.0000000000000000000 ) ) ;
#1734 = ORIENTED_EDGE ( 'NONE', *, *, #3908, .T. ) ;
#1735 = EDGE_LOOP ( 'NONE', ( #2173, #139 ) ) ;
#1736 = CARTESIAN_POINT ( 'NONE',  ( 33.48291985009241500, 56.56184026758041500, 105.2691760941308000 ) ) ;
#1737 = AXIS2_PLACEMENT_3D ( 'NONE', #1057, #2213, #343 ) ;
#1738 = EDGE_LOOP ( 'NONE', ( #2089, #558, #3695, #3783 ) ) ;
#1739 = VERTEX_POINT ( 'NONE', #3432 ) ;
#1740 = DIRECTION ( 'NONE',  ( -0.9237280213470682200, -0.3830490080632378300, 0.0000000000000000000 ) ) ;
#1741 = ADVANCED_FACE ( 'NONE', ( #631 ), #2202, .F. ) ;
#1742 = VECTOR ( 'NONE', #2419, 1000.000000000000100 ) ;
#1743 = CARTESIAN_POINT ( 'NONE',  ( -53.30290323835134800, 0.0000000000000000000, 0.0000000000000000000 ) ) ;
#1744 = CARTESIAN_POINT ( 'NONE',  ( -2.383014925100103400, 48.09461525942764100, -3.256991594496529100 ) ) ;
#1745 = DATE_TIME_ROLE ( 'classification_date' ) ;
#1746 = ORIENTED_EDGE ( 'NONE', *, *, #948, .F. ) ;
#1747 = ORIENTED_EDGE ( 'NONE', *, *, #1599, .T. ) ;
#1748 = DIRECTION ( 'NONE',  ( 1.000000000000000000, -0.0000000000000000000, -0.0000000000000000000 ) ) ;
#1749 = CARTESIAN_POINT ( 'NONE',  ( 8.928238432789608900, 35.88983781489942300, 83.12980103346768600 ) ) ;
#1750 = VERTEX_POINT ( 'NONE', #1258 ) ;
#1751 = DIRECTION ( 'NONE',  ( -0.9237280213470682200, -0.3830490080632377700, 0.0000000000000000000 ) ) ;
#1752 = EDGE_CURVE ( 'NONE', #3361, #2319, #3122, .T. ) ;
#1753 = CARTESIAN_POINT ( 'NONE',  ( -17.90819268389989100, 0.0000000000000000000, 0.0000000000000000000 ) ) ;
#1754 = CARTESIAN_POINT ( 'NONE',  ( 9.224559328618422400, 58.13716898772060700, 106.8445048142709600 ) ) ;
#1755 = CARTESIAN_POINT ( 'NONE',  ( -49.10930008502348400, 0.0000000000000000000, 0.0000000000000000000 ) ) ;
#1756 = APPROVAL_ROLE ( '' ) ;
#1757 = LOCAL_TIME ( 12, 1, 29.00000000000000000, #2579 ) ;
#1758 = VECTOR ( 'NONE', #2709, 999.9999999999998900 ) ;
#1759 = CARTESIAN_POINT ( 'NONE',  ( 19.90192358989791900, 57.33567257895325800, 5.767445413726715500 ) ) ;
#1760 = ADVANCED_FACE ( 'NONE', ( #1477 ), #3860, .F. ) ;
#1761 = CARTESIAN_POINT ( 'NONE',  ( 5.719405127698117900, 37.24009154312705800, 85.94742736967961600 ) ) ;
#1762 = SHAPE_REPRESENTATION_RELATIONSHIP ( 'NONE' , 'NONE' ,  #1828, #2141 ) ;
#1763 = DIRECTION ( 'NONE',  ( 0.0000000000000000000, 0.0000000000000000000, -1.000000000000000000 ) ) ;
#1764 = COORDINATED_UNIVERSAL_TIME_OFFSET ( 0, 0, .AHEAD. ) ;
#1765 = AXIS2_PLACEMENT_3D ( 'NONE', #2143, #269, #2460 ) ;
#1766 = AXIS2_PLACEMENT_3D ( 'NONE', #555, #1172, #875 ) ;
#1767 = CIRCLE ( 'NONE', #2464, 26.12499999999998600 ) ;
#1768 = CARTESIAN_POINT ( 'NONE',  ( 31.03966435046972400, 54.35795457810532100, 103.0652904046556700 ) ) ;
#1769 = APPROVAL_PERSON_ORGANIZATION ( #2590, #3791, #2357 ) ;
#1770 = DIRECTION ( 'NONE',  ( 0.0000000000000000000, 0.0000000000000000000, -1.000000000000000000 ) ) ;
#1771 = VERTEX_POINT ( 'NONE', #3759 ) ;
#1772 = ADVANCED_FACE ( 'NONE', ( #2940 ), #451, .T. ) ;
#1773 = VECTOR ( 'NONE', #1956, 1000.000000000000000 ) ;
#1774 = APPROVAL_STATUS ( 'not_yet_approved' ) ;
#1775 =( GEOMETRIC_REPRESENTATION_CONTEXT ( 3 ) GLOBAL_UNCERTAINTY_ASSIGNED_CONTEXT ( ( #563 ) ) GLOBAL_UNIT_ASSIGNED_CONTEXT ( ( #17, #2223, #350 ) ) REPRESENTATION_CONTEXT ( 'NONE', 'WORKASPACE' ) );
#1776 = DIRECTION ( 'NONE',  ( -0.6935081420032260800, -0.5094342239068903000, -0.5094342239068920800 ) ) ;
#1777 = CYLINDRICAL_SURFACE ( 'NONE', #1611, 26.12499999999999300 ) ;
#1778 = CARTESIAN_POINT ( 'NONE',  ( 2.642587614729158900, 39.00331121483326100, 87.71064704138356700 ) ) ;
#1779 = CARTESIAN_POINT ( 'NONE',  ( -26.93262969212313600, 0.0000000000000000000, -27.12499999999998600 ) ) ;
#1780 = CARTESIAN_POINT ( 'NONE',  ( 19.90192358989791500, 21.02210492120335100, 120.0381127896682300 ) ) ;
#1781 = CIRCLE ( 'NONE', #3452, 19.44999999999998500 ) ;
#1782 = CARTESIAN_POINT ( 'NONE',  ( 19.90192358989791500, 57.33567257895325800, 38.94300840550347700 ) ) ;
#1783 = ADVANCED_FACE ( 'NONE', ( #549 ), #3760, .T. ) ;
#1784 = CARTESIAN_POINT ( 'NONE',  ( 0.01199700823242741600, 44.68492766911142400, 93.39226349566173700 ) ) ;
#1785 = DIRECTION ( 'NONE',  ( 1.000000000000000000, -0.0000000000000000000, -0.0000000000000000000 ) ) ;
#1786 = CARTESIAN_POINT ( 'NONE',  ( 39.25402055764978100, 42.56538045513458000, 91.27271628168489300 ) ) ;
#1787 = CONICAL_SURFACE ( 'NONE', #2146, 23.11499999999999800, 0.5235987755982984800 ) ;
#1788 = EDGE_CURVE ( 'NONE', #752, #3767, #3043, .T. ) ;
#1789 = VERTEX_POINT ( 'NONE', #348 ) ;
#1790 = EDGE_CURVE ( 'NONE', #902, #464, #1367, .T. ) ;
#1791 = CARTESIAN_POINT ( 'NONE',  ( -60.10819268389990100, 0.0000000000000000000, -16.05999999999998500 ) ) ;
#1792 = ADVANCED_FACE ( 'NONE', ( #1266, #2840 ), #2539, .T. ) ;
#1793 = CARTESIAN_POINT ( 'NONE',  ( 45.65084218494743600, 68.01316367871599800, 33.44300840550347700 ) ) ;
#1794 = ORIENTED_EDGE ( 'NONE', *, *, #2451, .T. ) ;
#1795 = EDGE_LOOP ( 'NONE', ( #36, #486, #3357, #2327, #918, #4055 ) ) ;
#1796 = ORIENTED_EDGE ( 'NONE', *, *, #3193, .F. ) ;
#1797 = DIRECTION ( 'NONE',  ( -0.0000000000000000000, 0.0000000000000000000, -1.000000000000000000 ) ) ;
#1798 = CARTESIAN_POINT ( 'NONE',  ( 36.34500163679440700, 33.10079037003571800, 132.1167982385006500 ) ) ;
#1799 = EDGE_CURVE ( 'NONE', #607, #3767, #2109, .T. ) ;
#1800 = AXIS2_PLACEMENT_3D ( 'NONE', #3161, #2856, #1608 ) ;
#1801 = ADVANCED_FACE ( 'NONE', ( #3569 ), #1898, .T. ) ;
#1802 = ORIENTED_EDGE ( 'NONE', *, *, #1846, .F. ) ;
#1803 = APPROVAL ( #3240, 'UNSPECIFIED' ) ;
#1804 = DIRECTION ( 'NONE',  ( 0.3467540710016129300, -0.3576553237423507100, 0.8670895476492394000 ) ) ;
#1805 = AXIS2_PLACEMENT_3D ( 'NONE', #1020, #3488, #743 ) ;
#1806 = CARTESIAN_POINT ( 'NONE',  ( 19.90192358989791500, 57.33567257895325800, 41.44300840550348400 ) ) ;
#1807 = ORIENTED_EDGE ( 'NONE', *, *, #86, .T. ) ;
#1808 = DIRECTION ( 'NONE',  ( 1.000000000000000000, -0.0000000000000000000, -0.0000000000000000000 ) ) ;
#1809 = CARTESIAN_POINT ( 'NONE',  ( 8.341598300598116500, 34.58221092676567600, 83.28954675331591800 ) ) ;
#1810 = ORIENTED_EDGE ( 'NONE', *, *, #3050, .T. ) ;
#1811 = CIRCLE ( 'NONE', #3022, 26.68795201467610000 ) ;
#1812 = LOCAL_TIME ( 12, 1, 29.00000000000000000, #813 ) ;
#1813 = COORDINATED_UNIVERSAL_TIME_OFFSET ( 0, 0, .AHEAD. ) ;
#1814 = CIRCLE ( 'NONE', #642, 22.79500000000000200 ) ;
#1815 = DATE_AND_TIME ( #2650, #3459 ) ;
#1816 = CARTESIAN_POINT ( 'NONE',  ( 11.57637665401819600, 58.95156171648633100, 106.2673654978949600 ) ) ;
#1817 = DIRECTION ( 'NONE',  ( -1.951563910473908000E-018, -0.7071067811865486800, 0.7071067811865463500 ) ) ;
#1818 = CIRCLE ( 'NONE', #2170, 20.85000000000000100 ) ;
#1819 = ADVANCED_FACE ( 'NONE', ( #2005 ), #2757, .T. ) ;
#1820 = FACE_OUTER_BOUND ( 'NONE', #800, .T. ) ;
#1821 = FACE_BOUND ( 'NONE', #2963, .T. ) ;
#1822 = EDGE_CURVE ( 'NONE', #830, #3017, #1073, .T. ) ;
#1823 = CARTESIAN_POINT ( 'NONE',  ( 31.03966435046972400, 38.35612811985374300, 119.0671168629072100 ) ) ;
#1824 = VERTEX_POINT ( 'NONE', #377 ) ;
#1825 = LINE ( 'NONE', #698, #3386 ) ;
#1826 = CARTESIAN_POINT ( 'NONE',  ( -5.154198989141288000, 46.94546823523793900, 33.44300840550347700 ) ) ;
#1827 = CARTESIAN_POINT ( 'NONE',  ( 38.19987542569027300, 40.38145317861250300, 89.08878900516280900 ) ) ;
#1828 = SHAPE_REPRESENTATION ( '-24-45-BASIC', ( #1546 ), #1332 ) ;
#1829 = ORIENTED_EDGE ( 'NONE', *, *, #2423, .T. ) ;
#1830 = LINE ( 'NONE', #2724, #1758 ) ;
#1831 = ADVANCED_FACE ( 'NONE', ( #3462 ), #977, .T. ) ;
#1832 = ORIENTED_EDGE ( 'NONE', *, *, #1558, .T. ) ;
#1833 = ORIENTED_EDGE ( 'NONE', *, *, #2980, .F. ) ;
#1834 = AXIS2_PLACEMENT_3D ( 'NONE', #721, #2908, #1032 ) ;
#1835 = AXIS2_PLACEMENT_3D ( 'NONE', #165, #2366, #491 ) ;
#1836 = PLANE ( 'NONE',  #1491 ) ;
#1837 = CARTESIAN_POINT ( 'NONE',  ( 0.9021458710497504100, 47.35152932847454800, 94.64597104470959700 ) ) ;
#1838 = CARTESIAN_POINT ( 'NONE',  ( -4.230470967794222900, 47.32851724330117100, -79.32383853639055400 ) ) ;
#1839 = ORIENTED_EDGE ( 'NONE', *, *, #3773, .T. ) ;
#1840 = CARTESIAN_POINT ( 'NONE',  ( -0.1254599227949525500, 45.60788060177036800, 94.31521642832069600 ) ) ;
#1841 = DIRECTION ( 'NONE',  ( 0.0000000000000000000, -1.000000000000000000, -0.0000000000000000000 ) ) ;
#1842 = AXIS2_PLACEMENT_3D ( 'NONE', #1083, #2012, #3266 ) ;
#1843 = CC_DESIGN_PERSON_AND_ORGANIZATION_ASSIGNMENT ( #1356, #3610, ( #1631 ) ) ;
#1844 = CALENDAR_DATE ( 2013, 25, 7 ) ;
#1845 = CARTESIAN_POINT ( 'NONE',  ( 58.15865425799412900, 0.0000000000000000000, 0.0000000000000000000 ) ) ;
#1846 = EDGE_CURVE ( 'NONE', #1505, #3733, #2657, .T. ) ;
#1847 = CARTESIAN_POINT ( 'NONE',  ( -49.10930008502348400, 0.0000000000000000000, 23.11499999999999800 ) ) ;
#1848 = ADVANCED_FACE ( 'NONE', ( #345, #1820 ), #60, .F. ) ;
#1849 = EDGE_CURVE ( 'NONE', #3126, #2321, #2545, .T. ) ;
#1850 = APPROVAL_PERSON_ORGANIZATION ( #2703, #3636, #831 ) ;
#1851 = CIRCLE ( 'NONE', #1190, 19.44999999999998200 ) ;
#1852 = CARTESIAN_POINT ( 'NONE',  ( 2.069690749303258100, 51.52862657202939500, 98.83264771852839200 ) ) ;
#1853 = CALENDAR_DATE ( 2013, 25, 7 ) ;
#1854 = ORIENTED_EDGE ( 'NONE', *, *, #2915, .F. ) ;
#1855 = CARTESIAN_POINT ( 'NONE',  ( -17.90819268389989800, 2.241103642439655100E-015, -18.29999999999999000 ) ) ;
#1856 = CIRCLE ( 'NONE', #1883, 18.99999999999999600 ) ;
#1857 = AXIS2_PLACEMENT_3D ( 'NONE', #2140, #267, #2458 ) ;
#1858 = DIRECTION ( 'NONE',  ( 1.000000000000000000, -0.0000000000000000000, -0.0000000000000000000 ) ) ;
#1859 = CIRCLE ( 'NONE', #3311, 16.05999999999999900 ) ;
#1860 = CARTESIAN_POINT ( 'NONE',  ( 19.90192358989791900, 57.33567257895325800, 38.94300840550347700 ) ) ;
#1861 = CIRCLE ( 'NONE', #2637, 27.12499999999998600 ) ;
#1862 = EDGE_CURVE ( 'NONE', #1397, #2961, #142, .T. ) ;
#1863 = CARTESIAN_POINT ( 'NONE',  ( 4.339740370375386300, 53.94220542801308200, 102.6495412545542400 ) ) ;
#1864 = EDGE_LOOP ( 'NONE', ( #3243, #221, #653, #4032 ) ) ;
#1865 = CIRCLE ( 'NONE', #1927, 24.12500000000000700 ) ;
#1866 = CC_DESIGN_DATE_AND_TIME_ASSIGNMENT ( #616, #2298, ( #1027 ) ) ;
#1867 = CARTESIAN_POINT ( 'NONE',  ( -40.35930008502347700, 0.0000000000000000000, 0.0000000000000000000 ) ) ;
#1868 = CARTESIAN_POINT ( 'NONE',  ( 19.90192358989791500, 19.23567257895325600, 67.94300840550349100 ) ) ;
#1869 = AXIS2_PLACEMENT_3D ( 'NONE', #1296, #676, #3482 ) ;
#1870 = VERTEX_POINT ( 'NONE', #3195 ) ;
#1871 = DIRECTION ( 'NONE',  ( 0.0000000000000000000, 0.0000000000000000000, 1.000000000000000000 ) ) ;
#1872 = EDGE_LOOP ( 'NONE', ( #38, #2330 ) ) ;
#1873 = CARTESIAN_POINT ( 'NONE',  ( 16.05999999999999900, 38.10000000000000100, -29.00000000000000000 ) ) ;
#1874 = EDGE_LOOP ( 'NONE', ( #2258, #1087 ) ) ;
#1875 = ORIENTED_EDGE ( 'NONE', *, *, #3004, .F. ) ;
#1876 = VERTEX_POINT ( 'NONE', #1015 ) ;
#1877 = VERTEX_POINT ( 'NONE', #2596 ) ;
#1878 = CARTESIAN_POINT ( 'NONE',  ( 8.136870212648824800, 57.61578232559925500, 106.3231181521496000 ) ) ;
#1879 = CARTESIAN_POINT ( 'NONE',  ( 58.15865425799412900, 0.0000000000000000000, 0.0000000000000000000 ) ) ;
#1880 = DIRECTION ( 'NONE',  ( 0.0000000000000000000, 0.0000000000000000000, -1.000000000000000000 ) ) ;
#1881 = CARTESIAN_POINT ( 'NONE',  ( 19.90192358989791900, 57.33567257895325800, -79.32383853639055400 ) ) ;
#1882 = CARTESIAN_POINT ( 'NONE',  ( 15.76904101469230400, 59.29768292361819700, 108.0050187501685700 ) ) ;
#1883 = AXIS2_PLACEMENT_3D ( 'NONE', #391, #2580, #707 ) ;
#1884 = CC_DESIGN_APPROVAL ( #1681, ( #1476 ) ) ;
#1885 = ORIENTED_EDGE ( 'NONE', *, *, #639, .T. ) ;
#1886 = DIRECTION ( 'NONE',  ( 1.000000000000000000, 0.0000000000000000000, 0.0000000000000000000 ) ) ;
#1887 = CARTESIAN_POINT ( 'NONE',  ( 19.90192358989791900, 57.33567257895325800, 38.44300840550349100 ) ) ;
#1888 = CARTESIAN_POINT ( 'NONE',  ( 20.42097151325613800, 60.33833982735455900, 109.0456756539049200 ) ) ;
#1889 = VECTOR ( 'NONE', #2454, 1000.000000000000000 ) ;
#1890 = ORIENTED_EDGE ( 'NONE', *, *, #399, .T. ) ;
#1891 = EDGE_CURVE ( 'NONE', #1870, #49, #1719, .T. ) ;
#1892 = CARTESIAN_POINT ( 'NONE',  ( -17.90819268389989800, 0.0000000000000000000, 0.0000000000000000000 ) ) ;
#1893 = VECTOR ( 'NONE', #3980, 1000.000000000000000 ) ;
#1894 = DIRECTION ( 'NONE',  ( 0.0000000000000000000, 0.0000000000000000000, 1.000000000000000000 ) ) ;
#1895 = PERSON_AND_ORGANIZATION ( #225, #3150 ) ;
#1896 = CYLINDRICAL_SURFACE ( 'NONE', #1323, 16.05999999999999500 ) ;
#1897 = AXIS2_PLACEMENT_3D ( 'NONE', #1845, #3405, #2147 ) ;
#1898 = CYLINDRICAL_SURFACE ( 'NONE', #3165, 23.71000000000000100 ) ;
#1899 = CARTESIAN_POINT ( 'NONE',  ( 24.10620514903746400, 59.97489614561935400, 107.2919694666506000 ) ) ;
#1900 = DIRECTION ( 'NONE',  ( 1.000000000000000000, 0.0000000000000000000, 0.0000000000000000000 ) ) ;
#1901 = CYLINDRICAL_SURFACE ( 'NONE', #3330, 16.05999999999999900 ) ;
#1902 = DIRECTION ( 'NONE',  ( 0.0000000000000000000, 0.0000000000000000000, 1.000000000000000000 ) ) ;
#1903 = DESIGN_CONTEXT ( 'detailed design', #3531, 'design' ) ;
#1904 = EDGE_LOOP ( 'NONE', ( #3086, #2165, #54, #565 ) ) ;
#1905 = DIRECTION ( 'NONE',  ( 0.0000000000000000000, 0.0000000000000000000, 1.000000000000000000 ) ) ;
#1906 = CARTESIAN_POINT ( 'NONE',  ( 19.90192358989791900, 57.33567257895325800, -3.256991594496522400 ) ) ;
#1907 = ORIENTED_EDGE ( 'NONE', *, *, #3799, .T. ) ;
#1908 = CIRCLE ( 'NONE', #2009, 18.29999999999999000 ) ;
#1909 = EDGE_CURVE ( 'NONE', #2133, #34, #892, .T. ) ;
#1910 = ORIENTED_EDGE ( 'NONE', *, *, #2915, .T. ) ;
#1911 = AXIS2_PLACEMENT_3D ( 'NONE', #660, #2852, #976 ) ;
#1912 = CC_DESIGN_PERSON_AND_ORGANIZATION_ASSIGNMENT ( #2051, #469, ( #1080 ) ) ;
#1913 = EDGE_LOOP ( 'NONE', ( #3548, #754, #2332, #1451 ) ) ;
#1914 = CARTESIAN_POINT ( 'NONE',  ( 19.90192358989791900, 57.33567257895325800, 35.94300840550347700 ) ) ;
#1915 = PLANE ( 'NONE',  #1469 ) ;
#1916 = DIRECTION ( 'NONE',  ( 0.9237280213470682200, 0.3830490080632378300, 0.0000000000000000000 ) ) ;
#1917 = DIRECTION ( 'NONE',  ( 0.0000000000000000000, 0.0000000000000000000, -1.000000000000000000 ) ) ;
#1918 = ORIENTED_EDGE ( 'NONE', *, *, #1987, .F. ) ;
#1919 = CARTESIAN_POINT ( 'NONE',  ( 27.63844380724670900, 58.46133041475405200, 107.1686662413043900 ) ) ;
#1920 = CARTESIAN_POINT ( 'NONE',  ( 0.0000000000000000000, 0.0000000000000000000, 0.0000000000000000000 ) ) ;
#1921 = EDGE_CURVE ( 'NONE', #1107, #3878, #29, .T. ) ;
#1922 = VERTEX_POINT ( 'NONE', #2296 ) ;
#1923 = CARTESIAN_POINT ( 'NONE',  ( 39.93050227114388000, 46.71568515924786900, 95.42302098579818900 ) ) ;
#1924 = CLOSED_SHELL ( 'NONE', ( #3916, #519, #1831, #3060, #1463, #600, #233, #3318, #1524, #3938, #3713, #4025, #578, #3390, #290, #3986, #1783, #3664, #2725, #1792, #2098, #1485, #2450, #2740, #3309, #3353, #1819, #3660 ) ) ;
#1925 = CARTESIAN_POINT ( 'NONE',  ( 46.02692358989790500, 57.33567257895325800, 38.44300840550349100 ) ) ;
#1926 = ORIENTED_EDGE ( 'NONE', *, *, #1941, .F. ) ;
#1927 = AXIS2_PLACEMENT_3D ( 'NONE', #498, #2695, #820 ) ;
#1928 = CARTESIAN_POINT ( 'NONE',  ( 0.0000000000000000000, 40.37579720575178800, 40.37579720575193700 ) ) ;
#1929 = CARTESIAN_POINT ( 'NONE',  ( -26.93262969212313600, 0.0000000000000000000, 0.0000000000000000000 ) ) ;
#1930 = CARTESIAN_POINT ( 'NONE',  ( 32.99445053515172100, 56.87053376591487800, 105.5778695924652300 ) ) ;
#1931 = DIRECTION ( 'NONE',  ( 0.0000000000000000000, 0.0000000000000000000, 1.000000000000000000 ) ) ;
#1932 = ORIENTED_EDGE ( 'NONE', *, *, #3004, .T. ) ;
#1933 = LINE ( 'NONE', #3794, #174 ) ;
#1934 = CARTESIAN_POINT ( 'NONE',  ( 19.90192358989791900, 57.33567257895325800, 38.44300840550349100 ) ) ;
#1935 = CARTESIAN_POINT ( 'NONE',  ( 38.29525522613845800, 43.48162587918145800, 90.76395887152439500 ) ) ;
#1936 = PERSON_AND_ORGANIZATION ( #225, #3150 ) ;
#1937 = ORIENTED_EDGE ( 'NONE', *, *, #3321, .T. ) ;
#1938 = CARTESIAN_POINT ( 'NONE',  ( 0.0000000000000000000, 38.10000000000000100, -29.00000000000000000 ) ) ;
#1939 = ORIENTED_EDGE ( 'NONE', *, *, #1530, .T. ) ;
#1940 = CALENDAR_DATE ( 2013, 25, 7 ) ;
#1941 = EDGE_CURVE ( 'NONE', #2224, #1527, #3378, .T. ) ;
#1942 = DIRECTION ( 'NONE',  ( -0.1920538547740129100, -0.07964036693249357300, 0.9781476007338055800 ) ) ;
#1943 = DIRECTION ( 'NONE',  ( 0.0000000000000000000, 0.7071067811865510100, -0.7071067811865441300 ) ) ;
#1944 = CIRCLE ( 'NONE', #789, 23.62499999999999300 ) ;
#1945 = CARTESIAN_POINT ( 'NONE',  ( 36.00364856779623300, 54.05490980967815100, 101.3635660947290400 ) ) ;
#1946 = DATE_AND_TIME ( #2789, #3622 ) ;
#1947 = DIRECTION ( 'NONE',  ( -1.000000000000000000, -0.0000000000000000000, -0.0000000000000000000 ) ) ;
#1948 = FACE_OUTER_BOUND ( 'NONE', #2669, .T. ) ;
#1949 = CARTESIAN_POINT ( 'NONE',  ( 36.09739813417240800, 39.15031805179231100, 87.85765387834717900 ) ) ;
#1950 = CARTESIAN_POINT ( 'NONE',  ( 28.83483040006301900, 58.73088672015018800, 106.0464073507260700 ) ) ;
#1951 = CARTESIAN_POINT ( 'NONE',  ( -17.90819268389989800, 0.0000000000000000000, 0.0000000000000000000 ) ) ;
#1952 = FACE_OUTER_BOUND ( 'NONE', #432, .T. ) ;
#1953 = CONICAL_SURFACE ( 'NONE', #1364, 26.18499999999998800, 0.2094395102393202800 ) ;
#1954 = AXIS2_PLACEMENT_3D ( 'NONE', #3711, #1841, #4030 ) ;
#1955 = AXIS2_PLACEMENT_3D ( 'NONE', #900, #3075, #1196 ) ;
#1956 = DIRECTION ( 'NONE',  ( -0.7071067811865401300, 0.0000000000000000000, -0.7071067811865549000 ) ) ;
#1957 = ORIENTED_EDGE ( 'NONE', *, *, #1573, .F. ) ;
#1958 = CARTESIAN_POINT ( 'NONE',  ( 37.87219656129925500, 50.56911630122071700, 99.27645212777333900 ) ) ;
#1959 = PERSON_AND_ORGANIZATION_ROLE ( 'creator' ) ;
#1960 = VERTEX_POINT ( 'NONE', #2925 ) ;
#1961 = CIRCLE ( 'NONE', #2781, 23.62499999999999300 ) ;
#1962 = ORIENTED_EDGE ( 'NONE', *, *, #1975, .T. ) ;
#1963 = ORIENTED_EDGE ( 'NONE', *, *, #3859, .T. ) ;
#1964 = CARTESIAN_POINT ( 'NONE',  ( -46.22819268389991300, 0.0000000000000000000, 0.0000000000000000000 ) ) ;
#1965 =( GEOMETRIC_REPRESENTATION_CONTEXT ( 3 ) GLOBAL_UNCERTAINTY_ASSIGNED_CONTEXT ( ( #3717 ) ) GLOBAL_UNIT_ASSIGNED_CONTEXT ( ( #662, #2855, #979 ) ) REPRESENTATION_CONTEXT ( 'NONE', 'WORKASPACE' ) );
#1966 = EDGE_LOOP ( 'NONE', ( #3782, #3140 ) ) ;
#1967 = CARTESIAN_POINT ( 'NONE',  ( 33.70953032690609800, 35.88822775938125200, 84.59556358593154400 ) ) ;
#1968 = CARTESIAN_POINT ( 'NONE',  ( 37.95658408416534300, 51.07556115222546800, 98.37867224683320400 ) ) ;
#1969 = DIRECTION ( 'NONE',  ( 0.9237280213470682200, 0.3830490080632376100, 0.0000000000000000000 ) ) ;
#1970 = ORIENTED_EDGE ( 'NONE', *, *, #3742, .F. ) ;
#1971 = EDGE_LOOP ( 'NONE', ( #561, #234, #2844, #1626, #3821 ) ) ;
#1972 = DIRECTION ( 'NONE',  ( -1.000000000000000000, -0.0000000000000000000, -0.0000000000000000000 ) ) ;
#1973 = CARTESIAN_POINT ( 'NONE',  ( 2.326828918379971000E-015, 19.10000000000000500, 0.0000000000000000000 ) ) ;
#1974 = APPROVAL_ROLE ( '' ) ;
#1975 = EDGE_CURVE ( 'NONE', #1877, #2372, #791, .T. ) ;
#1976 = EDGE_CURVE ( 'NONE', #3828, #2482, #3170, .T. ) ;
#1977 = CARTESIAN_POINT ( 'NONE',  ( 28.43071690605012600, 34.88316352261542600, 82.11376468153673600 ) ) ;
#1978 = EDGE_LOOP ( 'NONE', ( #1479, #1832, #63, #3883 ) ) ;
#1979 = DIRECTION ( 'NONE',  ( 1.000000000000000000, 0.0000000000000000000, 0.0000000000000000000 ) ) ;
#1980 = CARTESIAN_POINT ( 'NONE',  ( 38.93585114937291500, 46.38767886173681600, 93.67953704389256600 ) ) ;
#1981 = DIRECTION ( 'NONE',  ( 0.0000000000000000000, 0.0000000000000000000, -1.000000000000000000 ) ) ;
#1982 = CARTESIAN_POINT ( 'NONE',  ( 19.90192358989791500, 57.33567257895325800, 38.94300840550349100 ) ) ;
#1983 = MECHANICAL_CONTEXT ( 'NONE', #3501, 'mechanical' ) ;
#1984 = VERTEX_POINT ( 'NONE', #1678 ) ;
#1985 = DIRECTION ( 'NONE',  ( -0.0000000000000000000, -0.0000000000000000000, -1.000000000000000000 ) ) ;
#1986 = CARTESIAN_POINT ( 'NONE',  ( 26.12019137185577500, 33.49872685358809600, 82.20606268013952400 ) ) ;
#1987 = EDGE_CURVE ( 'NONE', #2820, #1389, #2453, .T. ) ;
#1988 = DIRECTION ( 'NONE',  ( 0.0000000000000000000, 0.0000000000000000000, -1.000000000000000000 ) ) ;
#1989 = CYLINDRICAL_SURFACE ( 'NONE', #1766, 26.12499999999998600 ) ;
#1990 = DIRECTION ( 'NONE',  ( -1.000000000000000000, -0.0000000000000000000, -0.0000000000000000000 ) ) ;
#1991 = AXIS2_PLACEMENT_3D ( 'NONE', #1306, #3492, #1625 ) ;
#1992 = CALENDAR_DATE ( 2013, 25, 7 ) ;
#1993 = CC_DESIGN_APPROVAL ( #1803, ( #1577 ) ) ;
#1994 = PERSON ( 'NAUO-PER3', 'UNSPECIFIED', 'UNSPECIFIED', ('UNSPECIFIED'), ('UNSPECIFIED'), ('UNSPECIFIED') ) ;
#1995 = CIRCLE ( 'NONE', #1171, 16.05999999999999900 ) ;
#1996 = AXIS2_PLACEMENT_3D ( 'NONE', #1964, #1348, #1301 ) ;
#1997 = LOCAL_TIME ( 12, 1, 29.00000000000000000, #2832 ) ;
#1998 = CARTESIAN_POINT ( 'NONE',  ( 31.59318146664318000, 36.29125279570444500, 83.53442075882088600 ) ) ;
#1999 = DIRECTION ( 'NONE',  ( 1.000000000000000000, 0.0000000000000000000, 0.0000000000000000000 ) ) ;
#2000 = VECTOR ( 'NONE', #1785, 1000.000000000000000 ) ;
#2001 = DIRECTION ( 'NONE',  ( 0.0000000000000000000, 0.0000000000000000000, 1.000000000000000000 ) ) ;
#2002 = DIRECTION ( 'NONE',  ( 1.000000000000000000, -0.0000000000000000000, -0.0000000000000000000 ) ) ;
#2003 = PERSON_AND_ORGANIZATION_ROLE ( 'classification_officer' ) ;
#2004 = VERTEX_POINT ( 'NONE', #3546 ) ;
#2005 = FACE_OUTER_BOUND ( 'NONE', #2115, .T. ) ;
#2006 = CARTESIAN_POINT ( 'NONE',  ( 21.35713618417302200, 32.04474918375319700, 80.75208501030347500 ) ) ;
#2007 = DIRECTION ( 'NONE',  ( 1.000000000000000000, 0.0000000000000000000, 0.0000000000000000000 ) ) ;
#2008 = FACE_OUTER_BOUND ( 'NONE', #3448, .T. ) ;
#2009 = AXIS2_PLACEMENT_3D ( 'NONE', #801, #1748, #1917 ) ;
#2010 = AXIS2_PLACEMENT_3D ( 'NONE', #520, #3327, #1457 ) ;
#2011 = CYLINDRICAL_SURFACE ( 'NONE', #2211, 16.05999999999999900 ) ;
#2012 = DIRECTION ( 'NONE',  ( -1.000000000000000000, -0.0000000000000000000, -0.0000000000000000000 ) ) ;
#2013 = CLOSED_SHELL ( 'NONE', ( #1104, #2411, #2392, #3408, #532, #2735, #2400, #3969, #528, #821, #509, #3077, #3018, #850, #2136, #2717 ) ) ;
#2014 = CARTESIAN_POINT ( 'NONE',  ( 44.03431814759007100, 67.34282791460533700, 35.94300840550347700 ) ) ;
#2015 = APPROVAL_STATUS ( 'not_yet_approved' ) ;
#2016 = ORIENTED_EDGE ( 'NONE', *, *, #2833, .T. ) ;
#2017 = CARTESIAN_POINT ( 'NONE',  ( 18.47532962695577300, 33.50292733917746100, 80.71835756216229600 ) ) ;
#2018 = CARTESIAN_POINT ( 'NONE',  ( 13.63606728103348500, 34.20883429995697600, 81.43243346072698300 ) ) ;
#2019 = CARTESIAN_POINT ( 'NONE',  ( 34.73699561273183200, 63.48743964844885600, 67.94300840550349100 ) ) ;
#2020 = TOROIDAL_SURFACE ( 'NONE', #3345, 21.49999999999999600, 2.500000000000000000 ) ;
#2021 = EDGE_CURVE ( 'NONE', #3278, #2576, #685, .T. ) ;
#2022 = DIRECTION ( 'NONE',  ( 0.9237280213470682200, 0.3830490080632378300, 0.0000000000000000000 ) ) ;
#2023 = EDGE_LOOP ( 'NONE', ( #1299, #2410, #1084, #3235 ) ) ;
#2024 = CARTESIAN_POINT ( 'NONE',  ( 7.614667806261281600, 57.33787230770963800, 106.0452081342599900 ) ) ;
#2025 = DIRECTION ( 'NONE',  ( 0.0000000000000000000, 0.0000000000000000000, -1.000000000000000000 ) ) ;
#2026 = APPLICATION_PROTOCOL_DEFINITION ( 'international standard', 'config_control_design', 1994, #3898 ) ;
#2027 = ORIENTED_EDGE ( 'NONE', *, *, #1640, .F. ) ;
#2028 = CARTESIAN_POINT ( 'NONE',  ( 0.4192314254634733600, 42.83941377199930400, 91.54674959854961000 ) ) ;
#2029 = ORIENTED_EDGE ( 'NONE', *, *, #104, .T. ) ;
#2030 = ADVANCED_FACE ( 'NONE', ( #1521 ), #589, .T. ) ;
#2031 = CARTESIAN_POINT ( 'NONE',  ( 13.34601555014153400, 33.57803268942152600, 82.28536851597409900 ) ) ;
#2032 = CARTESIAN_POINT ( 'NONE',  ( 2.448529608045768100, 41.50872077228790100, 88.78318280550787700 ) ) ;
#2033 = CARTESIAN_POINT ( 'NONE',  ( -17.90819268389989800, 0.0000000000000000000, -26.18499999999998800 ) ) ;
#2034 = CARTESIAN_POINT ( 'NONE',  ( 38.58704114602966900, 51.23307995545688000, 99.94041578200720700 ) ) ;
#2035 = AXIS2_PLACEMENT_3D ( 'NONE', #3839, #1972, #94 ) ;
#2036 = ORIENTED_EDGE ( 'NONE', *, *, #1349, .F. ) ;
#2037 = AXIS2_PLACEMENT_3D ( 'NONE', #3279, #2689, #3909 ) ;
#2038 = COORDINATED_UNIVERSAL_TIME_OFFSET ( 0, 0, .AHEAD. ) ;
#2039 = CARTESIAN_POINT ( 'NONE',  ( 0.9116165085355718600, 50.62933157810992700, 99.33666740466026100 ) ) ;
#2040 = DIRECTION ( 'NONE',  ( -1.000000000000000000, -0.0000000000000000000, -0.0000000000000000000 ) ) ;
#2041 = ORIENTED_EDGE ( 'NONE', *, *, #186, .T. ) ;
#2042 = CYLINDRICAL_SURFACE ( 'NONE', #712, 26.12499999999998600 ) ;
#2043 = DIRECTION ( 'NONE',  ( 0.9237280213470682200, 0.3830490080632375500, 0.0000000000000000000 ) ) ;
#2044 = CARTESIAN_POINT ( 'NONE',  ( 2.020163843519119600, 42.26541679038030000, 89.54309852815721600 ) ) ;
#2045 = APPROVAL_ROLE ( '' ) ;
#2046 = LOCAL_TIME ( 12, 1, 29.00000000000000000, #2871 ) ;
#2047 = DIRECTION ( 'NONE',  ( 0.0000000000000000000, 0.0000000000000000000, -1.000000000000000000 ) ) ;
#2048 = DIRECTION ( 'NONE',  ( 0.0000000000000000000, -0.0000000000000000000, 1.000000000000000000 ) ) ;
#2049 = CIRCLE ( 'NONE', #3777, 22.04000000000000300 ) ;
#2050 = DIRECTION ( 'NONE',  ( 0.9237280213470681100, 0.3830490080632378300, 0.0000000000000000000 ) ) ;
#2051 = PERSON_AND_ORGANIZATION ( #225, #3150 ) ;
#2052 = CARTESIAN_POINT ( 'NONE',  ( 8.350676055934062700, 34.57763395200774400, 83.28496977855802200 ) ) ;
#2053 = LINE ( 'NONE', #2219, #584 ) ;
#2054 = CC_DESIGN_DATE_AND_TIME_ASSIGNMENT ( #2099, #1745, ( #1631 ) ) ;
#2055 = DIRECTION ( 'NONE',  ( 0.0000000000000000000, 0.0000000000000000000, -1.000000000000000000 ) ) ;
#2056 = FACE_OUTER_BOUND ( 'NONE', #2507, .T. ) ;
#2057 = ADVANCED_FACE ( 'NONE', ( #2246 ), #2989, .T. ) ;
#2058 = CARTESIAN_POINT ( 'NONE',  ( 19.90192358989791500, 46.17644094216067400, 94.88377676871100200 ) ) ;
#2059 = DIRECTION ( 'NONE',  ( 0.9237280213470681100, 0.3830490080632378300, 0.0000000000000000000 ) ) ;
#2060 = EDGE_CURVE ( 'NONE', #3222, #703, #3804, .T. ) ;
#2061 = FACE_OUTER_BOUND ( 'NONE', #1324, .T. ) ;
#2062 = PERSON_AND_ORGANIZATION_ROLE ( 'classification_officer' ) ;
#2063 = EDGE_CURVE ( 'NONE', #128, #3430, #3079, .T. ) ;
#2064 = FACE_OUTER_BOUND ( 'NONE', #3574, .T. ) ;
#2065 = VERTEX_POINT ( 'NONE', #2659 ) ;
#2066 = CARTESIAN_POINT ( 'NONE',  ( 24.32748312611968100, 59.96962711091418900, 108.6769629374645700 ) ) ;
#2067 = ORIENTED_EDGE ( 'NONE', *, *, #2710, .T. ) ;
#2068 = CARTESIAN_POINT ( 'NONE',  ( 4.906559149782642800, 38.62433515427545700, 85.88379053301528600 ) ) ;
#2069 = CYLINDRICAL_SURFACE ( 'NONE', #259, 26.18499999999999200 ) ;
#2070 = ADVANCED_FACE ( 'NONE', ( #1312 ), #3910, .T. ) ;
#2071 = ORIENTED_EDGE ( 'NONE', *, *, #3603, .F. ) ;
#2072 = CARTESIAN_POINT ( 'NONE',  ( 36.80614638054925800, 64.34546942651050500, -3.256991594496522400 ) ) ;
#2073 = AXIS2_PLACEMENT_3D ( 'NONE', #4010, #3701, #1186 ) ;
#2074 = ORIENTED_EDGE ( 'NONE', *, *, #2775, .T. ) ;
#2075 = CARTESIAN_POINT ( 'NONE',  ( -49.10930008502348400, 0.0000000000000000000, 0.0000000000000000000 ) ) ;
#2076 = CARTESIAN_POINT ( 'NONE',  ( 58.15865425799412900, 0.0000000000000000000, 0.0000000000000000000 ) ) ;
#2077 = CARTESIAN_POINT ( 'NONE',  ( 29.44435177045651700, 33.70505744143843400, 82.41239326798873300 ) ) ;
#2078 = EDGE_LOOP ( 'NONE', ( #3251, #1149, #388, #3395 ) ) ;
#2079 = DATE_TIME_ROLE ( 'classification_date' ) ;
#2080 = CARTESIAN_POINT ( 'NONE',  ( 19.90192358989791900, 57.33567257895325800, -79.32383853639055400 ) ) ;
#2081 = EDGE_CURVE ( 'NONE', #1824, #1059, #1421, .T. ) ;
#2082 = ORIENTED_EDGE ( 'NONE', *, *, #3230, .T. ) ;
#2083 = ADVANCED_FACE ( 'NONE', ( #499, #2885 ), #1723, .T. ) ;
#2084 = ORIENTED_EDGE ( 'NONE', *, *, #3450, .F. ) ;
#2085 = CARTESIAN_POINT ( 'NONE',  ( 2.627016683285171800, 40.52602193271337000, 89.23335775927277800 ) ) ;
#2086 = PRODUCT_DEFINITION_FORMATION_WITH_SPECIFIED_SOURCE ( 'ANY', '', #3003, .NOT_KNOWN. ) ;
#2087 = PRODUCT ( '-24-45-BASIC', '-24-45-BASIC', '', ( #3587 ) ) ;
#2088 = AXIS2_PLACEMENT_3D ( 'NONE', #2838, #3758, #3152 ) ;
#2089 = ORIENTED_EDGE ( 'NONE', *, *, #140, .F. ) ;
#2090 = DIRECTION ( 'NONE',  ( 1.000000000000000000, 0.0000000000000000000, 0.0000000000000000000 ) ) ;
#2091 = CARTESIAN_POINT ( 'NONE',  ( -18.40819268389988400, 0.0000000000000000000, -23.62499999999999300 ) ) ;
#2092 = CARTESIAN_POINT ( 'NONE',  ( 28.26982814125266000, 33.30556142393133000, 82.01289725048161500 ) ) ;
#2093 = ADVANCED_FACE ( 'NONE', ( #2056 ), #1121, .F. ) ;
#2094 = DIRECTION ( 'NONE',  ( 0.0000000000000000000, 0.0000000000000000000, -1.000000000000000000 ) ) ;
#2095 = SHAPE_REPRESENTATION_RELATIONSHIP ( 'NONE' , 'NONE' ,  #901, #1106 ) ;
#2096 = AXIS2_PLACEMENT_3D ( 'NONE', #1327, #3511, #1648 ) ;
#2097 = CIRCLE ( 'NONE', #705, 23.71000000000000100 ) ;
#2098 = ADVANCED_FACE ( 'NONE', ( #1215 ), #3716, .T. ) ;
#2099 = DATE_AND_TIME ( #2930, #3751 ) ;
#2100 = DIRECTION ( 'NONE',  ( -1.951563910473908400E-018, -0.7071067811865487900, 0.7071067811865463500 ) ) ;
#2101 = CARTESIAN_POINT ( 'NONE',  ( 0.6129958199923395400, 42.39980931153590400, 91.10714513808623800 ) ) ;
#2102 = CYLINDRICAL_SURFACE ( 'NONE', #2010, 27.12499999999998600 ) ;
#2103 = CC_DESIGN_PERSON_AND_ORGANIZATION_ASSIGNMENT ( #3785, #1331, ( #1476 ) ) ;
#2104 = CARTESIAN_POINT ( 'NONE',  ( 19.90192358989791500, 37.69115956792208500, 103.3690581429495600 ) ) ;
#2105 = CALENDAR_DATE ( 2013, 25, 7 ) ;
#2106 = FACE_OUTER_BOUND ( 'NONE', #2107, .T. ) ;
#2107 = EDGE_LOOP ( 'NONE', ( #1033, #359, #3598, #3867 ) ) ;
#2108 = CARTESIAN_POINT ( 'NONE',  ( 38.79796382799534600, 48.27644093007145900, 95.57323923436384000 ) ) ;
#2109 = LINE ( 'NONE', #2552, #3680 ) ;
#2110 = DIRECTION ( 'NONE',  ( 0.0000000000000000000, 0.0000000000000000000, -1.000000000000000000 ) ) ;
#2111 = DIRECTION ( 'NONE',  ( 0.0000000000000000000, 0.0000000000000000000, 1.000000000000000000 ) ) ;
#2112 = CARTESIAN_POINT ( 'NONE',  ( 33.68841373769500800, 35.87408321881728300, 84.58141904536756800 ) ) ;
#2113 = CIRCLE ( 'NONE', #1857, 27.87499999999998900 ) ;
#2114 = EDGE_CURVE ( 'NONE', #2220, #1333, #3628, .T. ) ;
#2115 = EDGE_LOOP ( 'NONE', ( #507, #260, #559, #3190 ) ) ;
#2116 = CARTESIAN_POINT ( 'NONE',  ( 13.32036143780007400, 54.60644839650269200, 5.767445413726715500 ) ) ;
#2117 = ADVANCED_FACE ( 'NONE', ( #393 ), #1026, .F. ) ;
#2118 = CARTESIAN_POINT ( 'NONE',  ( -18.99999999999999600, 38.10000000000000100, 0.0000000000000000000 ) ) ;
#2119 = AXIS2_PLACEMENT_3D ( 'NONE', #602, #286, #3715 ) ;
#2120 = CARTESIAN_POINT ( 'NONE',  ( -41.35930008502347700, 2.089247439345385700E-015, -17.06000000000001300 ) ) ;
#2121 = ORIENTED_EDGE ( 'NONE', *, *, #1822, .T. ) ;
#2122 = CARTESIAN_POINT ( 'NONE',  ( 13.59342208460815000, 32.72975951234870000, 81.43709533889899900 ) ) ;
#2123 = CARTESIAN_POINT ( 'NONE',  ( -5.846995005151591800, 46.65818147919050300, 35.94300840550347700 ) ) ;
#2124 = VERTEX_POINT ( 'NONE', #675 ) ;
#2125 = CARTESIAN_POINT ( 'NONE',  ( 5.066851567064016000, 51.18390550945765900, -79.32383853639055400 ) ) ;
#2126 = ORIENTED_EDGE ( 'NONE', *, *, #3101, .T. ) ;
#2127 = EDGE_CURVE ( 'NONE', #3963, #2946, #1859, .T. ) ;
#2128 = ORIENTED_EDGE ( 'NONE', *, *, #605, .F. ) ;
#2129 = AXIS2_PLACEMENT_3D ( 'NONE', #1590, #1270, #2839 ) ;
#2130 = SECURITY_CLASSIFICATION ( '', '', #2661 ) ;
#2131 = VERTEX_POINT ( 'NONE', #2550 ) ;
#2132 = TOROIDAL_SURFACE ( 'NONE', #2088, 38.10000000000000100, 19.00000000000000000 ) ;
#2133 = VERTEX_POINT ( 'NONE', #2861 ) ;
#2134 = CIRCLE ( 'NONE', #2921, 26.18499999999999200 ) ;
#2135 = DIRECTION ( 'NONE',  ( 0.0000000000000000000, 0.0000000000000000000, -1.000000000000000000 ) ) ;
#2136 = ADVANCED_FACE ( 'NONE', ( #3513, #2716 ), #986, .F. ) ;
#2137 = EDGE_CURVE ( 'NONE', #3056, #3484, #2795, .T. ) ;
#2138 = CARTESIAN_POINT ( 'NONE',  ( 30.55866887738436000, 34.18347192619621200, 82.89080775274646800 ) ) ;
#2139 = LOCAL_TIME ( 12, 1, 29.00000000000000000, #2972 ) ;
#2140 = CARTESIAN_POINT ( 'NONE',  ( 19.90192358989791900, 57.33567257895325800, 35.94300840550347700 ) ) ;
#2141 = ADVANCED_BREP_SHAPE_REPRESENTATION ( '', ( #2494, #1546 ), #1332 ) ;
#2142 = CIRCLE ( 'NONE', #3928, 26.12499999999998600 ) ;
#2143 = CARTESIAN_POINT ( 'NONE',  ( 19.90192358989791500, 57.33567257895325800, 38.94300840550347700 ) ) ;
#2144 = CARTESIAN_POINT ( 'NONE',  ( 25.59447922818130600, 59.75087757966038300, 108.4582134062107300 ) ) ;
#2145 = CONTEXT_DEPENDENT_SHAPE_REPRESENTATION ( #3303, #3474 ) ;
#2146 = AXIS2_PLACEMENT_3D ( 'NONE', #2543, #2225, #2843 ) ;
#2147 = DIRECTION ( 'NONE',  ( 0.0000000000000000000, 0.0000000000000000000, -1.000000000000000000 ) ) ;
#2148 = CIRCLE ( 'NONE', #1700, 16.06000000000000200 ) ;
#2149 = LOCAL_TIME ( 12, 1, 29.00000000000000000, #2985 ) ;
#2150 = CARTESIAN_POINT ( 'NONE',  ( 2.286535841451579700, 51.91033521547868200, 99.21509478040808000 ) ) ;
#2151 = DIRECTION ( 'NONE',  ( 1.000000000000000000, -0.0000000000000000000, -0.0000000000000000000 ) ) ;
#2152 = LINE ( 'NONE', #1588, #495 ) ;
#2153 = VECTOR ( 'NONE', #111, 1000.000000000000000 ) ;
#2154 = CARTESIAN_POINT ( 'NONE',  ( 0.8675279806572290300, 46.53008727762848900, 95.23742310417426900 ) ) ;
#2155 = CARTESIAN_POINT ( 'NONE',  ( 44.95804616893713000, 67.72587692266857600, -79.32383853639055400 ) ) ;
#2156 = LINE ( 'NONE', #2354, #1315 ) ;
#2157 = ADVANCED_FACE ( 'NONE', ( #1952 ), #1777, .T. ) ;
#2158 = CIRCLE ( 'NONE', #949, 16.05999999999999500 ) ;
#2159 = EDGE_CURVE ( 'NONE', #633, #152, #2597, .T. ) ;
#2160 = ORIENTED_EDGE ( 'NONE', *, *, #1001, .T. ) ;
#2161 = ORIENTED_EDGE ( 'NONE', *, *, #1654, .F. ) ;
#2162 = VECTOR ( 'NONE', #224, 999.9999999999998900 ) ;
#2163 = CARTESIAN_POINT ( 'NONE',  ( 44.55433269822017900, 67.55846612541422800, 1.609211597371540400 ) ) ;
#2164 = ORIENTED_EDGE ( 'NONE', *, *, #2060, .F. ) ;
#2165 = ORIENTED_EDGE ( 'NONE', *, *, #1309, .T. ) ;
#2166 = DIRECTION ( 'NONE',  ( -0.8660254037844388200, 0.0000000000000000000, 0.4999999999999996700 ) ) ;
#2167 = ORIENTED_EDGE ( 'NONE', *, *, #880, .T. ) ;
#2168 = CARTESIAN_POINT ( 'NONE',  ( 1.131152178836565900, 51.07208330756326800, 99.77941913411361000 ) ) ;
#2169 = DIRECTION ( 'NONE',  ( -0.9659258262890678700, 3.169619151431781000E-017, -0.2588190451025220700 ) ) ;
#2170 = AXIS2_PLACEMENT_3D ( 'NONE', #3413, #1539, #3727 ) ;
#2171 = AXIS2_PLACEMENT_3D ( 'NONE', #4024, #2151, #278 ) ;
#2172 = DIRECTION ( 'NONE',  ( 0.0000000000000000000, 0.0000000000000000000, -1.000000000000000000 ) ) ;
#2173 = ORIENTED_EDGE ( 'NONE', *, *, #3857, .T. ) ;
#2174 = EDGE_LOOP ( 'NONE', ( #554, #1286, #2782, #2897 ) ) ;
#2175 = DIRECTION ( 'NONE',  ( 1.000000000000000000, 0.0000000000000000000, 0.0000000000000000000 ) ) ;
#2176 = DIRECTION ( 'NONE',  ( 1.000000000000000000, 0.0000000000000000000, 0.0000000000000000000 ) ) ;
#2177 = DIRECTION ( 'NONE',  ( -1.951563910473908000E-018, -0.7071067811865486800, 0.7071067811865463500 ) ) ;
#2178 =( GEOMETRIC_REPRESENTATION_CONTEXT ( 3 ) GLOBAL_UNCERTAINTY_ASSIGNED_CONTEXT ( ( #73 ) ) GLOBAL_UNIT_ASSIGNED_CONTEXT ( ( #1285, #3469, #1604 ) ) REPRESENTATION_CONTEXT ( 'NONE', 'WORKASPACE' ) );
#2179 = ORIENTED_EDGE ( 'NONE', *, *, #746, .F. ) ;
#2180 = CARTESIAN_POINT ( 'NONE',  ( 5.928597971477385500, 56.01404836380570600, 103.3258089532585300 ) ) ;
#2181 = ORIENTED_EDGE ( 'NONE', *, *, #382, .T. ) ;
#2182 = CARTESIAN_POINT ( 'NONE',  ( 19.90192358989791900, 57.33567257895325800, 25.06300840550348900 ) ) ;
#2183 = DIRECTION ( 'NONE',  ( 0.0000000000000000000, 0.0000000000000000000, -1.000000000000000000 ) ) ;
#2184 = CARTESIAN_POINT ( 'NONE',  ( -57.10819268389989400, 26.12499999999998600, 0.0000000000000000000 ) ) ;
#2185 = VECTOR ( 'NONE', #2537, 1000.000000000000000 ) ;
#2186 = EDGE_CURVE ( 'NONE', #3176, #367, #292, .T. ) ;
#2187 = CARTESIAN_POINT ( 'NONE',  ( -41.35930008502347700, 0.0000000000000000000, 0.0000000000000000000 ) ) ;
#2188 = DIRECTION ( 'NONE',  ( 1.000000000000000000, -0.0000000000000000000, -0.0000000000000000000 ) ) ;
#2189 = EDGE_CURVE ( 'NONE', #2131, #1134, #3419, .T. ) ;
#2190 = VECTOR ( 'NONE', #865, 1000.000000000000100 ) ;
#2191 = CARTESIAN_POINT ( 'NONE',  ( 9.750274742748899800, 57.54794056631985200, 106.2552763928770600 ) ) ;
#2192 = PERSON_AND_ORGANIZATION ( #225, #3150 ) ;
#2193 = DIRECTION ( 'NONE',  ( 1.000000000000000000, 0.0000000000000000000, -0.0000000000000000000 ) ) ;
#2194 = FACE_BOUND ( 'NONE', #3553, .T. ) ;
#2195 = CARTESIAN_POINT ( 'NONE',  ( 0.0000000000000000000, 38.10000000000000100, -29.00000000000000000 ) ) ;
#2196 = EDGE_LOOP ( 'NONE', ( #2317, #176, #2126, #1437, #2036 ) ) ;
#2197 = CARTESIAN_POINT ( 'NONE',  ( 16.69238485661301400, 60.11482963462108100, 107.4320715150267500 ) ) ;
#2198 = DATE_AND_TIME ( #3041, #3788 ) ;
#2199 = CYLINDRICAL_SURFACE ( 'NONE', #3714, 22.79500000000000200 ) ;
#2200 = EDGE_LOOP ( 'NONE', ( #4031, #637 ) ) ;
#2201 = CARTESIAN_POINT ( 'NONE',  ( 44.95804616893713800, 67.72587692266857600, 5.767445413726715500 ) ) ;
#2202 = CYLINDRICAL_SURFACE ( 'NONE', #1279, 16.05999999999998800 ) ;
#2203 = EDGE_CURVE ( 'NONE', #3437, #2528, #932, .T. ) ;
#2204 = AXIS2_PLACEMENT_3D ( 'NONE', #2575, #701, #2884 ) ;
#2205 = FACE_OUTER_BOUND ( 'NONE', #2196, .T. ) ;
#2206 = CC_DESIGN_PERSON_AND_ORGANIZATION_ASSIGNMENT ( #2752, #3561, ( #1577 ) ) ;
#2207 = DIRECTION ( 'NONE',  ( -0.9237280213470681100, -0.3830490080632377700, 0.0000000000000000000 ) ) ;
#2208 = DIRECTION ( 'NONE',  ( 0.0000000000000000000, 0.0000000000000000000, -1.000000000000000000 ) ) ;
#2209 = DIRECTION ( 'NONE',  ( 1.000000000000000000, 0.0000000000000000000, 0.0000000000000000000 ) ) ;
#2210 = CARTESIAN_POINT ( 'NONE',  ( 21.95344527026098500, 59.54075025426074300, 108.2480860808111100 ) ) ;
#2211 = AXIS2_PLACEMENT_3D ( 'NONE', #2990, #3925, #3987 ) ;
#2212 = ORIENTED_EDGE ( 'NONE', *, *, #3393, .F. ) ;
#2213 = DIRECTION ( 'NONE',  ( -2.775557561562891400E-017, -0.7071067811865487900, 0.7071067811865463500 ) ) ;
#2214 = CARTESIAN_POINT ( 'NONE',  ( 36.34500163679440700, 49.76984501675445200, 115.4477435917819600 ) ) ;
#2215 = DIRECTION ( 'NONE',  ( 0.9237280213470682200, 0.3830490080632376100, 0.0000000000000000000 ) ) ;
#2216 = EDGE_LOOP ( 'NONE', ( #867, #2609, #1497, #1199 ) ) ;
#2217 = AXIS2_PLACEMENT_3D ( 'NONE', #47, #758, #65 ) ;
#2218 = CIRCLE ( 'NONE', #1031, 16.05999999999999900 ) ;
#2219 = CARTESIAN_POINT ( 'NONE',  ( -53.30290323835134800, 2.903637560778374600E-015, -23.71000000000000100 ) ) ;
#2220 = VERTEX_POINT ( 'NONE', #409 ) ;
#2221 = CARTESIAN_POINT ( 'NONE',  ( 24.32748312584970300, 59.96962711101222300, 108.6769629375625900 ) ) ;
#2222 = AXIS2_PLACEMENT_3D ( 'NONE', #3651, #2731, #851 ) ;
#2223 =( NAMED_UNIT ( * ) PLANE_ANGLE_UNIT ( ) SI_UNIT ( $, .RADIAN. ) );
#2224 = VERTEX_POINT ( 'NONE', #3194 ) ;
#2225 = DIRECTION ( 'NONE',  ( -1.000000000000000000, -0.0000000000000000000, -0.0000000000000000000 ) ) ;
#2226 = DIRECTION ( 'NONE',  ( 0.9237280213470681100, 0.3830490080632379400, 0.0000000000000000000 ) ) ;
#2227 = CONICAL_SURFACE ( 'NONE', #2293, 26.12499999999998600, 0.7853981633974378400 ) ;
#2228 = EDGE_CURVE ( 'NONE', #1984, #1375, #3332, .T. ) ;
#2229 = DIRECTION ( 'NONE',  ( 0.9237280213470681100, 0.3830490080632378800, 0.0000000000000000000 ) ) ;
#2230 = CALENDAR_DATE ( 2013, 25, 7 ) ;
#2231 = CARTESIAN_POINT ( 'NONE',  ( -57.10819268389989400, 0.0000000000000000000, 0.0000000000000000000 ) ) ;
#2232 = DIRECTION ( 'NONE',  ( -0.0000000000000000000, 0.0000000000000000000, -1.000000000000000000 ) ) ;
#2233 = CARTESIAN_POINT ( 'NONE',  ( 28.20255051580439300, 58.95917945903741500, 106.2749931957477500 ) ) ;
#2234 = DIRECTION ( 'NONE',  ( 1.000000000000000000, 0.0000000000000000000, 0.0000000000000000000 ) ) ;
#2235 = VECTOR ( 'NONE', #995, 999.9999999999998900 ) ;
#2236 = PERSON_AND_ORGANIZATION ( #225, #3150 ) ;
#2237 = DATE_AND_TIME ( #3069, #3899 ) ;
#2238 = CARTESIAN_POINT ( 'NONE',  ( 38.93477412084254000, 45.81002962035160000, 94.51736544690193400 ) ) ;
#2239 = FACE_BOUND ( 'NONE', #2436, .T. ) ;
#2240 = CALENDAR_DATE ( 2013, 25, 7 ) ;
#2241 = CONICAL_SURFACE ( 'NONE', #3021, 16.05999999999999900, 0.7853981633974552700 ) ;
#2242 = ORIENTED_EDGE ( 'NONE', *, *, #729, .F. ) ;
#2243 = AXIS2_PLACEMENT_3D ( 'NONE', #3221, #1352, #3542 ) ;
#2244 = AXIS2_PLACEMENT_3D ( 'NONE', #1753, #3924, #2055 ) ;
#2245 = DIRECTION ( 'NONE',  ( 1.000000000000000000, 0.0000000000000000000, 0.0000000000000000000 ) ) ;
#2246 = FACE_OUTER_BOUND ( 'NONE', #210, .T. ) ;
#2247 = CARTESIAN_POINT ( 'NONE',  ( 32.81327157501080200, 56.04940693038791700, 104.7567427569405500 ) ) ;
#2248 =( LENGTH_UNIT ( ) NAMED_UNIT ( * ) SI_UNIT ( .MILLI., .METRE. ) );
#2249 = ORIENTED_EDGE ( 'NONE', *, *, #593, .F. ) ;
#2250 = CARTESIAN_POINT ( 'NONE',  ( -20.40819268389990200, 0.0000000000000000000, 26.18499999999998800 ) ) ;
#2251 = CIRCLE ( 'NONE', #106, 20.85000000000000100 ) ;
#2252 = CARTESIAN_POINT ( 'NONE',  ( 39.26332531216814900, 42.59044072578734600, 91.29777655233765200 ) ) ;
#2253 = VERTEX_POINT ( 'NONE', #3208 ) ;
#2254 = CARTESIAN_POINT ( 'NONE',  ( 19.90192358989424900, 60.30042509165702600, 107.6178883810042200 ) ) ;
#2255 = DIRECTION ( 'NONE',  ( -0.0000000000000000000, -0.0000000000000000000, 1.000000000000000000 ) ) ;
#2256 = VECTOR ( 'NONE', #4072, 1000.000000000000000 ) ;
#2257 = ORIENTED_EDGE ( 'NONE', *, *, #2616, .F. ) ;
#2258 = ORIENTED_EDGE ( 'NONE', *, *, #376, .T. ) ;
#2259 = ORIENTED_EDGE ( 'NONE', *, *, #1752, .F. ) ;
#2260 = AXIS2_PLACEMENT_3D ( 'NONE', #1097, #3285, #2977 ) ;
#2261 = APPROVAL ( #3912, 'UNSPECIFIED' ) ;
#2262 = ORIENTED_EDGE ( 'NONE', *, *, #933, .F. ) ;
#2263 = DIRECTION ( 'NONE',  ( 2.775557561562891400E-017, 0.7071067811865487900, -0.7071067811865463500 ) ) ;
#2264 = ORIENTED_EDGE ( 'NONE', *, *, #2900, .T. ) ;
#2265 = CARTESIAN_POINT ( 'NONE',  ( 36.85110777732680300, 53.73371617104573500, 102.4410519975960600 ) ) ;
#2266 = TOROIDAL_SURFACE ( 'NONE', #3972, 21.49999999999999600, 2.500000000000000000 ) ;
#2267 = APPLICATION_PROTOCOL_DEFINITION ( 'international standard', 'config_control_design', 1994, #62 ) ;
#2268 = EDGE_CURVE ( 'NONE', #760, #1138, #2495, .T. ) ;
#2269 = EDGE_CURVE ( 'NONE', #34, #1750, #1664, .T. ) ;
#2270 = EDGE_LOOP ( 'NONE', ( #688, #993 ) ) ;
#2271 = CARTESIAN_POINT ( 'NONE',  ( 35.42523087884406900, 39.12582457566951200, 86.38822330049339400 ) ) ;
#2272 = CARTESIAN_POINT ( 'NONE',  ( 30.82464615967512600, 57.89002032977728600, 105.2044364321336900 ) ) ;
#2273 = DIRECTION ( 'NONE',  ( -1.000000000000000000, 0.0000000000000000000, 0.0000000000000000000 ) ) ;
#2274 = VERTEX_POINT ( 'NONE', #2922 ) ;
#2275 = EDGE_LOOP ( 'NONE', ( #2944, #3098 ) ) ;
#2276 = CARTESIAN_POINT ( 'NONE',  ( 58.15865425799412900, 0.0000000000000000000, 0.0000000000000000000 ) ) ;
#2277 = AXIS2_PLACEMENT_3D ( 'NONE', #112, #2312, #2631 ) ;
#2278 = CARTESIAN_POINT ( 'NONE',  ( 38.79796382799534600, 48.27644093007145900, 95.57323923436384000 ) ) ;
#2279 = ORIENTED_EDGE ( 'NONE', *, *, #3387, .F. ) ;
#2280 = DIRECTION ( 'NONE',  ( 0.0000000000000000000, 0.0000000000000000000, -1.000000000000000000 ) ) ;
#2281 = DIRECTION ( 'NONE',  ( 0.0000000000000000000, 0.0000000000000000000, -1.000000000000000000 ) ) ;
#2282 = CARTESIAN_POINT ( 'NONE',  ( 38.41544171308369500, 50.01643412126826100, 97.31734485536296100 ) ) ;
#2283 = SECURITY_CLASSIFICATION_LEVEL ( 'unclassified' ) ;
#2284 = ORIENTED_EDGE ( 'NONE', *, *, #3393, .T. ) ;
#2285 = DIRECTION ( 'NONE',  ( -1.000000000000000000, -0.0000000000000000000, -0.0000000000000000000 ) ) ;
#2286 = DIRECTION ( 'NONE',  ( 0.0000000000000000000, 0.0000000000000000000, 1.000000000000000000 ) ) ;
#2287 = CARTESIAN_POINT ( 'NONE',  ( 31.55647802720319500, 35.57301361921548000, 84.28034944577260000 ) ) ;
#2288 = LOCAL_TIME ( 12, 1, 29.00000000000000000, #3105 ) ;
#2289 = EDGE_CURVE ( 'NONE', #3126, #648, #1470, .T. ) ;
#2290 = CARTESIAN_POINT ( 'NONE',  ( 38.67559413323464000, 49.09945772261638600, 96.39830143552517000 ) ) ;
#2291 = APPROVAL ( #425, 'UNSPECIFIED' ) ;
#2292 = CARTESIAN_POINT ( 'NONE',  ( -53.30290323835134800, 0.0000000000000000000, 0.0000000000000000000 ) ) ;
#2293 = AXIS2_PLACEMENT_3D ( 'NONE', #3115, #1256, #1589 ) ;
#2294 = CARTESIAN_POINT ( 'NONE',  ( 44.03431814759006400, 67.34282791460533700, 38.44300840550349100 ) ) ;
#2295 = LINE ( 'NONE', #2417, #624 ) ;
#2296 = CARTESIAN_POINT ( 'NONE',  ( 5.442278829130642300, 27.06945599946342900, 92.74735457449085600 ) ) ;
#2297 = CARTESIAN_POINT ( 'NONE',  ( -4.750485518424336600, 47.11287903249228700, 1.609211597371540400 ) ) ;
#2298 = DATE_TIME_ROLE ( 'creation_date' ) ;
#2299 = LOCAL_TIME ( 12, 1, 29.00000000000000000, #3112 ) ;
#2300 = CARTESIAN_POINT ( 'NONE',  ( -53.30290323835134800, 0.0000000000000000000, 0.0000000000000000000 ) ) ;
#2301 = VECTOR ( 'NONE', #2401, 1000.000000000000000 ) ;
#2302 = CARTESIAN_POINT ( 'NONE',  ( 28.87960076479516800, 33.51328629429441000, 82.22062212084470900 ) ) ;
#2303 = CARTESIAN_POINT ( 'NONE',  ( -54.60819268389989400, 0.0000000000000000000, 0.0000000000000000000 ) ) ;
#2304 = CARTESIAN_POINT ( 'NONE',  ( 19.90192358989791900, 57.33567257895325800, 35.94300840550347700 ) ) ;
#2305 = FACE_OUTER_BOUND ( 'NONE', #1540, .T. ) ;
#2306 = VECTOR ( 'NONE', #1076, 1000.000000000000000 ) ;
#2307 = AXIS2_PLACEMENT_3D ( 'NONE', #78, #2280, #410 ) ;
#2308 = CARTESIAN_POINT ( 'NONE',  ( 38.62030102791450000, 44.52445308478530000, 91.81045024797352000 ) ) ;
#2309 = CARTESIAN_POINT ( 'NONE',  ( -49.10930008502348400, 0.0000000000000000000, 0.0000000000000000000 ) ) ;
#2310 = ORIENTED_EDGE ( 'NONE', *, *, #587, .T. ) ;
#2311 = CARTESIAN_POINT ( 'NONE',  ( -57.10819268389989400, 0.0000000000000000000, 0.0000000000000000000 ) ) ;
#2312 = DIRECTION ( 'NONE',  ( -1.000000000000000000, -0.0000000000000000000, -0.0000000000000000000 ) ) ;
#2313 = APPLICATION_CONTEXT ( 'configuration controlled 3d designs of mechanical parts and assemblies' ) ;
#2314 = LINE ( 'NONE', #2748, #635 ) ;
#2315 = ORIENTED_EDGE ( 'NONE', *, *, #3516, .T. ) ;
#2316 = CC_DESIGN_DATE_AND_TIME_ASSIGNMENT ( #483, #3515, ( #1476 ) ) ;
#2317 = ORIENTED_EDGE ( 'NONE', *, *, #1726, .T. ) ;
#2318 = CARTESIAN_POINT ( 'NONE',  ( 25.83934786432104100, 34.13517044029176600, 81.35794687030392000 ) ) ;
#2319 = VERTEX_POINT ( 'NONE', #2294 ) ;
#2320 = ORIENTED_EDGE ( 'NONE', *, *, #2980, .T. ) ;
#2321 = VERTEX_POINT ( 'NONE', #3852 ) ;
#2322 = CARTESIAN_POINT ( 'NONE',  ( 28.83457365305496400, 35.00164131074261300, 82.23347623384343300 ) ) ;
#2323 = DIRECTION ( 'NONE',  ( 0.0000000000000000000, 0.0000000000000000000, 1.000000000000000000 ) ) ;
#2324 = CARTESIAN_POINT ( 'NONE',  ( 19.90192358989791500, 19.23567257895325600, 67.94300840550349100 ) ) ;
#2325 = CARTESIAN_POINT ( 'NONE',  ( -54.60819268389989400, 0.0000000000000000000, 0.0000000000000000000 ) ) ;
#2326 = APPROVAL_STATUS ( 'not_yet_approved' ) ;
#2327 = ORIENTED_EDGE ( 'NONE', *, *, #636, .T. ) ;
#2328 = EDGE_CURVE ( 'NONE', #412, #1960, #198, .T. ) ;
#2329 = CARTESIAN_POINT ( 'NONE',  ( 20.66108681596874800, 32.76554690696834600, 81.47288273352089000 ) ) ;
#2330 = ORIENTED_EDGE ( 'NONE', *, *, #4044, .T. ) ;
#2331 = CARTESIAN_POINT ( 'NONE',  ( 19.90192358990117300, 33.46695727391595200, 80.68194619210565600 ) ) ;
#2332 = ORIENTED_EDGE ( 'NONE', *, *, #3142, .T. ) ;
#2333 = AXIS2_PLACEMENT_3D ( 'NONE', #1551, #3739, #1871 ) ;
#2334 = DIRECTION ( 'NONE',  ( -1.000000000000000000, -0.0000000000000000000, -0.0000000000000000000 ) ) ;
#2335 = VECTOR ( 'NONE', #15, 1000.000000000000000 ) ;
#2336 = CARTESIAN_POINT ( 'NONE',  ( 38.90192358989791200, 57.33567257895325800, 67.94300840550349100 ) ) ;
#2337 = DIRECTION ( 'NONE',  ( 0.0000000000000000000, 0.0000000000000000000, -1.000000000000000000 ) ) ;
#2338 = CARTESIAN_POINT ( 'NONE',  ( 19.90192358989791500, 29.46750770272253200, 111.5927100081490800 ) ) ;
#2339 = PERSON_AND_ORGANIZATION_ROLE ( 'creator' ) ;
#2340 = ORIENTED_EDGE ( 'NONE', *, *, #3874, .F. ) ;
#2341 = PERSON_AND_ORGANIZATION ( #225, #3150 ) ;
#2342 = CARTESIAN_POINT ( 'NONE',  ( 18.40024573417273900, 32.05283970680876800, 80.76017553335904600 ) ) ;
#2343 = EDGE_CURVE ( 'NONE', #2800, #412, #4062, .T. ) ;
#2344 = FACE_OUTER_BOUND ( 'NONE', #3814, .T. ) ;
#2345 = CARTESIAN_POINT ( 'NONE',  ( 10.96397496087587500, 35.01231564390099000, 82.24426635765911400 ) ) ;
#2346 = ORIENTED_EDGE ( 'NONE', *, *, #1287, .T. ) ;
#2347 = DIRECTION ( 'NONE',  ( 0.9237280213470682200, 0.3830490080632378300, 0.0000000000000000000 ) ) ;
#2348 = LOCAL_TIME ( 12, 1, 29.00000000000000000, #3156 ) ;
#2349 = CALENDAR_DATE ( 2013, 25, 7 ) ;
#2350 = CC_DESIGN_PERSON_AND_ORGANIZATION_ASSIGNMENT ( #1211, #782, ( #2130 ) ) ;
#2351 = VECTOR ( 'NONE', #2794, 1000.000000000000000 ) ;
#2352 = LINE ( 'NONE', #2827, #2185 ) ;
#2353 = DATE_AND_TIME ( #3162, #4004 ) ;
#2354 = CARTESIAN_POINT ( 'NONE',  ( 1.935413574697456800, 49.88536937212329300, -79.32383853639055400 ) ) ;
#2355 = DIRECTION ( 'NONE',  ( 1.000000000000000000, -0.0000000000000000000, -0.0000000000000000000 ) ) ;
#2356 = FACE_OUTER_BOUND ( 'NONE', #1221, .T. ) ;
#2357 = APPROVAL_ROLE ( '' ) ;
#2358 = EDGE_CURVE ( 'NONE', #3932, #412, #1559, .T. ) ;
#2359 = CARTESIAN_POINT ( 'NONE',  ( 1.142011807024132300, 43.88174697810638500, 92.58908280465669800 ) ) ;
#2360 = VECTOR ( 'NONE', #3223, 1000.000000000000000 ) ;
#2361 = CARTESIAN_POINT ( 'NONE',  ( 12.17148256054816000, 34.61680732573854200, 81.84472400613215400 ) ) ;
#2362 = CARTESIAN_POINT ( 'NONE',  ( 19.90192358989791900, 57.33567257895325800, -79.32383853639055400 ) ) ;
#2363 = CARTESIAN_POINT ( 'NONE',  ( 34.42143517515265200, 55.90663036713985400, 104.6139661936902000 ) ) ;
#2364 = CIRCLE ( 'NONE', #2428, 2.500000000000000400 ) ;
#2365 = AXIS2_PLACEMENT_3D ( 'NONE', #3461, #649, #968 ) ;
#2366 = DIRECTION ( 'NONE',  ( 0.0000000000000000000, 0.0000000000000000000, -1.000000000000000000 ) ) ;
#2367 = EDGE_LOOP ( 'NONE', ( #4035, #3049, #381, #2462, #2421 ) ) ;
#2368 = CARTESIAN_POINT ( 'NONE',  ( -22.20005111260406500, 0.0000000000000000000, 19.44999999999998500 ) ) ;
#2369 = LINE ( 'NONE', #556, #1619 ) ;
#2370 = DIRECTION ( 'NONE',  ( -1.951563910473908000E-018, -0.7071067811865486800, 0.7071067811865463500 ) ) ;
#2371 = SECURITY_CLASSIFICATION_LEVEL ( 'unclassified' ) ;
#2372 = VERTEX_POINT ( 'NONE', #2336 ) ;
#2373 = ADVANCED_FACE ( 'NONE', ( #2305, #3219 ), #3893, .T. ) ;
#2374 = CARTESIAN_POINT ( 'NONE',  ( 7.488667870916464700, 36.01139488868683700, 84.71873071523255300 ) ) ;
#2375 = ORIENTED_EDGE ( 'NONE', *, *, #1265, .T. ) ;
#2376 = VERTEX_POINT ( 'NONE', #3265 ) ;
#2377 = PRODUCT ( 'WH-FEMALE-24', 'WH-FEMALE-24', '', ( #772 ) ) ;
#2378 = EDGE_CURVE ( 'NONE', #1574, #1739, #1472, .T. ) ;
#2379 = DIRECTION ( 'NONE',  ( 1.951563910473908000E-018, 0.7071067811865486800, -0.7071067811865463500 ) ) ;
#2380 = DIRECTION ( 'NONE',  ( 0.6935081420032264100, 0.5094342239068904200, 0.5094342239068917500 ) ) ;
#2381 = ORIENTED_EDGE ( 'NONE', *, *, #1909, .T. ) ;
#2382 = CARTESIAN_POINT ( 'NONE',  ( 9.431578505592597100, 34.07516405740477000, 82.78249988395504000 ) ) ;
#2383 = EDGE_LOOP ( 'NONE', ( #3185, #1395, #2672, #1484 ) ) ;
#2384 =( REPRESENTATION_RELATIONSHIP ('NONE','NONE', #1622, #901 ) REPRESENTATION_RELATIONSHIP_WITH_TRANSFORMATION ( #1302 )SHAPE_REPRESENTATION_RELATIONSHIP( ) );
#2385 = DIRECTION ( 'NONE',  ( 0.6935081420032261900, 0.5094342239068901900, 0.5094342239068920800 ) ) ;
#2386 = CARTESIAN_POINT ( 'NONE',  ( 4.117329442419814400, 37.46587772047875800, 86.17321354702906400 ) ) ;
#2387 = ORIENTED_EDGE ( 'NONE', *, *, #1102, .F. ) ;
#2388 = AXIS2_PLACEMENT_3D ( 'NONE', #941, #3114, #1243 ) ;
#2389 = AXIS2_PLACEMENT_3D ( 'NONE', #2785, #913, #3088 ) ;
#2390 = CALENDAR_DATE ( 2013, 25, 7 ) ;
#2391 = DIRECTION ( 'NONE',  ( 0.0000000000000000000, 0.0000000000000000000, 1.000000000000000000 ) ) ;
#2392 = ADVANCED_FACE ( 'NONE', ( #3120 ), #2199, .F. ) ;
#2393 = CARTESIAN_POINT ( 'NONE',  ( -17.72930008502348500, 0.0000000000000000000, 20.85000000000000100 ) ) ;
#2394 = DIRECTION ( 'NONE',  ( 1.000000000000000000, -0.0000000000000000000, -0.0000000000000000000 ) ) ;
#2395 = ORGANIZATION ( 'NAUO-ORG4', 'UNSPECIFIED', 'UNSPECIFIED' ) ;
#2396 = FACE_OUTER_BOUND ( 'NONE', #3147, .T. ) ;
#2397 = CALENDAR_DATE ( 2013, 25, 7 ) ;
#2398 = ORIENTED_EDGE ( 'NONE', *, *, #2775, .F. ) ;
#2399 = CARTESIAN_POINT ( 'NONE',  ( 2.131791518970527700, 42.04477101402240200, 89.32155328945106000 ) ) ;
#2400 = ADVANCED_FACE ( 'NONE', ( #3968 ), #545, .T. ) ;
#2401 = DIRECTION ( 'NONE',  ( 0.7071067811865401300, 8.659560562354842900E-017, -0.7071067811865549000 ) ) ;
#2402 = CIRCLE ( 'NONE', #3555, 19.44999999999998500 ) ;
#2403 = CARTESIAN_POINT ( 'NONE',  ( -18.40819268389988400, 0.0000000000000000000, 0.0000000000000000000 ) ) ;
#2404 = VECTOR ( 'NONE', #134, 1000.000000000000000 ) ;
#2405 = CARTESIAN_POINT ( 'NONE',  ( 12.96815850607225000, 32.88497388890456100, 81.59230971545484600 ) ) ;
#2406 = EDGE_CURVE ( 'NONE', #1378, #3633, #1363, .T. ) ;
#2407 = EDGE_CURVE ( 'NONE', #768, #320, #628, .T. ) ;
#2408 = CIRCLE ( 'NONE', #248, 16.06000000000000200 ) ;
#2409 = CARTESIAN_POINT ( 'NONE',  ( 19.90192358989791500, 19.23567257895325600, 67.94300840550349100 ) ) ;
#2410 = ORIENTED_EDGE ( 'NONE', *, *, #2063, .T. ) ;
#2411 = ADVANCED_FACE ( 'NONE', ( #3854 ), #3677, .F. ) ;
#2412 = LINE ( 'NONE', #2727, #3227 ) ;
#2413 = DIRECTION ( 'NONE',  ( 0.0000000000000000000, 0.0000000000000000000, -1.000000000000000000 ) ) ;
#2414 = ORIENTED_EDGE ( 'NONE', *, *, #1139, .T. ) ;
#2415 = VERTEX_POINT ( 'NONE', #827 ) ;
#2416 = CARTESIAN_POINT ( 'NONE',  ( 4.139040720202714000, 54.38419874813867900, 101.6933792061646500 ) ) ;
#2417 = CARTESIAN_POINT ( 'NONE',  ( 58.15865425799412900, 0.0000000000000000000, -16.05999999999998800 ) ) ;
#2418 = DIRECTION ( 'NONE',  ( 0.6935081420032264100, 0.5094342239068904200, 0.5094342239068917500 ) ) ;
#2419 = DIRECTION ( 'NONE',  ( -0.9659258262890678700, 0.0000000000000000000, 0.2588190451025220700 ) ) ;
#2420 = EDGE_LOOP ( 'NONE', ( #3822, #148, #3117, #2765, #984, #2584 ) ) ;
#2421 = ORIENTED_EDGE ( 'NONE', *, *, #1452, .T. ) ;
#2422 = DIRECTION ( 'NONE',  ( 0.6935081420032264100, 0.5094342239068904200, 0.5094342239068917500 ) ) ;
#2423 = EDGE_CURVE ( 'NONE', #2065, #1771, #447, .T. ) ;
#2424 = AXIS2_PLACEMENT_3D ( 'NONE', #1951, #3817, #1319 ) ;
#2425 = CC_DESIGN_PERSON_AND_ORGANIZATION_ASSIGNMENT ( #1895, #1692, ( #1577 ) ) ;
#2426 = ORIENTED_EDGE ( 'NONE', *, *, #2407, .F. ) ;
#2427 = CARTESIAN_POINT ( 'NONE',  ( 35.93236429230248800, 35.76300223413454700, 128.8483596479526300 ) ) ;
#2428 = AXIS2_PLACEMENT_3D ( 'NONE', #2811, #935, #3107 ) ;
#2429 = ORIENTED_EDGE ( 'NONE', *, *, #383, .F. ) ;
#2430 = DIRECTION ( 'NONE',  ( -1.000000000000000000, -0.0000000000000000000, -0.0000000000000000000 ) ) ;
#2431 = ADVANCED_FACE ( 'NONE', ( #2936 ), #1166, .F. ) ;
#2432 = CARTESIAN_POINT ( 'NONE',  ( 21.33706604232245100, 32.04372906897349800, 80.75106489552379700 ) ) ;
#2433 = ORIENTED_EDGE ( 'NONE', *, *, #2896, .F. ) ;
#2434 = DIRECTION ( 'NONE',  ( -0.9237280213470681100, -0.3830490080632377700, 0.0000000000000000000 ) ) ;
#2435 = AXIS2_PLACEMENT_3D ( 'NONE', #1112, #2601, #2286 ) ;
#2436 = EDGE_LOOP ( 'NONE', ( #3489, #1687 ) ) ;
#2437 = SHAPE_DEFINITION_REPRESENTATION ( #141, #3289 ) ;
#2438 = CARTESIAN_POINT ( 'NONE',  ( 19.90192358989791900, 57.33567257895325800, 38.94300840550347700 ) ) ;
#2439 = AXIS2_PLACEMENT_3D ( 'NONE', #539, #2741, #863 ) ;
#2440 = CIRCLE ( 'NONE', #3654, 19.00000000000000000 ) ;
#2441 = CALENDAR_DATE ( 2013, 25, 7 ) ;
#2442 = ITEM_DEFINED_TRANSFORMATION ( 'NONE', 'NONE', #3027,  #1546 ) ;
#2443 = CARTESIAN_POINT ( 'NONE',  ( 26.12946942420962800, 32.71681971117710200, 81.42415553772737300 ) ) ;
#2444 = DESIGN_CONTEXT ( 'detailed design', #2313, 'design' ) ;
#2445 = FACE_OUTER_BOUND ( 'NONE', #2684, .T. ) ;
#2446 = DIRECTION ( 'NONE',  ( -1.951563910473908000E-018, -0.7071067811865486800, 0.7071067811865463500 ) ) ;
#2447 = PERSON_AND_ORGANIZATION ( #225, #3150 ) ;
#2448 = DIRECTION ( 'NONE',  ( 0.0000000000000000000, 1.000000000000000000, 1.224646799147353200E-016 ) ) ;
#2449 = VECTOR ( 'NONE', #1217, 999.9999999999998900 ) ;
#2450 = ADVANCED_FACE ( 'NONE', ( #2106 ), #3755, .T. ) ;
#2451 = EDGE_CURVE ( 'NONE', #1447, #752, #1261, .T. ) ;
#2452 = DIRECTION ( 'NONE',  ( 0.0000000000000000000, -0.0000000000000000000, 1.000000000000000000 ) ) ;
#2453 = CIRCLE ( 'NONE', #585, 19.00000000000000000 ) ;
#2454 = DIRECTION ( 'NONE',  ( 0.0000000000000000000, 0.0000000000000000000, -1.000000000000000000 ) ) ;
#2455 = ORIENTED_EDGE ( 'NONE', *, *, #728, .T. ) ;
#2456 = CARTESIAN_POINT ( 'NONE',  ( 20.68377472925337600, 32.01790440390215800, 80.72524023045244200 ) ) ;
#2457 = VECTOR ( 'NONE', #2948, 999.9999999999998900 ) ;
#2458 = DIRECTION ( 'NONE',  ( 0.9237280213470682200, 0.3830490080632376100, 0.0000000000000000000 ) ) ;
#2459 = FACE_OUTER_BOUND ( 'NONE', #2023, .T. ) ;
#2460 = DIRECTION ( 'NONE',  ( 1.000000000000000000, 0.0000000000000000000, 0.0000000000000000000 ) ) ;
#2461 = ORIENTED_EDGE ( 'NONE', *, *, #2713, .F. ) ;
#2462 = ORIENTED_EDGE ( 'NONE', *, *, #3874, .T. ) ;
#2463 = AXIS2_PLACEMENT_3D ( 'NONE', #1398, #3585, #1721 ) ;
#2464 = AXIS2_PLACEMENT_3D ( 'NONE', #508, #2706, #825 ) ;
#2465 = CARTESIAN_POINT ( 'NONE',  ( -4.285894649075048700, 47.30553430281737800, -3.256991594496522400 ) ) ;
#2466 = DIRECTION ( 'NONE',  ( 1.000000000000000000, -0.0000000000000000000, -0.0000000000000000000 ) ) ;
#2467 = ORIENTED_EDGE ( 'NONE', *, *, #2767, .F. ) ;
#2468 = LINE ( 'NONE', #3294, #1742 ) ;
#2469 = CARTESIAN_POINT ( 'NONE',  ( 1.006493337315703900, 45.46814809877161400, 92.75715507526155100 ) ) ;
#2470 = ADVANCED_FACE ( 'NONE', ( #341 ), #1896, .F. ) ;
#2471 = ORIENTED_EDGE ( 'NONE', *, *, #1573, .T. ) ;
#2472 = CARTESIAN_POINT ( 'NONE',  ( 1.096957838836880400, 48.98336771767955600, 96.28194734552285200 ) ) ;
#2473 = DIRECTION ( 'NONE',  ( 0.0000000000000000000, 0.0000000000000000000, -1.000000000000000000 ) ) ;
#2474 = AXIS2_PLACEMENT_3D ( 'NONE', #3895, #2675, #794 ) ;
#2475 = CC_DESIGN_APPROVAL ( #2261, ( #1631 ) ) ;
#2476 = FACE_OUTER_BOUND ( 'NONE', #3236, .T. ) ;
#2477 = ORIENTED_EDGE ( 'NONE', *, *, #582, .T. ) ;
#2478 = EDGE_CURVE ( 'NONE', #2562, #53, #3566, .T. ) ;
#2479 = PRODUCT_DEFINITION_SHAPE ( 'NONE', 'NONE',  #4080 ) ;
#2480 = CARTESIAN_POINT ( 'NONE',  ( -57.10819268389989400, 0.0000000000000000000, -27.87499999999998600 ) ) ;
#2481 = EDGE_CURVE ( 'NONE', #3733, #3055, #2754, .T. ) ;
#2482 = VERTEX_POINT ( 'NONE', #856 ) ;
#2483 = PERSON_AND_ORGANIZATION ( #225, #3150 ) ;
#2484 = CARTESIAN_POINT ( 'NONE',  ( 2.531660907476121400, 51.64584787574239800, 100.3531837022881600 ) ) ;
#2485 = DIRECTION ( 'NONE',  ( -1.951563910473908000E-018, -0.7071067811865486800, 0.7071067811865463500 ) ) ;
#2486 = COORDINATED_UNIVERSAL_TIME_OFFSET ( 0, 0, .AHEAD. ) ;
#2487 = DIRECTION ( 'NONE',  ( -1.000000000000000000, -0.0000000000000000000, -0.0000000000000000000 ) ) ;
#2488 = CIRCLE ( 'NONE', #2244, 24.12500000000000400 ) ;
#2489 = DATE_AND_TIME ( #3325, #83 ) ;
#2490 = DIRECTION ( 'NONE',  ( 0.0000000000000000000, 0.0000000000000000000, -1.000000000000000000 ) ) ;
#2491 = FACE_OUTER_BOUND ( 'NONE', #2383, .T. ) ;
#2492 = CARTESIAN_POINT ( 'NONE',  ( 18.99999999999999600, 38.10000000000000100, 0.0000000000000000000 ) ) ;
#2493 = EDGE_CURVE ( 'NONE', #3487, #53, #3042, .T. ) ;
#2494 = MANIFOLD_SOLID_BREP ( 'Boss-Extrude2', #4027 ) ;
#2495 = LINE ( 'NONE', #2595, #849 ) ;
#2496 = CARTESIAN_POINT ( 'NONE',  ( 5.193159780825939500, 55.79756866730591700, 104.5049044938562700 ) ) ;
#2497 = CC_DESIGN_APPROVAL ( #2291, ( #2086 ) ) ;
#2498 = DIRECTION ( 'NONE',  ( 0.9237280213470682200, 0.3830490080632378300, 0.0000000000000000000 ) ) ;
#2499 = DIRECTION ( 'NONE',  ( 0.9237280213470682200, 0.3830490080632377700, 0.0000000000000000000 ) ) ;
#2500 = CARTESIAN_POINT ( 'NONE',  ( 1.383948036049042600, 43.84236709326517500, 91.12599994581393000 ) ) ;
#2501 = CYLINDRICAL_SURFACE ( 'NONE', #3684, 16.05999999999999500 ) ;
#2502 = CARTESIAN_POINT ( 'NONE',  ( 14.55723293747367500, 59.07690652139270800, 107.7842423479430800 ) ) ;
#2503 = AXIS2_PLACEMENT_3D ( 'NONE', #3128, #988, #2499 ) ;
#2504 = ORIENTED_EDGE ( 'NONE', *, *, #2343, .T. ) ;
#2505 = CIRCLE ( 'NONE', #390, 57.09999999999998700 ) ;
#2506 = EDGE_LOOP ( 'NONE', ( #1386, #899, #1722, #3775 ) ) ;
#2507 = EDGE_LOOP ( 'NONE', ( #2857, #3776, #1288, #1040 ) ) ;
#2508 = DIRECTION ( 'NONE',  ( 0.0000000000000000000, 0.0000000000000000000, -1.000000000000000000 ) ) ;
#2509 = CARTESIAN_POINT ( 'NONE',  ( 10.29671466760702900, 58.46639318495390800, 105.7815704719253100 ) ) ;
#2510 = CARTESIAN_POINT ( 'NONE',  ( -53.30290323835134800, 0.0000000000000000000, 0.0000000000000000000 ) ) ;
#2511 = CARTESIAN_POINT ( 'NONE',  ( -16.05999999999999900, 38.10000000000000100, -29.00000000000000000 ) ) ;
#2512 = DIRECTION ( 'NONE',  ( -1.000000000000000000, 0.0000000000000000000, 0.0000000000000000000 ) ) ;
#2513 = ORIENTED_EDGE ( 'NONE', *, *, #1265, .F. ) ;
#2514 = CARTESIAN_POINT ( 'NONE',  ( 16.52346176536264000, 60.11701269859140200, 108.8243485251417700 ) ) ;
#2515 = AXIS2_PLACEMENT_3D ( 'NONE', #3527, #1662, #3841 ) ;
#2516 = EDGE_LOOP ( 'NONE', ( #2761, #2671, #1489, #1019 ) ) ;
#2517 = DIRECTION ( 'NONE',  ( -1.000000000000000000, -0.0000000000000000000, -0.0000000000000000000 ) ) ;
#2518 = DIRECTION ( 'NONE',  ( 0.9237280213470682200, 0.3830490080632377700, 0.0000000000000000000 ) ) ;
#2519 = PRODUCT_DEFINITION_FORMATION_WITH_SPECIFIED_SOURCE ( 'ANY', '', #3313, .NOT_KNOWN. ) ;
#2520 = EDGE_LOOP ( 'NONE', ( #1054, #1236, #3545, #922 ) ) ;
#2521 = EDGE_LOOP ( 'NONE', ( #1381, #3352, #1962, #2016, #3400 ) ) ;
#2522 = ORIENTED_EDGE ( 'NONE', *, *, #1693, .T. ) ;
#2523 = CARTESIAN_POINT ( 'NONE',  ( 19.90192358989791900, 57.33567257895325800, -0.7569915944965199800 ) ) ;
#2524 = CARTESIAN_POINT ( 'NONE',  ( 39.93042010953629300, 46.71623842355032300, 95.42357425010064300 ) ) ;
#2525 = CARTESIAN_POINT ( 'NONE',  ( 22.26402784009449600, 60.19807445657284000, 107.5154158007845100 ) ) ;
#2526 = FACE_OUTER_BOUND ( 'NONE', #2520, .T. ) ;
#2527 = ORIENTED_EDGE ( 'NONE', *, *, #1639, .T. ) ;
#2528 = VERTEX_POINT ( 'NONE', #214 ) ;
#2529 = EDGE_CURVE ( 'NONE', #276, #1428, #3460, .T. ) ;
#2530 = ORIENTED_EDGE ( 'NONE', *, *, #3438, .T. ) ;
#2531 = CARTESIAN_POINT ( 'NONE',  ( -29.72930008502348500, 23.71000000000000100, 0.0000000000000000000 ) ) ;
#2532 = DIRECTION ( 'NONE',  ( -1.000000000000000000, -0.0000000000000000000, -0.0000000000000000000 ) ) ;
#2533 = VECTOR ( 'NONE', #2490, 1000.000000000000000 ) ;
#2534 = PERSON_AND_ORGANIZATION ( #225, #3150 ) ;
#2535 = APPROVAL_DATE_TIME ( #3369, #3312 ) ;
#2536 = AXIS2_PLACEMENT_3D ( 'NONE', #1544, #2172, #297 ) ;
#2537 = DIRECTION ( 'NONE',  ( 1.000000000000000000, -0.0000000000000000000, -0.0000000000000000000 ) ) ;
#2538 = VECTOR ( 'NONE', #2772, 1000.000000000000100 ) ;
#2539 = PLANE ( 'NONE',  #2768 ) ;
#2540 = CARTESIAN_POINT ( 'NONE',  ( 24.71225386909286600, 59.18718958935154000, 107.8945254159019100 ) ) ;
#2541 = LOCAL_TIME ( 12, 1, 29.00000000000000000, #3374 ) ;
#2542 = LINE ( 'NONE', #2155, #1714 ) ;
#2543 = CARTESIAN_POINT ( 'NONE',  ( -49.10930008502348400, 0.0000000000000000000, 0.0000000000000000000 ) ) ;
#2544 = CARTESIAN_POINT ( 'NONE',  ( 19.90192358989791900, 57.33567257895325800, -3.256991594496522400 ) ) ;
#2545 = CIRCLE ( 'NONE', #2970, 1.000000000000001300 ) ;
#2546 = EDGE_CURVE ( 'NONE', #2699, #3741, #247, .T. ) ;
#2547 = AXIS2_PLACEMENT_3D ( 'NONE', #1929, #3483, #2863 ) ;
#2548 = CYLINDRICAL_SURFACE ( 'NONE', #3956, 16.05999999999998800 ) ;
#2549 = CC_DESIGN_DATE_AND_TIME_ASSIGNMENT ( #1946, #2962, ( #2130 ) ) ;
#2550 = CARTESIAN_POINT ( 'NONE',  ( -4.285894649075048700, 47.30553430281737800, -0.7569915944965199800 ) ) ;
#2551 = CARTESIAN_POINT ( 'NONE',  ( -29.72930008502348500, 0.0000000000000000000, 20.85000000000000100 ) ) ;
#2552 = CARTESIAN_POINT ( 'NONE',  ( -5.846995005151595300, 46.65818147919050300, -79.32383853639055400 ) ) ;
#2553 = CARTESIAN_POINT ( 'NONE',  ( 28.63942561711602500, 58.89980036936901800, 107.6071361959193800 ) ) ;
#2554 = DIRECTION ( 'NONE',  ( 0.0000000000000000000, 0.0000000000000000000, 1.000000000000000000 ) ) ;
#2555 = VERTEX_POINT ( 'NONE', #3067 ) ;
#2556 = LINE ( 'NONE', #441, #3284 ) ;
#2557 = EDGE_CURVE ( 'NONE', #3746, #3443, #974, .T. ) ;
#2558 = SHAPE_REPRESENTATION ( 'WH-FEMALE-24', ( #1546 ), #1775 ) ;
#2559 = CARTESIAN_POINT ( 'NONE',  ( 38.76589003859545100, 45.21264432573781300, 92.50087569768327000 ) ) ;
#2560 = DIRECTION ( 'NONE',  ( -0.0000000000000000000, -0.0000000000000000000, -1.000000000000000000 ) ) ;
#2561 = DIRECTION ( 'NONE',  ( -1.000000000000000000, -0.0000000000000000000, -0.0000000000000000000 ) ) ;
#2562 = VERTEX_POINT ( 'NONE', #4012 ) ;
#2563 = VECTOR ( 'NONE', #2487, 1000.000000000000000 ) ;
#2564 = CARTESIAN_POINT ( 'NONE',  ( 17.17057842624419800, 60.18756298574899000, 108.8948988122993200 ) ) ;
#2565 = ORIENTED_EDGE ( 'NONE', *, *, #2951, .T. ) ;
#2566 = ORIENTED_EDGE ( 'NONE', *, *, #1435, .T. ) ;
#2567 = DIRECTION ( 'NONE',  ( 0.9237280213470681100, 0.3830490080632378800, 0.0000000000000000000 ) ) ;
#2568 = CARTESIAN_POINT ( 'NONE',  ( 58.15865425799412900, 0.0000000000000000000, -26.18499999999998800 ) ) ;
#2569 = CARTESIAN_POINT ( 'NONE',  ( 33.69545959564535300, 56.11758941408030000, 103.4294876137760900 ) ) ;
#2570 =( NAMED_UNIT ( * ) SI_UNIT ( $, .STERADIAN. ) SOLID_ANGLE_UNIT ( ) );
#2571 = ORIENTED_EDGE ( 'NONE', *, *, #1075, .T. ) ;
#2572 = DIRECTION ( 'NONE',  ( 0.0000000000000000000, 0.0000000000000000000, -1.000000000000000000 ) ) ;
#2573 = CARTESIAN_POINT ( 'NONE',  ( 37.75346396962160600, 41.50393550983561400, 90.21127133639956200 ) ) ;
#2574 = CYLINDRICAL_SURFACE ( 'NONE', #3748, 23.62499999999999300 ) ;
#2575 = CARTESIAN_POINT ( 'NONE',  ( 19.90192358989791500, 46.17644094216066700, 94.88377676871100200 ) ) ;
#2576 = VERTEX_POINT ( 'NONE', #2779 ) ;
#2577 = EDGE_LOOP ( 'NONE', ( #324, #419, #1670, #3399 ) ) ;
#2578 = EDGE_CURVE ( 'NONE', #1877, #3741, #3375, .T. ) ;
#2579 = COORDINATED_UNIVERSAL_TIME_OFFSET ( 0, 0, .AHEAD. ) ;
#2580 = DIRECTION ( 'NONE',  ( 0.0000000000000000000, 0.0000000000000000000, -1.000000000000000000 ) ) ;
#2581 = DIRECTION ( 'NONE',  ( -0.4903843100185679700, -0.8602243942930678500, 0.1397756057069239300 ) ) ;
#2582 = CARTESIAN_POINT ( 'NONE',  ( 36.90382653223217300, 52.19737681945083100, 100.9047126460034300 ) ) ;
#2583 = PERSON_AND_ORGANIZATION_ROLE ( 'design_owner' ) ;
#2584 = ORIENTED_EDGE ( 'NONE', *, *, #2406, .T. ) ;
#2585 = DIRECTION ( 'NONE',  ( 0.9237280213470682200, 0.3830490080632376100, 0.0000000000000000000 ) ) ;
#2586 = CARTESIAN_POINT ( 'NONE',  ( 36.24224705205551800, 37.99525127108979900, 86.70258709764009100 ) ) ;
#2587 = CARTESIAN_POINT ( 'NONE',  ( 33.04590655294165900, 56.57731892904486400, 103.8898928343162900 ) ) ;
#2588 = CIRCLE ( 'NONE', #1612, 27.12499999999998600 ) ;
#2589 = CARTESIAN_POINT ( 'NONE',  ( 19.90192358989791500, 21.02210492120335100, 120.0381127896682300 ) ) ;
#2590 = PERSON_AND_ORGANIZATION ( #225, #3150 ) ;
#2591 = CIRCLE ( 'NONE', #2515, 18.99999999999999600 ) ;
#2592 = DIRECTION ( 'NONE',  ( 1.000000000000000000, -0.0000000000000000000, -0.0000000000000000000 ) ) ;
#2593 = AXIS2_PLACEMENT_3D ( 'NONE', #2182, #309, #2498 ) ;
#2594 = AXIS2_PLACEMENT_3D ( 'NONE', #923, #3100, #1225 ) ;
#2595 = CARTESIAN_POINT ( 'NONE',  ( -1.921150914426558800, 48.28613976345926800, -79.32383853639055400 ) ) ;
#2596 = CARTESIAN_POINT ( 'NONE',  ( 38.90192358989791200, 57.33567257895325800, 41.44300840550348400 ) ) ;
#2597 = CIRCLE ( 'NONE', #294, 23.71000000000000400 ) ;
#2598 = CARTESIAN_POINT ( 'NONE',  ( 39.38983740381989000, 49.47870178859852800, 98.18603761514884800 ) ) ;
#2599 = DATE_TIME_ROLE ( 'classification_date' ) ;
#2600 = DIRECTION ( 'NONE',  ( -1.000000000000000000, 0.0000000000000000000, -0.0000000000000000000 ) ) ;
#2601 = DIRECTION ( 'NONE',  ( -1.000000000000000000, -0.0000000000000000000, -0.0000000000000000000 ) ) ;
#2602 = AXIS2_PLACEMENT_3D ( 'NONE', #1920, #31, #2234 ) ;
#2603 = CIRCLE ( 'NONE', #3246, 26.12499999999999300 ) ;
#2604 = CARTESIAN_POINT ( 'NONE',  ( 31.07659267741485500, 36.01832588677204700, 83.25924239362558400 ) ) ;
#2605 = VERTEX_POINT ( 'NONE', #3080 ) ;
#2606 = CARTESIAN_POINT ( 'NONE',  ( 5.066851567064016000, 51.18390550945765900, -3.256991594496522400 ) ) ;
#2607 = CARTESIAN_POINT ( 'NONE',  ( 18.99999999999999600, 38.10000000000000100, -29.00000000000000000 ) ) ;
#2608 = FACE_OUTER_BOUND ( 'NONE', #641, .T. ) ;
#2609 = ORIENTED_EDGE ( 'NONE', *, *, #140, .T. ) ;
#2610 = ORIENTED_EDGE ( 'NONE', *, *, #2481, .F. ) ;
#2611 = CARTESIAN_POINT ( 'NONE',  ( 1.966782759430649000E-015, 0.0000000000000000000, 0.0000000000000000000 ) ) ;
#2612 = CARTESIAN_POINT ( 'NONE',  ( -29.72930008502348500, 0.0000000000000000000, 0.0000000000000000000 ) ) ;
#2613 = VERTEX_POINT ( 'NONE', #1204 ) ;
#2614 = CARTESIAN_POINT ( 'NONE',  ( 18.99999999999999600, 38.10000000000000100, -29.00000000000000000 ) ) ;
#2615 = APPROVAL_ROLE ( '' ) ;
#2616 = EDGE_CURVE ( 'NONE', #358, #1428, #2542, .T. ) ;
#2617 = PLANE ( 'NONE',  #2217 ) ;
#2618 = VERTEX_POINT ( 'NONE', #1529 ) ;
#2619 = EDGE_CURVE ( 'NONE', #695, #207, #1818, .T. ) ;
#2620 = ORIENTED_EDGE ( 'NONE', *, *, #890, .T. ) ;
#2621 = CARTESIAN_POINT ( 'NONE',  ( 27.85238052369058100, 33.98487400134882100, 82.69220982790136500 ) ) ;
#2622 = DIRECTION ( 'NONE',  ( 0.0000000000000000000, 0.0000000000000000000, -1.000000000000000000 ) ) ;
#2623 = DIRECTION ( 'NONE',  ( 0.9237280213470681100, 0.3830490080632378800, 0.0000000000000000000 ) ) ;
#2624 = VERTEX_POINT ( 'NONE', #598 ) ;
#2625 = CARTESIAN_POINT ( 'NONE',  ( 19.90192358989791500, 57.53257584801659900, 106.2399116745669800 ) ) ;
#2626 = CARTESIAN_POINT ( 'NONE',  ( 38.16647093746618000, 43.14738785452364300, 90.42847777351732900 ) ) ;
#2627 = VERTEX_POINT ( 'NONE', #2791 ) ;
#2628 = B_SPLINE_CURVE_WITH_KNOTS ( 'NONE', 3,
 ( #2469, #3991, #3358, #1837, #4005, #2784, #3697, #1522, #614, #2150, #1156, #3379, #2796, #237, #2416, #874, #897, #251, #1194, #4047, #1545, #2753, #4021, #3983, #1816, #1494, #2809, #3579, #3259, #2686, #2654, #809 ),
 .UNSPECIFIED., .F., .F.,
 ( 4, 2, 2, 2, 2, 2, 2, 2, 2, 2, 2, 2, 2, 2, 2, 4 ),
 ( 0.05785321238030005600, 0.05984844036912782100, 0.06184366835795559300, 0.06583412433561114400, 0.06683173833002503700, 0.06782935232443893000, 0.06982458031326675700, 0.07181980830209458400, 0.07381503629092239800, 0.07780549226857805300, 0.07880310626299197300, 0.07980072025740589400, 0.08179594824623373500, 0.08379117623506157600, 0.08578640422388941800, 0.08977686020154510000 ),
 .UNSPECIFIED. ) ;
#2629 = ORIENTED_EDGE ( 'NONE', *, *, #2635, .F. ) ;
#2630 = DIRECTION ( 'NONE',  ( 0.0000000000000000000, 0.0000000000000000000, -1.000000000000000000 ) ) ;
#2631 = DIRECTION ( 'NONE',  ( 0.0000000000000000000, 0.0000000000000000000, 1.000000000000000000 ) ) ;
#2632 = APPROVAL_STATUS ( 'not_yet_approved' ) ;
#2633 = ORIENTED_EDGE ( 'NONE', *, *, #408, .F. ) ;
#2634 = CARTESIAN_POINT ( 'NONE',  ( 26.15184387874651900, 32.72201712872028200, 81.42935295527055900 ) ) ;
#2635 = EDGE_CURVE ( 'NONE', #898, #1527, #889, .T. ) ;
#2636 = DIRECTION ( 'NONE',  ( 0.0000000000000000000, 0.0000000000000000000, 1.000000000000000000 ) ) ;
#2637 = AXIS2_PLACEMENT_3D ( 'NONE', #71, #2273, #402 ) ;
#2638 = SECURITY_CLASSIFICATION ( '', '', #3871 ) ;
#2639 = ORIENTED_EDGE ( 'NONE', *, *, #3244, .F. ) ;
#2640 = LINE ( 'NONE', #3731, #2563 ) ;
#2641 = DIRECTION ( 'NONE',  ( 0.0000000000000000000, -0.7071067811865487900, 0.7071067811865462400 ) ) ;
#2642 = CARTESIAN_POINT ( 'NONE',  ( 26.39953187520236700, 34.26495519564385700, 81.48916400527798500 ) ) ;
#2643 = VECTOR ( 'NONE', #2166, 1000.000000000000000 ) ;
#2644 = DIRECTION ( 'NONE',  ( 0.9237280213470681100, 0.3830490080632378800, 0.0000000000000000000 ) ) ;
#2645 = PLANE ( 'NONE',  #93 ) ;
#2646 = APPLICATION_PROTOCOL_DEFINITION ( 'international standard', 'config_control_design', 1994, #1637 ) ;
#2647 = DATE_AND_TIME ( #3453, #240 ) ;
#2648 = DESIGN_CONTEXT ( 'detailed design', #1072, 'design' ) ;
#2649 = CIRCLE ( 'NONE', #235, 16.05999999999999500 ) ;
#2650 = CALENDAR_DATE ( 2013, 25, 7 ) ;
#2651 = CARTESIAN_POINT ( 'NONE',  ( 19.72471117056861800, 33.46572491405729700, 80.68069868253378700 ) ) ;
#2652 = CARTESIAN_POINT ( 'NONE',  ( 0.0000000000000000000, 38.10000000000000100, 0.0000000000000000000 ) ) ;
#2653 = LINE ( 'NONE', #916, #2449 ) ;
#2654 = CARTESIAN_POINT ( 'NONE',  ( 18.57989767590036900, 60.30042509165686900, 107.6178883810040600 ) ) ;
#2655 = AXIS2_PLACEMENT_3D ( 'NONE', #1519, #2681, #2050 ) ;
#2656 = CARTESIAN_POINT ( 'NONE',  ( 2.997700799246580900, 50.32587573139601000, -3.256991594496522400 ) ) ;
#2657 = LINE ( 'NONE', #3498, #1170 ) ;
#2658 = CARTESIAN_POINT ( 'NONE',  ( -53.30290323835134800, 0.0000000000000000000, 0.0000000000000000000 ) ) ;
#2659 = CARTESIAN_POINT ( 'NONE',  ( -16.05999999999999900, 38.10000000000000100, -29.00000000000000000 ) ) ;
#2660 = DIRECTION ( 'NONE',  ( 0.6935081420032261900, 0.5094342239068903000, 0.5094342239068919700 ) ) ;
#2661 = SECURITY_CLASSIFICATION_LEVEL ( 'unclassified' ) ;
#2662 = CIRCLE ( 'NONE', #2720, 18.99999999999999600 ) ;
#2663 = EDGE_LOOP ( 'NONE', ( #3525, #3588, #2121, #773 ) ) ;
#2664 = ORIENTED_EDGE ( 'NONE', *, *, #2670, .T. ) ;
#2665 = CARTESIAN_POINT ( 'NONE',  ( 16.93800347912971600, 32.89742989071087500, 81.60476571725664000 ) ) ;
#2666 = CYLINDRICAL_SURFACE ( 'NONE', #1168, 20.85000000000000100 ) ;
#2667 = CARTESIAN_POINT ( 'NONE',  ( 9.007024173286742700, 35.87880919082711300, 83.11854402131882600 ) ) ;
#2668 = CARTESIAN_POINT ( 'NONE',  ( 19.90192358989791500, 21.02210492120335100, 120.0381127896682300 ) ) ;
#2669 = EDGE_LOOP ( 'NONE', ( #1729, #329, #3180, #2973 ) ) ;
#2670 = EDGE_CURVE ( 'NONE', #517, #2133, #2653, .T. ) ;
#2671 = ORIENTED_EDGE ( 'NONE', *, *, #3397, .T. ) ;
#2672 = ORIENTED_EDGE ( 'NONE', *, *, #319, .T. ) ;
#2673 = DIRECTION ( 'NONE',  ( -0.0000000000000000000, -0.0000000000000000000, -1.000000000000000000 ) ) ;
#2674 = DIRECTION ( 'NONE',  ( -1.000000000000000000, -0.0000000000000000000, -0.0000000000000000000 ) ) ;
#2675 = DIRECTION ( 'NONE',  ( 0.0000000000000000000, 0.0000000000000000000, -1.000000000000000000 ) ) ;
#2676 = DIRECTION ( 'NONE',  ( 0.0000000000000000000, 0.0000000000000000000, -1.000000000000000000 ) ) ;
#2677 = DATE_TIME_ROLE ( 'creation_date' ) ;
#2678 = ORIENTED_EDGE ( 'NONE', *, *, #1558, .F. ) ;
#2679 = ORIENTED_EDGE ( 'NONE', *, *, #4022, .T. ) ;
#2680 = CARTESIAN_POINT ( 'NONE',  ( 1.006493337315705900, 45.46814809877160700, 92.75715507526155100 ) ) ;
#2681 = DIRECTION ( 'NONE',  ( 0.0000000000000000000, 0.0000000000000000000, -1.000000000000000000 ) ) ;
#2682 = CARTESIAN_POINT ( 'NONE',  ( 11.76461724317339000, 33.23156922179303800, 81.93890504834331500 ) ) ;
#2683 = ORIENTED_EDGE ( 'NONE', *, *, #39, .F. ) ;
#2684 = EDGE_LOOP ( 'NONE', ( #1932, #553, #1320, #1926 ) ) ;
#2685 = DIRECTION ( 'NONE',  ( 0.0000000000000000000, 0.0000000000000000000, -1.000000000000000000 ) ) ;
#2686 = CARTESIAN_POINT ( 'NONE',  ( 17.26494800756611500, 60.20397774738601300, 107.5213273080459700 ) ) ;
#2687 = AXIS2_PLACEMENT_3D ( 'NONE', #3315, #1443, #3639 ) ;
#2688 = FACE_OUTER_BOUND ( 'NONE', #1971, .T. ) ;
#2689 = DIRECTION ( 'NONE',  ( -1.951563910473908000E-018, -0.7071067811865486800, 0.7071067811865463500 ) ) ;
#2690 = ADVANCED_FACE ( 'NONE', ( #1606 ), #3164, .F. ) ;
#2691 = EDGE_LOOP ( 'NONE', ( #471, #69, #2264, #3226, #1697 ) ) ;
#2692 = DIRECTION ( 'NONE',  ( -1.951563910473908400E-018, -0.7071067811865487900, 0.7071067811865463500 ) ) ;
#2693 = CARTESIAN_POINT ( 'NONE',  ( -22.77439587576796100, 0.0000000000000000000, 26.68795201467610000 ) ) ;
#2694 = APPROVAL_ROLE ( '' ) ;
#2695 = DIRECTION ( 'NONE',  ( -0.0000000000000000000, -0.0000000000000000000, 1.000000000000000000 ) ) ;
#2696 = LOCAL_TIME ( 12, 1, 29.00000000000000000, #3497 ) ;
#2697 = DIRECTION ( 'NONE',  ( 0.6531743478665551500, 0.2708565511283006500, -0.7071067811865352500 ) ) ;
#2698 = CARTESIAN_POINT ( 'NONE',  ( 7.000511443539510400, 37.01749766307720800, 84.26625699021860800 ) ) ;
#2699 = VERTEX_POINT ( 'NONE', #1231 ) ;
#2700 = ORIENTED_EDGE ( 'NONE', *, *, #11, .T. ) ;
#2701 = CARTESIAN_POINT ( 'NONE',  ( 19.90192358989791900, 57.33567257895325800, 33.44300840550347700 ) ) ;
#2702 = AXIS2_PLACEMENT_3D ( 'NONE', #169, #494, #2043 ) ;
#2703 = PERSON_AND_ORGANIZATION ( #1994, #3503 ) ;
#2704 = CC_DESIGN_SECURITY_CLASSIFICATION ( #1631, ( #586 ) ) ;
#2705 = LINE ( 'NONE', #1702, #1014 ) ;
#2706 = DIRECTION ( 'NONE',  ( 1.000000000000000000, -0.0000000000000000000, -0.0000000000000000000 ) ) ;
#2707 = LOCAL_TIME ( 12, 1, 29.00000000000000000, #3507 ) ;
#2708 = CARTESIAN_POINT ( 'NONE',  ( 12.71958564451650300, 59.40132724833188100, 108.1086630748822400 ) ) ;
#2709 = DIRECTION ( 'NONE',  ( 0.1920538547740129100, 0.07964036693249354500, 0.9781476007338055800 ) ) ;
#2710 = EDGE_CURVE ( 'NONE', #2605, #799, #1070, .T. ) ;
#2711 = CIRCLE ( 'NONE', #1675, 1.000000000000001300 ) ;
#2712 = APPROVAL_STATUS ( 'not_yet_approved' ) ;
#2713 = EDGE_CURVE ( 'NONE', #1283, #2847, #3267, .T. ) ;
#2714 = PLANE ( 'NONE',  #1737 ) ;
#2715 = CARTESIAN_POINT ( 'NONE',  ( -54.60819268389989400, 0.0000000000000000000, 0.0000000000000000000 ) ) ;
#2716 = FACE_OUTER_BOUND ( 'NONE', #1688, .T. ) ;
#2717 = ADVANCED_FACE ( 'NONE', ( #4007 ), #2241, .F. ) ;
#2718 = CARTESIAN_POINT ( 'NONE',  ( 4.552105363559785900, 38.26007514280230700, 86.96741096935944900 ) ) ;
#2719 = CONICAL_SURFACE ( 'NONE', #748, 26.18499999999998800, 0.2094395102393202800 ) ;
#2720 = AXIS2_PLACEMENT_3D ( 'NONE', #3560, #1690, #3870 ) ;
#2721 = DIRECTION ( 'NONE',  ( 0.6935081420032263000, 0.5094342239068901900, 0.5094342239068919700 ) ) ;
#2722 = DIRECTION ( 'NONE',  ( -0.6935081420032263000, -0.5094342239068903000, -0.5094342239068919700 ) ) ;
#2723 = DIRECTION ( 'NONE',  ( -1.951563910473908000E-018, -0.7071067811865486800, 0.7071067811865463500 ) ) ;
#2724 = CARTESIAN_POINT ( 'NONE',  ( 44.08974182887089200, 67.36581085508913700, -0.7569915944965199800 ) ) ;
#2725 = ADVANCED_FACE ( 'NONE', ( #2356 ), #1518, .F. ) ;
#2726 = EDGE_LOOP ( 'NONE', ( #476, #3728, #3689, #664 ) ) ;
#2727 = CARTESIAN_POINT ( 'NONE',  ( 58.15865425799412900, 2.893228062985621000E-015, 23.62499999999999300 ) ) ;
#2728 = EDGE_CURVE ( 'NONE', #1876, #2624, #682, .T. ) ;
#2729 = ORIENTED_EDGE ( 'NONE', *, *, #305, .T. ) ;
#2730 = CC_DESIGN_PERSON_AND_ORGANIZATION_ASSIGNMENT ( #2534, #742, ( #2086 ) ) ;
#2731 = DIRECTION ( 'NONE',  ( 1.000000000000000000, 0.0000000000000000000, 0.0000000000000000000 ) ) ;
#2732 = VERTEX_POINT ( 'NONE', #4071 ) ;
#2733 = AXIS2_PLACEMENT_3D ( 'NONE', #2231, #1579, #2183 ) ;
#2734 = DIRECTION ( 'NONE',  ( 1.000000000000000000, 0.0000000000000000000, 0.0000000000000000000 ) ) ;
#2735 = ADVANCED_FACE ( 'NONE', ( #3076 ), #3800, .T. ) ;
#2736 = CARTESIAN_POINT ( 'NONE',  ( 19.90192358989791500, 29.46750770272253200, 111.5927100081490800 ) ) ;
#2737 = ORIENTED_EDGE ( 'NONE', *, *, #4039, .F. ) ;
#2738 = CARTESIAN_POINT ( 'NONE',  ( 35.83646906505449400, 37.60378096963545100, 86.31111679618572900 ) ) ;
#2739 = DIRECTION ( 'NONE',  ( 0.0000000000000000000, 0.0000000000000000000, 1.000000000000000000 ) ) ;
#2740 = ADVANCED_FACE ( 'NONE', ( #1418, #3906 ), #2, .T. ) ;
#2741 = DIRECTION ( 'NONE',  ( 0.0000000000000000000, 0.0000000000000000000, -1.000000000000000000 ) ) ;
#2742 = AXIS2_PLACEMENT_3D ( 'NONE', #2612, #738, #2924 ) ;
#2743 = PLANE ( 'NONE',  #542 ) ;
#2744 = ORIENTED_EDGE ( 'NONE', *, *, #1102, .T. ) ;
#2745 = DIRECTION ( 'NONE',  ( -1.000000000000000000, 0.0000000000000000000, -0.0000000000000000000 ) ) ;
#2746 = CARTESIAN_POINT ( 'NONE',  ( -18.99999999999999600, 38.10000000000000100, -29.00000000000000000 ) ) ;
#2747 = CARTESIAN_POINT ( 'NONE',  ( 0.08077336690464466400, 44.22312962471947600, 92.93046545126979700 ) ) ;
#2748 = CARTESIAN_POINT ( 'NONE',  ( -4.285894649075052200, 47.30553430281737800, -79.32383853639055400 ) ) ;
#2749 = LINE ( 'NONE', #3407, #238 ) ;
#2750 = ADVANCED_FACE ( 'NONE', ( #788 ), #2880, .T. ) ;
#2751 = CIRCLE ( 'NONE', #3865, 23.62499999999998900 ) ;
#2752 = PERSON_AND_ORGANIZATION ( #225, #3150 ) ;
#2753 = CARTESIAN_POINT ( 'NONE',  ( 9.834586871902312000, 58.26282690547467500, 105.5777353543164500 ) ) ;
#2754 = CIRCLE ( 'NONE', #704, 16.05999999999999900 ) ;
#2755 = CARTESIAN_POINT ( 'NONE',  ( 23.28199303680785800, 32.18799605342069000, 80.89533187997093900 ) ) ;
#2756 = EDGE_CURVE ( 'NONE', #1081, #703, #2152, .T. ) ;
#2757 = TOROIDAL_SURFACE ( 'NONE', #2547, 7.124999999999985800, 20.00000000000000000 ) ;
#2758 = VERTEX_POINT ( 'NONE', #3455 ) ;
#2759 = FACE_OUTER_BOUND ( 'NONE', #1572, .T. ) ;
#2760 = DIRECTION ( 'NONE',  ( 1.000000000000000000, 0.0000000000000000000, 0.0000000000000000000 ) ) ;
#2761 = ORIENTED_EDGE ( 'NONE', *, *, #2821, .F. ) ;
#2762 = FACE_BOUND ( 'NONE', #1223, .T. ) ;
#2763 = ADVANCED_FACE ( 'NONE', ( #1308 ), #1213, .T. ) ;
#2764 = CARTESIAN_POINT ( 'NONE',  ( 34.60370558349021800, 36.52986461217824400, 85.23720043872853600 ) ) ;
#2765 = ORIENTED_EDGE ( 'NONE', *, *, #3371, .F. ) ;
#2766 = CARTESIAN_POINT ( 'NONE',  ( 0.9019235898979176500, 57.33567257895325800, 41.44300840550348400 ) ) ;
#2767 = EDGE_CURVE ( 'NONE', #1375, #2627, #2053, .T. ) ;
#2768 = AXIS2_PLACEMENT_3D ( 'NONE', #3153, #28, #2232 ) ;
#2769 = ORIENTED_EDGE ( 'NONE', *, *, #3793, .T. ) ;
#2770 = VERTEX_POINT ( 'NONE', #2851 ) ;
#2771 = APPROVAL ( #1085, 'UNSPECIFIED' ) ;
#2772 = DIRECTION ( 'NONE',  ( 0.4903843100185678600, -0.1397756057069266500, 0.8602243942930675200 ) ) ;
#2773 = ORIENTED_EDGE ( 'NONE', *, *, #1062, .T. ) ;
#2774 = ORIENTED_EDGE ( 'NONE', *, *, #3702, .T. ) ;
#2775 = EDGE_CURVE ( 'NONE', #320, #1922, #3712, .T. ) ;
#2776 = ORIENTED_EDGE ( 'NONE', *, *, #1921, .F. ) ;
#2777 = CARTESIAN_POINT ( 'NONE',  ( -60.10819268389990100, 0.0000000000000000000, -26.12499999999998600 ) ) ;
#2778 = VERTEX_POINT ( 'NONE', #346 ) ;
#2779 = CARTESIAN_POINT ( 'NONE',  ( 19.90192358989791500, 41.27567257895326200, 67.94300840550349100 ) ) ;
#2780 = ADVANCED_FACE ( 'NONE', ( #1948 ), #2792, .T. ) ;
#2781 = AXIS2_PLACEMENT_3D ( 'NONE', #3307, #1436, #3627 ) ;
#2782 = ORIENTED_EDGE ( 'NONE', *, *, #1435, .F. ) ;
#2783 = APPROVAL_DATE_TIME ( #3612, #2790 ) ;
#2784 = CARTESIAN_POINT ( 'NONE',  ( 1.146110107448227600, 49.21393806816863000, 96.51306485720205300 ) ) ;
#2785 = CARTESIAN_POINT ( 'NONE',  ( -60.10819268389990100, 0.0000000000000000000, 0.0000000000000000000 ) ) ;
#2786 = LOCAL_TIME ( 12, 1, 29.00000000000000000, #3617 ) ;
#2787 = FACE_OUTER_BOUND ( 'NONE', #1187, .T. ) ;
#2788 = CARTESIAN_POINT ( 'NONE',  ( 0.1072227991830258400, 48.39006558595220800, 97.09740141250253500 ) ) ;
#2789 = CALENDAR_DATE ( 2013, 25, 7 ) ;
#2790 = APPROVAL ( #1651, 'UNSPECIFIED' ) ;
#2791 = CARTESIAN_POINT ( 'NONE',  ( -49.10930008502348400, 2.903637560778374600E-015, -23.71000000000000100 ) ) ;
#2792 = TOROIDAL_SURFACE ( 'NONE', #421, 7.124999999999985800, 20.00000000000000000 ) ;
#2793 = EDGE_CURVE ( 'NONE', #3354, #2618, #389, .T. ) ;
#2794 = DIRECTION ( 'NONE',  ( 1.000000000000000000, -0.0000000000000000000, -0.0000000000000000000 ) ) ;
#2795 = CIRCLE ( 'NONE', #3729, 18.29999999999999000 ) ;
#2796 = CARTESIAN_POINT ( 'NONE',  ( 3.118649286161451000, 53.18413696202949100, 100.4912622536407400 ) ) ;
#2797 = ADVANCED_FACE ( 'NONE', ( #2987, #3508 ), #1915, .T. ) ;
#2798 = CIRCLE ( 'NONE', #2204, 16.06000000000000200 ) ;
#2799 = CARTESIAN_POINT ( 'NONE',  ( 2.801674276198213400, 52.74162681091711800, 100.0479535885325600 ) ) ;
#2800 = VERTEX_POINT ( 'NONE', #2862 ) ;
#2801 = CIRCLE ( 'NONE', #1520, 57.10000000000000100 ) ;
#2802 = ORIENTED_EDGE ( 'NONE', *, *, #3275, .T. ) ;
#2803 = CARTESIAN_POINT ( 'NONE',  ( 19.90192358989791500, 21.02210492120335100, 120.0381127896682300 ) ) ;
#2804 = ORIENTED_EDGE ( 'NONE', *, *, #1554, .T. ) ;
#2805 = AXIS2_PLACEMENT_3D ( 'NONE', #2803, #2485, #929 ) ;
#2806 = AXIS2_PLACEMENT_3D ( 'NONE', #1860, #4049, #2176 ) ;
#2807 = DIRECTION ( 'NONE',  ( 0.6935081420032263000, 0.5094342239068903000, 0.5094342239068920800 ) ) ;
#2808 = ORIENTED_EDGE ( 'NONE', *, *, #1976, .F. ) ;
#2809 = CARTESIAN_POINT ( 'NONE',  ( 13.39957727118931700, 59.49820512619954400, 106.8146955360359300 ) ) ;
#2810 = DIRECTION ( 'NONE',  ( 1.000000000000000000, -0.0000000000000000000, -0.0000000000000000000 ) ) ;
#2811 = CARTESIAN_POINT ( 'NONE',  ( -1.598076410102081000, 57.33567257895325800, 41.44300840550348400 ) ) ;
#2812 = AXIS2_PLACEMENT_3D ( 'NONE', #365, #2554, #680 ) ;
#2813 = ORIENTED_EDGE ( 'NONE', *, *, #2619, .F. ) ;
#2814 = CARTESIAN_POINT ( 'NONE',  ( 6.791270616016889900, 55.94645974255000500, 104.6537955691184400 ) ) ;
#2815 = CARTESIAN_POINT ( 'NONE',  ( 1.067492678847001800, 45.05918447170105200, 92.34692479838534500 ) ) ;
#2816 = CARTESIAN_POINT ( 'NONE',  ( 14.86140684669858700, 59.82112299983643300, 107.1380095932688300 ) ) ;
#2817 = EDGE_LOOP ( 'NONE', ( #3340, #1939, #3389, #2455 ) ) ;
#2818 = DIRECTION ( 'NONE',  ( 0.0000000000000000000, 0.0000000000000000000, 1.000000000000000000 ) ) ;
#2819 = ORIENTED_EDGE ( 'NONE', *, *, #1987, .T. ) ;
#2820 = VERTEX_POINT ( 'NONE', #1928 ) ;
#2821 = EDGE_CURVE ( 'NONE', #830, #128, #289, .T. ) ;
#2822 = DIRECTION ( 'NONE',  ( 0.0000000000000000000, 0.0000000000000000000, -1.000000000000000000 ) ) ;
#2823 = PLANE ( 'NONE',  #321 ) ;
#2824 = EDGE_CURVE ( 'NONE', #2376, #3281, #2711, .T. ) ;
#2825 = CARTESIAN_POINT ( 'NONE',  ( 9.791177355949683300, 58.38074901284153400, 107.0880848393919000 ) ) ;
#2826 = DIRECTION ( 'NONE',  ( 0.0000000000000000000, 0.0000000000000000000, 1.000000000000000000 ) ) ;
#2827 = CARTESIAN_POINT ( 'NONE',  ( 58.15865425799412900, 0.0000000000000000000, -27.87499999999998600 ) ) ;
#2828 = CARTESIAN_POINT ( 'NONE',  ( 17.30483522026516500, 59.49859461417040800, 108.2059304407207900 ) ) ;
#2829 = CIRCLE ( 'NONE', #1955, 26.18499999999998800 ) ;
#2830 = LOCAL_TIME ( 12, 1, 29.00000000000000000, #3671 ) ;
#2831 = CIRCLE ( 'NONE', #2439, 18.99999999999999600 ) ;
#2832 = COORDINATED_UNIVERSAL_TIME_OFFSET ( 0, 0, .AHEAD. ) ;
#2833 = EDGE_CURVE ( 'NONE', #2372, #3222, #1856, .T. ) ;
#2834 = VECTOR ( 'NONE', #1461, 1000.000000000000000 ) ;
#2835 = AXIS2_PLACEMENT_3D ( 'NONE', #1938, #2255, #52 ) ;
#2836 = CC_DESIGN_PERSON_AND_ORGANIZATION_ASSIGNMENT ( #1067, #2003, ( #2638 ) ) ;
#2837 = DIRECTION ( 'NONE',  ( -1.000000000000000000, -0.0000000000000000000, -0.0000000000000000000 ) ) ;
#2838 = CARTESIAN_POINT ( 'NONE',  ( 0.0000000000000000000, 0.0000000000000000000, 0.0000000000000000000 ) ) ;
#2839 = DIRECTION ( 'NONE',  ( 0.0000000000000000000, 0.0000000000000000000, -1.000000000000000000 ) ) ;
#2840 = FACE_OUTER_BOUND ( 'NONE', #564, .T. ) ;
#2841 = CARTESIAN_POINT ( 'NONE',  ( 22.38834911641249500, 60.20469027270444000, 108.9120260992548000 ) ) ;
#2842 = LINE ( 'NONE', #2614, #1079 ) ;
#2843 = DIRECTION ( 'NONE',  ( 0.0000000000000000000, 0.0000000000000000000, 1.000000000000000000 ) ) ;
#2844 = ORIENTED_EDGE ( 'NONE', *, *, #3450, .T. ) ;
#2845 = DIRECTION ( 'NONE',  ( 0.0000000000000000000, 0.0000000000000000000, -1.000000000000000000 ) ) ;
#2846 = DIRECTION ( 'NONE',  ( 0.0000000000000000000, 0.0000000000000000000, -1.000000000000000000 ) ) ;
#2847 = VERTEX_POINT ( 'NONE', #41 ) ;
#2848 = CONICAL_SURFACE ( 'NONE', #1368, 23.11500000000000200, 0.5235987755982984800 ) ;
#2849 = ORIENTED_EDGE ( 'NONE', *, *, #459, .F. ) ;
#2850 = AXIS2_PLACEMENT_3D ( 'NONE', #3290, #3915, #1291 ) ;
#2851 = CARTESIAN_POINT ( 'NONE',  ( 0.0000000000000000000, 57.10000000000000100, 0.0000000000000000000 ) ) ;
#2852 = DIRECTION ( 'NONE',  ( 0.0000000000000000000, 0.0000000000000000000, -1.000000000000000000 ) ) ;
#2853 = EDGE_LOOP ( 'NONE', ( #957, #108, #2433, #2164, #228, #1337 ) ) ;
#2854 = CARTESIAN_POINT ( 'NONE',  ( 25.89467902251006800, 59.62245660258741300, 106.9391002885353000 ) ) ;
#2855 =( NAMED_UNIT ( * ) PLANE_ANGLE_UNIT ( ) SI_UNIT ( $, .RADIAN. ) );
#2856 = DIRECTION ( 'NONE',  ( 0.0000000000000000000, -0.0000000000000000000, 1.000000000000000000 ) ) ;
#2857 = ORIENTED_EDGE ( 'NONE', *, *, #1909, .F. ) ;
#2858 = ORIENTED_EDGE ( 'NONE', *, *, #3942, .T. ) ;
#2859 = EDGE_LOOP ( 'NONE', ( #2942, #2527, #2571, #3582, #2340 ) ) ;
#2860 = EDGE_CURVE ( 'NONE', #2274, #760, #1021, .T. ) ;
#2861 = CARTESIAN_POINT ( 'NONE',  ( 8.764182829326097500, 21.99310084796442400, 102.7040895910178500 ) ) ;
#2862 = CARTESIAN_POINT ( 'NONE',  ( -46.22819268389991300, 0.0000000000000000000, -23.62499999999998900 ) ) ;
#2863 = DIRECTION ( 'NONE',  ( 0.0000000000000000000, 0.0000000000000000000, 1.000000000000000000 ) ) ;
#2864 = CARTESIAN_POINT ( 'NONE',  ( 29.86917107412918100, 57.65486324406060000, 106.3621990706063900 ) ) ;
#2865 = CARTESIAN_POINT ( 'NONE',  ( 19.90192358989791500, 58.71294925797203500, 82.34726845289968400 ) ) ;
#2866 = ORIENTED_EDGE ( 'NONE', *, *, #2289, .F. ) ;
#2867 = CARTESIAN_POINT ( 'NONE',  ( 39.75873037797948900, 44.41557934462937100, 93.12291517117968500 ) ) ;
#2868 = APPROVAL_PERSON_ORGANIZATION ( #3703, #2790, #3830 ) ;
#2869 = CARTESIAN_POINT ( 'NONE',  ( 4.093405492934365100, 9.409551787245785400, 108.4255596557106300 ) ) ;
#2870 = CIRCLE ( 'NONE', #291, 27.87499999999998600 ) ;
#2871 = COORDINATED_UNIVERSAL_TIME_OFFSET ( 0, 0, .AHEAD. ) ;
#2872 = AXIS2_PLACEMENT_3D ( 'NONE', #3283, #1415, #3606 ) ;
#2873 = AXIS2_PLACEMENT_3D ( 'NONE', #2075, #197, #2391 ) ;
#2874 = DIRECTION ( 'NONE',  ( 0.0000000000000000000, 0.0000000000000000000, -1.000000000000000000 ) ) ;
#2875 = CARTESIAN_POINT ( 'NONE',  ( -20.40819268389990200, 0.0000000000000000000, 0.0000000000000000000 ) ) ;
#2876 = CIRCLE ( 'NONE', #360, 24.12500000000000400 ) ;
#2877 = CARTESIAN_POINT ( 'NONE',  ( 34.42143517480326400, 55.90663036726744700, 104.6139661938178000 ) ) ;
#2878 = CARTESIAN_POINT ( 'NONE',  ( 0.0000000000000000000, 0.0000000000000000000, 0.0000000000000000000 ) ) ;
#2879 = PERSON_AND_ORGANIZATION ( #225, #3150 ) ;
#2880 = CONICAL_SURFACE ( 'NONE', #3206, 26.18499999999999500, 0.2094395102393202800 ) ;
#2881 = AXIS2_PLACEMENT_3D ( 'NONE', #958, #1570, #2585 ) ;
#2882 = CARTESIAN_POINT ( 'NONE',  ( 37.29821671280622300, 41.40803774227779900, 88.68207076462105900 ) ) ;
#2883 = CARTESIAN_POINT ( 'NONE',  ( 21.05999264582632000, 60.28180162931774100, 107.5992428157041300 ) ) ;
#2884 = DIRECTION ( 'NONE',  ( 1.000000000000000000, 0.0000000000000000000, 0.0000000000000000000 ) ) ;
#2885 = FACE_OUTER_BOUND ( 'NONE', #258, .T. ) ;
#2886 = CARTESIAN_POINT ( 'NONE',  ( 20.42097151353795300, 60.33833982717606400, 109.0456756537263900 ) ) ;
#2887 = AXIS2_PLACEMENT_3D ( 'NONE', #1914, #26, #2229 ) ;
#2888 = CIRCLE ( 'NONE', #1996, 23.62499999999998900 ) ;
#2889 = LINE ( 'NONE', #3178, #1127 ) ;
#2890 = PRODUCT_RELATED_PRODUCT_CATEGORY ( 'detail', '', ( #2087 ) ) ;
#2891 = DIRECTION ( 'NONE',  ( -1.951563910473908000E-018, -0.7071067811865486800, 0.7071067811865463500 ) ) ;
#2892 = CARTESIAN_POINT ( 'NONE',  ( 0.0000000000000000000, 38.29690326906334300, 38.29690326906348500 ) ) ;
#2893 = CARTESIAN_POINT ( 'NONE',  ( 37.16840206404106100, 52.49358472871342200, 99.79945579796603300 ) ) ;
#2894 = APPLICATION_PROTOCOL_DEFINITION ( 'international standard', 'config_control_design', 1994, #709 ) ;
#2895 = CIRCLE ( 'NONE', #3890, 27.12499999999998600 ) ;
#2896 = EDGE_CURVE ( 'NONE', #703, #3533, #194, .T. ) ;
#2897 = ORIENTED_EDGE ( 'NONE', *, *, #587, .F. ) ;
#2898 = ORIENTED_EDGE ( 'NONE', *, *, #1005, .F. ) ;
#2899 = DIRECTION ( 'NONE',  ( 0.0000000000000000000, 0.0000000000000000000, 1.000000000000000000 ) ) ;
#2900 = EDGE_CURVE ( 'NONE', #307, #3361, #3418, .T. ) ;
#2901 = CARTESIAN_POINT ( 'NONE',  ( 35.03843593183244600, 38.05799380790229900, 86.76532963445485800 ) ) ;
#2902 = CARTESIAN_POINT ( 'NONE',  ( 34.25500077924531400, 55.68041787314934500, 102.9916557020367900 ) ) ;
#2903 = ORIENTED_EDGE ( 'NONE', *, *, #3967, .T. ) ;
#2904 = CARTESIAN_POINT ( 'NONE',  ( 15.23263086570104700, 59.92951018638665800, 108.6368460129370400 ) ) ;
#2905 = VERTEX_POINT ( 'NONE', #2909 ) ;
#2906 = ORIENTED_EDGE ( 'NONE', *, *, #936, .T. ) ;
#2907 = DIRECTION ( 'NONE',  ( 0.0000000000000000000, 0.0000000000000000000, 1.000000000000000000 ) ) ;
#2908 = DIRECTION ( 'NONE',  ( -1.000000000000000000, -0.0000000000000000000, -0.0000000000000000000 ) ) ;
#2909 = CARTESIAN_POINT ( 'NONE',  ( -41.35930008502347700, 0.0000000000000000000, 22.79500000000000200 ) ) ;
#2910 = CARTESIAN_POINT ( 'NONE',  ( 38.67104809068055700, 48.45380945289039000, 97.16114527942697500 ) ) ;
#2911 = APPROVAL_ROLE ( '' ) ;
#2912 = ORIENTED_EDGE ( 'NONE', *, *, #1488, .F. ) ;
#2913 = CARTESIAN_POINT ( 'NONE',  ( -48.55504382660144800, 0.0000000000000000000, 0.0000000000000000000 ) ) ;
#2914 = CARTESIAN_POINT ( 'NONE',  ( 31.66473315565980000, 34.71336473002478600, 83.42070055657507100 ) ) ;
#2915 = EDGE_CURVE ( 'NONE', #3533, #2372, #2591, .T. ) ;
#2916 = DIRECTION ( 'NONE',  ( 0.7071067811865352500, 8.659560562355083200E-017, 0.7071067811865597900 ) ) ;
#2917 = CC_DESIGN_PERSON_AND_ORGANIZATION_ASSIGNMENT ( #1704, #2927, ( #2086 ) ) ;
#2918 = ORIENTED_EDGE ( 'NONE', *, *, #2951, .F. ) ;
#2919 = ORIENTED_EDGE ( 'NONE', *, *, #1752, .T. ) ;
#2920 = DIRECTION ( 'NONE',  ( 0.0000000000000000000, 0.0000000000000000000, 1.000000000000000000 ) ) ;
#2921 = AXIS2_PLACEMENT_3D ( 'NONE', #347, #1880, #1615 ) ;
#2922 = CARTESIAN_POINT ( 'NONE',  ( 41.72499809422239300, 66.38520539444724000, 25.06300840550348900 ) ) ;
#2923 = B_SPLINE_CURVE_WITH_KNOTS ( 'NONE', 3,
 ( #2331, #460, #3256, #1396, #3577, #1712, #3887, #2018, #144, #2345, #473, #2667, #787, #2968, #1089, #3272, #1406, #3597, #1732, #3905, #2032, #2044, #311, #2500, #620, #2815, #942 ),
 .UNSPECIFIED., .F., .F.,
 ( 4, 2, 1, 2, 2, 2, 2, 2, 2, 2, 2, 2, 2, 4 ),
 ( 0.02993011695890902100, 0.03167531042274596100, 0.03342050388658290200, 0.03516569735041984200, 0.03691089081425677500, 0.04040127774193065500, 0.04214647120576760200, 0.04389166466960454900, 0.04738205159727840900, 0.04912724506111534200, 0.05087243852495227500, 0.05436282545262616200, 0.05610801891646310900, 0.05785321238030005600 ),
 .UNSPECIFIED. ) ;
#2924 = DIRECTION ( 'NONE',  ( 0.0000000000000000000, 0.0000000000000000000, 1.000000000000000000 ) ) ;
#2925 = CARTESIAN_POINT ( 'NONE',  ( -17.90819268389989100, 0.0000000000000000000, -24.12500000000000400 ) ) ;
#2926 = DIRECTION ( 'NONE',  ( -1.951563910473908400E-018, -0.7071067811865487900, 0.7071067811865463500 ) ) ;
#2927 = PERSON_AND_ORGANIZATION_ROLE ( 'design_supplier' ) ;
#2928 = CARTESIAN_POINT ( 'NONE',  ( 27.01419799104613900, 34.43795601058955900, 81.66399878800227400 ) ) ;
#2929 = FACE_OUTER_BOUND ( 'NONE', #330, .T. ) ;
#2930 = CALENDAR_DATE ( 2013, 25, 7 ) ;
#2931 = FACE_OUTER_BOUND ( 'NONE', #3655, .T. ) ;
#2932 = VERTEX_POINT ( 'NONE', #723 ) ;
#2933 = AXIS2_PLACEMENT_3D ( 'NONE', #3544, #1677, #3853 ) ;
#2934 = LOCAL_TIME ( 12, 1, 29.00000000000000000, #3754 ) ;
#2935 = CARTESIAN_POINT ( 'NONE',  ( 37.01193878561446800, 40.96527502671425200, 88.23730659295831900 ) ) ;
#2936 = FACE_OUTER_BOUND ( 'NONE', #3103, .T. ) ;
#2937 = CARTESIAN_POINT ( 'NONE',  ( 19.90192358989791900, 57.33567257895325800, -79.32383853639055400 ) ) ;
#2938 = PERSON_AND_ORGANIZATION_ROLE ( 'creator' ) ;
#2939 = CARTESIAN_POINT ( 'NONE',  ( -53.30290323835134800, 0.0000000000000000000, 0.0000000000000000000 ) ) ;
#2940 = FACE_OUTER_BOUND ( 'NONE', #1038, .T. ) ;
#2941 = CARTESIAN_POINT ( 'NONE',  ( 24.33219267610262500, 33.10195227860007300, 81.80928810515035800 ) ) ;
#2942 = ORIENTED_EDGE ( 'NONE', *, *, #1226, .T. ) ;
#2943 = VECTOR ( 'NONE', #3373, 1000.000000000000000 ) ;
#2944 = ORIENTED_EDGE ( 'NONE', *, *, #3516, .F. ) ;
#2945 = DIRECTION ( 'NONE',  ( -0.2390784044194903500, -0.09914037849439548400, 0.9659258262890678700 ) ) ;
#2946 = VERTEX_POINT ( 'NONE', #2892 ) ;
#2947 = CARTESIAN_POINT ( 'NONE',  ( 24.48877626291453400, 33.85436594856619100, 81.07397820188380400 ) ) ;
#2948 = DIRECTION ( 'NONE',  ( -1.951563910473908400E-018, -0.7071067811865487900, 0.7071067811865463500 ) ) ;
#2949 = PLANE ( 'NONE',  #1293 ) ;
#2950 = PERSON_AND_ORGANIZATION_ROLE ( 'design_owner' ) ;
#2951 = EDGE_CURVE ( 'NONE', #1375, #1984, #85, .T. ) ;
#2952 = EDGE_LOOP ( 'NONE', ( #3406, #860 ) ) ;
#2953 = CARTESIAN_POINT ( 'NONE',  ( 19.71538420112987600, 32.01345229999617500, 80.72078812654643800 ) ) ;
#2954 = DIRECTION ( 'NONE',  ( 1.000000000000000000, 0.0000000000000000000, 0.0000000000000000000 ) ) ;
#2955 = CARTESIAN_POINT ( 'NONE',  ( 34.86703925806833800, 55.56297492537486000, 104.2703107519252200 ) ) ;
#2956 = ORIENTED_EDGE ( 'NONE', *, *, #746, .T. ) ;
#2957 = AXIS2_PLACEMENT_3D ( 'NONE', #3425, #1234, #2807 ) ;
#2958 = CARTESIAN_POINT ( 'NONE',  ( -22.77439587576796100, 3.268331501057124200E-015, -26.68795201467610000 ) ) ;
#2959 = CARTESIAN_POINT ( 'NONE',  ( 30.57941468966067000, 31.58675398390374400, 33.44300840550347700 ) ) ;
#2960 = CIRCLE ( 'NONE', #3541, 26.68795201467610000 ) ;
#2961 = VERTEX_POINT ( 'NONE', #1973 ) ;
#2962 = DATE_TIME_ROLE ( 'classification_date' ) ;
#2963 = EDGE_LOOP ( 'NONE', ( #3433, #1178 ) ) ;
#2964 = PRODUCT_DEFINITION_SHAPE ( 'NONE', 'NONE',  #13 ) ;
#2965 = ORIENTED_EDGE ( 'NONE', *, *, #2756, .T. ) ;
#2966 = CARTESIAN_POINT ( 'NONE',  ( 15.71295860461250400, 33.76675741261745900, 80.98539880075217900 ) ) ;
#2967 = EDGE_CURVE ( 'NONE', #665, #2770, #1116, .T. ) ;
#2968 = CARTESIAN_POINT ( 'NONE',  ( 7.620303491774779800, 36.63203670837248900, 83.87788881564742400 ) ) ;
#2969 = DIRECTION ( 'NONE',  ( 0.6935081420032263000, 0.5094342239068900800, 0.5094342239068919700 ) ) ;
#2970 = AXIS2_PLACEMENT_3D ( 'NONE', #1328, #3512, #1649 ) ;
#2971 = CC_DESIGN_APPROVAL ( #2771, ( #2130 ) ) ;
#2972 = COORDINATED_UNIVERSAL_TIME_OFFSET ( 0, 0, .AHEAD. ) ;
#2973 = ORIENTED_EDGE ( 'NONE', *, *, #728, .F. ) ;
#2974 = DIRECTION ( 'NONE',  ( -0.0000000000000000000, -0.0000000000000000000, 1.000000000000000000 ) ) ;
#2975 = DIRECTION ( 'NONE',  ( 0.0000000000000000000, 0.0000000000000000000, 1.000000000000000000 ) ) ;
#2976 = CIRCLE ( 'NONE', #924, 27.12499999999998600 ) ;
#2977 = DIRECTION ( 'NONE',  ( 0.6935081420032259700, 0.5094342239068903000, 0.5094342239068920800 ) ) ;
#2978 = ORIENTED_EDGE ( 'NONE', *, *, #1060, .T. ) ;
#2979 = APPROVAL_ROLE ( '' ) ;
#2980 = EDGE_CURVE ( 'NONE', #2627, #3365, #3328, .T. ) ;
#2981 = APPROVAL_PERSON_ORGANIZATION ( #3790, #521, #1756 ) ;
#2982 = CARTESIAN_POINT ( 'NONE',  ( 0.01199700823243173400, 44.68492766911141700, 93.39226349566173700 ) ) ;
#2983 = TOROIDAL_SURFACE ( 'NONE', #3376, 38.10000000000000100, 19.00000000000000000 ) ;
#2984 = ADVANCED_FACE ( 'NONE', ( #2491 ), #3216, .F. ) ;
#2985 = COORDINATED_UNIVERSAL_TIME_OFFSET ( 0, 0, .AHEAD. ) ;
#2986 = CARTESIAN_POINT ( 'NONE',  ( 11.62948744723914600, 34.09216461085076600, 82.79950043739879100 ) ) ;
#2987 = FACE_BOUND ( 'NONE', #2270, .T. ) ;
#2988 = CARTESIAN_POINT ( 'NONE',  ( 38.81068424816415100, 50.79903230432296400, 99.50636813087329800 ) ) ;
#2989 = CYLINDRICAL_SURFACE ( 'NONE', #1629, 26.12499999999999300 ) ;
#2990 = CARTESIAN_POINT ( 'NONE',  ( -53.30290323835134800, 0.0000000000000000000, 0.0000000000000000000 ) ) ;
#2991 = FACE_OUTER_BOUND ( 'NONE', #510, .T. ) ;
#2992 = PERSON_AND_ORGANIZATION_ROLE ( 'classification_officer' ) ;
#2993 = FACE_OUTER_BOUND ( 'NONE', #2817, .T. ) ;
#2994 = CARTESIAN_POINT ( 'NONE',  ( 19.90192358989791900, 57.33567257895325800, -3.256991594496522400 ) ) ;
#2995 = VERTEX_POINT ( 'NONE', #2019 ) ;
#2996 = CARTESIAN_POINT ( 'NONE',  ( 6.321489751672703300, 35.76906977911682600, 84.47640560566711100 ) ) ;
#2997 = CIRCLE ( 'NONE', #25, 16.06000000000000200 ) ;
#2998 = CC_DESIGN_APPROVAL ( #2790, ( #2519 ) ) ;
#2999 = EDGE_LOOP ( 'NONE', ( #3645, #1907, #713, #1341 ) ) ;
#3000 = DIRECTION ( 'NONE',  ( 0.9237280213470682200, 0.3830490080632376100, 0.0000000000000000000 ) ) ;
#3001 = VERTEX_POINT ( 'NONE', #145 ) ;
#3002 = CC_DESIGN_PERSON_AND_ORGANIZATION_ASSIGNMENT ( #3790, #2062, ( #77 ) ) ;
#3003 = PRODUCT ( 'Part7^PL-24-45-WF', 'Part7^PL-24-45-WF', '', ( #3213 ) ) ;
#3004 = EDGE_CURVE ( 'NONE', #2224, #2778, #2402, .T. ) ;
#3005 = ORIENTED_EDGE ( 'NONE', *, *, #2159, .F. ) ;
#3006 = ORIENTED_EDGE ( 'NONE', *, *, #1062, .F. ) ;
#3007 = ADVANCED_FACE ( 'NONE', ( #930 ), #735, .T. ) ;
#3008 = DIRECTION ( 'NONE',  ( 0.0000000000000000000, 0.0000000000000000000, -1.000000000000000000 ) ) ;
#3009 = CARTESIAN_POINT ( 'NONE',  ( 6.291294983556041700, 35.75723389890110600, 84.46456972545138300 ) ) ;
#3010 = DATE_TIME_ROLE ( 'classification_date' ) ;
#3011 = CARTESIAN_POINT ( 'NONE',  ( 37.86843360509838200, 64.78597578578322200, 25.06300840550348900 ) ) ;
#3012 = ORIENTED_EDGE ( 'NONE', *, *, #1891, .F. ) ;
#3013 = DIRECTION ( 'NONE',  ( 0.0000000000000000000, 0.0000000000000000000, -1.000000000000000000 ) ) ;
#3014 = CARTESIAN_POINT ( 'NONE',  ( 28.63942561748792700, 58.89980036933046400, 107.6071361958808400 ) ) ;
#3015 = ORIENTED_EDGE ( 'NONE', *, *, #399, .F. ) ;
#3016 = CARTESIAN_POINT ( 'NONE',  ( 3.833342334052507500, 39.70124529175623700, 86.96682006557105600 ) ) ;
#3017 = VERTEX_POINT ( 'NONE', #2033 ) ;
#3018 = ADVANCED_FACE ( 'NONE', ( #1556 ), #3116, .F. ) ;
#3019 = DIRECTION ( 'NONE',  ( -1.000000000000000000, -0.0000000000000000000, -0.0000000000000000000 ) ) ;
#3020 = CARTESIAN_POINT ( 'NONE',  ( 44.08974182887089200, 67.36581085508913700, -0.7569915944965199800 ) ) ;
#3021 = AXIS2_PLACEMENT_3D ( 'NONE', #1867, #618, #4056 ) ;
#3022 = AXIS2_PLACEMENT_3D ( 'NONE', #615, #2810, #934 ) ;
#3023 = EDGE_LOOP ( 'NONE', ( #4018, #2965, #3087, #1910, #173 ) ) ;
#3024 = DIRECTION ( 'NONE',  ( 0.0000000000000000000, 0.0000000000000000000, -1.000000000000000000 ) ) ;
#3025 = CARTESIAN_POINT ( 'NONE',  ( 3.530952602246525200, 54.34655934128863900, 103.0538951678390300 ) ) ;
#3026 = EDGE_LOOP ( 'NONE', ( #2808, #3123 ) ) ;
#3027 = AXIS2_PLACEMENT_3D ( 'NONE', #2865, #991, #3172 ) ;
#3028 = ORIENTED_EDGE ( 'NONE', *, *, #805, .F. ) ;
#3029 = DIRECTION ( 'NONE',  ( 1.000000000000000000, -0.0000000000000000000, -0.0000000000000000000 ) ) ;
#3030 = ADVANCED_FACE ( 'NONE', ( #848 ), #1468, .T. ) ;
#3031 = CARTESIAN_POINT ( 'NONE',  ( 44.03431814759007100, 67.34282791460533700, -79.32383853639055400 ) ) ;
#3032 = CIRCLE ( 'NONE', #285, 19.44999999999998500 ) ;
#3033 = PERSON_AND_ORGANIZATION ( #225, #3150 ) ;
#3034 = CARTESIAN_POINT ( 'NONE',  ( -41.35930008502347700, 0.0000000000000000000, 17.06000000000001300 ) ) ;
#3035 = CARTESIAN_POINT ( 'NONE',  ( -5.154198989141291600, 46.94546823523793900, -79.32383853639055400 ) ) ;
#3036 = CARTESIAN_POINT ( 'NONE',  ( 2.639764671918099800, 39.00673721608158900, 87.71407304263188100 ) ) ;
#3037 = ADVANCED_FACE ( 'NONE', ( #3965, #626 ), #3295, .T. ) ;
#3038 = EDGE_CURVE ( 'NONE', #3767, #752, #4058, .T. ) ;
#3039 = LINE ( 'NONE', #208, #2301 ) ;
#3040 = EDGE_CURVE ( 'NONE', #3017, #3430, #3850, .T. ) ;
#3041 = CALENDAR_DATE ( 2013, 25, 7 ) ;
#3042 = CIRCLE ( 'NONE', #917, 20.00000000000000000 ) ;
#3043 = CIRCLE ( 'NONE', #1911, 27.87499999999998900 ) ;
#3044 = ADVANCED_FACE ( 'NONE', ( #1660 ), #541, .T. ) ;
#3045 = EDGE_LOOP ( 'NONE', ( #2387, #313 ) ) ;
#3046 = CARTESIAN_POINT ( 'NONE',  ( 18.70743798265063500, 32.03246767411400200, 80.73980350066426600 ) ) ;
#3047 = CIRCLE ( 'NONE', #1645, 22.79499999999999800 ) ;
#3048 = DIRECTION ( 'NONE',  ( 1.000000000000000000, -0.0000000000000000000, -0.0000000000000000000 ) ) ;
#3049 = ORIENTED_EDGE ( 'NONE', *, *, #2021, .T. ) ;
#3050 = EDGE_CURVE ( 'NONE', #947, #2905, #1357, .T. ) ;
#3051 = CARTESIAN_POINT ( 'NONE',  ( 23.04008041486798700, 60.13922888657433000, 108.8465647131247100 ) ) ;
#3052 = EDGE_LOOP ( 'NONE', ( #3979, #1197 ) ) ;
#3053 = AXIS2_PLACEMENT_3D ( 'NONE', #1657, #3835, #1969 ) ;
#3054 = CC_DESIGN_DATE_AND_TIME_ASSIGNMENT ( #1815, #124, ( #2638 ) ) ;
#3055 = VERTEX_POINT ( 'NONE', #3920 ) ;
#3056 = VERTEX_POINT ( 'NONE', #2072 ) ;
#3057 = CARTESIAN_POINT ( 'NONE',  ( -17.72930008502348500, 0.0000000000000000000, 0.0000000000000000000 ) ) ;
#3058 = EDGE_LOOP ( 'NONE', ( #3879, #1456, #2866, #3638, #3291 ) ) ;
#3059 = DIRECTION ( 'NONE',  ( -1.000000000000000000, -0.0000000000000000000, -0.0000000000000000000 ) ) ;
#3060 = ADVANCED_FACE ( 'NONE', ( #3752 ), #2102, .T. ) ;
#3061 = AXIS2_PLACEMENT_3D ( 'NONE', #3634, #3955, #3329 ) ;
#3062 = CARTESIAN_POINT ( 'NONE',  ( 41.72499809422240000, 66.38520539444724000, -2.756991594496535700 ) ) ;
#3063 = CARTESIAN_POINT ( 'NONE',  ( 27.36603685640754700, 33.03595475500839700, 81.74329058155866800 ) ) ;
#3064 = LOCAL_TIME ( 12, 1, 29.00000000000000000, #3891 ) ;
#3065 = EDGE_LOOP ( 'NONE', ( #461, #427, #2477, #2461 ) ) ;
#3066 = FACE_OUTER_BOUND ( 'NONE', #779, .T. ) ;
#3067 = CARTESIAN_POINT ( 'NONE',  ( -57.10819268389989400, 3.199389762772458500E-015, 26.12499999999998600 ) ) ;
#3068 = PERSON_AND_ORGANIZATION ( #225, #3150 ) ;
#3069 = CALENDAR_DATE ( 2013, 25, 7 ) ;
#3070 = EDGE_CURVE ( 'NONE', #3090, #1480, #3039, .T. ) ;
#3071 = CARTESIAN_POINT ( 'NONE',  ( -41.35930008502347700, 0.0000000000000000000, 0.0000000000000000000 ) ) ;
#3072 = CYLINDRICAL_SURFACE ( 'NONE', #2536, 26.18499999999999200 ) ;
#3073 = LOCAL_TIME ( 12, 1, 29.00000000000000000, #3902 ) ;
#3074 = CARTESIAN_POINT ( 'NONE',  ( 19.90192358989791900, 57.33567257895325800, 1.609211597371540400 ) ) ;
#3075 = DIRECTION ( 'NONE',  ( 1.000000000000000000, -0.0000000000000000000, -0.0000000000000000000 ) ) ;
#3076 = FACE_OUTER_BOUND ( 'NONE', #2174, .T. ) ;
#3077 = ADVANCED_FACE ( 'NONE', ( #2194, #2931 ), #529, .F. ) ;
#3078 = CIRCLE ( 'NONE', #328, 23.71000000000000400 ) ;
#3079 = LINE ( 'NONE', #1385, #2153 ) ;
#3080 = CARTESIAN_POINT ( 'NONE',  ( 1.935413574697460100, 49.88536937212329300, 25.06300840550348900 ) ) ;
#3081 = VECTOR ( 'NONE', #1238, 1000.000000000000000 ) ;
#3082 = AXIS2_PLACEMENT_3D ( 'NONE', #2959, #2025, #149 ) ;
#3083 = DIRECTION ( 'NONE',  ( 2.775557561562891400E-017, 0.7071067811865487900, -0.7071067811865463500 ) ) ;
#3084 = ORIENTED_EDGE ( 'NONE', *, *, #1846, .T. ) ;
#3085 = CIRCLE ( 'NONE', #3260, 16.05999999999999900 ) ;
#3086 = ORIENTED_EDGE ( 'NONE', *, *, #3228, .F. ) ;
#3087 = ORIENTED_EDGE ( 'NONE', *, *, #2896, .T. ) ;
#3088 = DIRECTION ( 'NONE',  ( 0.0000000000000000000, 0.0000000000000000000, -1.000000000000000000 ) ) ;
#3089 = AXIS2_PLACEMENT_3D ( 'NONE', #1892, #1596, #1905 ) ;
#3090 = VERTEX_POINT ( 'NONE', #193 ) ;
#3091 = CARTESIAN_POINT ( 'NONE',  ( 1.324967104929711600, 49.13891095863841200, 97.84624678519328700 ) ) ;
#3092 = AXIS2_PLACEMENT_3D ( 'NONE', #3911, #3608, #1417 ) ;
#3093 = ADVANCED_FACE ( 'NONE', ( #3674 ), #1162, .T. ) ;
#3094 = EDGE_LOOP ( 'NONE', ( #3769, #2804, #1338, #640 ) ) ;
#3095 = ORIENTED_EDGE ( 'NONE', *, *, #1262, .F. ) ;
#3096 = CC_DESIGN_SECURITY_CLASSIFICATION ( #1048, ( #4078 ) ) ;
#3097 = ORIENTED_EDGE ( 'NONE', *, *, #84, .F. ) ;
#3098 = ORIENTED_EDGE ( 'NONE', *, *, #2710, .F. ) ;
#3099 = EDGE_CURVE ( 'NONE', #2770, #1397, #2831, .T. ) ;
#3100 = DIRECTION ( 'NONE',  ( 0.0000000000000000000, 0.0000000000000000000, -1.000000000000000000 ) ) ;
#3101 = EDGE_CURVE ( 'NONE', #903, #3354, #1995, .T. ) ;
#3102 = CARTESIAN_POINT ( 'NONE',  ( 1.901661154440548400, 52.35011274011996100, 101.0574485666703000 ) ) ;
#3103 = EDGE_LOOP ( 'NONE', ( #1224, #282, #697, #4023 ) ) ;
#3104 = EDGE_LOOP ( 'NONE', ( #2898, #1095, #1053, #3919 ) ) ;
#3105 = COORDINATED_UNIVERSAL_TIME_OFFSET ( 0, 0, .AHEAD. ) ;
#3106 = CARTESIAN_POINT ( 'NONE',  ( -57.10819268389989400, 0.0000000000000000000, -26.12499999999998600 ) ) ;
#3107 = DIRECTION ( 'NONE',  ( -1.000000000000000000, 0.0000000000000000000, 0.0000000000000000000 ) ) ;
#3108 = PERSON ( 'NAUO-PER1', 'UNSPECIFIED', 'UNSPECIFIED', ('UNSPECIFIED'), ('UNSPECIFIED'), ('UNSPECIFIED') ) ;
#3109 = EDGE_CURVE ( 'NONE', #2319, #1333, #1257, .T. ) ;
#3110 = CYLINDRICAL_SURFACE ( 'NONE', #58, 19.44999999999998200 ) ;
#3111 = CARTESIAN_POINT ( 'NONE',  ( 8.229030595322429400, 57.47631305577976900, 104.7901605269823600 ) ) ;
#3112 = COORDINATED_UNIVERSAL_TIME_OFFSET ( 0, 0, .AHEAD. ) ;
#3113 = SECURITY_CLASSIFICATION ( '', '', #1046 ) ;
#3114 = DIRECTION ( 'NONE',  ( -0.0000000000000000000, -0.0000000000000000000, 1.000000000000000000 ) ) ;
#3115 = CARTESIAN_POINT ( 'NONE',  ( 19.90192358989791900, 57.33567257895325800, 38.44300840550349100 ) ) ;
#3116 = CYLINDRICAL_SURFACE ( 'NONE', #339, 22.79500000000000200 ) ;
#3117 = ORIENTED_EDGE ( 'NONE', *, *, #1226, .F. ) ;
#3118 = CARTESIAN_POINT ( 'NONE',  ( 14.59611649177914600, 59.80766407402707300, 108.5149999005774400 ) ) ;
#3119 = AXIS2_PLACEMENT_3D ( 'NONE', #975, #659, #1886 ) ;
#3120 = FACE_OUTER_BOUND ( 'NONE', #406, .T. ) ;
#3121 = CARTESIAN_POINT ( 'NONE',  ( 2.326828918379971000E-015, 13.50573952066303600, 13.50573952066308400 ) ) ;
#3122 = CIRCLE ( 'NONE', #1077, 26.12499999999998600 ) ;
#3123 = ORIENTED_EDGE ( 'NONE', *, *, #3773, .F. ) ;
#3124 = CARTESIAN_POINT ( 'NONE',  ( 11.93125568447453900, 58.41005513173409700, 107.1173909582890200 ) ) ;
#3125 = CIRCLE ( 'NONE', #1012, 19.44999999999998500 ) ;
#3126 = VERTEX_POINT ( 'NONE', #2108 ) ;
#3127 = DIRECTION ( 'NONE',  ( -1.000000000000000000, -0.0000000000000000000, -0.0000000000000000000 ) ) ;
#3128 = CARTESIAN_POINT ( 'NONE',  ( 28.95145640539191200, 35.51259807462878400, 25.06300840550348100 ) ) ;
#3129 = ORIENTED_EDGE ( 'NONE', *, *, #534, .T. ) ;
#3130 = CARTESIAN_POINT ( 'NONE',  ( 19.90192358989791900, 57.33567257895325800, -0.7569915944965199800 ) ) ;
#3131 = CARTESIAN_POINT ( 'NONE',  ( 19.15613287790255400, 60.31863872074469400, 107.6361239033015400 ) ) ;
#3132 = AXIS2_PLACEMENT_3D ( 'NONE', #2309, #3578, #1713 ) ;
#3133 = EDGE_LOOP ( 'NONE', ( #1568, #1829, #647, #613, #2522 ) ) ;
#3134 = CARTESIAN_POINT ( 'NONE',  ( 19.90192358989791500, 57.33567257895325800, 41.44300840550348400 ) ) ;
#3135 = EDGE_LOOP ( 'NONE', ( #1802, #97, #3831, #2375 ) ) ;
#3136 = ORIENTED_EDGE ( 'NONE', *, *, #1212, .T. ) ;
#3137 = CARTESIAN_POINT ( 'NONE',  ( 19.90192358989791900, 57.33567257895325800, -79.32383853639055400 ) ) ;
#3138 = CARTESIAN_POINT ( 'NONE',  ( -46.22819268389991300, 2.893228062985620600E-015, 23.62499999999998900 ) ) ;
#3139 = CARTESIAN_POINT ( 'NONE',  ( 22.88581089376852900, 59.45261036031826800, 108.1599461868709300 ) ) ;
#3140 = ORIENTED_EDGE ( 'NONE', *, *, #2713, .T. ) ;
#3141 = ORIENTED_EDGE ( 'NONE', *, *, #1086, .T. ) ;
#3142 = EDGE_CURVE ( 'NONE', #2905, #1241, #442, .T. ) ;
#3143 = PRODUCT_DEFINITION_SHAPE ( 'NONE', 'NONE',  #4078 ) ;
#3144 = DIRECTION ( 'NONE',  ( -1.000000000000000000, 0.0000000000000000000, -0.0000000000000000000 ) ) ;
#3145 = DIRECTION ( 'NONE',  ( 0.0000000000000000000, 0.0000000000000000000, 1.000000000000000000 ) ) ;
#3146 = FACE_OUTER_BOUND ( 'NONE', #3543, .T. ) ;
#3147 = EDGE_LOOP ( 'NONE', ( #711, #2067, #777, #3921 ) ) ;
#3148 = ORIENTED_EDGE ( 'NONE', *, *, #2114, .F. ) ;
#3149 = AXIS2_PLACEMENT_3D ( 'NONE', #2184, #612, #2818 ) ;
#3150 = ORGANIZATION ( 'UNSPECIFIED', 'UNSPECIFIED', '' ) ;
#3151 = CARTESIAN_POINT ( 'NONE',  ( 5.442278829130642300, 10.40040135274468900, 109.4164092212095500 ) ) ;
#3152 = DIRECTION ( 'NONE',  ( 0.0000000000000000000, 0.0000000000000000000, 1.000000000000000000 ) ) ;
#3153 = CARTESIAN_POINT ( 'NONE',  ( -17.90819268389989100, 26.18499999999998800, 0.0000000000000000000 ) ) ;
#3154 = CARTESIAN_POINT ( 'NONE',  ( 26.21008720317239200, 59.59841593662001500, 108.3057517631703800 ) ) ;
#3155 = FACE_OUTER_BOUND ( 'NONE', #718, .T. ) ;
#3156 = COORDINATED_UNIVERSAL_TIME_OFFSET ( 0, 0, .AHEAD. ) ;
#3157 = LOCAL_TIME ( 12, 1, 29.00000000000000000, #4001 ) ;
#3158 = CARTESIAN_POINT ( 'NONE',  ( 38.79796382799534600, 48.27644093007145900, 95.57323923436384000 ) ) ;
#3159 = DIRECTION ( 'NONE',  ( 0.0000000000000000000, -0.7071067811865487900, 0.7071067811865462400 ) ) ;
#3160 = CYLINDRICAL_SURFACE ( 'NONE', #2119, 19.44999999999998500 ) ;
#3161 = CARTESIAN_POINT ( 'NONE',  ( 19.90192358989791900, 57.33567257895325800, 5.767445413726715500 ) ) ;
#3162 = CALENDAR_DATE ( 2013, 25, 7 ) ;
#3163 = EDGE_CURVE ( 'NONE', #760, #2274, #2751, .T. ) ;
#3164 = CYLINDRICAL_SURFACE ( 'NONE', #2805, 22.79500000000000200 ) ;
#3165 = AXIS2_PLACEMENT_3D ( 'NONE', #989, #678, #3169 ) ;
#3166 = CC_DESIGN_SECURITY_CLASSIFICATION ( #2130, ( #1080 ) ) ;
#3167 = DIRECTION ( 'NONE',  ( 0.0000000000000000000, 0.0000000000000000000, 1.000000000000000000 ) ) ;
#3168 = EDGE_CURVE ( 'NONE', #1620, #1574, #1066, .T. ) ;
#3169 = DIRECTION ( 'NONE',  ( 0.6935081420032263000, 0.5094342239068900800, 0.5094342239068919700 ) ) ;
#3170 = CIRCLE ( 'NONE', #372, 27.87499999999998600 ) ;
#3171 = CARTESIAN_POINT ( 'NONE',  ( 30.89463879616457100, 57.85963766534818800, 105.1740176933717400 ) ) ;
#3172 = DIRECTION ( 'NONE',  ( 1.951563910473908000E-018, 0.7071067811865486800, -0.7071067811865463500 ) ) ;
#3173 = EDGE_CURVE ( 'NONE', #3090, #307, #242, .T. ) ;
#3174 = CIRCLE ( 'NONE', #1351, 23.11500000000000200 ) ;
#3175 = CARTESIAN_POINT ( 'NONE',  ( 38.67475429349641300, 44.06875329351795000, 92.77608912007511300 ) ) ;
#3176 = VERTEX_POINT ( 'NONE', #2120 ) ;
#3177 = CARTESIAN_POINT ( 'NONE',  ( -26.93262969212313600, 0.0000000000000000000, 7.124999999999985800 ) ) ;
#3178 = CARTESIAN_POINT ( 'NONE',  ( -53.30290323835134800, 0.0000000000000000000, 16.05999999999999900 ) ) ;
#3179 = CIRCLE ( 'NONE', #2655, 26.18499999999999200 ) ;
#3180 = ORIENTED_EDGE ( 'NONE', *, *, #1006, .T. ) ;
#3181 = DIRECTION ( 'NONE',  ( 0.0000000000000000000, 0.0000000000000000000, -1.000000000000000000 ) ) ;
#3182 = ORIENTED_EDGE ( 'NONE', *, *, #3142, .F. ) ;
#3183 = CARTESIAN_POINT ( 'NONE',  ( 34.12841486469498200, 55.09931940650062600, 103.8066552330487000 ) ) ;
#3184 = DIRECTION ( 'NONE',  ( 1.000000000000000000, 0.0000000000000000000, 0.0000000000000000000 ) ) ;
#3185 = ORIENTED_EDGE ( 'NONE', *, *, #2268, .F. ) ;
#3186 = ORIENTED_EDGE ( 'NONE', *, *, #639, .F. ) ;
#3187 = CARTESIAN_POINT ( 'NONE',  ( 38.21381108781361700, 40.40348578827288200, 89.11082161482318000 ) ) ;
#3188 = CARTESIAN_POINT ( 'NONE',  ( 22.80352695794983100, 60.14924505797613100, 107.4665281283920000 ) ) ;
#3189 = CARTESIAN_POINT ( 'NONE',  ( -17.72930008502348500, 1.966782759430649000E-015, -16.05999999999999900 ) ) ;
#3190 = ORIENTED_EDGE ( 'NONE', *, *, #1512, .F. ) ;
#3191 = CC_DESIGN_PERSON_AND_ORGANIZATION_ASSIGNMENT ( #1936, #1959, ( #2519 ) ) ;
#3192 = SECURITY_CLASSIFICATION ( '', '', #514 ) ;
#3193 = EDGE_CURVE ( 'NONE', #4034, #3001, #2649, .T. ) ;
#3194 = CARTESIAN_POINT ( 'NONE',  ( -46.22819268389991300, 0.0000000000000000000, -19.44999999999998500 ) ) ;
#3195 = CARTESIAN_POINT ( 'NONE',  ( -17.90819268389989800, 1.966782759430648200E-015, 16.05999999999999200 ) ) ;
#3196 = CARTESIAN_POINT ( 'NONE',  ( 38.07716408890099300, 52.08878109401310800, 100.7961169205634500 ) ) ;
#3197 = APPROVAL_ROLE ( '' ) ;
#3198 = DIRECTION ( 'NONE',  ( 0.0000000000000000000, 0.0000000000000000000, 1.000000000000000000 ) ) ;
#3199 = ORIENTED_EDGE ( 'NONE', *, *, #2900, .F. ) ;
#3200 = CARTESIAN_POINT ( 'NONE',  ( 33.88791733476461600, 37.75242360018083300, 85.00646760070512200 ) ) ;
#3201 = LOCAL_TIME ( 12, 1, 29.00000000000000000, #4045 ) ;
#3202 = CARTESIAN_POINT ( 'NONE',  ( 35.68346278931800700, 54.39435705782501200, 101.7035674142415500 ) ) ;
#3203 = CARTESIAN_POINT ( 'NONE',  ( 35.93236429230248800, 35.76300223413454700, 128.8483596479526300 ) ) ;
#3204 = APPROVAL_DATE_TIME ( #4051, #840 ) ;
#3205 = DIRECTION ( 'NONE',  ( -1.951563910473908400E-018, -0.7071067811865487900, 0.7071067811865463500 ) ) ;
#3206 = AXIS2_PLACEMENT_3D ( 'NONE', #2523, #3757, #2207 ) ;
#3207 = AXIS2_PLACEMENT_3D ( 'NONE', #2187, #316, #2508 ) ;
#3208 = CARTESIAN_POINT ( 'NONE',  ( 4.093405492934365100, 12.76679537341451700, 105.0683160695419100 ) ) ;
#3209 = B_SPLINE_CURVE_WITH_KNOTS ( 'NONE', 3,
 ( #847, #2747, #1183, #857, #2101, #3336, #3381, #3036, #4008, #3317, #3964, #3642, #3009, #1809, #2382, #3679, #1136, #2405, #2122, #241, #3370, #3046, #253, #2456, #2432, #2755, #1514, #2443, #1161, #3691, #3063, #2092, #2077, #2138, #3989, #567, #2112, #2764, #2738, #227, #3994, #1148, #1827, #3659, #1786, #557, #868, #3350, #4057, #2524, #953 ),
 .UNSPECIFIED., .F., .F.,
 ( 4, 2, 2, 2, 2, 2, 2, 2, 2, 2, 2, 2, 2, 2, 2, 2, 1, 2, 2, 2, 2, 2, 2, 2, 2, 4 ),
 ( 0.06542991285710407500, 0.06740830863646631000, 0.06938670441582854600, 0.07334349597455303000, 0.07532189175391527900, 0.07730028753327752900, 0.08125707909200204100, 0.08521387065072655300, 0.08719226643008881600, 0.08917066220945107900, 0.09312745376817559200, 0.09510584954753785500, 0.09708424532690013200, 0.1010410368856246300, 0.1020302347753057600, 0.1030194326649868900, 0.1049978284443491600, 0.1069762242237114500, 0.1089546200030737100, 0.1129114115617982600, 0.1148898073411605500, 0.1168682031205228500, 0.1208249946792474100, 0.1228033904586097200, 0.1247817862379720100, 0.1287385777966965900 ),
 .UNSPECIFIED. ) ;
#3210 = FACE_OUTER_BOUND ( 'NONE', #2420, .T. ) ;
#3211 = CARTESIAN_POINT ( 'NONE',  ( 8.764182829326099300, 21.99310084796442800, 102.7040895910178500 ) ) ;
#3212 = CARTESIAN_POINT ( 'NONE',  ( 38.79796382799534600, 48.27644093007145900, 95.57323923436384000 ) ) ;
#3213 = MECHANICAL_CONTEXT ( 'NONE', #1314, 'mechanical' ) ;
#3214 = LOCAL_TIME ( 12, 1, 29.00000000000000000, #4054 ) ;
#3215 = ORIENTED_EDGE ( 'NONE', *, *, #783, .F. ) ;
#3216 = CYLINDRICAL_SURFACE ( 'NONE', #3762, 23.62499999999999300 ) ;
#3217 = AXIS2_PLACEMENT_3D ( 'NONE', #1298, #3486, #1618 ) ;
#3218 = CARTESIAN_POINT ( 'NONE',  ( 30.02448510778835500, 34.81575097018387100, 83.52308679672961500 ) ) ;
#3219 = FACE_BOUND ( 'NONE', #575, .T. ) ;
#3220 = LINE ( 'NONE', #3863, #1563 ) ;
#3221 = CARTESIAN_POINT ( 'NONE',  ( 19.90192358989791500, 29.46750770272253200, 111.5927100081490800 ) ) ;
#3222 = VERTEX_POINT ( 'NONE', #3990 ) ;
#3223 = DIRECTION ( 'NONE',  ( -0.0000000000000000000, -0.0000000000000000000, 1.000000000000000000 ) ) ;
#3224 = DIRECTION ( 'NONE',  ( 0.9237280213470681100, 0.3830490080632381100, 0.0000000000000000000 ) ) ;
#3225 = PERSON_AND_ORGANIZATION_ROLE ( 'classification_officer' ) ;
#3226 = ORIENTED_EDGE ( 'NONE', *, *, #4011, .F. ) ;
#3227 = VECTOR ( 'NONE', #3029, 1000.000000000000000 ) ;
#3228 = EDGE_CURVE ( 'NONE', #1081, #1877, #336, .T. ) ;
#3229 = DIRECTION ( 'NONE',  ( 0.0000000000000000000, 0.0000000000000000000, 1.000000000000000000 ) ) ;
#3230 = EDGE_CURVE ( 'NONE', #2905, #947, #1814, .T. ) ;
#3231 = ORIENTED_EDGE ( 'NONE', *, *, #305, .F. ) ;
#3232 = CARTESIAN_POINT ( 'NONE',  ( 27.38852822266979100, 33.04236879948423700, 81.74970462603451400 ) ) ;
#3233 = DIRECTION ( 'NONE',  ( -1.000000000000000000, 0.0000000000000000000, 0.0000000000000000000 ) ) ;
#3234 = CARTESIAN_POINT ( 'NONE',  ( -48.55504382660144800, 2.791582378656391900E-015, -22.79500000000000200 ) ) ;
#3235 = ORIENTED_EDGE ( 'NONE', *, *, #1822, .F. ) ;
#3236 = EDGE_LOOP ( 'NONE', ( #864, #1193 ) ) ;
#3237 = CARTESIAN_POINT ( 'NONE',  ( 35.64739136159723600, 39.35092888625104000, 86.61459914992948900 ) ) ;
#3238 = CARTESIAN_POINT ( 'NONE',  ( 0.0000000000000000000, 26.94076836320741100, 26.94076836320751100 ) ) ;
#3239 = DIRECTION ( 'NONE',  ( 0.0000000000000000000, 0.0000000000000000000, -1.000000000000000000 ) ) ;
#3240 = APPROVAL_STATUS ( 'not_yet_approved' ) ;
#3241 = PLANE ( 'NONE',  #1587 ) ;
#3242 = CARTESIAN_POINT ( 'NONE',  ( 23.13296828266997500, 33.63297278886440000, 80.84998336177400800 ) ) ;
#3243 = ORIENTED_EDGE ( 'NONE', *, *, #164, .F. ) ;
#3244 = EDGE_CURVE ( 'NONE', #342, #1750, #970, .T. ) ;
#3245 = ORIENTED_EDGE ( 'NONE', *, *, #186, .F. ) ;
#3246 = AXIS2_PLACEMENT_3D ( 'NONE', #2304, #431, #2623 ) ;
#3247 = APPROVAL ( #2326, 'UNSPECIFIED' ) ;
#3248 = CARTESIAN_POINT ( 'NONE',  ( 19.90192358989791900, 57.33567257895325800, -2.756991594496535700 ) ) ;
#3249 = CIRCLE ( 'NONE', #2733, 26.12499999999998600 ) ;
#3250 = CARTESIAN_POINT ( 'NONE',  ( 21.23737914539574900, 33.46695727391612300, 80.68194619210585500 ) ) ;
#3251 = ORIENTED_EDGE ( 'NONE', *, *, #3799, .F. ) ;
#3252 = DIRECTION ( 'NONE',  ( 0.0000000000000000000, 0.0000000000000000000, -1.000000000000000000 ) ) ;
#3253 = APPLICATION_PROTOCOL_DEFINITION ( 'international standard', 'config_control_design', 1994, #1072 ) ;
#3254 = CARTESIAN_POINT ( 'NONE',  ( 19.41184617385748000, 32.76473113674293800, 81.47206696329435300 ) ) ;
#3255 = CIRCLE ( 'NONE', #422, 18.99999999999999600 ) ;
#3256 = CARTESIAN_POINT ( 'NONE',  ( 18.73341478897987500, 33.48604415524125200, 80.70126877595591000 ) ) ;
#3257 = LOCAL_TIME ( 12, 1, 29.00000000000000000, #19 ) ;
#3258 = CONTEXT_DEPENDENT_SHAPE_REPRESENTATION ( #171, #3143 ) ;
#3259 = CARTESIAN_POINT ( 'NONE',  ( 15.30349685263213600, 59.90974696641830400, 107.2267414941959200 ) ) ;
#3260 = AXIS2_PLACEMENT_3D ( 'NONE', #1440, #1133, #1117 ) ;
#3261 = FACE_BOUND ( 'NONE', #3436, .T. ) ;
#3262 = CARTESIAN_POINT ( 'NONE',  ( 19.90192358989791500, 76.33567257895325000, 67.94300840550349100 ) ) ;
#3263 = PERSON_AND_ORGANIZATION ( #225, #3150 ) ;
#3264 = CARTESIAN_POINT ( 'NONE',  ( 31.03966435046972400, 38.35612811985374300, 119.0671168629072100 ) ) ;
#3265 = CARTESIAN_POINT ( 'NONE',  ( 1.006493337315703900, 45.46814809877161400, 92.75715507526155100 ) ) ;
#3266 = DIRECTION ( 'NONE',  ( 0.0000000000000000000, 0.0000000000000000000, 1.000000000000000000 ) ) ;
#3267 = CIRCLE ( 'NONE', #2388, 24.12500000000000700 ) ;
#3268 = CARTESIAN_POINT ( 'NONE',  ( -54.60819268389989400, 3.413702952623245400E-015, 27.87499999999998600 ) ) ;
#3269 = APPROVAL_ROLE ( '' ) ;
#3270 = VECTOR ( 'NONE', #2581, 1000.000000000000100 ) ;
#3271 = CARTESIAN_POINT ( 'NONE',  ( 15.49248676322993900, 32.33215267267235000, 81.03948849922262800 ) ) ;
#3272 = CARTESIAN_POINT ( 'NONE',  ( 5.540454316378886200, 38.05340458858475500, 85.30940413829874600 ) ) ;
#3273 = DIRECTION ( 'NONE',  ( 1.000000000000000000, -0.0000000000000000000, -0.0000000000000000000 ) ) ;
#3274 = CIRCLE ( 'NONE', #1144, 22.79500000000000900 ) ;
#3275 = EDGE_CURVE ( 'NONE', #898, #2613, #3372, .T. ) ;
#3276 = DIRECTION ( 'NONE',  ( -0.0000000000000000000, 0.0000000000000000000, 1.000000000000000000 ) ) ;
#3277 = VERTEX_POINT ( 'NONE', #1179 ) ;
#3278 = VERTEX_POINT ( 'NONE', #4017 ) ;
#3279 = CARTESIAN_POINT ( 'NONE',  ( 19.90192358989791500, 30.17461448390908200, 110.8856032269625300 ) ) ;
#3280 = ADVANCED_FACE ( 'NONE', ( #3261, #131 ), #1836, .F. ) ;
#3281 = VERTEX_POINT ( 'NONE', #1531 ) ;
#3282 = DIRECTION ( 'NONE',  ( 0.0000000000000000000, 0.0000000000000000000, -1.000000000000000000 ) ) ;
#3283 = CARTESIAN_POINT ( 'NONE',  ( 19.90192358989791500, 23.98743014852677600, 117.0727875623448100 ) ) ;
#3284 = VECTOR ( 'NONE', #415, 1000.000000000000000 ) ;
#3285 = DIRECTION ( 'NONE',  ( -1.951563910473908000E-018, -0.7071067811865486800, 0.7071067811865463500 ) ) ;
#3286 = ORIENTED_EDGE ( 'NONE', *, *, #2289, .T. ) ;
#3287 = CARTESIAN_POINT ( 'NONE',  ( -40.35930008502347700, 0.0000000000000000000, 0.0000000000000000000 ) ) ;
#3288 = PERSON_AND_ORGANIZATION_ROLE ( 'design_supplier' ) ;
#3289 = SHAPE_REPRESENTATION ( 'Part7^PL-24-45-WF', ( #1546 ), #2178 ) ;
#3290 = CARTESIAN_POINT ( 'NONE',  ( 58.15865425799412900, 0.0000000000000000000, 0.0000000000000000000 ) ) ;
#3291 = ORIENTED_EDGE ( 'NONE', *, *, #158, .F. ) ;
#3292 = CIRCLE ( 'NONE', #841, 26.18499999999999200 ) ;
#3293 = CARTESIAN_POINT ( 'NONE',  ( 9.964748553276956900, 35.41030367787591600, 82.64598330877191800 ) ) ;
#3294 = CARTESIAN_POINT ( 'NONE',  ( -17.90819268389989800, 0.0000000000000000000, 18.29999999999999000 ) ) ;
#3295 = PLANE ( 'NONE',  #766 ) ;
#3296 = CARTESIAN_POINT ( 'NONE',  ( 39.38983760000436300, 49.47870052475376200, 98.18603635130409700 ) ) ;
#3297 = ORIENTED_EDGE ( 'NONE', *, *, #3109, .F. ) ;
#3298 = AXIS2_PLACEMENT_3D ( 'NONE', #3301, #1429, #3624 ) ;
#3299 = AXIS2_PLACEMENT_3D ( 'NONE', #1782, #3959, #2090 ) ;
#3300 = DIRECTION ( 'NONE',  ( -0.7071067811865425800, 8.659560562354995700E-017, -0.7071067811865525700 ) ) ;
#3301 = CARTESIAN_POINT ( 'NONE',  ( 19.90192358989791500, 46.17644094216066700, 94.88377676871100200 ) ) ;
#3302 = VERTEX_POINT ( 'NONE', #3704 ) ;
#3303 =( REPRESENTATION_RELATIONSHIP ('NONE','NONE', #1622, #2558 ) REPRESENTATION_RELATIONSHIP_WITH_TRANSFORMATION ( #2442 )SHAPE_REPRESENTATION_RELATIONSHIP( ) );
#3304 = AXIS2_PLACEMENT_3D ( 'NONE', #2531, #3144, #1275 ) ;
#3305 = ORIENTED_EDGE ( 'NONE', *, *, #1262, .T. ) ;
#3306 = DIRECTION ( 'NONE',  ( 0.0000000000000000000, 0.0000000000000000000, -1.000000000000000000 ) ) ;
#3307 = CARTESIAN_POINT ( 'NONE',  ( 19.90192358989791900, 57.33567257895325800, -2.756991594496535700 ) ) ;
#3308 = EDGE_LOOP ( 'NONE', ( #2744, #1092, #4067, #1202 ) ) ;
#3309 = ADVANCED_FACE ( 'NONE', ( #1708 ), #784, .T. ) ;
#3310 = CARTESIAN_POINT ( 'NONE',  ( 6.138729849283323300, 36.91887033123858000, 85.62620615779111700 ) ) ;
#3311 = AXIS2_PLACEMENT_3D ( 'NONE', #3480, #1613, #3792 ) ;
#3312 = APPROVAL ( #497, 'UNKNOWN' ) ;
#3313 = PRODUCT ( 'PL-24-45-WF', 'PL-24-45-WF', '', ( #395 ) ) ;
#3314 = APPROVAL_DATE_TIME ( #68, #192 ) ;
#3315 = CARTESIAN_POINT ( 'NONE',  ( 19.90192358989791500, 37.69115956792208500, 103.3690581429495600 ) ) ;
#3316 = CARTESIAN_POINT ( 'NONE',  ( -57.10819268389989400, 0.0000000000000000000, 0.0000000000000000000 ) ) ;
#3317 = CARTESIAN_POINT ( 'NONE',  ( 3.720444181955181700, 37.83867203149649300, 86.54600785804677800 ) ) ;
#3318 = ADVANCED_FACE ( 'NONE', ( #2445 ), #3160, .T. ) ;
#3319 = EDGE_LOOP ( 'NONE', ( #1273, #266, #2160, #911 ) ) ;
#3320 = EDGE_CURVE ( 'NONE', #1059, #1824, #4003, .T. ) ;
#3321 = EDGE_CURVE ( 'NONE', #3277, #2555, #886, .T. ) ;
#3322 = DATE_AND_TIME ( #75, #925 ) ;
#3323 = CARTESIAN_POINT ( 'NONE',  ( 19.90192358989791500, 23.98743014852677600, 117.0727875623448100 ) ) ;
#3324 = FACE_OUTER_BOUND ( 'NONE', #3427, .T. ) ;
#3325 = CALENDAR_DATE ( 2013, 25, 7 ) ;
#3326 = CARTESIAN_POINT ( 'NONE',  ( 2.987627531195265800, 38.60256689597024100, 87.30990272252051900 ) ) ;
#3327 = DIRECTION ( 'NONE',  ( 1.000000000000000000, -0.0000000000000000000, -0.0000000000000000000 ) ) ;
#3328 = CIRCLE ( 'NONE', #3132, 23.71000000000000100 ) ;
#3329 = DIRECTION ( 'NONE',  ( 0.0000000000000000000, 0.0000000000000000000, -1.000000000000000000 ) ) ;
#3330 = AXIS2_PLACEMENT_3D ( 'NONE', #98, #424, #741 ) ;
#3331 = CARTESIAN_POINT ( 'NONE',  ( 19.90192358989791900, 57.33567257895325800, -79.32383853639055400 ) ) ;
#3332 = CIRCLE ( 'NONE', #2035, 23.71000000000000100 ) ;
#3333 = ADVANCED_FACE ( 'NONE', ( #21 ), #3072, .T. ) ;
#3334 = CARTESIAN_POINT ( 'NONE',  ( 5.193159781097848300, 55.79756866722915700, 104.5049044937795100 ) ) ;
#3335 = CARTESIAN_POINT ( 'NONE',  ( 45.65084218494743600, 68.01316367871599800, -79.32383853639055400 ) ) ;
#3336 = CARTESIAN_POINT ( 'NONE',  ( 1.195347502100642300, 41.07739798667430600, 89.78473381322461900 ) ) ;
#3337 = CONICAL_SURFACE ( 'NONE', #2424, 18.29999999999999000, 0.2617993877991508500 ) ;
#3338 = DIRECTION ( 'NONE',  ( 0.0000000000000000000, 0.0000000000000000000, -1.000000000000000000 ) ) ;
#3339 = EDGE_CURVE ( 'NONE', #207, #695, #3901, .T. ) ;
#3340 = ORIENTED_EDGE ( 'NONE', *, *, #2557, .F. ) ;
#3341 = FACE_OUTER_BOUND ( 'NONE', #1242, .T. ) ;
#3342 = CC_DESIGN_PERSON_AND_ORGANIZATION_ASSIGNMENT ( #882, #3225, ( #3113 ) ) ;
#3343 = ADVANCED_FACE ( 'NONE', ( #1601 ), #580, .F. ) ;
#3344 = DIRECTION ( 'NONE',  ( -0.6935081420032260800, -0.5094342239068903000, -0.5094342239068920800 ) ) ;
#3345 = AXIS2_PLACEMENT_3D ( 'NONE', #3456, #1269, #325 ) ;
#3346 = ORIENTED_EDGE ( 'NONE', *, *, #229, .F. ) ;
#3347 = PLANE ( 'NONE',  #506 ) ;
#3348 = CARTESIAN_POINT ( 'NONE',  ( -40.35930008502347700, 1.966782759430649000E-015, -16.05999999999999900 ) ) ;
#3349 = DIRECTION ( 'NONE',  ( -1.000000000000000000, 0.0000000000000000000, 0.0000000000000000000 ) ) ;
#3350 = CARTESIAN_POINT ( 'NONE',  ( 39.75481468825868300, 44.39270124848538000, 93.10003707503568600 ) ) ;
#3351 = DIRECTION ( 'NONE',  ( 0.0000000000000000000, 0.0000000000000000000, -1.000000000000000000 ) ) ;
#3352 = ORIENTED_EDGE ( 'NONE', *, *, #3228, .T. ) ;
#3353 = ADVANCED_FACE ( 'NONE', ( #2239, #677 ), #623, .T. ) ;
#3354 = VERTEX_POINT ( 'NONE', #315 ) ;
#3355 = CARTESIAN_POINT ( 'NONE',  ( 0.0000000000000000000, 38.10000000000000100, 0.0000000000000000000 ) ) ;
#3356 = AXIS2_PLACEMENT_3D ( 'NONE', #2701, #823, #3000 ) ;
#3357 = ORIENTED_EDGE ( 'NONE', *, *, #489, .T. ) ;
#3358 = CARTESIAN_POINT ( 'NONE',  ( 0.9017033845713169300, 46.40587632084942300, 93.69770366668048200 ) ) ;
#3359 = DIRECTION ( 'NONE',  ( 0.0000000000000000000, 0.0000000000000000000, 1.000000000000000000 ) ) ;
#3360 = CARTESIAN_POINT ( 'NONE',  ( -0.07323308215819297800, 47.00997658919970900, 95.71731241575003000 ) ) ;
#3361 = VERTEX_POINT ( 'NONE', #1247 ) ;
#3362 = FACE_OUTER_BOUND ( 'NONE', #353, .T. ) ;
#3363 = DIRECTION ( 'NONE',  ( 0.0000000000000000000, 0.0000000000000000000, -1.000000000000000000 ) ) ;
#3364 = FACE_OUTER_BOUND ( 'NONE', #3094, .T. ) ;
#3365 = VERTEX_POINT ( 'NONE', #3435 ) ;
#3366 = APPROVAL_DATE_TIME ( #129, #2291 ) ;
#3367 = CARTESIAN_POINT ( 'NONE',  ( -40.35930008502347700, 1.966782759430649000E-015, -16.05999999999999900 ) ) ;
#3368 = ADVANCED_FACE ( 'NONE', ( #3795 ), #2983, .T. ) ;
#3369 = DATE_AND_TIME ( #130, #967 ) ;
#3370 = CARTESIAN_POINT ( 'NONE',  ( 16.75521920417711600, 32.16056698177115400, 80.86790280832141800 ) ) ;
#3371 = EDGE_CURVE ( 'NONE', #2576, #2995, #2148, .T. ) ;
#3372 = CIRCLE ( 'NONE', #873, 18.29999999999999000 ) ;
#3373 = DIRECTION ( 'NONE',  ( 0.0000000000000000000, 0.0000000000000000000, -1.000000000000000000 ) ) ;
#3374 = COORDINATED_UNIVERSAL_TIME_OFFSET ( 0, 0, .AHEAD. ) ;
#3375 = CIRCLE ( 'NONE', #1954, 2.500000000000002200 ) ;
#3376 = AXIS2_PLACEMENT_3D ( 'NONE', #1565, #3749, #1644 ) ;
#3377 = CARTESIAN_POINT ( 'NONE',  ( 19.90192358989791900, 57.33567257895325800, -3.256991594496522400 ) ) ;
#3378 = LINE ( 'NONE', #423, #4009 ) ;
#3379 = CARTESIAN_POINT ( 'NONE',  ( 2.818522712836803600, 52.76844667556587600, 100.0748248698583900 ) ) ;
#3380 = DIRECTION ( 'NONE',  ( -1.951563910473908000E-018, -0.7071067811865486800, 0.7071067811865463500 ) ) ;
#3381 = CARTESIAN_POINT ( 'NONE',  ( 1.701501137246065600, 40.22897838194292300, 88.93631420849321500 ) ) ;
#3382 = CIRCLE ( 'NONE', #3526, 22.79500000000000900 ) ;
#3383 = ORIENTED_EDGE ( 'NONE', *, *, #909, .F. ) ;
#3384 = DIRECTION ( 'NONE',  ( -1.000000000000000000, -0.0000000000000000000, -0.0000000000000000000 ) ) ;
#3385 = ORIENTED_EDGE ( 'NONE', *, *, #3321, .F. ) ;
#3386 = VECTOR ( 'NONE', #2697, 1000.000000000000000 ) ;
#3387 = EDGE_CURVE ( 'NONE', #3633, #342, #1515, .T. ) ;
#3388 = DIRECTION ( 'NONE',  ( 0.3830490080632376600, -0.9237280213470682200, -0.0000000000000000000 ) ) ;
#3389 = ORIENTED_EDGE ( 'NONE', *, *, #2616, .T. ) ;
#3390 = ADVANCED_FACE ( 'NONE', ( #1305 ), #1210, .F. ) ;
#3391 = CARTESIAN_POINT ( 'NONE',  ( 19.90192358990117300, 33.46695727391595200, 80.68194619210565600 ) ) ;
#3392 = PRODUCT_RELATED_PRODUCT_CATEGORY ( 'detail', '', ( #2377 ) ) ;
#3393 = EDGE_CURVE ( 'NONE', #3963, #3354, #2049, .T. ) ;
#3394 = DIRECTION ( 'NONE',  ( 0.0000000000000000000, 0.0000000000000000000, 1.000000000000000000 ) ) ;
#3395 = ORIENTED_EDGE ( 'NONE', *, *, #3611, .T. ) ;
#3396 = PRODUCT_DEFINITION_SHAPE ( 'NONE', 'NONE',  #4081 ) ;
#3397 = EDGE_CURVE ( 'NONE', #830, #3487, #1411, .T. ) ;
#3398 = EDGE_CURVE ( 'NONE', #412, #3932, #3708, .T. ) ;
#3399 = ORIENTED_EDGE ( 'NONE', *, *, #2546, .F. ) ;
#3400 = ORIENTED_EDGE ( 'NONE', *, *, #2060, .T. ) ;
#3401 = CARTESIAN_POINT ( 'NONE',  ( 0.01199700823243301200, 44.68492766911141000, 93.39226349566173700 ) ) ;
#3402 = ORIENTED_EDGE ( 'NONE', *, *, #3702, .F. ) ;
#3403 = AXIS2_PLACEMENT_3D ( 'NONE', #2994, #2048, #1110 ) ;
#3404 = VECTOR ( 'NONE', #3445, 1000.000000000000000 ) ;
#3405 = DIRECTION ( 'NONE',  ( 1.000000000000000000, -0.0000000000000000000, -0.0000000000000000000 ) ) ;
#3406 = ORIENTED_EDGE ( 'NONE', *, *, #3339, .T. ) ;
#3407 = CARTESIAN_POINT ( 'NONE',  ( -49.10930008502348400, 2.830771076229107100E-015, -23.11499999999999800 ) ) ;
#3408 = ADVANCED_FACE ( 'NONE', ( #2787 ), #287, .F. ) ;
#3409 = VERTEX_POINT ( 'NONE', #433 ) ;
#3410 = APPROVAL_PERSON_ORGANIZATION ( #180, #192, #2911 ) ;
#3411 = CARTESIAN_POINT ( 'NONE',  ( 1.861131862585742700, 51.10842371050914300, 98.41160350939966900 ) ) ;
#3412 = CC_DESIGN_PERSON_AND_ORGANIZATION_ASSIGNMENT ( #1103, #82, ( #2519 ) ) ;
#3413 = CARTESIAN_POINT ( 'NONE',  ( -29.72930008502348500, 0.0000000000000000000, 0.0000000000000000000 ) ) ;
#3414 = CC_DESIGN_SECURITY_CLASSIFICATION ( #3192, ( #4080 ) ) ;
#3415 = EDGE_CURVE ( 'NONE', #1960, #2758, #2876, .T. ) ;
#3416 = CIRCLE ( 'NONE', #1410, 26.12499999999998600 ) ;
#3417 = PERSON_AND_ORGANIZATION ( #225, #3150 ) ;
#3418 = LINE ( 'NONE', #3826, #1773 ) ;
#3419 = LINE ( 'NONE', #1326, #89 ) ;
#3420 = CARTESIAN_POINT ( 'NONE',  ( 3.657246320073120700, 53.20660197063121200, 101.9139377971905800 ) ) ;
#3421 = DIRECTION ( 'NONE',  ( 0.0000000000000000000, 0.0000000000000000000, -1.000000000000000000 ) ) ;
#3422 = CYLINDRICAL_SURFACE ( 'NONE', #2835, 16.05999999999999900 ) ;
#3423 = AXIS2_PLACEMENT_3D ( 'NONE', #952, #3127, #1255 ) ;
#3424 = AXIS2_PLACEMENT_3D ( 'NONE', #4064, #1555, #591 ) ;
#3425 = CARTESIAN_POINT ( 'NONE',  ( 19.90192358989791500, 21.02210492120335100, 120.0381127896682300 ) ) ;
#3426 = CIRCLE ( 'NONE', #824, 20.85000000000000100 ) ;
#3427 = EDGE_LOOP ( 'NONE', ( #1346, #3402 ) ) ;
#3428 = AXIS2_PLACEMENT_3D ( 'NONE', #3797, #1931, #45 ) ;
#3429 = EDGE_LOOP ( 'NONE', ( #1666, #1885, #3478, #3245 ) ) ;
#3430 = VERTEX_POINT ( 'NONE', #1055 ) ;
#3431 = CARTESIAN_POINT ( 'NONE',  ( 7.614667806150928100, 57.33787230762670400, 106.0452081341770600 ) ) ;
#3432 = CARTESIAN_POINT ( 'NONE',  ( 3.871482887493334700, 12.21185806291901000, 105.2972154767370100 ) ) ;
#3433 = ORIENTED_EDGE ( 'NONE', *, *, #3637, .T. ) ;
#3434 = CARTESIAN_POINT ( 'NONE',  ( 15.46248571713814000, 59.24749498058225300, 107.9548308071360200 ) ) ;
#3435 = CARTESIAN_POINT ( 'NONE',  ( -49.10930008502348400, 0.0000000000000000000, 23.71000000000000100 ) ) ;
#3436 = EDGE_LOOP ( 'NONE', ( #812, #263 ) ) ;
#3437 = VERTEX_POINT ( 'NONE', #2625 ) ;
#3438 = EDGE_CURVE ( 'NONE', #2946, #3963, #1111, .T. ) ;
#3439 = DIRECTION ( 'NONE',  ( 1.000000000000000000, -0.0000000000000000000, -0.0000000000000000000 ) ) ;
#3440 = EDGE_CURVE ( 'NONE', #268, #1138, #1944, .T. ) ;
#3441 = ORIENTED_EDGE ( 'NONE', *, *, #1788, .T. ) ;
#3442 = CARTESIAN_POINT ( 'NONE',  ( 13.07870254159069400, 59.43533523566984700, 106.7517491267651600 ) ) ;
#3443 = VERTEX_POINT ( 'NONE', #3866 ) ;
#3444 = DIRECTION ( 'NONE',  ( -1.000000000000000000, -0.0000000000000000000, -0.0000000000000000000 ) ) ;
#3445 = DIRECTION ( 'NONE',  ( -0.0000000000000000000, -0.0000000000000000000, 1.000000000000000000 ) ) ;
#3446 = DIRECTION ( 'NONE',  ( -1.000000000000000000, -0.0000000000000000000, -0.0000000000000000000 ) ) ;
#3447 = CARTESIAN_POINT ( 'NONE',  ( 19.11688073515576400, 60.33167442333610400, 109.0390102498864700 ) ) ;
#3448 = EDGE_LOOP ( 'NONE', ( #1132, #1747, #3876, #120, #2212 ) ) ;
#3449 = DIRECTION ( 'NONE',  ( 1.000000000000000000, 0.0000000000000000000, 0.0000000000000000000 ) ) ;
#3450 = EDGE_CURVE ( 'NONE', #1389, #2961, #3620, .T. ) ;
#3451 = CIRCLE ( 'NONE', #2806, 25.62500000000001100 ) ;
#3452 = AXIS2_PLACEMENT_3D ( 'NONE', #3537, #1672, #3848 ) ;
#3453 = CALENDAR_DATE ( 2013, 25, 7 ) ;
#3454 = CC_DESIGN_APPROVAL ( #3247, ( #2638 ) ) ;
#3455 = CARTESIAN_POINT ( 'NONE',  ( -17.90819268389989100, 2.954460402942990200E-015, 24.12500000000000400 ) ) ;
#3456 = CARTESIAN_POINT ( 'NONE',  ( 19.90192358989791500, 57.33567257895325800, 41.44300840550348400 ) ) ;
#3457 = VECTOR ( 'NONE', #1804, 1000.000000000000000 ) ;
#3458 = CARTESIAN_POINT ( 'NONE',  ( 23.19054878542931800, 60.09956068508334700, 107.4167840429480500 ) ) ;
#3459 = LOCAL_TIME ( 12, 1, 29.00000000000000000, #245 ) ;
#3460 = CIRCLE ( 'NONE', #1542, 19.99999999999999600 ) ;
#3461 = CARTESIAN_POINT ( 'NONE',  ( 0.0000000000000000000, 38.10000000000000100, -29.00000000000000000 ) ) ;
#3462 = FACE_OUTER_BOUND ( 'NONE', #3429, .T. ) ;
#3463 = TOROIDAL_SURFACE ( 'NONE', #2277, 38.10000000000000100, 16.05999999999999900 ) ;
#3464 = AXIS2_PLACEMENT_3D ( 'NONE', #1759, #540, #3662 ) ;
#3465 = DIRECTION ( 'NONE',  ( -1.951563910473908400E-018, -0.7071067811865487900, 0.7071067811865463500 ) ) ;
#3466 = DIRECTION ( 'NONE',  ( 0.0000000000000000000, 0.0000000000000000000, 1.000000000000000000 ) ) ;
#3467 = ORIENTED_EDGE ( 'NONE', *, *, #1347, .F. ) ;
#3468 = CARTESIAN_POINT ( 'NONE',  ( 26.48517389483634000, 58.79303424566724300, 107.5003700722175900 ) ) ;
#3469 =( NAMED_UNIT ( * ) PLANE_ANGLE_UNIT ( ) SI_UNIT ( $, .RADIAN. ) );
#3470 = CIRCLE ( 'NONE', #959, 22.79500000000000200 ) ;
#3471 = EDGE_LOOP ( 'NONE', ( #806, #2679, #2773, #3 ) ) ;
#3472 = ORIENTED_EDGE ( 'NONE', *, *, #783, .T. ) ;
#3473 = CARTESIAN_POINT ( 'NONE',  ( 39.79249226157941900, 47.64501808337700300, 96.35235390992733100 ) ) ;
#3474 = PRODUCT_DEFINITION_SHAPE ( 'NONE', 'NONE',  #4079 ) ;
#3475 = CARTESIAN_POINT ( 'NONE',  ( 58.15865425799412900, 0.0000000000000000000, 0.0000000000000000000 ) ) ;
#3476 = DIRECTION ( 'NONE',  ( 0.0000000000000000000, 0.0000000000000000000, 1.000000000000000000 ) ) ;
#3477 = ORIENTED_EDGE ( 'NONE', *, *, #489, .F. ) ;
#3478 = ORIENTED_EDGE ( 'NONE', *, *, #815, .F. ) ;
#3479 = EDGE_CURVE ( 'NONE', #3484, #464, #2705, .T. ) ;
#3480 = CARTESIAN_POINT ( 'NONE',  ( 0.0000000000000000000, 26.94076836320741100, 26.94076836320751100 ) ) ;
#3481 = DIRECTION ( 'NONE',  ( 0.0000000000000000000, -0.7071067811865489100, 0.7071067811865462400 ) ) ;
#3482 = DIRECTION ( 'NONE',  ( 1.000000000000000000, 0.0000000000000000000, 0.0000000000000000000 ) ) ;
#3483 = DIRECTION ( 'NONE',  ( -1.000000000000000000, 0.0000000000000000000, 0.0000000000000000000 ) ) ;
#3484 = VERTEX_POINT ( 'NONE', #2656 ) ;
#3485 = CARTESIAN_POINT ( 'NONE',  ( 31.47320275444566600, 57.74164697338449100, 106.4489827999348500 ) ) ;
#3486 = DIRECTION ( 'NONE',  ( -0.9237280213470682200, -0.3830490080632377700, 0.0000000000000000000 ) ) ;
#3487 = VERTEX_POINT ( 'NONE', #2958 ) ;
#3488 = DIRECTION ( 'NONE',  ( -1.000000000000000000, 0.0000000000000000000, 0.0000000000000000000 ) ) ;
#3489 = ORIENTED_EDGE ( 'NONE', *, *, #383, .T. ) ;
#3490 = CARTESIAN_POINT ( 'NONE',  ( 38.44434005837916900, 43.91386024410275000, 91.19775005380869000 ) ) ;
#3491 = DIRECTION ( 'NONE',  ( 0.0000000000000000000, 0.0000000000000000000, -1.000000000000000000 ) ) ;
#3492 = DIRECTION ( 'NONE',  ( -0.0000000000000000000, -0.0000000000000000000, -1.000000000000000000 ) ) ;
#3493 = ORIENTED_EDGE ( 'NONE', *, *, #2833, .F. ) ;
#3494 = AXIS2_PLACEMENT_3D ( 'NONE', #2058, #183, #2380 ) ;
#3495 = AXIS2_PLACEMENT_3D ( 'NONE', #3937, #523, #2721 ) ;
#3496 = DIRECTION ( 'NONE',  ( 0.0000000000000000000, 0.0000000000000000000, -1.000000000000000000 ) ) ;
#3497 = COORDINATED_UNIVERSAL_TIME_OFFSET ( 0, 0, .AHEAD. ) ;
#3498 = CARTESIAN_POINT ( 'NONE',  ( -53.30290323835134800, 1.966782759430649000E-015, -16.05999999999999900 ) ) ;
#3499 = DIRECTION ( 'NONE',  ( -1.951563910473908000E-018, -0.7071067811865486800, 0.7071067811865463500 ) ) ;
#3500 = CARTESIAN_POINT ( 'NONE',  ( 35.30918938105990900, 54.77888224656373900, 102.0887210253081700 ) ) ;
#3501 = APPLICATION_CONTEXT ( 'configuration controlled 3d designs of mechanical parts and assemblies' ) ;
#3502 = AXIS2_PLACEMENT_3D ( 'NONE', #982, #3159, #1289 ) ;
#3503 = ORGANIZATION ( 'NAUO-ORG3', 'UNSPECIFIED', 'UNSPECIFIED' ) ;
#3504 = CARTESIAN_POINT ( 'NONE',  ( 36.41631764050993800, 39.53104347618834400, 88.23837930273184300 ) ) ;
#3505 = CARTESIAN_POINT ( 'NONE',  ( 25.62762337349682400, 59.70231565973424600, 107.0190597505017500 ) ) ;
#3506 = CIRCLE ( 'NONE', #1835, 26.18499999999999200 ) ;
#3507 = COORDINATED_UNIVERSAL_TIME_OFFSET ( 0, 0, .AHEAD. ) ;
#3508 = FACE_OUTER_BOUND ( 'NONE', #3833, .T. ) ;
#3509 = CC_DESIGN_APPROVAL ( #3312, ( #1048 ) ) ;
#3510 = CARTESIAN_POINT ( 'NONE',  ( -41.35930008502347700, 0.0000000000000000000, 0.0000000000000000000 ) ) ;
#3511 = DIRECTION ( 'NONE',  ( 0.0000000000000000000, 0.0000000000000000000, -1.000000000000000000 ) ) ;
#3512 = DIRECTION ( 'NONE',  ( -0.1044342465318080800, 0.7032401752429002800, 0.7032401752429026100 ) ) ;
#3513 = FACE_BOUND ( 'NONE', #2200, .T. ) ;
#3514 = CARTESIAN_POINT ( 'NONE',  ( 37.66019551512123800, 50.98179229714031600, 99.68912812369063700 ) ) ;
#3515 = DATE_TIME_ROLE ( 'creation_date' ) ;
#3516 = EDGE_CURVE ( 'NONE', #799, #2605, #1851, .T. ) ;
#3517 = DIRECTION ( 'NONE',  ( -0.9781476007338055800, 0.0000000000000000000, 0.2079116908177600400 ) ) ;
#3518 = EDGE_CURVE ( 'NONE', #1480, #3409, #3416, .T. ) ;
#3519 = CIRCLE ( 'NONE', #1991, 26.12499999999998600 ) ;
#3520 = CARTESIAN_POINT ( 'NONE',  ( 34.62402226878075600, 36.54533999623959100, 85.25267582278988200 ) ) ;
#3521 = CARTESIAN_POINT ( 'NONE',  ( 37.09535146527257200, 52.60219078366711200, 99.90826064989933300 ) ) ;
#3522 = DIRECTION ( 'NONE',  ( -1.951563910473908000E-018, -0.7071067811865486800, 0.7071067811865463500 ) ) ;
#3523 = ORIENTED_EDGE ( 'NONE', *, *, #3173, .F. ) ;
#3524 = FACE_OUTER_BOUND ( 'NONE', #56, .T. ) ;
#3525 = ORIENTED_EDGE ( 'NONE', *, *, #2063, .F. ) ;
#3526 = AXIS2_PLACEMENT_3D ( 'NONE', #2338, #468, #2660 ) ;
#3527 = CARTESIAN_POINT ( 'NONE',  ( 19.90192358989791500, 57.33567257895325800, 67.94300840550349100 ) ) ;
#3528 = DIRECTION ( 'NONE',  ( 1.000000000000000000, -0.0000000000000000000, -0.0000000000000000000 ) ) ;
#3529 = ORIENTED_EDGE ( 'NONE', *, *, #2481, .T. ) ;
#3530 = CARTESIAN_POINT ( 'NONE',  ( 39.79249226157941900, 47.64501808337700300, 96.35235390992733100 ) ) ;
#3531 = APPLICATION_CONTEXT ( 'configuration controlled 3d designs of mechanical parts and assemblies' ) ;
#3532 = DIRECTION ( 'NONE',  ( 1.000000000000000000, 0.0000000000000000000, 0.0000000000000000000 ) ) ;
#3533 = VERTEX_POINT ( 'NONE', #3262 ) ;
#3534 = CARTESIAN_POINT ( 'NONE',  ( 29.51787674037538500, 35.29953875458185300, 82.53411617604528800 ) ) ;
#3535 = EDGE_CURVE ( 'NONE', #3443, #1428, #2588, .T. ) ;
#3536 = CARTESIAN_POINT ( 'NONE',  ( 19.90192358989791500, 24.37934850737208200, 116.6808692034995100 ) ) ;
#3537 = CARTESIAN_POINT ( 'NONE',  ( -46.22819268389991300, 0.0000000000000000000, 0.0000000000000000000 ) ) ;
#3538 = AXIS2_PLACEMENT_3D ( 'NONE', #4065, #2188, #317 ) ;
#3539 = CC_DESIGN_DATE_AND_TIME_ASSIGNMENT ( #1598, #1355, ( #3113 ) ) ;
#3540 = DIRECTION ( 'NONE',  ( 0.0000000000000000000, 0.0000000000000000000, 1.000000000000000000 ) ) ;
#3541 = AXIS2_PLACEMENT_3D ( 'NONE', #3074, #2110, #4036 ) ;
#3542 = DIRECTION ( 'NONE',  ( -0.6935081420032263000, -0.5094342239068903000, -0.5094342239068919700 ) ) ;
#3543 = EDGE_LOOP ( 'NONE', ( #3523, #1401, #1538, #2259, #3199 ) ) ;
#3544 = CARTESIAN_POINT ( 'NONE',  ( 0.0000000000000000000, 38.10000000000000100, 0.0000000000000000000 ) ) ;
#3545 = ORIENTED_EDGE ( 'NONE', *, *, #2358, .T. ) ;
#3546 = CARTESIAN_POINT ( 'NONE',  ( -17.72930008502348500, 2.553388576222231200E-015, -20.85000000000000100 ) ) ;
#3547 = APPROVAL_STATUS ( 'not_yet_approved' ) ;
#3548 = ORIENTED_EDGE ( 'NONE', *, *, #1086, .F. ) ;
#3549 = DIRECTION ( 'NONE',  ( 0.0000000000000000000, -0.7071067811865487900, 0.7071067811865462400 ) ) ;
#3550 = CARTESIAN_POINT ( 'NONE',  ( 26.70613791631502600, 33.64962065901752200, 82.35695648556667000 ) ) ;
#3551 =( LENGTH_UNIT ( ) NAMED_UNIT ( * ) SI_UNIT ( .MILLI., .METRE. ) );
#3552 = DIRECTION ( 'NONE',  ( -1.000000000000000000, -0.0000000000000000000, -0.0000000000000000000 ) ) ;
#3553 = EDGE_LOOP ( 'NONE', ( #1734, #908 ) ) ;
#3554 = DIRECTION ( 'NONE',  ( -1.000000000000000000, 0.0000000000000000000, 0.0000000000000000000 ) ) ;
#3555 = AXIS2_PLACEMENT_3D ( 'NONE', #1090, #3273, #1407 ) ;
#3556 = CARTESIAN_POINT ( 'NONE',  ( 34.03367000268388400, 37.87149523775314500, 85.12630017279283800 ) ) ;
#3557 = CIRCLE ( 'NONE', #2594, 19.44999999999998200 ) ;
#3558 = DIRECTION ( 'NONE',  ( 1.000000000000000000, 0.0000000000000000000, 0.0000000000000000000 ) ) ;
#3559 = EDGE_LOOP ( 'NONE', ( #2467, #2565, #2310, #1833 ) ) ;
#3560 = CARTESIAN_POINT ( 'NONE',  ( 0.0000000000000000000, 38.10000000000000100, 0.0000000000000000000 ) ) ;
#3561 = PERSON_AND_ORGANIZATION_ROLE ( 'creator' ) ;
#3562 = ITEM_DEFINED_TRANSFORMATION ( 'NONE', 'NONE', #2812,  #1546 ) ;
#3563 = VECTOR ( 'NONE', #2413, 1000.000000000000000 ) ;
#3564 = APPROVAL_DATE_TIME ( #340, #1803 ) ;
#3565 = CARTESIAN_POINT ( 'NONE',  ( 23.30302326650912900, 32.19051565864545900, 80.89785148519573000 ) ) ;
#3566 = LINE ( 'NONE', #3962, #2000 ) ;
#3567 = CARTESIAN_POINT ( 'NONE',  ( 36.12009968651561600, 54.49640083069368800, 103.2037366572440500 ) ) ;
#3568 = DIRECTION ( 'NONE',  ( 0.9237280213470682200, 0.3830490080632375500, 0.0000000000000000000 ) ) ;
#3569 = FACE_OUTER_BOUND ( 'NONE', #4048, .T. ) ;
#3570 = DIRECTION ( 'NONE',  ( 1.000000000000000000, -0.0000000000000000000, -0.0000000000000000000 ) ) ;
#3571 = APPROVAL_ROLE ( '' ) ;
#3572 = CONICAL_SURFACE ( 'NONE', #2073, 16.05999999999999900, 0.7853981633974552700 ) ;
#3573 = EDGE_CURVE ( 'NONE', #2131, #774, #3506, .T. ) ;
#3574 = EDGE_LOOP ( 'NONE', ( #312, #717, #3930, #1036 ) ) ;
#3575 = CARTESIAN_POINT ( 'NONE',  ( 18.78605983043779700, 33.48823725504687600, 80.70348741744194900 ) ) ;
#3576 = VECTOR ( 'NONE', #3517, 999.9999999999998900 ) ;
#3577 = CARTESIAN_POINT ( 'NONE',  ( 16.43411610321235700, 33.67286991243832300, 80.89036334088201800 ) ) ;
#3578 = DIRECTION ( 'NONE',  ( -1.000000000000000000, -0.0000000000000000000, -0.0000000000000000000 ) ) ;
#3579 = CARTESIAN_POINT ( 'NONE',  ( 14.65868759365877200, 59.78743901020590100, 107.1042851007478400 ) ) ;
#3580 = ORIENTED_EDGE ( 'NONE', *, *, #3397, .F. ) ;
#3581 = AXIS2_PLACEMENT_3D ( 'NONE', #3851, #1979, #109 ) ;
#3582 = ORIENTED_EDGE ( 'NONE', *, *, #3193, .T. ) ;
#3583 = CARTESIAN_POINT ( 'NONE',  ( 0.0000000000000000000, 54.15999999999999700, 0.0000000000000000000 ) ) ;
#3584 = CARTESIAN_POINT ( 'NONE',  ( 19.90192358989791500, 46.17644094216066700, 94.88377676871100200 ) ) ;
#3585 = DIRECTION ( 'NONE',  ( 1.000000000000000000, 0.0000000000000000000, 0.0000000000000000000 ) ) ;
#3586 = CARTESIAN_POINT ( 'NONE',  ( 19.90192358989791500, 57.33567257895325800, 67.94300840550349100 ) ) ;
#3587 = MECHANICAL_CONTEXT ( 'NONE', #3811, 'mechanical' ) ;
#3588 = ORIENTED_EDGE ( 'NONE', *, *, #3742, .T. ) ;
#3589 = CARTESIAN_POINT ( 'NONE',  ( 1.196521409855226600, 41.07513114280848800, 89.78246696935879400 ) ) ;
#3590 = VERTEX_POINT ( 'NONE', #3583 ) ;
#3591 = ADVANCED_FACE ( 'NONE', ( #187 ), #842, .F. ) ;
#3592 = ORIENTED_EDGE ( 'NONE', *, *, #1921, .T. ) ;
#3593 = CARTESIAN_POINT ( 'NONE',  ( 13.93924261026270100, 33.43205054024339500, 82.13938636679596100 ) ) ;
#3594 = ORIENTED_EDGE ( 'NONE', *, *, #230, .F. ) ;
#3595 = EDGE_CURVE ( 'NONE', #2758, #1960, #2488, .T. ) ;
#3596 = EDGE_LOOP ( 'NONE', ( #48, #1937, #2429, #2776 ) ) ;
#3597 = CARTESIAN_POINT ( 'NONE',  ( 4.151238176023277000, 39.35965129917207200, 86.62335995977815600 ) ) ;
#3598 = ORIENTED_EDGE ( 'NONE', *, *, #2478, .T. ) ;
#3599 = DIRECTION ( 'NONE',  ( 0.0000000000000000000, 0.0000000000000000000, 1.000000000000000000 ) ) ;
#3600 = AXIS2_PLACEMENT_3D ( 'NONE', #1616, #1002, #42 ) ;
#3601 = ORIENTED_EDGE ( 'NONE', *, *, #4044, .F. ) ;
#3602 = PRODUCT_DEFINITION ( 'UNKNOWN', '', #586, #878 ) ;
#3603 = EDGE_CURVE ( 'NONE', #3277, #1107, #1767, .T. ) ;
#3604 = DIRECTION ( 'NONE',  ( 0.0000000000000000000, -0.0000000000000000000, 1.000000000000000000 ) ) ;
#3605 = CARTESIAN_POINT ( 'NONE',  ( 1.625919706099094200, 51.93152295376051300, 100.6388587803108400 ) ) ;
#3606 = DIRECTION ( 'NONE',  ( 0.6935081420032261900, 0.5094342239068901900, 0.5094342239068920800 ) ) ;
#3607 = EDGE_CURVE ( 'NONE', #1922, #3302, #1656, .T. ) ;
#3608 = DIRECTION ( 'NONE',  ( 1.000000000000000000, -0.0000000000000000000, -0.0000000000000000000 ) ) ;
#3609 = DIRECTION ( 'NONE',  ( 0.0000000000000000000, 0.0000000000000000000, -1.000000000000000000 ) ) ;
#3610 = PERSON_AND_ORGANIZATION_ROLE ( 'classification_officer' ) ;
#3611 = EDGE_CURVE ( 'NONE', #2624, #1876, #926, .T. ) ;
#3612 = DATE_AND_TIME ( #375, #1198 ) ;
#3613 = CARTESIAN_POINT ( 'NONE',  ( 9.441739340795591000, 34.07071260683129300, 82.77804843338155600 ) ) ;
#3614 = CARTESIAN_POINT ( 'NONE',  ( 19.90192358989791900, 57.33567257895325800, -0.7569915944965199800 ) ) ;
#3615 = DIRECTION ( 'NONE',  ( 0.0000000000000000000, 0.0000000000000000000, 1.000000000000000000 ) ) ;
#3616 = CIRCLE ( 'NONE', #1233, 20.85000000000000100 ) ;
#3617 = COORDINATED_UNIVERSAL_TIME_OFFSET ( 0, 0, .AHEAD. ) ;
#3618 = CARTESIAN_POINT ( 'NONE',  ( 36.85111115155496000, 53.73371283191350800, 102.4410486584638400 ) ) ;
#3619 = AXIS2_PLACEMENT_3D ( 'NONE', #2715, #833, #3013 ) ;
#3620 = CIRCLE ( 'NONE', #985, 19.10000000000000100 ) ;
#3621 = ADVANCED_FACE ( 'NONE', ( #3324, #79 ), #1120, .F. ) ;
#3622 = LOCAL_TIME ( 12, 1, 29.00000000000000000, #387 ) ;
#3623 = CARTESIAN_POINT ( 'NONE',  ( -0.05682441880960994300, 45.14702832453791400, 93.85436415108823400 ) ) ;
#3624 = DIRECTION ( 'NONE',  ( 1.000000000000000000, 0.0000000000000000000, 0.0000000000000000000 ) ) ;
#3625 = VECTOR ( 'NONE', #3465, 999.9999999999998900 ) ;
#3626 = APPROVAL_STATUS ( 'not_yet_approved' ) ;
#3627 = DIRECTION ( 'NONE',  ( 0.9237280213470682200, 0.3830490080632375500, 0.0000000000000000000 ) ) ;
#3628 = CIRCLE ( 'NONE', #2887, 26.12499999999999300 ) ;
#3629 = CARTESIAN_POINT ( 'NONE',  ( 5.698497015170962000, 37.95349207705283600, 85.20873497824705100 ) ) ;
#3630 = SECURITY_CLASSIFICATION ( '', '', #2283 ) ;
#3631 = DIRECTION ( 'NONE',  ( 1.000000000000000000, -0.0000000000000000000, -0.0000000000000000000 ) ) ;
#3632 = CIRCLE ( 'NONE', #1582, 16.06000000000000200 ) ;
#3633 = VERTEX_POINT ( 'NONE', #1768 ) ;
#3634 = CARTESIAN_POINT ( 'NONE',  ( -17.90819268389989800, 0.0000000000000000000, 0.0000000000000000000 ) ) ;
#3635 = TOROIDAL_SURFACE ( 'NONE', #1800, 7.124999999999985800, 20.00000000000000000 ) ;
#3636 = APPROVAL ( #2712, 'UNKNOWN' ) ;
#3637 = EDGE_CURVE ( 'NONE', #3741, #2699, #4052, .T. ) ;
#3638 = ORIENTED_EDGE ( 'NONE', *, *, #1849, .T. ) ;
#3639 = DIRECTION ( 'NONE',  ( 0.6935081420032264100, 0.5094342239068904200, 0.5094342239068917500 ) ) ;
#3640 = CARTESIAN_POINT ( 'NONE',  ( -0.09354259832505848500, 45.61151522567159600, 94.31885105222190200 ) ) ;
#3641 = CARTESIAN_POINT ( 'NONE',  ( 0.0000000000000000000, 38.10000000000000100, -29.00000000000000000 ) ) ;
#3642 = CARTESIAN_POINT ( 'NONE',  ( 5.361922726518126400, 36.40786471379809800, 85.11520054034838300 ) ) ;
#3643 = FACE_BOUND ( 'NONE', #724, .T. ) ;
#3644 = EDGE_LOOP ( 'NONE', ( #645, #1635 ) ) ;
#3645 = ORIENTED_EDGE ( 'NONE', *, *, #534, .F. ) ;
#3646 = SECURITY_CLASSIFICATION_LEVEL ( 'unclassified' ) ;
#3647 = DIRECTION ( 'NONE',  ( -1.951563910473908000E-018, -0.7071067811865486800, 0.7071067811865463500 ) ) ;
#3648 = VERTEX_POINT ( 'NONE', #843 ) ;
#3649 = ADVANCED_FACE ( 'NONE', ( #2396 ), #3110, .T. ) ;
#3650 = CARTESIAN_POINT ( 'NONE',  ( 3.521661918898723700, 39.36739916488093600, 88.07473499142669500 ) ) ;
#3651 = CARTESIAN_POINT ( 'NONE',  ( -41.35930008502347700, 22.79500000000000200, 0.0000000000000000000 ) ) ;
#3652 = ORIENTED_EDGE ( 'NONE', *, *, #3996, .T. ) ;
#3653 = AXIS2_PLACEMENT_3D ( 'NONE', #1879, #1561, #3421 ) ;
#3654 = AXIS2_PLACEMENT_3D ( 'NONE', #3134, #1263, #3449 ) ;
#3655 = EDGE_LOOP ( 'NONE', ( #2082, #1810 ) ) ;
#3656 = DIRECTION ( 'NONE',  ( 0.9237280213470682200, 0.3830490080632378300, 0.0000000000000000000 ) ) ;
#3657 = CARTESIAN_POINT ( 'NONE',  ( 6.111434910053017900, 56.45372693863007600, 105.1610627651804300 ) ) ;
#3658 = CARTESIAN_POINT ( 'NONE',  ( 19.90192358989791500, 21.02210492120335100, 120.0381127896682300 ) ) ;
#3659 = CARTESIAN_POINT ( 'NONE',  ( 38.69232540376106000, 41.23378577896577500, 89.94112160551608800 ) ) ;
#3660 = ADVANCED_FACE ( 'NONE', ( #732 ), #3847, .F. ) ;
#3661 =( GEOMETRIC_REPRESENTATION_CONTEXT ( 3 ) GLOBAL_UNCERTAINTY_ASSIGNED_CONTEXT ( ( #1416 ) ) GLOBAL_UNIT_ASSIGNED_CONTEXT ( ( #2248, #380, #2570 ) ) REPRESENTATION_CONTEXT ( 'NONE', 'WORKASPACE' ) );
#3662 = DIRECTION ( 'NONE',  ( -0.9237280213470682200, -0.3830490080632378300, 0.0000000000000000000 ) ) ;
#3663 = DIRECTION ( 'NONE',  ( 1.000000000000000000, 0.0000000000000000000, -0.0000000000000000000 ) ) ;
#3664 = ADVANCED_FACE ( 'NONE', ( #3958, #1552 ), #3347, .T. ) ;
#3665 = DIRECTION ( 'NONE',  ( 0.6935081420032261900, 0.5094342239068901900, 0.5094342239068920800 ) ) ;
#3666 = DIRECTION ( 'NONE',  ( -1.000000000000000000, -0.0000000000000000000, -0.0000000000000000000 ) ) ;
#3667 = EDGE_CURVE ( 'NONE', #1059, #49, #2295, .T. ) ;
#3668 = EDGE_CURVE ( 'NONE', #2253, #1739, #1462, .T. ) ;
#3669 = CIRCLE ( 'NONE', #1325, 26.68795201467610000 ) ;
#3670 = CARTESIAN_POINT ( 'NONE',  ( 22.38834911671403200, 60.20469027272008600, 108.9120260992704600 ) ) ;
#3671 = COORDINATED_UNIVERSAL_TIME_OFFSET ( 0, 0, .AHEAD. ) ;
#3672 = AXIS2_PLACEMENT_3D ( 'NONE', #1780, #1465, #1142 ) ;
#3673 = DIRECTION ( 'NONE',  ( 1.000000000000000000, 0.0000000000000000000, 0.0000000000000000000 ) ) ;
#3674 = FACE_OUTER_BOUND ( 'NONE', #1248, .T. ) ;
#3675 = APPROVAL_PERSON_ORGANIZATION ( #444, #1803, #1372 ) ;
#3676 = CARTESIAN_POINT ( 'NONE',  ( -22.20005111260406500, 0.0000000000000000000, 0.0000000000000000000 ) ) ;
#3677 = CONICAL_SURFACE ( 'NONE', #57, 23.11499999999999800, 0.5235987755982984800 ) ;
#3678 = CARTESIAN_POINT ( 'NONE',  ( 14.59306376279624700, 59.81292739994299300, 108.5202632264933600 ) ) ;
#3679 = CARTESIAN_POINT ( 'NONE',  ( 11.16017798742179500, 33.43080545384820100, 82.13814128039854300 ) ) ;
#3680 = VECTOR ( 'NONE', #363, 1000.000000000000000 ) ;
#3681 = CARTESIAN_POINT ( 'NONE',  ( 58.15865425799412900, 3.321854442687194000E-015, 27.12499999999998600 ) ) ;
#3682 = EDGE_CURVE ( 'NONE', #416, #1527, #3032, .T. ) ;
#3683 = CARTESIAN_POINT ( 'NONE',  ( 28.03874827651079500, 59.09728716699405700, 107.8046229935444100 ) ) ;
#3684 = AXIS2_PLACEMENT_3D ( 'NONE', #2589, #3522, #1336 ) ;
#3685 = ADVANCED_FACE ( 'NONE', ( #3210 ), #1353, .F. ) ;
#3686 = FACE_OUTER_BOUND ( 'NONE', #1441, .T. ) ;
#3687 = CC_DESIGN_SECURITY_CLASSIFICATION ( #2638, ( #1577 ) ) ;
#3688 = ORIENTED_EDGE ( 'NONE', *, *, #168, .T. ) ;
#3689 = ORIENTED_EDGE ( 'NONE', *, *, #870, .T. ) ;
#3690 = CARTESIAN_POINT ( 'NONE',  ( 19.90192358989791500, 37.69115956792208500, 103.3690581429495600 ) ) ;
#3691 = CARTESIAN_POINT ( 'NONE',  ( 27.06094990763103800, 32.95109728372193600, 81.65843311027219900 ) ) ;
#3692 = PRODUCT_DEFINITION_SHAPE ( 'NONE', 'NONE',  #1476 ) ;
#3693 = ORIENTED_EDGE ( 'NONE', *, *, #2493, .T. ) ;
#3694 = AXIS2_PLACEMENT_3D ( 'NONE', #3966, #3306, #1449 ) ;
#3695 = ORIENTED_EDGE ( 'NONE', *, *, #3667, .T. ) ;
#3696 = DIRECTION ( 'NONE',  ( 0.9237280213470681100, 0.3830490080632379400, 0.0000000000000000000 ) ) ;
#3697 = CARTESIAN_POINT ( 'NONE',  ( 1.419990652630216400, 50.12691460931505800, 97.42807342525459500 ) ) ;
#3698 = CARTESIAN_POINT ( 'NONE',  ( -5.846995005151591800, 46.65818147919050300, 33.44300840550347700 ) ) ;
#3699 = ADVANCED_FACE ( 'NONE', ( #2929 ), #3750, .F. ) ;
#3700 = DIRECTION ( 'NONE',  ( 1.000000000000000000, -0.0000000000000000000, -0.0000000000000000000 ) ) ;
#3701 = DIRECTION ( 'NONE',  ( -1.000000000000000000, 0.0000000000000000000, 0.0000000000000000000 ) ) ;
#3702 = EDGE_CURVE ( 'NONE', #2415, #3977, #2097, .T. ) ;
#3703 = PERSON_AND_ORGANIZATION ( #225, #3150 ) ;
#3704 = CARTESIAN_POINT ( 'NONE',  ( 34.36156835066518800, 48.31286313638074900, 113.9907617114082500 ) ) ;
#3705 = DIRECTION ( 'NONE',  ( 1.000000000000000000, 0.0000000000000000000, -0.0000000000000000000 ) ) ;
#3706 = SHAPE_DEFINITION_REPRESENTATION ( #3692, #1622 ) ;
#3707 = EDGE_CURVE ( 'NONE', #2124, #53, #2976, .T. ) ;
#3708 = CIRCLE ( 'NONE', #3581, 23.62499999999999300 ) ;
#3709 = CARTESIAN_POINT ( 'NONE',  ( 0.8770411028472033800, 45.63492255393478600, 94.34225838043506900 ) ) ;
#3710 = APPROVAL_DATE_TIME ( #492, #1282 ) ;
#3711 = CARTESIAN_POINT ( 'NONE',  ( 41.40192358989791200, 57.33567257895325800, 41.44300840550348400 ) ) ;
#3712 = LINE ( 'NONE', #3151, #3625 ) ;
#3713 = ADVANCED_FACE ( 'NONE', ( #535 ), #1989, .T. ) ;
#3714 = AXIS2_PLACEMENT_3D ( 'NONE', #2658, #2674, #2975 ) ;
#3715 = DIRECTION ( 'NONE',  ( 0.0000000000000000000, 0.0000000000000000000, -1.000000000000000000 ) ) ;
#3716 = CYLINDRICAL_SURFACE ( 'NONE', #3092, 26.18499999999998800 ) ;
#3717 = UNCERTAINTY_MEASURE_WITH_UNIT (LENGTH_MEASURE( 1.000000000000000100E-005 ), #662, 'distance_accuracy_value', 'NONE');
#3718 = DIRECTION ( 'NONE',  ( -0.8660254037844388200, 6.123233995736762300E-017, -0.4999999999999996700 ) ) ;
#3719 = CIRCLE ( 'NONE', #1155, 17.06000000000001300 ) ;
#3720 = AXIS2_PLACEMENT_3D ( 'NONE', #2544, #669, #355 ) ;
#3721 = CYLINDRICAL_SURFACE ( 'NONE', #1152, 27.12499999999998200 ) ;
#3722 = ORIENTED_EDGE ( 'NONE', *, *, #3038, .T. ) ;
#3723 = CARTESIAN_POINT ( 'NONE',  ( 0.9116165086101250000, 50.62933157805131400, 99.33666740460164100 ) ) ;
#3724 = EDGE_LOOP ( 'NONE', ( #366, #2513, #1566, #1195 ) ) ;
#3725 = FACE_OUTER_BOUND ( 'NONE', #3104, .T. ) ;
#3726 = ORIENTED_EDGE ( 'NONE', *, *, #2137, .T. ) ;
#3727 = DIRECTION ( 'NONE',  ( 0.0000000000000000000, 0.0000000000000000000, 1.000000000000000000 ) ) ;
#3728 = ORIENTED_EDGE ( 'NONE', *, *, #2268, .T. ) ;
#3729 = AXIS2_PLACEMENT_3D ( 'NONE', #1310, #3496, #1632 ) ;
#3730 = CC_DESIGN_DATE_AND_TIME_ASSIGNMENT ( #2647, #816, ( #1048 ) ) ;
#3731 = CARTESIAN_POINT ( 'NONE',  ( -53.30290323835134800, 0.0000000000000000000, 20.85000000000000100 ) ) ;
#3732 = CARTESIAN_POINT ( 'NONE',  ( -60.10819268389990100, 0.0000000000000000000, 0.0000000000000000000 ) ) ;
#3733 = VERTEX_POINT ( 'NONE', #3367 ) ;
#3734 = EDGE_CURVE ( 'NONE', #3977, #2415, #1252, .T. ) ;
#3735 = CARTESIAN_POINT ( 'NONE',  ( -54.60819268389989400, 0.0000000000000000000, -27.87499999999998600 ) ) ;
#3736 = EDGE_CURVE ( 'NONE', #276, #1134, #3669, .T. ) ;
#3737 = EDGE_LOOP ( 'NONE', ( #3812, #277, #3346, #550 ) ) ;
#3738 = CARTESIAN_POINT ( 'NONE',  ( 4.349501151540115600, 54.63664383785493300, 101.9462533151054400 ) ) ;
#3739 = DIRECTION ( 'NONE',  ( -1.000000000000000000, -0.0000000000000000000, -0.0000000000000000000 ) ) ;
#3740 = MANIFOLD_SOLID_BREP ( 'Fillet2', #907 ) ;
#3741 = VERTEX_POINT ( 'NONE', #566 ) ;
#3742 = EDGE_CURVE ( 'NONE', #128, #830, #2829, .T. ) ;
#3743 = AXIS2_PLACEMENT_3D ( 'NONE', #1250, #3439, #1571 ) ;
#3744 = CARTESIAN_POINT ( 'NONE',  ( 8.716414653835423500, 57.05196130871546200, 105.7592971352589900 ) ) ;
#3745 = APPROVAL ( #3547, 'UNSPECIFIED' ) ;
#3746 = VERTEX_POINT ( 'NONE', #1826 ) ;
#3747 = CARTESIAN_POINT ( 'NONE',  ( 15.77266784041369100, 59.98131317830791400, 107.2983941010972300 ) ) ;
#3748 = AXIS2_PLACEMENT_3D ( 'NONE', #619, #362, #2208 ) ;
#3749 = DIRECTION ( 'NONE',  ( -1.000000000000000000, -0.0000000000000000000, -0.0000000000000000000 ) ) ;
#3750 = TOROIDAL_SURFACE ( 'NONE', #1119, 38.10000000000000100, 16.05999999999999900 ) ;
#3751 = LOCAL_TIME ( 12, 1, 29.00000000000000000, #537 ) ;
#3752 = FACE_OUTER_BOUND ( 'NONE', #1007, .T. ) ;
#3753 = CARTESIAN_POINT ( 'NONE',  ( 26.91172043745517000, 40.43144978830191900, -3.256991594496525500 ) ) ;
#3754 = COORDINATED_UNIVERSAL_TIME_OFFSET ( 0, 0, .AHEAD. ) ;
#3755 = CYLINDRICAL_SURFACE ( 'NONE', #1118, 27.12499999999998600 ) ;
#3756 = CARTESIAN_POINT ( 'NONE',  ( 12.71958564427117700, 59.40132724836907100, 108.1086630749194500 ) ) ;
#3757 = DIRECTION ( 'NONE',  ( 0.0000000000000000000, -0.0000000000000000000, 1.000000000000000000 ) ) ;
#3758 = DIRECTION ( 'NONE',  ( -1.000000000000000000, -0.0000000000000000000, -0.0000000000000000000 ) ) ;
#3759 = CARTESIAN_POINT ( 'NONE',  ( 16.05999999999999900, 38.10000000000000100, -29.00000000000000000 ) ) ;
#3760 = CYLINDRICAL_SURFACE ( 'NONE', #2129, 19.44999999999998500 ) ;
#3761 = CARTESIAN_POINT ( 'NONE',  ( 20.39550484407515500, 59.64204148520235500, 108.3493773117527500 ) ) ;
#3762 = AXIS2_PLACEMENT_3D ( 'NONE', #1044, #1981, #96 ) ;
#3763 = LINE ( 'NONE', #3855, #1174 ) ;
#3764 = CARTESIAN_POINT ( 'NONE',  ( 1.966782759430648600E-015, 15.58463345735148100, 15.58463345735154000 ) ) ;
#3765 = DIRECTION ( 'NONE',  ( -1.000000000000000000, -0.0000000000000000000, -0.0000000000000000000 ) ) ;
#3766 = ORIENTED_EDGE ( 'NONE', *, *, #3479, .T. ) ;
#3767 = VERTEX_POINT ( 'NONE', #3698 ) ;
#3768 = DIRECTION ( 'NONE',  ( -0.0000000000000000000, -0.0000000000000000000, 1.000000000000000000 ) ) ;
#3769 = ORIENTED_EDGE ( 'NONE', *, *, #2358, .F. ) ;
#3770 = CARTESIAN_POINT ( 'NONE',  ( 23.36363432202852400, 60.10093054084689600, 108.8082663673972700 ) ) ;
#3771 = DIRECTION ( 'NONE',  ( 0.0000000000000000000, 0.0000000000000000000, 1.000000000000000000 ) ) ;
#3772 = DIRECTION ( 'NONE',  ( -1.000000000000000000, -0.0000000000000000000, -0.0000000000000000000 ) ) ;
#3773 = EDGE_CURVE ( 'NONE', #2482, #3828, #1158, .T. ) ;
#3774 = CARTESIAN_POINT ( 'NONE',  ( 19.90192358989791900, 57.33567257895325800, -79.32383853639055400 ) ) ;
#3775 = ORIENTED_EDGE ( 'NONE', *, *, #3595, .F. ) ;
#3776 = ORIENTED_EDGE ( 'NONE', *, *, #890, .F. ) ;
#3777 = AXIS2_PLACEMENT_3D ( 'NONE', #2611, #736, #2920 ) ;
#3778 = CARTESIAN_POINT ( 'NONE',  ( 19.90192358989791900, 57.33567257895325800, 5.767445413726715500 ) ) ;
#3779 = PLANE ( 'NONE',  #2503 ) ;
#3780 = DIRECTION ( 'NONE',  ( 0.0000000000000000000, 0.0000000000000000000, -1.000000000000000000 ) ) ;
#3781 = CARTESIAN_POINT ( 'NONE',  ( 27.63190704189891300, 59.14667537852521000, 106.4627264063862800 ) ) ;
#3782 = ORIENTED_EDGE ( 'NONE', *, *, #869, .T. ) ;
#3783 = ORIENTED_EDGE ( 'NONE', *, *, #1347, .T. ) ;
#3784 = CARTESIAN_POINT ( 'NONE',  ( 38.93023670699928800, 46.68755292788670600, 95.39488875440032700 ) ) ;
#3785 = PERSON_AND_ORGANIZATION ( #225, #3150 ) ;
#3786 = EDGE_CURVE ( 'NONE', #1107, #3277, #333, .T. ) ;
#3787 = CONICAL_SURFACE ( 'NONE', #3089, 18.29999999999999000, 0.2617993877991508500 ) ;
#3788 = LOCAL_TIME ( 12, 1, 29.00000000000000000, #577 ) ;
#3789 = AXIS2_PLACEMENT_3D ( 'NONE', #1634, #2263, #392 ) ;
#3790 = PERSON_AND_ORGANIZATION ( #3820, #579 ) ;
#3791 = APPROVAL ( #153, 'UNSPECIFIED' ) ;
#3792 = DIRECTION ( 'NONE',  ( 1.000000000000000000, 0.0000000000000000000, 0.0000000000000000000 ) ) ;
#3793 = EDGE_CURVE ( 'NONE', #3409, #2220, #435, .T. ) ;
#3794 = CARTESIAN_POINT ( 'NONE',  ( 58.15865425799412900, 2.381938024341600300E-015, 19.44999999999998500 ) ) ;
#3795 = FACE_OUTER_BOUND ( 'NONE', #105, .T. ) ;
#3796 = CARTESIAN_POINT ( 'NONE',  ( 32.34907129130056800, 56.34304886954734600, 105.0503846960977100 ) ) ;
#3797 = CARTESIAN_POINT ( 'NONE',  ( 0.0000000000000000000, 0.0000000000000000000, 0.0000000000000000000 ) ) ;
#3798 = APPROVAL_PERSON_ORGANIZATION ( #581, #1282, #138 ) ;
#3799 = EDGE_CURVE ( 'NONE', #1628, #1876, #2749, .T. ) ;
#3800 = CYLINDRICAL_SURFACE ( 'NONE', #4059, 23.71000000000000100 ) ;
#3801 = EDGE_CURVE ( 'NONE', #1241, #2624, #1064, .T. ) ;
#3802 = CARTESIAN_POINT ( 'NONE',  ( 39.42025671451346400, 43.04621912522628700, 91.75355495177659300 ) ) ;
#3803 = DIRECTION ( 'NONE',  ( 0.0000000000000000000, 0.0000000000000000000, -1.000000000000000000 ) ) ;
#3804 = CIRCLE ( 'NONE', #997, 18.99999999999999600 ) ;
#3805 = VECTOR ( 'NONE', #2100, 999.9999999999998900 ) ;
#3806 = FACE_OUTER_BOUND ( 'NONE', #2516, .T. ) ;
#3807 = AXIS2_PLACEMENT_3D ( 'NONE', #1450, #3647, #1776 ) ;
#3808 = DIRECTION ( 'NONE',  ( 0.1047314495461463400, -0.7032180755199484200, -0.7032180755199507500 ) ) ;
#3809 = MANIFOLD_SOLID_BREP ( 'Chamfer1', #2013 ) ;
#3810 = CARTESIAN_POINT ( 'NONE',  ( 36.12009810701451300, 54.49640224871979700, 103.2037380752701400 ) ) ;
#3811 = APPLICATION_CONTEXT ( 'configuration controlled 3d designs of mechanical parts and assemblies' ) ;
#3812 = ORIENTED_EDGE ( 'NONE', *, *, #39, .T. ) ;
#3813 = LINE ( 'NONE', #1143, #2162 ) ;
#3814 = EDGE_LOOP ( 'NONE', ( #2128, #3095, #3766, #1701 ) ) ;
#3815 = CARTESIAN_POINT ( 'NONE',  ( 36.11408461027843200, 39.86396475942009200, 87.13040243678371200 ) ) ;
#3816 = CARTESIAN_POINT ( 'NONE',  ( 27.78480367739726400, 59.09710521736153100, 106.4130938239614500 ) ) ;
#3817 = DIRECTION ( 'NONE',  ( -1.000000000000000000, 0.0000000000000000000, 0.0000000000000000000 ) ) ;
#3818 = ORIENTED_EDGE ( 'NONE', *, *, #3734, .T. ) ;
#3819 = CC_DESIGN_PERSON_AND_ORGANIZATION_ASSIGNMENT ( #279, #414, ( #3630 ) ) ;
#3820 = PERSON ( 'NAUO-PER2', 'UNSPECIFIED', 'UNSPECIFIED', ('UNSPECIFIED'), ('UNSPECIFIED'), ('UNSPECIFIED') ) ;
#3821 = ORIENTED_EDGE ( 'NONE', *, *, #3099, .F. ) ;
#3822 = ORIENTED_EDGE ( 'NONE', *, *, #1654, .T. ) ;
#3823 = CC_DESIGN_APPROVAL ( #3636, ( #3192 ) ) ;
#3824 = EDGE_CURVE ( 'NONE', #464, #902, #3557, .T. ) ;
#3825 = DIRECTION ( 'NONE',  ( 0.0000000000000000000, 0.0000000000000000000, -1.000000000000000000 ) ) ;
#3826 = CARTESIAN_POINT ( 'NONE',  ( -6.223076410102064100, 57.33567257895325800, 38.44300840550349100 ) ) ;
#3827 = DIRECTION ( 'NONE',  ( 1.000000000000000000, -0.0000000000000000000, -0.0000000000000000000 ) ) ;
#3828 = VERTEX_POINT ( 'NONE', #2480 ) ;
#3829 = CARTESIAN_POINT ( 'NONE',  ( 37.86524409168073600, 51.26948473100337400, 98.57299008087066700 ) ) ;
#3830 = APPROVAL_ROLE ( '' ) ;
#3831 = ORIENTED_EDGE ( 'NONE', *, *, #1488, .T. ) ;
#3832 = CARTESIAN_POINT ( 'NONE',  ( 32.99557939156807900, 36.41668302700372100, 85.12401885354032100 ) ) ;
#3833 = EDGE_LOOP ( 'NONE', ( #3652, #2819 ) ) ;
#3834 = CARTESIAN_POINT ( 'NONE',  ( 37.76736877766298800, 51.46182082360560600, 98.76570821136357400 ) ) ;
#3835 = DIRECTION ( 'NONE',  ( 0.0000000000000000000, 0.0000000000000000000, -1.000000000000000000 ) ) ;
#3836 = CARTESIAN_POINT ( 'NONE',  ( -20.40819268389990200, 0.0000000000000000000, -26.18499999999998800 ) ) ;
#3837 = ORIENTED_EDGE ( 'NONE', *, *, #2478, .F. ) ;
#3838 = AXIS2_PLACEMENT_3D ( 'NONE', #331, #2517, #638 ) ;
#3839 = CARTESIAN_POINT ( 'NONE',  ( -29.72930008502348500, 0.0000000000000000000, 0.0000000000000000000 ) ) ;
#3840 = PERSON_AND_ORGANIZATION ( #225, #3150 ) ;
#3841 = DIRECTION ( 'NONE',  ( -1.000000000000000000, 0.0000000000000000000, 0.0000000000000000000 ) ) ;
#3842 = CARTESIAN_POINT ( 'NONE',  ( 58.15865425799412900, 0.0000000000000000000, -26.12499999999998600 ) ) ;
#3843 = APPROVAL_STATUS ( 'not_yet_approved' ) ;
#3844 = ORIENTED_EDGE ( 'NONE', *, *, #3603, .T. ) ;
#3845 = CARTESIAN_POINT ( 'NONE',  ( 30.02397953776874900, 33.95356671012086700, 82.66090253667114500 ) ) ;
#3846 = DIRECTION ( 'NONE',  ( 0.6935081420032264100, 0.5094342239068904200, 0.5094342239068916400 ) ) ;
#3847 = CONICAL_SURFACE ( 'NONE', #3923, 23.62499999999999300, 0.7853981633974657100 ) ;
#3848 = DIRECTION ( 'NONE',  ( 0.0000000000000000000, 0.0000000000000000000, -1.000000000000000000 ) ) ;
#3849 = APPROVAL_DATE_TIME ( #625, #810 ) ;
#3850 = CIRCLE ( 'NONE', #964, 26.18499999999998800 ) ;
#3851 = CARTESIAN_POINT ( 'NONE',  ( -18.40819268389988400, 0.0000000000000000000, 0.0000000000000000000 ) ) ;
#3852 = CARTESIAN_POINT ( 'NONE',  ( 39.79249226157941900, 47.64501808337700300, 96.35235390992733100 ) ) ;
#3853 = DIRECTION ( 'NONE',  ( -1.000000000000000000, 0.0000000000000000000, 0.0000000000000000000 ) ) ;
#3854 = FACE_OUTER_BOUND ( 'NONE', #2999, .T. ) ;
#3855 = CARTESIAN_POINT ( 'NONE',  ( 35.71044168686145800, 32.63465805516091200, 131.6506659236258400 ) ) ;
#3856 = APPLICATION_PROTOCOL_DEFINITION ( 'international standard', 'config_control_design', 1994, #3501 ) ;
#3857 = EDGE_CURVE ( 'NONE', #307, #3090, #3451, .T. ) ;
#3858 = CARTESIAN_POINT ( 'NONE',  ( 0.0000000000000000000, 38.10000000000000100, -29.00000000000000000 ) ) ;
#3859 = EDGE_CURVE ( 'NONE', #1329, #3487, #1811, .T. ) ;
#3860 = TOROIDAL_SURFACE ( 'NONE', #1501, 38.10000000000000100, 16.05999999999999900 ) ;
#3861 = CARTESIAN_POINT ( 'NONE',  ( 26.13726831798120600, 34.20612751182869000, 81.42968385262150800 ) ) ;
#3862 = CARTESIAN_POINT ( 'NONE',  ( 0.0000000000000000000, 38.10000000000000100, -29.00000000000000000 ) ) ;
#3863 = CARTESIAN_POINT ( 'NONE',  ( -53.30290323835134800, 2.553388576222231200E-015, -20.85000000000000100 ) ) ;
#3864 = LINE ( 'NONE', #2125, #2943 ) ;
#3865 = AXIS2_PLACEMENT_3D ( 'NONE', #1169, #3363, #1492 ) ;
#3866 = CARTESIAN_POINT ( 'NONE',  ( -5.154198989141288000, 46.94546823523793900, 5.767445413726715500 ) ) ;
#3867 = ORIENTED_EDGE ( 'NONE', *, *, #1512, .T. ) ;
#3868 = CARTESIAN_POINT ( 'NONE',  ( 32.11475441960554600, 36.58872596175128000, 83.83425395136967500 ) ) ;
#3869 = EDGE_LOOP ( 'NONE', ( #1096, #2737, #306, #710 ) ) ;
#3870 = DIRECTION ( 'NONE',  ( -1.000000000000000000, 0.0000000000000000000, 0.0000000000000000000 ) ) ;
#3871 = SECURITY_CLASSIFICATION_LEVEL ( 'unclassified' ) ;
#3872 = ORIENTED_EDGE ( 'NONE', *, *, #4016, .F. ) ;
#3873 = CARTESIAN_POINT ( 'NONE',  ( 21.27999831700903500, 32.79028123395094200, 81.49761706049896800 ) ) ;
#3874 = EDGE_CURVE ( 'NONE', #2995, #3001, #965, .T. ) ;
#3875 = DIRECTION ( 'NONE',  ( 0.0000000000000000000, -0.7071067811865487900, 0.7071067811865462400 ) ) ;
#3876 = ORIENTED_EDGE ( 'NONE', *, *, #690, .F. ) ;
#3877 = AXIS2_PLACEMENT_3D ( 'NONE', #1362, #3552, #1684 ) ;
#3878 = VERTEX_POINT ( 'NONE', #3106 ) ;
#3879 = ORIENTED_EDGE ( 'NONE', *, *, #2824, .F. ) ;
#3880 = PRODUCT_RELATED_PRODUCT_CATEGORY ( 'detail', '', ( #1101 ) ) ;
#3881 = CARTESIAN_POINT ( 'NONE',  ( -18.40819268389988400, 0.0000000000000000000, -23.62499999999999300 ) ) ;
#3882 = DATE_TIME_ROLE ( 'creation_date' ) ;
#3883 = ORIENTED_EDGE ( 'NONE', *, *, #3682, .F. ) ;
#3884 = ORIENTED_EDGE ( 'NONE', *, *, #1431, .F. ) ;
#3885 = CARTESIAN_POINT ( 'NONE',  ( 18.72733015888508100, 32.03728692753041000, 80.74462275408068000 ) ) ;
#3886 = VERTEX_POINT ( 'NONE', #3735 ) ;
#3887 = CARTESIAN_POINT ( 'NONE',  ( 14.19180385232436600, 34.07898252866039700, 81.30114327662180100 ) ) ;
#3888 = DIRECTION ( 'NONE',  ( -1.951563910473908000E-018, -0.7071067811865486800, 0.7071067811865463500 ) ) ;
#3889 = CARTESIAN_POINT ( 'NONE',  ( 30.38511339762630900, 58.24962007600936400, 106.9569559025597300 ) ) ;
#3890 = AXIS2_PLACEMENT_3D ( 'NONE', #1071, #771, #3252 ) ;
#3891 = COORDINATED_UNIVERSAL_TIME_OFFSET ( 0, 0, .AHEAD. ) ;
#3892 = DIRECTION ( 'NONE',  ( 0.0000000000000000000, 0.0000000000000000000, -1.000000000000000000 ) ) ;
#3893 = PLANE ( 'NONE',  #3082 ) ;
#3894 = FACE_OUTER_BOUND ( 'NONE', #4077, .T. ) ;
#3895 = CARTESIAN_POINT ( 'NONE',  ( 29.93206186603380200, 33.14785433998028500, -3.256991594496529100 ) ) ;
#3896 = APPROVAL_DATE_TIME ( #672, #3745 ) ;
#3897 = DIRECTION ( 'NONE',  ( 1.000000000000000000, 0.0000000000000000000, 0.0000000000000000000 ) ) ;
#3898 = APPLICATION_CONTEXT ( 'configuration controlled 3d designs of mechanical parts and assemblies' ) ;
#3899 = LOCAL_TIME ( 12, 1, 29.00000000000000000, #673 ) ;
#3900 = CARTESIAN_POINT ( 'NONE',  ( 1.400661397312642300, 43.00575470081846400, 91.71309052735973900 ) ) ;
#3901 = CIRCLE ( 'NONE', #2333, 20.85000000000000100 ) ;
#3902 = COORDINATED_UNIVERSAL_TIME_OFFSET ( 0, 0, .AHEAD. ) ;
#3903 = CARTESIAN_POINT ( 'NONE',  ( 13.32793998400086000, 34.28576007073066000, 81.51019776777862100 ) ) ;
#3904 = CARTESIAN_POINT ( 'NONE',  ( -17.90819268389989800, 0.0000000000000000000, -16.05999999999999200 ) ) ;
#3905 = CARTESIAN_POINT ( 'NONE',  ( 3.238276466053668500, 40.41529669288723900, 87.68454115419740400 ) ) ;
#3906 = FACE_BOUND ( 'NONE', #273, .T. ) ;
#3907 = CARTESIAN_POINT ( 'NONE',  ( 39.65447403106403400, 48.57440636200829700, 97.28174218855863800 ) ) ;
#3908 = EDGE_CURVE ( 'NONE', #367, #3176, #1703, .T. ) ;
#3909 = DIRECTION ( 'NONE',  ( 0.6935081420032259700, 0.5094342239068903000, 0.5094342239068920800 ) ) ;
#3910 = TOROIDAL_SURFACE ( 'NONE', #1842, 38.10000000000000100, 19.00000000000000000 ) ;
#3911 = CARTESIAN_POINT ( 'NONE',  ( 58.15865425799412900, 0.0000000000000000000, 0.0000000000000000000 ) ) ;
#3912 = APPROVAL_STATUS ( 'not_yet_approved' ) ;
#3913 = CIRCLE ( 'NONE', #3743, 23.62499999999998900 ) ;
#3914 = ORIENTED_EDGE ( 'NONE', *, *, #2407, .T. ) ;
#3915 = DIRECTION ( 'NONE',  ( 1.000000000000000000, -0.0000000000000000000, -0.0000000000000000000 ) ) ;
#3916 = ADVANCED_FACE ( 'NONE', ( #3364 ), #780, .F. ) ;
#3917 = CARTESIAN_POINT ( 'NONE',  ( 8.952534063899241400, 35.17774729371652100, 83.88508312027597900 ) ) ;
#3918 = LINE ( 'NONE', #1562, #2256 ) ;
#3919 = ORIENTED_EDGE ( 'NONE', *, *, #610, .F. ) ;
#3920 = CARTESIAN_POINT ( 'NONE',  ( -40.35930008502347700, 0.0000000000000000000, 16.05999999999999900 ) ) ;
#3921 = ORIENTED_EDGE ( 'NONE', *, *, #3824, .F. ) ;
#3922 = AXIS2_PLACEMENT_3D ( 'NONE', #1743, #2040, #1094 ) ;
#3923 = AXIS2_PLACEMENT_3D ( 'NONE', #2403, #2734, #3024 ) ;
#3924 = DIRECTION ( 'NONE',  ( -1.000000000000000000, 0.0000000000000000000, 0.0000000000000000000 ) ) ;
#3925 = DIRECTION ( 'NONE',  ( -1.000000000000000000, -0.0000000000000000000, -0.0000000000000000000 ) ) ;
#3926 = DIRECTION ( 'NONE',  ( 0.0000000000000000000, 0.0000000000000000000, 1.000000000000000000 ) ) ;
#3927 = DATE_TIME_ROLE ( 'classification_date' ) ;
#3928 = AXIS2_PLACEMENT_3D ( 'NONE', #370, #2560, #684 ) ;
#3929 = EDGE_LOOP ( 'NONE', ( #1281, #4075, #1404, #1482 ) ) ;
#3930 = ORIENTED_EDGE ( 'NONE', *, *, #3535, .F. ) ;
#3931 = DIRECTION ( 'NONE',  ( -1.951563910473908000E-018, -0.7071067811865486800, 0.7071067811865463500 ) ) ;
#3932 = VERTEX_POINT ( 'NONE', #1237 ) ;
#3933 = CARTESIAN_POINT ( 'NONE',  ( 4.950948248068407900, 36.75759771890548000, 85.46493354545577900 ) ) ;
#3934 = AXIS2_PLACEMENT_3D ( 'NONE', #40, #2245, #374 ) ;
#3935 = CC_DESIGN_PERSON_AND_ORGANIZATION_ASSIGNMENT ( #884, #2992, ( #1048 ) ) ;
#3936 = LINE ( 'NONE', #2746, #1201 ) ;
#3937 = CARTESIAN_POINT ( 'NONE',  ( 2.820082812520594100, 49.31817155846223200, 114.9960701334897400 ) ) ;
#3938 = ADVANCED_FACE ( 'NONE', ( #1597 ), #126, .F. ) ;
#3939 = CARTESIAN_POINT ( 'NONE',  ( 11.51900842374588600, 59.04346475345445800, 107.7508005800048100 ) ) ;
#3940 = DIRECTION ( 'NONE',  ( -1.000000000000000000, 0.0000000000000000000, 0.0000000000000000000 ) ) ;
#3941 = ORIENTED_EDGE ( 'NONE', *, *, #11, .F. ) ;
#3942 = EDGE_CURVE ( 'NONE', #4037, #1505, #18, .T. ) ;
#3943 = APPROVAL_ROLE ( '' ) ;
#3944 = EDGE_CURVE ( 'NONE', #1877, #1081, #2440, .T. ) ;
#3945 = CARTESIAN_POINT ( 'NONE',  ( 19.90192358989791900, 57.33567257895325800, -79.32383853639055400 ) ) ;
#3946 = ORIENTED_EDGE ( 'NONE', *, *, #1360, .T. ) ;
#3947 = DIRECTION ( 'NONE',  ( 0.9237280213470682200, 0.3830490080632376100, 0.0000000000000000000 ) ) ;
#3948 =( BOUNDED_SURFACE ( )  B_SPLINE_SURFACE ( 3, 2, ( 
 ( #905, #1200, #3401 ),
 ( #1526, #3709, #1840 ),
 ( #4029, #2154, #281 ),
 ( #2472, #595, #2788 ),
 ( #915, #3091, #1216 ),
 ( #3411, #1536, #3723 ),
 ( #1852, #4041, #2168 ),
 ( #293, #2484, #606 ),
 ( #2799, #927, #3102 ),
 ( #1228, #3420, #1548 ),
 ( #3738, #1863, #4053 ),
 ( #2180, #308, #2496 ),
 ( #617, #2814, #938 ),
 ( #3111, #1240, #3431 ),
 ( #1560, #3744, #1878 ),
 ( #4069, #2191, #322 ),
 ( #2509, #629, #2825 ),
 ( #950, #3124, #1253 ),
 ( #3442, #1576, #3756 ),
 ( #666, #2502, #621 ),
 ( #2816, #943, #3118 ),
 ( #1244, #3434, #1564 ),
 ( #3747, #1882, #4074 ),
 ( #2197, #327, #2514 ),
 ( #632, #2828, #955 ),
 ( #3131, #1259, #3447 ),
 ( #1581, #3761, #1888 ),
 ( #6, #2210, #338 ),
 ( #2525, #646, #2841 ),
 ( #963, #3139, #1271 ),
 ( #3458, #1591, #3770 ),
 ( #1899, #16, #2221 ),
 ( #349, #2540, #661 ),
 ( #2854, #978, #3154 ),
 ( #1284, #3468, #1603 ),
 ( #3781, #1919, #30 ),
 ( #2233, #364, #2553 ),
 ( #679, #2864, #990 ),
 ( #3171, #1297, #3485 ),
 ( #1617, #3796, #1930 ),
 ( #44, #2247, #379 ),
 ( #2569, #694, #2877 ),
 ( #1003, #3183, #1313 ),
 ( #3500, #1636, #3810 ),
 ( #1945, #61, #2265 ),
 ( #394, #2582, #708 ),
 ( #2893, #1016, #3196 ),
 ( #1330, #3514, #1650 ),
 ( #3829, #1958, #81 ),
 ( #2282, #413, #2598 ),
 ( #725, #2910, #1034 ),
 ( #3212, #1344, #3530 ) ),
 .UNSPECIFIED., .F., .F., .F. ) 
 B_SPLINE_SURFACE_WITH_KNOTS ( ( 4, 2, 2, 2, 2, 2, 2, 2, 2, 2, 2, 2, 2, 2, 2, 2, 2, 2, 2, 2, 2, 2, 2, 2, 2, 4 ),
 ( 3, 3 ),
 ( 0.06253608248852121600, 0.06644458764405379600, 0.07035309279958637500, 0.07230734537735267200, 0.07426159795511895500, 0.07817010311065153400, 0.08207860826618411400, 0.08403286084395039700, 0.08598711342171669300, 0.08989561857724925900, 0.09087274486613240700, 0.09184987115501555600, 0.09380412373278183800, 0.09771262888831441800, 0.09868975517719755200, 0.09966688146608070100, 0.1016211340438469800, 0.1035753866216132800, 0.1055296391993795600, 0.1094381443549121400, 0.1113923969326784400, 0.1133466495104447200, 0.1172551546659773000, 0.1192094072437436000, 0.1211636598215098800, 0.1250721649770424600 ),
 ( 0.0000000000000000000, 1.000000000000000000 ),
 .UNSPECIFIED. ) 
 GEOMETRIC_REPRESENTATION_ITEM ( )  RATIONAL_B_SPLINE_SURFACE ( (
 ( 1.000000000000000000, 0.7060772097192321600, 1.000000000000000000),
 ( 1.000000000000000000, 0.7067564728175945700, 1.000000000000000000),
 ( 1.000000000000000000, 0.7073729941281695600, 1.000000000000000000),
 ( 1.000000000000000000, 0.7084700207452373500, 1.000000000000000000),
 ( 1.000000000000000000, 0.7089559397352691600, 1.000000000000000000),
 ( 1.000000000000000000, 0.7096167444594951900, 1.000000000000000000),
 ( 1.000000000000000000, 0.7098262992224057000, 1.000000000000000000),
 ( 1.000000000000000000, 0.7102175516606782400, 1.000000000000000000),
 ( 1.000000000000000000, 0.7104002604319138400, 1.000000000000000000),
 ( 1.000000000000000000, 0.7109157382100149700, 1.000000000000000000),
 ( 1.000000000000000000, 0.7112166909579723500, 1.000000000000000000),
 ( 1.000000000000000000, 0.7117511605268346300, 1.000000000000000000),
 ( 1.000000000000000000, 0.7119769131156078500, 1.000000000000000000),
 ( 1.000000000000000000, 0.7122692445341999300, 1.000000000000000000),
 ( 1.000000000000000000, 0.7123588490415875300, 1.000000000000000000),
 ( 1.000000000000000000, 0.7125238248972849400, 1.000000000000000000),
 ( 1.000000000000000000, 0.7125992089698970400, 1.000000000000000000),
 ( 1.000000000000000000, 0.7128011890682654000, 1.000000000000000000),
 ( 1.000000000000000000, 0.7129059124090584300, 1.000000000000000000),
 ( 1.000000000000000000, 0.7130049297325258300, 1.000000000000000000),
 ( 1.000000000000000000, 0.7130231128496171700, 1.000000000000000000),
 ( 1.000000000000000000, 0.7130562763294510100, 1.000000000000000000),
 ( 1.000000000000000000, 0.7130712903797152800, 1.000000000000000000),
 ( 1.000000000000000000, 0.7131111924545405800, 1.000000000000000000),
 ( 1.000000000000000000, 0.7131310381675992600, 1.000000000000000000),
 ( 1.000000000000000000, 0.7131715033028569500, 1.000000000000000000),
 ( 1.000000000000000000, 0.7131733521226775200, 1.000000000000000000),
 ( 1.000000000000000000, 0.7131434826017587500, 1.000000000000000000),
 ( 1.000000000000000000, 0.7131358481733250900, 1.000000000000000000),
 ( 1.000000000000000000, 0.7131174095992326400, 1.000000000000000000),
 ( 1.000000000000000000, 0.7131066004073476300, 1.000000000000000000),
 ( 1.000000000000000000, 0.7130694061398382700, 1.000000000000000000),
 ( 1.000000000000000000, 0.7130382735560223400, 1.000000000000000000),
 ( 1.000000000000000000, 0.7129628881227991800, 1.000000000000000000),
 ( 1.000000000000000000, 0.7129186377999756600, 1.000000000000000000),
 ( 1.000000000000000000, 0.7128159262970172900, 1.000000000000000000),
 ( 1.000000000000000000, 0.7127570773979115000, 1.000000000000000000),
 ( 1.000000000000000000, 0.7125597414222290000, 1.000000000000000000),
 ( 1.000000000000000000, 0.7124014253893471400, 1.000000000000000000),
 ( 1.000000000000000000, 0.7121152032409235900, 1.000000000000000000),
 ( 1.000000000000000000, 0.7120115915216144200, 1.000000000000000000),
 ( 1.000000000000000000, 0.7117852966085490600, 1.000000000000000000),
 ( 1.000000000000000000, 0.7116635678204580300, 1.000000000000000000),
 ( 1.000000000000000000, 0.7112736800725451000, 1.000000000000000000),
 ( 1.000000000000000000, 0.7109797616032376100, 1.000000000000000000),
 ( 1.000000000000000000, 0.7104696235967040700, 1.000000000000000000),
 ( 1.000000000000000000, 0.7102868578617160800, 1.000000000000000000),
 ( 1.000000000000000000, 0.7099011606705467600, 1.000000000000000000),
 ( 1.000000000000000000, 0.7096978382299435900, 1.000000000000000000),
 ( 1.000000000000000000, 0.7090513561777135300, 1.000000000000000000),
 ( 1.000000000000000000, 0.7085720446516664600, 1.000000000000000000),
 ( 1.000000000000000000, 0.7080251947824087700, 1.000000000000000000) ) ) 
 REPRESENTATION_ITEM ( '' )  SURFACE ( )  );
#3949 = PERSON_AND_ORGANIZATION ( #225, #3150 ) ;
#3950 = CARTESIAN_POINT ( 'NONE',  ( 2.613169540049315100, 41.24000053418218700, 88.51327745577934500 ) ) ;
#3951 = ADVANCED_FACE ( 'NONE', ( #881 ), #1509, .T. ) ;
#3952 = CARTESIAN_POINT ( 'NONE',  ( 8.070674687322862100, 20.77655984287097700, 102.9017621482974900 ) ) ;
#3953 = SHAPE_REPRESENTATION_RELATIONSHIP ( 'NONE' , 'NONE' ,  #2558, #4019 ) ;
#3954 = CONTEXT_DEPENDENT_SHAPE_REPRESENTATION ( #1448, #3396 ) ;
#3955 = DIRECTION ( 'NONE',  ( 1.000000000000000000, -0.0000000000000000000, -0.0000000000000000000 ) ) ;
#3956 = AXIS2_PLACEMENT_3D ( 'NONE', #2937, #3239, #3224 ) ;
#3957 = VECTOR ( 'NONE', #226, 1000.000000000000000 ) ;
#3958 = FACE_OUTER_BOUND ( 'NONE', #1643, .T. ) ;
#3959 = DIRECTION ( 'NONE',  ( -0.0000000000000000000, 0.0000000000000000000, -1.000000000000000000 ) ) ;
#3960 = APPROVAL_PERSON_ORGANIZATION ( #734, #810, #2979 ) ;
#3961 = CARTESIAN_POINT ( 'NONE',  ( 1.901661154461501400, 52.35011274018141600, 101.0574485667317400 ) ) ;
#3962 = CARTESIAN_POINT ( 'NONE',  ( 58.15865425799412900, 0.0000000000000000000, -27.12499999999998600 ) ) ;
#3963 = VERTEX_POINT ( 'NONE', #3764 ) ;
#3964 = CARTESIAN_POINT ( 'NONE',  ( 4.112878878387833800, 37.46993687153379000, 86.17727269808409600 ) ) ;
#3965 = FACE_BOUND ( 'NONE', #1380, .T. ) ;
#3966 = CARTESIAN_POINT ( 'NONE',  ( 19.90192358989791900, 57.33567257895325800, 33.44300840550347700 ) ) ;
#3967 = EDGE_CURVE ( 'NONE', #1580, #2732, #3255, .T. ) ;
#3968 = FACE_OUTER_BOUND ( 'NONE', #3559, .T. ) ;
#3969 = ADVANCED_FACE ( 'NONE', ( #3155, #3998 ), #1584, .F. ) ;
#3970 = CC_DESIGN_APPROVAL ( #3745, ( #3113 ) ) ;
#3971 = LINE ( 'NONE', #127, #2306 ) ;
#3972 = AXIS2_PLACEMENT_3D ( 'NONE', #1806, #888, #2175 ) ;
#3973 = DIRECTION ( 'NONE',  ( -1.000000000000000000, -0.0000000000000000000, -0.0000000000000000000 ) ) ;
#3974 = ORIENTED_EDGE ( 'NONE', *, *, #3668, .T. ) ;
#3975 = CARTESIAN_POINT ( 'NONE',  ( 19.90192358989791500, 46.17644094216067400, 94.88377676871100200 ) ) ;
#3976 = CYLINDRICAL_SURFACE ( 'NONE', #601, 27.12499999999998200 ) ;
#3977 = VERTEX_POINT ( 'NONE', #2214 ) ;
#3978 = ORIENTED_EDGE ( 'NONE', *, *, #2967, .F. ) ;
#3979 = ORIENTED_EDGE ( 'NONE', *, *, #948, .T. ) ;
#3980 = DIRECTION ( 'NONE',  ( -1.000000000000000000, -0.0000000000000000000, -0.0000000000000000000 ) ) ;
#3981 = ORIENTED_EDGE ( 'NONE', *, *, #1214, .T. ) ;
#3982 = EDGE_LOOP ( 'NONE', ( #3028, #2381, #2849, #2639 ) ) ;
#3983 = CARTESIAN_POINT ( 'NONE',  ( 10.98602420249516600, 58.73940145805315900, 106.0549338590173100 ) ) ;
#3984 = ORIENTED_EDGE ( 'NONE', *, *, #880, .F. ) ;
#3985 = DIRECTION ( 'NONE',  ( 0.0000000000000000000, 0.0000000000000000000, -1.000000000000000000 ) ) ;
#3986 = ADVANCED_FACE ( 'NONE', ( #3066 ), #3787, .T. ) ;
#3987 = DIRECTION ( 'NONE',  ( 0.0000000000000000000, 0.0000000000000000000, 1.000000000000000000 ) ) ;
#3988 = ORIENTED_EDGE ( 'NONE', *, *, #440, .F. ) ;
#3989 = CARTESIAN_POINT ( 'NONE',  ( 31.64243780510437500, 34.70192884139577000, 83.40926466794604700 ) ) ;
#3990 = CARTESIAN_POINT ( 'NONE',  ( 19.90192358989791500, 38.33567257895326500, 67.94300840550349100 ) ) ;
#3991 = CARTESIAN_POINT ( 'NONE',  ( 0.9367545971443206300, 45.93570409875211200, 93.22615919844248800 ) ) ;
#3992 = ORIENTED_EDGE ( 'NONE', *, *, #805, .T. ) ;
#3993 = DIRECTION ( 'NONE',  ( 0.6935081420032263000, 0.5094342239068900800, 0.5094342239068919700 ) ) ;
#3994 = CARTESIAN_POINT ( 'NONE',  ( 36.95009027675882900, 38.75440117258391100, 87.46173699913418900 ) ) ;
#3995 = SHAPE_DEFINITION_REPRESENTATION ( #1184, #1828 ) ;
#3996 = EDGE_CURVE ( 'NONE', #1389, #2820, #1405, .T. ) ;
#3997 = CARTESIAN_POINT ( 'NONE',  ( -53.30290323835134800, 2.791582378656391900E-015, -22.79500000000000200 ) ) ;
#3998 = FACE_BOUND ( 'NONE', #2952, .T. ) ;
#3999 = APPROVAL_PERSON_ORGANIZATION ( #781, #3745, #1680 ) ;
#4000 = ADVANCED_FACE ( 'NONE', ( #2344 ), #1300, .T. ) ;
#4001 = COORDINATED_UNIVERSAL_TIME_OFFSET ( 0, 0, .AHEAD. ) ;
#4002 = AXIS2_PLACEMENT_3D ( 'NONE', #2276, #2592, #1339 ) ;
#4003 = CIRCLE ( 'NONE', #1268, 16.05999999999998500 ) ;
#4004 = LOCAL_TIME ( 12, 1, 29.00000000000000000, #785 ) ;
#4005 = CARTESIAN_POINT ( 'NONE',  ( 0.9376382169049716200, 47.82021980835202200, 95.11588499456013300 ) ) ;
#4006 = CARTESIAN_POINT ( 'NONE',  ( 19.90192358989791900, 57.33567257895325800, 1.609211597371540400 ) ) ;
#4007 = FACE_OUTER_BOUND ( 'NONE', #3724, .T. ) ;
#4008 = CARTESIAN_POINT ( 'NONE',  ( 2.984411042520174600, 38.60618574911981700, 87.31352157567010900 ) ) ;
#4009 = VECTOR ( 'NONE', #739, 1000.000000000000000 ) ;
#4010 = CARTESIAN_POINT ( 'NONE',  ( -40.35930008502347700, 0.0000000000000000000, 0.0000000000000000000 ) ) ;
#4011 = EDGE_CURVE ( 'NONE', #3409, #3361, #2142, .T. ) ;
#4012 = CARTESIAN_POINT ( 'NONE',  ( -54.60819268389989400, 0.0000000000000000000, -27.12499999999998600 ) ) ;
#4013 = AXIS2_PLACEMENT_3D ( 'NONE', #80, #2281, #411 ) ;
#4014 = FACE_BOUND ( 'NONE', #457, .T. ) ;
#4015 = CC_DESIGN_APPROVAL ( #3791, ( #3602 ) ) ;
#4016 = EDGE_CURVE ( 'NONE', #1329, #2124, #576, .T. ) ;
#4017 = CARTESIAN_POINT ( 'NONE',  ( 5.066851567064002600, 51.18390550945765200, 67.94300840550349100 ) ) ;
#4018 = ORIENTED_EDGE ( 'NONE', *, *, #3944, .T. ) ;
#4019 = ADVANCED_BREP_SHAPE_REPRESENTATION ( '', ( #3809, #1546 ), #1775 ) ;
#4020 = CIRCLE ( 'NONE', #2435, 22.04000000000000300 ) ;
#4021 = CARTESIAN_POINT ( 'NONE',  ( 10.12055782950707300, 58.38659817343000900, 105.7016697527177600 ) ) ;
#4022 = EDGE_CURVE ( 'NONE', #1789, #2253, #671, .T. ) ;
#4023 = ORIENTED_EDGE ( 'NONE', *, *, #582, .F. ) ;
#4024 = CARTESIAN_POINT ( 'NONE',  ( -57.10819268389989400, 0.0000000000000000000, 0.0000000000000000000 ) ) ;
#4025 = ADVANCED_FACE ( 'NONE', ( #3894 ), #2042, .T. ) ;
#4026 = EDGE_CURVE ( 'NONE', #1682, #3126, #1229, .T. ) ;
#4027 = CLOSED_SHELL ( 'NONE', ( #2070, #1145, #1137, #844, #3699, #188, #2797, #547, #223, #1502 ) ) ;
#4028 = ORIENTED_EDGE ( 'NONE', *, *, #652, .T. ) ;
#4029 = CARTESIAN_POINT ( 'NONE',  ( 0.8683803889780664600, 47.23739655799816000, 94.53158302341087400 ) ) ;
#4030 = DIRECTION ( 'NONE',  ( 0.0000000000000000000, 0.0000000000000000000, -1.000000000000000000 ) ) ;
#4031 = ORIENTED_EDGE ( 'NONE', *, *, #3611, .F. ) ;
#4032 = ORIENTED_EDGE ( 'NONE', *, *, #274, .T. ) ;
#4033 = AXIS2_PLACEMENT_3D ( 'NONE', #3323, #3931, #2385 ) ;
#4034 = VERTEX_POINT ( 'NONE', #2606 ) ;
#4035 = ORIENTED_EDGE ( 'NONE', *, *, #1075, .F. ) ;
#4036 = DIRECTION ( 'NONE',  ( 0.9237280213470682200, 0.3830490080632374900, 0.0000000000000000000 ) ) ;
#4037 = VERTEX_POINT ( 'NONE', #700 ) ;
#4038 = CYLINDRICAL_SURFACE ( 'NONE', #1869, 19.00000000000000000 ) ;
#4039 = EDGE_CURVE ( 'NONE', #1620, #2253, #487, .T. ) ;
#4040 = FACE_OUTER_BOUND ( 'NONE', #1904, .T. ) ;
#4041 = CARTESIAN_POINT ( 'NONE',  ( 2.062441354393175000, 50.82871953618161600, 99.53605536273647700 ) ) ;
#4042 = CC_DESIGN_DATE_AND_TIME_ASSIGNMENT ( #1009, #2599, ( #3630 ) ) ;
#4043 = CC_DESIGN_DATE_AND_TIME_ASSIGNMENT ( #384, #3010, ( #3192 ) ) ;
#4044 = EDGE_CURVE ( 'NONE', #1274, #3886, #2870, .T. ) ;
#4045 = COORDINATED_UNIVERSAL_TIME_OFFSET ( 0, 0, .AHEAD. ) ;
#4046 = DIRECTION ( 'NONE',  ( 0.0000000000000000000, 0.0000000000000000000, -1.000000000000000000 ) ) ;
#4047 = CARTESIAN_POINT ( 'NONE',  ( 9.000560760195544000, 57.87266430887829200, 105.1870510620716600 ) ) ;
#4048 = EDGE_LOOP ( 'NONE', ( #3818, #1890, #426, #3988 ) ) ;
#4049 = DIRECTION ( 'NONE',  ( 0.0000000000000000000, -0.0000000000000000000, 1.000000000000000000 ) ) ;
#4050 = CARTESIAN_POINT ( 'NONE',  ( 19.90192358989791500, 23.98743014852677600, 117.0727875623448100 ) ) ;
#4051 = DATE_AND_TIME ( #839, #1652 ) ;
#4052 = CIRCLE ( 'NONE', #3299, 21.49999999999999600 ) ;
#4053 = CARTESIAN_POINT ( 'NONE',  ( 3.530952602361123300, 54.34655934107455300, 103.0538951676248900 ) ) ;
#4054 = COORDINATED_UNIVERSAL_TIME_OFFSET ( 0, 0, .AHEAD. ) ;
#4055 = ORIENTED_EDGE ( 'NONE', *, *, #1639, .F. ) ;
#4056 = DIRECTION ( 'NONE',  ( 0.0000000000000000000, 0.0000000000000000000, 1.000000000000000000 ) ) ;
#4057 = CARTESIAN_POINT ( 'NONE',  ( 39.93734665579525300, 45.77838379579503700, 94.48571962234535700 ) ) ;
#4058 = CIRCLE ( 'NONE', #3356, 27.87499999999998900 ) ;
#4059 = AXIS2_PLACEMENT_3D ( 'NONE', #2510, #3444, #2826 ) ;
#4060 = AXIS2_PLACEMENT_3D ( 'NONE', #945, #1249, #2822 ) ;
#4061 =( NAMED_UNIT ( * ) PLANE_ANGLE_UNIT ( ) SI_UNIT ( $, .RADIAN. ) );
#4062 = LINE ( 'NONE', #466, #740 ) ;
#4063 = CARTESIAN_POINT ( 'NONE',  ( 2.143195592551576200, 41.33139082347654600, 90.03872665003591200 ) ) ;
#4064 = CARTESIAN_POINT ( 'NONE',  ( -18.40819268389988400, 0.0000000000000000000, 0.0000000000000000000 ) ) ;
#4065 = CARTESIAN_POINT ( 'NONE',  ( -17.90819268389989800, 0.0000000000000000000, 0.0000000000000000000 ) ) ;
#4066 = AXIS2_PLACEMENT_3D ( 'NONE', #2878, #1004, #3184 ) ;
#4067 = ORIENTED_EDGE ( 'NONE', *, *, #1788, .F. ) ;
#4068 = CIRCLE ( 'NONE', #462, 16.05999999999999900 ) ;
#4069 = CARTESIAN_POINT ( 'NONE',  ( 9.758427541549455200, 58.23514134580819500, 105.5500147639800700 ) ) ;
#4070 = CIRCLE ( 'NONE', #1442, 22.79500000000000200 ) ;
#4071 = CARTESIAN_POINT ( 'NONE',  ( -18.99999999999999600, 38.10000000000000100, -29.00000000000000000 ) ) ;
#4072 = DIRECTION ( 'NONE',  ( 1.000000000000000000, -0.0000000000000000000, -0.0000000000000000000 ) ) ;
#4073 = DIRECTION ( 'NONE',  ( 0.9237280213470681100, 0.3830490080632381100, 0.0000000000000000000 ) ) ;
#4074 = CARTESIAN_POINT ( 'NONE',  ( 15.55533859045325900, 59.97638581434393500, 108.6837216408943000 ) ) ;
#4075 = ORIENTED_EDGE ( 'NONE', *, *, #1278, .F. ) ;
#4076 = ORIENTED_EDGE ( 'NONE', *, *, #2557, .T. ) ;
#4077 = EDGE_LOOP ( 'NONE', ( #3385, #3844, #3592, #3594 ) ) ;
#4078 = NEXT_ASSEMBLY_USAGE_OCCURRENCE ( 'NAUO1', ' ', ' ', #1476, #3602, $ ) ;
#4079 = NEXT_ASSEMBLY_USAGE_OCCURRENCE ( 'NAUO2', ' ', ' ', #1476, #13, $ ) ;
#4080 = NEXT_ASSEMBLY_USAGE_OCCURRENCE ( 'NAUO3', ' ', ' ', #1476, #538, $ ) ;
#4081 = NEXT_ASSEMBLY_USAGE_OCCURRENCE ( 'NAUO4', ' ', ' ', #1476, #1027, $ ) ;
ENDSEC;
END-ISO-10303-21;
