ISO-10303-21;
HEADER;
FILE_DESCRIPTION (( 'STEP AP203' ),
    '1' );
FILE_NAME ('PL-24-45-WFFD.STEP',
    '2014-10-22T11:19:51',
    ( '' ),
    ( '' ),
    'SwSTEP 2.0',
    'SolidWorks 2014',
    '' );
FILE_SCHEMA (( 'CONFIG_CONTROL_DESIGN' ));
ENDSEC;

DATA;
#1 = CARTESIAN_POINT ( 'NONE',  ( 13.24088722238795200, 32.39658094935038000, 85.08217634138854600 ) ) ;
#2 = EDGE_CURVE ( 'NONE', #777, #999, #4016, .T. ) ;
#3 = ORIENTED_EDGE ( 'NONE', *, *, #3249, .F. ) ;
#4 = VERTEX_POINT ( 'NONE', #1593 ) ;
#5 = CYLINDRICAL_SURFACE ( 'NONE', #1542, 27.87499999999999600 ) ;
#6 = AXIS2_PLACEMENT_3D ( 'NONE', #2648, #804, #2968 ) ;
#7 = DIRECTION ( 'NONE',  ( -1.000000000000000000, -0.0000000000000000000, -0.0000000000000000000 ) ) ;
#8 = CARTESIAN_POINT ( 'NONE',  ( 20.63025904812899800, 28.13181464838059800, 80.81741004041649000 ) ) ;
#9 = APPLICATION_CONTEXT ( 'configuration controlled 3d designs of mechanical parts and assemblies' ) ;
#10 = CARTESIAN_POINT ( 'NONE',  ( 17.01667641350426800, 30.85365094894874000, 82.06850183296322100 ) ) ;
#11 = CARTESIAN_POINT ( 'NONE',  ( -17.90819268389989800, 0.0000000000000000000, 0.0000000000000000000 ) ) ;
#12 = ORIENTED_EDGE ( 'NONE', *, *, #2855, .F. ) ;
#13 = ADVANCED_FACE ( 'NONE', ( #3193 ), #727, .F. ) ;
#14 = CARTESIAN_POINT ( 'NONE',  ( 11.26450713908216400, 34.84398879203461500, 86.08685012653732800 ) ) ;
#15 = CC_DESIGN_DATE_AND_TIME_ASSIGNMENT ( #2741, #403, ( #3217 ) ) ;
#16 = CARTESIAN_POINT ( 'NONE',  ( 0.0000000000000000000, 0.0000000000000000000, 0.0000000000000000000 ) ) ;
#17 = FACE_OUTER_BOUND ( 'NONE', #315, .T. ) ;
#18 = EDGE_CURVE ( 'NONE', #2649, #3812, #1523, .T. ) ;
#19 = DIRECTION ( 'NONE',  ( 0.0000000000000000000, 0.0000000000000000000, 1.000000000000000000 ) ) ;
#20 = APPROVAL_STATUS ( 'not_yet_approved' ) ;
#21 = LINE ( 'NONE', #3645, #1659 ) ;
#22 = CYLINDRICAL_SURFACE ( 'NONE', #1267, 27.87499999999999600 ) ;
#23 = CARTESIAN_POINT ( 'NONE',  ( -32.35930008502348400, 1.966782759430649000E-015, -16.05999999999999900 ) ) ;
#24 = EDGE_CURVE ( 'NONE', #2351, #2944, #825, .T. ) ;
#25 = ORIENTED_EDGE ( 'NONE', *, *, #1812, .T. ) ;
#26 = CARTESIAN_POINT ( 'NONE',  ( -53.30290323835134800, 2.903637560778374600E-015, -23.71000000000000100 ) ) ;
#27 = CARTESIAN_POINT ( 'NONE',  ( 22.49702449375875800, 27.72138116816096300, 80.40697656019683800 ) ) ;
#28 = CONICAL_SURFACE ( 'NONE', #1082, 23.11499999999999800, 0.5235987755982984800 ) ;
#29 = ORIENTED_EDGE ( 'NONE', *, *, #846, .F. ) ;
#30 = ORIENTED_EDGE ( 'NONE', *, *, #112, .F. ) ;
#31 = CONICAL_SURFACE ( 'NONE', #1911, 26.18499999999999900, 0.2094395102393202800 ) ;
#32 = CARTESIAN_POINT ( 'NONE',  ( 8.592634921578307300, 45.02161417542100000, 96.29999719741128700 ) ) ;
#33 = DIRECTION ( 'NONE',  ( 0.0000000000000000000, 0.0000000000000000000, 1.000000000000000000 ) ) ;
#34 = ORIENTED_EDGE ( 'NONE', *, *, #1086, .F. ) ;
#35 = ORIENTED_EDGE ( 'NONE', *, *, #83, .T. ) ;
#36 = CARTESIAN_POINT ( 'NONE',  ( 11.12325226216141300, 52.67889861492373200, 38.26449400695955200 ) ) ;
#37 = AXIS2_PLACEMENT_3D ( 'NONE', #1562, #3745, #1875 ) ;
#38 = PERSON_AND_ORGANIZATION_ROLE ( 'creator' ) ;
#39 = VERTEX_POINT ( 'NONE', #632 ) ;
#40 = ADVANCED_FACE ( 'NONE', ( #2363 ), #3828, .T. ) ;
#41 = FACE_OUTER_BOUND ( 'NONE', #917, .T. ) ;
#42 = DIRECTION ( 'NONE',  ( 0.0000000000000000000, -0.7071067811865487900, 0.7071067811865462400 ) ) ;
#43 = CARTESIAN_POINT ( 'NONE',  ( -18.40819268389988400, 0.0000000000000000000, -23.62499999999999300 ) ) ;
#44 = EDGE_LOOP ( 'NONE', ( #135, #2134, #2165, #406 ) ) ;
#45 = LOCAL_TIME ( 12, 19, 51.00000000000000000, #873 ) ;
#46 = ORIENTED_EDGE ( 'NONE', *, *, #754, .F. ) ;
#47 = ORIENTED_EDGE ( 'NONE', *, *, #2815, .F. ) ;
#48 = CC_DESIGN_APPROVAL ( #3864, ( #3644 ) ) ;
#49 = COORDINATED_UNIVERSAL_TIME_OFFSET ( 0, 0, .AHEAD. ) ;
#50 = CARTESIAN_POINT ( 'NONE',  ( 17.95189030219685800, 53.98264065213457700, 105.2763088065735700 ) ) ;
#51 = CARTESIAN_POINT ( 'NONE',  ( 27.18325226216141400, 41.51966697813114100, 94.20526237016707700 ) ) ;
#52 = APPROVAL_ROLE ( '' ) ;
#53 = DIRECTION ( 'NONE',  ( 0.0000000000000000000, 0.0000000000000000000, 1.000000000000000000 ) ) ;
#54 = CARTESIAN_POINT ( 'NONE',  ( 39.24649394920390200, 38.99758798818538000, 113.7873413601128200 ) ) ;
#55 = ORIENTED_EDGE ( 'NONE', *, *, #18, .F. ) ;
#56 = ADVANCED_BREP_SHAPE_REPRESENTATION ( '', ( #3534, #696 ), #1108 ) ;
#57 = DIRECTION ( 'NONE',  ( 0.7071067811865463500, 0.4999999999999998900, 0.5000000000000015500 ) ) ;
#58 = DIRECTION ( 'NONE',  ( 0.0000000000000000000, 0.0000000000000000000, -1.000000000000000000 ) ) ;
#59 = AXIS2_PLACEMENT_3D ( 'NONE', #3879, #2336, #2887 ) ;
#60 = ORIENTED_EDGE ( 'NONE', *, *, #1605, .F. ) ;
#61 = ADVANCED_FACE ( 'NONE', ( #1628, #619 ), #3384, .F. ) ;
#62 = CARTESIAN_POINT ( 'NONE',  ( 27.68189127189665700, 28.08161504651265300, 80.76721043855759800 ) ) ;
#63 = AXIS2_PLACEMENT_3D ( 'NONE', #1970, #130, #2284 ) ;
#64 = DIRECTION ( 'NONE',  ( -0.9777103847568747700, 0.2099580994831201900, 0.0000000000000000000 ) ) ;
#65 = MECHANICAL_CONTEXT ( 'NONE', #290, 'mechanical' ) ;
#66 = CARTESIAN_POINT ( 'NONE',  ( -20.40819268389990200, 0.0000000000000000000, 0.0000000000000000000 ) ) ;
#67 = CARTESIAN_POINT ( 'NONE',  ( 58.15865425799412900, 0.0000000000000000000, -23.62499999999999300 ) ) ;
#68 = EDGE_CURVE ( 'NONE', #569, #537, #3882, .T. ) ;
#69 = CARTESIAN_POINT ( 'NONE',  ( 12.44007587442192000, 22.60938560389256200, 92.26554374440560500 ) ) ;
#70 = AXIS2_PLACEMENT_3D ( 'NONE', #2075, #238, #2399 ) ;
#71 = CIRCLE ( 'NONE', #2417, 16.06000000000000200 ) ;
#72 = SHAPE_REPRESENTATION_RELATIONSHIP ( 'NONE' , 'NONE' ,  #886, #3995 ) ;
#73 = CYLINDRICAL_SURFACE ( 'NONE', #2650, 23.71000000000000100 ) ;
#74 = CARTESIAN_POINT ( 'NONE',  ( 31.98543572568156200, 29.23716010476344000, 80.43549234255573300 ) ) ;
#75 = DIRECTION ( 'NONE',  ( 1.000000000000000000, 0.0000000000000000000, 0.0000000000000000000 ) ) ;
#76 = FACE_OUTER_BOUND ( 'NONE', #3423, .T. ) ;
#77 = CARTESIAN_POINT ( 'NONE',  ( 43.24315061444095000, 34.34022315739061800, 87.02581854942880600 ) ) ;
#78 = ORIENTED_EDGE ( 'NONE', *, *, #24, .F. ) ;
#79 = PERSON_AND_ORGANIZATION_ROLE ( 'classification_officer' ) ;
#80 = CIRCLE ( 'NONE', #116, 16.05999999999999500 ) ;
#81 = ADVANCED_FACE ( 'NONE', ( #1434, #2261 ), #841, .F. ) ;
#82 = CARTESIAN_POINT ( 'NONE',  ( 34.97066650364043700, 54.49332178753902400, 105.7876411316195800 ) ) ;
#83 = EDGE_CURVE ( 'NONE', #2744, #3130, #2995, .T. ) ;
#84 = CARTESIAN_POINT ( 'NONE',  ( -26.93262969212313600, 0.0000000000000000000, 7.124999999999985800 ) ) ;
#85 = CARTESIAN_POINT ( 'NONE',  ( -60.10819268389990100, 3.199389762772458500E-015, 26.12499999999998600 ) ) ;
#86 = AXIS2_PLACEMENT_3D ( 'NONE', #3983, #2103, #263 ) ;
#87 = VERTEX_POINT ( 'NONE', #3457 ) ;
#88 = CARTESIAN_POINT ( 'NONE',  ( 38.73483407962075400, 29.94929446732199500, 82.63488985935787000 ) ) ;
#89 = ORIENTED_EDGE ( 'NONE', *, *, #2060, .T. ) ;
#90 = COORDINATED_UNIVERSAL_TIME_OFFSET ( 0, 0, .AHEAD. ) ;
#91 = ORIENTED_EDGE ( 'NONE', *, *, #2551, .T. ) ;
#92 = CARTESIAN_POINT ( 'NONE',  ( 44.80457012918443400, 37.19452428102442800, 88.44862201248072600 ) ) ;
#93 = ORIENTED_EDGE ( 'NONE', *, *, #734, .F. ) ;
#94 = AXIS2_PLACEMENT_3D ( 'NONE', #544, #2693, #849 ) ;
#95 = APPROVAL_STATUS ( 'not_yet_approved' ) ;
#96 = CARTESIAN_POINT ( 'NONE',  ( 44.98316547205580900, 46.93198592514032400, 98.21438573236930800 ) ) ;
#97 = PERSON_AND_ORGANIZATION ( #1695, #597 ) ;
#98 = DIRECTION ( 'NONE',  ( 0.0000000000000000000, 0.0000000000000000000, -1.000000000000000000 ) ) ;
#99 = CARTESIAN_POINT ( 'NONE',  ( 46.18325226216141000, 52.67889861492373200, 67.26449400695955200 ) ) ;
#100 = CALENDAR_DATE ( 2014, 22, 10 ) ;
#101 = CC_DESIGN_APPROVAL ( #3918, ( #3698 ) ) ;
#102 = ADVANCED_FACE ( 'NONE', ( #3089 ), #3725, .T. ) ;
#103 = DIRECTION ( 'NONE',  ( 0.0000000000000000000, 0.0000000000000000000, 1.000000000000000000 ) ) ;
#104 = CARTESIAN_POINT ( 'NONE',  ( 41.96526339226147700, 33.09019039502751300, 85.77578578705768600 ) ) ;
#105 = ORIENTED_EDGE ( 'NONE', *, *, #2348, .F. ) ;
#106 = CARTESIAN_POINT ( 'NONE',  ( 46.93474883694344200, 39.10333483737775900, 91.78893022941368000 ) ) ;
#107 = EDGE_LOOP ( 'NONE', ( #2967, #1643, #1153, #3852, #1230 ) ) ;
#108 = SECURITY_CLASSIFICATION_LEVEL ( 'unclassified' ) ;
#109 = FACE_OUTER_BOUND ( 'NONE', #2034, .T. ) ;
#110 = CARTESIAN_POINT ( 'NONE',  ( 43.93759550783679700, 35.83347372019368700, 87.08145456010407800 ) ) ;
#111 = DIRECTION ( 'NONE',  ( -0.8660254037844388200, 0.0000000000000000000, 0.4999999999999996700 ) ) ;
#112 = EDGE_CURVE ( 'NONE', #569, #545, #531, .T. ) ;
#113 = DIRECTION ( 'NONE',  ( 0.0000000000000000000, 0.0000000000000000000, -1.000000000000000000 ) ) ;
#114 = AXIS2_PLACEMENT_3D ( 'NONE', #2153, #1260, #3431 ) ;
#115 = DIRECTION ( 'NONE',  ( 0.0000000000000000000, 0.0000000000000000000, -1.000000000000000000 ) ) ;
#116 = AXIS2_PLACEMENT_3D ( 'NONE', #807, #2970, #1113 ) ;
#117 = CARTESIAN_POINT ( 'NONE',  ( 46.18019735985255600, 41.85625520793096400, 94.54185059996805800 ) ) ;
#118 = ADVANCED_FACE ( 'NONE', ( #1343 ), #1242, .T. ) ;
#119 = FACE_OUTER_BOUND ( 'NONE', #929, .T. ) ;
#120 = CARTESIAN_POINT ( 'NONE',  ( 31.37577054838569500, 29.13303487899417400, 80.33015521785021900 ) ) ;
#121 = CARTESIAN_POINT ( 'NONE',  ( 42.73708301478790600, 34.50916739656640400, 85.75002224128778000 ) ) ;
#122 = EDGE_CURVE ( 'NONE', #1949, #3433, #2150, .T. ) ;
#123 = DIRECTION ( 'NONE',  ( -1.000000000000000000, 0.0000000000000000000, 0.0000000000000000000 ) ) ;
#124 = CARTESIAN_POINT ( 'NONE',  ( -29.72930008502348500, 0.0000000000000000000, 23.71000000000000100 ) ) ;
#125 = FACE_OUTER_BOUND ( 'NONE', #3997, .T. ) ;
#126 = PRODUCT_DEFINITION ( 'UNKNOWN', '', #1156, #1451 ) ;
#127 = ORIENTED_EDGE ( 'NONE', *, *, #151, .T. ) ;
#128 = FACE_OUTER_BOUND ( 'NONE', #432, .T. ) ;
#129 = CARTESIAN_POINT ( 'NONE',  ( 44.12055448020521500, 33.97169085634806900, 86.65728624838398300 ) ) ;
#130 = DIRECTION ( 'NONE',  ( -1.000000000000000000, -0.0000000000000000000, -0.0000000000000000000 ) ) ;
#131 = EDGE_CURVE ( 'NONE', #3603, #226, #3922, .T. ) ;
#132 = ORIENTED_EDGE ( 'NONE', *, *, #1716, .T. ) ;
#133 = VECTOR ( 'NONE', #363, 1000.000000000000000 ) ;
#134 = CARTESIAN_POINT ( 'NONE',  ( 45.75836227318301800, 45.17406320429636700, 96.45282578483903500 ) ) ;
#135 = ORIENTED_EDGE ( 'NONE', *, *, #2646, .F. ) ;
#136 = ORIENTED_EDGE ( 'NONE', *, *, #24, .T. ) ;
#137 = PLANE ( 'NONE',  #2024 ) ;
#138 = EDGE_CURVE ( 'NONE', #2109, #3329, #436, .T. ) ;
#139 = ORIENTED_EDGE ( 'NONE', *, *, #623, .F. ) ;
#140 = DIRECTION ( 'NONE',  ( 0.0000000000000000000, 0.0000000000000000000, -1.000000000000000000 ) ) ;
#141 = ORIENTED_EDGE ( 'NONE', *, *, #3219, .F. ) ;
#142 = CIRCLE ( 'NONE', #2335, 23.11499999999999800 ) ;
#143 = AXIS2_PLACEMENT_3D ( 'NONE', #2410, #2077, #1482 ) ;
#144 = ADVANCED_FACE ( 'NONE', ( #2792 ), #327, .T. ) ;
#145 = CALENDAR_DATE ( 2014, 22, 10 ) ;
#146 = CARTESIAN_POINT ( 'NONE',  ( 46.97792869268229800, 43.73345407219089500, 96.41904946422681600 ) ) ;
#147 = EDGE_LOOP ( 'NONE', ( #2602, #1100, #1093, #2570 ) ) ;
#148 = ORIENTED_EDGE ( 'NONE', *, *, #1735, .T. ) ;
#149 = CARTESIAN_POINT ( 'NONE',  ( 44.28190871995956700, 48.90612083483625100, 101.5917162268721900 ) ) ;
#150 = LOCAL_TIME ( 12, 19, 51.00000000000000000, #971 ) ;
#151 = EDGE_CURVE ( 'NONE', #1296, #583, #1149, .T. ) ;
#152 = CARTESIAN_POINT ( 'NONE',  ( -17.90819268389989800, 0.0000000000000000000, 0.0000000000000000000 ) ) ;
#153 = CARTESIAN_POINT ( 'NONE',  ( -49.10930008502348400, 0.0000000000000000000, 23.71000000000000100 ) ) ;
#154 = EDGE_LOOP ( 'NONE', ( #1125, #1905, #171, #946, #3968 ) ) ;
#155 = CARTESIAN_POINT ( 'NONE',  ( 37.30600164647637500, 53.71901051026300400, 106.4046059022989700 ) ) ;
#156 = DIRECTION ( 'NONE',  ( 0.0000000000000000000, 0.0000000000000000000, -1.000000000000000000 ) ) ;
#157 = EDGE_LOOP ( 'NONE', ( #3956, #3840, #686, #3044 ) ) ;
#158 = CARTESIAN_POINT ( 'NONE',  ( 40.28558526694454400, 51.26576893235051800, 103.9513643243842200 ) ) ;
#159 = CARTESIAN_POINT ( 'NONE',  ( 19.43641517449934500, 54.48462507351404600, 105.7789290142840700 ) ) ;
#160 = DIRECTION ( 'NONE',  ( -0.9777103847568747700, 0.2099580994831200500, 0.0000000000000000000 ) ) ;
#161 = DIRECTION ( 'NONE',  ( 1.000000000000000000, -0.0000000000000000000, -0.0000000000000000000 ) ) ;
#162 = DIRECTION ( 'NONE',  ( -0.7071067811865462400, -0.5000000000000001100, -0.5000000000000017800 ) ) ;
#163 = AXIS2_PLACEMENT_3D ( 'NONE', #1377, #3552, #1683 ) ;
#164 = LINE ( 'NONE', #369, #3345 ) ;
#165 = AXIS2_PLACEMENT_3D ( 'NONE', #678, #2837, #990 ) ;
#166 = FACE_OUTER_BOUND ( 'NONE', #2901, .T. ) ;
#167 = CARTESIAN_POINT ( 'NONE',  ( 15.10099913765482400, 52.79263795644396900, 105.4782333484799500 ) ) ;
#168 = PLANE ( 'NONE',  #1051 ) ;
#169 = CIRCLE ( 'NONE', #1405, 27.87499999999999600 ) ;
#170 = CARTESIAN_POINT ( 'NONE',  ( 11.12325226216142000, 52.67889861492373200, -3.935505993040447200 ) ) ;
#171 = ORIENTED_EDGE ( 'NONE', *, *, #2551, .F. ) ;
#172 = DIRECTION ( 'NONE',  ( -0.0000000000000000000, -0.0000000000000000000, 1.000000000000000000 ) ) ;
#173 = EDGE_CURVE ( 'NONE', #882, #2623, #1967, .T. ) ;
#174 = PRODUCT_DEFINITION_FORMATION_WITH_SPECIFIED_SOURCE ( 'ANY', '', #2763, .NOT_KNOWN. ) ;
#175 = CARTESIAN_POINT ( 'NONE',  ( 39.48440211843899300, 52.67344119807403800, 105.3590365901100100 ) ) ;
#176 = FACE_OUTER_BOUND ( 'NONE', #1023, .T. ) ;
#177 = ORIENTED_EDGE ( 'NONE', *, *, #2737, .T. ) ;
#178 = DIRECTION ( 'NONE',  ( 1.000000000000000000, 0.0000000000000000000, 0.0000000000000000000 ) ) ;
#179 = DIRECTION ( 'NONE',  ( 0.0000000000000000000, 0.0000000000000000000, -1.000000000000000000 ) ) ;
#180 = DIRECTION ( 'NONE',  ( -0.0000000000000000000, -0.0000000000000000000, 1.000000000000000000 ) ) ;
#181 = ORIENTED_EDGE ( 'NONE', *, *, #2988, .T. ) ;
#182 = CARTESIAN_POINT ( 'NONE',  ( 27.18325226216141400, 52.67889861492373200, 5.088931015182790700 ) ) ;
#183 = AXIS2_PLACEMENT_3D ( 'NONE', #535, #2685, #844 ) ;
#184 = APPROVAL_PERSON_ORGANIZATION ( #1012, #3624, #2247 ) ;
#185 = ORIENTED_EDGE ( 'NONE', *, *, #3475, .F. ) ;
#186 = VERTEX_POINT ( 'NONE', #2002 ) ;
#187 = CARTESIAN_POINT ( 'NONE',  ( 35.16876148509342000, 53.74851799209529400, 106.4341133841312700 ) ) ;
#188 = COORDINATED_UNIVERSAL_TIME_OFFSET ( 0, 0, .AHEAD. ) ;
#189 = AXIS2_PLACEMENT_3D ( 'NONE', #680, #2858, #2221 ) ;
#190 = EDGE_LOOP ( 'NONE', ( #2208, #1098 ) ) ;
#191 = CARTESIAN_POINT ( 'NONE',  ( 22.97442871855440700, 54.65661857242204700, 107.3422139644489200 ) ) ;
#192 = DIRECTION ( 'NONE',  ( -1.000000000000000000, 0.0000000000000000000, -0.0000000000000000000 ) ) ;
#193 = PERSON_AND_ORGANIZATION ( #1695, #597 ) ;
#194 = CARTESIAN_POINT ( 'NONE',  ( 27.18325226216141400, 19.33065618449724000, 116.3942731638008800 ) ) ;
#195 = ORIENTED_EDGE ( 'NONE', *, *, #3106, .T. ) ;
#196 = SECURITY_CLASSIFICATION ( '', '', #2870 ) ;
#197 = DIRECTION ( 'NONE',  ( 1.000000000000000000, 0.0000000000000000000, 0.0000000000000000000 ) ) ;
#198 = EDGE_LOOP ( 'NONE', ( #981, #2898, #2597, #957 ) ) ;
#199 = FACE_OUTER_BOUND ( 'NONE', #650, .T. ) ;
#200 = CARTESIAN_POINT ( 'NONE',  ( 29.17167370013512700, 55.56990779954023200, 106.8655428364504600 ) ) ;
#201 = EDGE_CURVE ( 'NONE', #999, #777, #3622, .T. ) ;
#202 = EDGE_CURVE ( 'NONE', #2933, #1949, #2695, .T. ) ;
#203 = VERTEX_POINT ( 'NONE', #394 ) ;
#204 = CARTESIAN_POINT ( 'NONE',  ( 32.68100509712691300, 78.28024503978250000, -3.935505993040454300 ) ) ;
#205 = CARTESIAN_POINT ( 'NONE',  ( -18.99999999999999600, 38.10000000000000100, 0.0000000000000000000 ) ) ;
#206 = ORIENTED_EDGE ( 'NONE', *, *, #2998, .T. ) ;
#207 = AXIS2_PLACEMENT_3D ( 'NONE', #1409, #3583, #1710 ) ;
#208 = CONICAL_SURFACE ( 'NONE', #2572, 18.29999999999999000, 0.2617993877991508500 ) ;
#209 = CYLINDRICAL_SURFACE ( 'NONE', #719, 26.18499999999999900 ) ;
#210 = ORIENTED_EDGE ( 'NONE', *, *, #2404, .F. ) ;
#211 = VERTEX_POINT ( 'NONE', #3201 ) ;
#212 = EDGE_CURVE ( 'NONE', #3032, #2085, #228, .T. ) ;
#213 = CARTESIAN_POINT ( 'NONE',  ( -33.35930008502348400, 0.0000000000000000000, 22.79500000000000200 ) ) ;
#214 = CIRCLE ( 'NONE', #460, 27.12499999999998600 ) ;
#215 = ORIENTED_EDGE ( 'NONE', *, *, #2050, .F. ) ;
#216 = ORIENTED_EDGE ( 'NONE', *, *, #3823, .T. ) ;
#217 = DIRECTION ( 'NONE',  ( 0.0000000000000000000, 0.0000000000000000000, -1.000000000000000000 ) ) ;
#218 = CARTESIAN_POINT ( 'NONE',  ( 0.0000000000000000000, 0.0000000000000000000, 0.0000000000000000000 ) ) ;
#219 = TOROIDAL_SURFACE ( 'NONE', #2750, 7.124999999999985800, 20.00000000000000000 ) ;
#220 = CARTESIAN_POINT ( 'NONE',  ( 38.53938716801734200, 39.20469476937192600, 112.5802345789262500 ) ) ;
#221 = EDGE_CURVE ( 'NONE', #583, #1296, #1862, .T. ) ;
#222 = CC_DESIGN_PERSON_AND_ORGANIZATION_ASSIGNMENT ( #1012, #2563, ( #3217 ) ) ;
#223 = DIRECTION ( 'NONE',  ( 0.0000000000000000000, 0.0000000000000000000, -1.000000000000000000 ) ) ;
#224 = DIRECTION ( 'NONE',  ( -0.9777103847568747700, 0.2099580994831201600, 0.0000000000000000000 ) ) ;
#225 = ORIENTED_EDGE ( 'NONE', *, *, #1452, .T. ) ;
#226 = VERTEX_POINT ( 'NONE', #3496 ) ;
#227 = VERTEX_POINT ( 'NONE', #3549 ) ;
#228 = LINE ( 'NONE', #1074, #3427 ) ;
#229 = PERSON_AND_ORGANIZATION ( #1695, #597 ) ;
#230 = ORIENTED_EDGE ( 'NONE', *, *, #3418, .T. ) ;
#231 = ORIENTED_EDGE ( 'NONE', *, *, #2811, .F. ) ;
#232 = CARTESIAN_POINT ( 'NONE',  ( 11.79287884177761100, 49.41739045624413500, 102.1029858482778300 ) ) ;
#233 = DIRECTION ( 'NONE',  ( 0.0000000000000000000, 0.0000000000000000000, -1.000000000000000000 ) ) ;
#234 = AXIS2_PLACEMENT_3D ( 'NONE', #1892, #58, #2205 ) ;
#235 = CALENDAR_DATE ( 2014, 22, 10 ) ;
#236 = DIRECTION ( 'NONE',  ( 0.5000000000000026600, -0.1464466094067211900, 0.8535533905932730600 ) ) ;
#237 = CARTESIAN_POINT ( 'NONE',  ( 27.18325226216141400, 16.36533095717381100, 119.3595983911243100 ) ) ;
#238 = DIRECTION ( 'NONE',  ( 0.0000000000000000000, 0.0000000000000000000, -1.000000000000000000 ) ) ;
#239 = EDGE_CURVE ( 'NONE', #2276, #1792, #2608, .T. ) ;
#240 = AXIS2_PLACEMENT_3D ( 'NONE', #333, #1262, #642 ) ;
#241 = VERTEX_POINT ( 'NONE', #2939 ) ;
#242 = CIRCLE ( 'NONE', #3016, 23.62499999999999300 ) ;
#243 = EDGE_CURVE ( 'NONE', #1882, #2094, #1062, .T. ) ;
#244 = ORIENTED_EDGE ( 'NONE', *, *, #3224, .F. ) ;
#245 = CARTESIAN_POINT ( 'NONE',  ( 9.405483594634889100, 47.03493740360314500, 98.31757641510260700 ) ) ;
#246 = CC_DESIGN_PERSON_AND_ORGANIZATION_ASSIGNMENT ( #1770, #3436, ( #3644 ) ) ;
#247 = DIRECTION ( 'NONE',  ( 0.0000000000000000000, 0.0000000000000000000, 1.000000000000000000 ) ) ;
#248 = CARTESIAN_POINT ( 'NONE',  ( 58.15865425799412900, 0.0000000000000000000, 0.0000000000000000000 ) ) ;
#249 = EDGE_CURVE ( 'NONE', #1106, #2798, #1765, .T. ) ;
#250 = DIRECTION ( 'NONE',  ( 0.0000000000000000000, 0.0000000000000000000, 1.000000000000000000 ) ) ;
#251 = FACE_OUTER_BOUND ( 'NONE', #1474, .T. ) ;
#252 = AXIS2_PLACEMENT_3D ( 'NONE', #3036, #985, #1827 ) ;
#253 = CARTESIAN_POINT ( 'NONE',  ( 0.0000000000000000000, 38.29690326906334300, 38.29690326906348500 ) ) ;
#254 = CARTESIAN_POINT ( 'NONE',  ( 7.458928753728852900, 43.89701761679189200, 96.58261300882782100 ) ) ;
#255 = CYLINDRICAL_SURFACE ( 'NONE', #1187, 16.06000000000000200 ) ;
#256 = ORIENTED_EDGE ( 'NONE', *, *, #3276, .F. ) ;
#257 = DIRECTION ( 'NONE',  ( -0.9777103847568748800, 0.2099580994831202800, 0.0000000000000000000 ) ) ;
#258 = AXIS2_PLACEMENT_3D ( 'NONE', #3220, #1356, #3529 ) ;
#259 = FACE_OUTER_BOUND ( 'NONE', #3159, .T. ) ;
#260 = DIRECTION ( 'NONE',  ( 1.000000000000000000, 0.0000000000000000000, -0.0000000000000000000 ) ) ;
#261 = EDGE_LOOP ( 'NONE', ( #93, #1900, #478, #275 ) ) ;
#262 = LINE ( 'NONE', #2309, #3471 ) ;
#263 = DIRECTION ( 'NONE',  ( 1.000000000000000000, 0.0000000000000000000, 0.0000000000000000000 ) ) ;
#264 = EDGE_CURVE ( 'NONE', #371, #2328, #964, .T. ) ;
#265 = EDGE_LOOP ( 'NONE', ( #230, #2850 ) ) ;
#266 = AXIS2_PLACEMENT_3D ( 'NONE', #2708, #223, #871 ) ;
#267 = CARTESIAN_POINT ( 'NONE',  ( 58.15865425799412900, 3.413702952623245400E-015, 27.87499999999998600 ) ) ;
#268 = CARTESIAN_POINT ( 'NONE',  ( 8.294826413623136200, 40.05881352416948000, 92.74440891620653800 ) ) ;
#269 = DIRECTION ( 'NONE',  ( 1.000000000000000000, 0.0000000000000000000, 0.0000000000000000000 ) ) ;
#270 = ORIENTED_EDGE ( 'NONE', *, *, #967, .F. ) ;
#271 = EDGE_CURVE ( 'NONE', #2623, #1422, #142, .T. ) ;
#272 = CARTESIAN_POINT ( 'NONE',  ( 16.72299422967819300, 53.57579844399833700, 106.2613938360343000 ) ) ;
#273 = CARTESIAN_POINT ( 'NONE',  ( 0.0000000000000000000, 0.0000000000000000000, 0.0000000000000000000 ) ) ;
#274 = CALENDAR_DATE ( 2014, 22, 10 ) ;
#275 = ORIENTED_EDGE ( 'NONE', *, *, #1416, .F. ) ;
#276 = CARTESIAN_POINT ( 'NONE',  ( 58.15865425799412900, 0.0000000000000000000, 0.0000000000000000000 ) ) ;
#277 = ORIENTED_EDGE ( 'NONE', *, *, #838, .T. ) ;
#278 = EDGE_CURVE ( 'NONE', #332, #735, #3326, .T. ) ;
#279 = LOCAL_TIME ( 12, 19, 51.00000000000000000, #1116 ) ;
#280 = CARTESIAN_POINT ( 'NONE',  ( 0.0000000000000000000, 57.10000000000000100, 0.0000000000000000000 ) ) ;
#281 = ORIENTED_EDGE ( 'NONE', *, *, #1942, .F. ) ;
#282 = COORDINATED_UNIVERSAL_TIME_OFFSET ( 0, 0, .AHEAD. ) ;
#283 = DIRECTION ( 'NONE',  ( 0.0000000000000000000, 0.0000000000000000000, -1.000000000000000000 ) ) ;
#284 = CARTESIAN_POINT ( 'NONE',  ( 8.644151089267643000, 39.24697214281330600, 90.50908555165732100 ) ) ;
#285 = DIRECTION ( 'NONE',  ( 0.6913456430981067500, -0.1484627959095565200, -0.7071067811865351400 ) ) ;
#286 = CARTESIAN_POINT ( 'NONE',  ( -53.30290323835134800, 1.966782759430649000E-015, -16.05999999999999900 ) ) ;
#287 = EDGE_CURVE ( 'NONE', #3027, #1335, #2501, .T. ) ;
#288 = CARTESIAN_POINT ( 'NONE',  ( 7.458928753852043200, 43.89701761677915900, 96.58261300881510200 ) ) ;
#289 = ORIENTED_EDGE ( 'NONE', *, *, #765, .F. ) ;
#290 = APPLICATION_CONTEXT ( 'configuration controlled 3d designs of mechanical parts and assemblies' ) ;
#291 = CARTESIAN_POINT ( 'NONE',  ( -57.10819268389989400, 0.0000000000000000000, -26.12499999999998600 ) ) ;
#292 = CLOSED_SHELL ( 'NONE', ( #2928, #3426, #994, #713, #102, #1078, #1018, #1672, #1224, #1332, #758, #1250, #2126, #1354, #2014, #383, #3102, #2548, #2863, #691, #2813, #3821, #3123, #1310, #2149, #360, #404, #1631, #1036, #2884, #1268, #2573, #1952, #1889, #3735, #2526, #3494, #2791, #741, #936, #2509, #1908, #1058, #783, #61, #144, #954, #644, #1522, #3381, #2836, #3535, #2265, #341 ) ) ;
#293 = AXIS2_PLACEMENT_3D ( 'NONE', #3948, #2072, #233 ) ;
#294 = LINE ( 'NONE', #3744, #3390 ) ;
#295 = CARTESIAN_POINT ( 'NONE',  ( 10.08083132518057400, 36.35576892509823900, 87.60614724818557900 ) ) ;
#296 = CARTESIAN_POINT ( 'NONE',  ( 27.18325226216141400, 41.51966697813114100, 94.20526237016707700 ) ) ;
#297 = UNCERTAINTY_MEASURE_WITH_UNIT (LENGTH_MEASURE( 1.000000000000000100E-005 ), #1786, 'distance_accuracy_value', 'NONE');
#298 = ADVANCED_FACE ( 'NONE', ( #2059 ), #869, .T. ) ;
#299 = DIRECTION ( 'NONE',  ( -1.000000000000000000, 0.0000000000000000000, 0.0000000000000000000 ) ) ;
#300 = CC_DESIGN_PERSON_AND_ORGANIZATION_ASSIGNMENT ( #229, #1604, ( #3698 ) ) ;
#301 = CARTESIAN_POINT ( 'NONE',  ( -22.20005111260406500, 0.0000000000000000000, 0.0000000000000000000 ) ) ;
#302 = CARTESIAN_POINT ( 'NONE',  ( 10.09947550233743900, 34.09497749141159800, 86.78057288344751900 ) ) ;
#303 = ORIENTED_EDGE ( 'NONE', *, *, #3772, .T. ) ;
#304 = APPROVAL_ROLE ( '' ) ;
#305 = CARTESIAN_POINT ( 'NONE',  ( 11.06475318501408700, 4.967830957173809700, 107.9620983911242700 ) ) ;
#306 = CARTESIAN_POINT ( 'NONE',  ( 13.41071105888571900, 31.23940116294100700, 83.92499655497690000 ) ) ;
#307 = CIRCLE ( 'NONE', #428, 27.12499999999999300 ) ;
#308 = CYLINDRICAL_SURFACE ( 'NONE', #512, 16.05999999999999900 ) ;
#309 = AXIS2_PLACEMENT_3D ( 'NONE', #354, #3134, #2518 ) ;
#310 = ORIENTED_EDGE ( 'NONE', *, *, #1086, .T. ) ;
#311 = CARTESIAN_POINT ( 'NONE',  ( 21.09407799694101700, 29.50895951961003800, 80.71034143661216800 ) ) ;
#312 = CYLINDRICAL_SURFACE ( 'NONE', #3853, 20.85000000000000100 ) ;
#313 = DIRECTION ( 'NONE',  ( 0.0000000000000000000, 0.0000000000000000000, 1.000000000000000000 ) ) ;
#314 = CARTESIAN_POINT ( 'NONE',  ( 23.77570097972681800, 27.53372460057130800, 80.21931999260716900 ) ) ;
#315 = EDGE_LOOP ( 'NONE', ( #1102, #3372, #522, #3717 ) ) ;
#316 = AXIS2_PLACEMENT_3D ( 'NONE', #3588, #1713, #3902 ) ;
#317 = APPROVAL_STATUS ( 'not_yet_approved' ) ;
#318 = FACE_OUTER_BOUND ( 'NONE', #1183, .T. ) ;
#319 = ADVANCED_FACE ( 'NONE', ( #1677 ), #781, .F. ) ;
#320 = DIRECTION ( 'NONE',  ( -0.2530500681695939100, 0.05434115481976154600, 0.9659258262890678700 ) ) ;
#321 = CARTESIAN_POINT ( 'NONE',  ( 18.67915649410855700, 29.51572430179996300, 82.20131969383356800 ) ) ;
#322 = EDGE_LOOP ( 'NONE', ( #3976, #2405, #829, #1349 ) ) ;
#323 = DIRECTION ( 'NONE',  ( -1.000000000000000000, 0.0000000000000000000, 0.0000000000000000000 ) ) ;
#324 = ORIENTED_EDGE ( 'NONE', *, *, #1438, .F. ) ;
#325 = APPROVAL ( #317, 'UNSPECIFIED' ) ;
#326 = ORIENTED_EDGE ( 'NONE', *, *, #1438, .T. ) ;
#327 = CYLINDRICAL_SURFACE ( 'NONE', #888, 20.85000000000000100 ) ;
#328 = CARTESIAN_POINT ( 'NONE',  ( 10.09697870349877000, 36.33341946476666400, 87.58369057585112200 ) ) ;
#329 = VERTEX_POINT ( 'NONE', #1270 ) ;
#330 = CARTESIAN_POINT ( 'NONE',  ( 54.43692923725929200, 46.82631659183176300, -80.00235293493447800 ) ) ;
#331 = COORDINATED_UNIVERSAL_TIME_OFFSET ( 0, 0, .AHEAD. ) ;
#332 = VERTEX_POINT ( 'NONE', #3442 ) ;
#333 = CARTESIAN_POINT ( 'NONE',  ( 27.18325226216141400, 31.17469476937192900, 104.5502345789262400 ) ) ;
#334 = APPLICATION_PROTOCOL_DEFINITION ( 'international standard', 'config_control_design', 1994, #4006 ) ;
#335 = DIRECTION ( 'NONE',  ( 0.0000000000000000000, 0.0000000000000000000, 1.000000000000000000 ) ) ;
#336 = EDGE_CURVE ( 'NONE', #1276, #493, #1573, .T. ) ;
#337 = PERSON_AND_ORGANIZATION ( #1695, #597 ) ;
#338 = DIRECTION ( 'NONE',  ( 0.0000000000000000000, 0.0000000000000000000, 1.000000000000000000 ) ) ;
#339 = CARTESIAN_POINT ( 'NONE',  ( 22.73133588219077700, 29.15344414481355900, 80.35085599975543900 ) ) ;
#340 = EDGE_CURVE ( 'NONE', #2094, #1882, #3253, .T. ) ;
#341 = ADVANCED_FACE ( 'NONE', ( #41 ), #433, .F. ) ;
#342 = EDGE_CURVE ( 'NONE', #4, #3707, #2313, .T. ) ;
#343 = CARTESIAN_POINT ( 'NONE',  ( 9.424815079353665600, 47.06476699263224400, 98.34745254087924600 ) ) ;
#344 = EDGE_LOOP ( 'NONE', ( #1197, #3207 ) ) ;
#345 = AXIS2_PLACEMENT_3D ( 'NONE', #2434, #584, #2743 ) ;
#346 = DIRECTION ( 'NONE',  ( -0.0000000000000000000, 0.0000000000000000000, 1.000000000000000000 ) ) ;
#347 = DIRECTION ( 'NONE',  ( -1.000000000000000000, -0.0000000000000000000, -0.0000000000000000000 ) ) ;
#348 = SECURITY_CLASSIFICATION_LEVEL ( 'unclassified' ) ;
#349 = CARTESIAN_POINT ( 'NONE',  ( -48.55504382660144800, 0.0000000000000000000, 0.0000000000000000000 ) ) ;
#350 = EDGE_CURVE ( 'NONE', #862, #2499, #3964, .T. ) ;
#351 = EDGE_CURVE ( 'NONE', #2962, #3329, #1477, .T. ) ;
#352 = CARTESIAN_POINT ( 'NONE',  ( 20.69670645405284800, 54.84401736282201500, 106.1387706864139600 ) ) ;
#353 = DIRECTION ( 'NONE',  ( 0.7071067811865462400, 0.5000000000000002200, 0.5000000000000015500 ) ) ;
#354 = CARTESIAN_POINT ( 'NONE',  ( 27.18325226216141400, 52.67889861492373200, 40.76449400695955900 ) ) ;
#355 = LINE ( 'NONE', #267, #2720 ) ;
#356 = EDGE_CURVE ( 'NONE', #2786, #211, #1629, .T. ) ;
#357 = DATE_TIME_ROLE ( 'creation_date' ) ;
#358 = VECTOR ( 'NONE', #843, 999.9999999999998900 ) ;
#359 = DIRECTION ( 'NONE',  ( -0.9777103847568746600, 0.2099580994831203000, 0.0000000000000000000 ) ) ;
#360 = ADVANCED_FACE ( 'NONE', ( #2201 ), #570, .T. ) ;
#361 = CONICAL_SURFACE ( 'NONE', #3974, 18.29999999999999700, 0.2617993877991508500 ) ;
#362 = ORIENTED_EDGE ( 'NONE', *, *, #2242, .T. ) ;
#363 = DIRECTION ( 'NONE',  ( -1.000000000000000000, -0.0000000000000000000, -0.0000000000000000000 ) ) ;
#364 = DIRECTION ( 'NONE',  ( 0.0000000000000000000, 0.0000000000000000000, -1.000000000000000000 ) ) ;
#365 = LINE ( 'NONE', #23, #3563 ) ;
#366 = VERTEX_POINT ( 'NONE', #855 ) ;
#367 = AXIS2_PLACEMENT_3D ( 'NONE', #194, #2358, #511 ) ;
#368 = CIRCLE ( 'NONE', #2259, 22.79500000000000200 ) ;
#369 = CARTESIAN_POINT ( 'NONE',  ( 58.15865425799412900, 3.206737643567343200E-015, 26.18499999999998800 ) ) ;
#370 = CARTESIAN_POINT ( 'NONE',  ( 29.65709522827533800, 27.45917624218039400, 80.14477163421626900 ) ) ;
#371 = VERTEX_POINT ( 'NONE', #3018 ) ;
#372 = PRODUCT_DEFINITION_SHAPE ( 'NONE', 'NONE',  #3161 ) ;
#373 = CARTESIAN_POINT ( 'NONE',  ( 43.94875404409442900, 31.18565618449724000, 128.2492731638009200 ) ) ;
#374 = AXIS2_PLACEMENT_3D ( 'NONE', #2186, #665, #2818 ) ;
#375 = APPLICATION_CONTEXT ( 'configuration controlled 3d designs of mechanical parts and assemblies' ) ;
#376 = ORIENTED_EDGE ( 'NONE', *, *, #2160, .T. ) ;
#377 = CYLINDRICAL_SURFACE ( 'NONE', #2461, 26.18499999999998800 ) ;
#378 = CARTESIAN_POINT ( 'NONE',  ( 27.18325226216141400, 52.67889861492373200, -80.00235293493447800 ) ) ;
#379 = LOCAL_TIME ( 12, 19, 51.00000000000000000, #1192 ) ;
#380 = EDGE_LOOP ( 'NONE', ( #2121, #1858, #3012, #3724 ) ) ;
#381 = ORIENTED_EDGE ( 'NONE', *, *, #3199, .T. ) ;
#382 = APPROVAL ( #2522, 'UNSPECIFIED' ) ;
#383 = ADVANCED_FACE ( 'NONE', ( #3139 ), #2949, .T. ) ;
#384 = CALENDAR_DATE ( 2014, 22, 10 ) ;
#385 = DIRECTION ( 'NONE',  ( 1.000000000000000000, -0.0000000000000000000, -0.0000000000000000000 ) ) ;
#386 = CARTESIAN_POINT ( 'NONE',  ( 33.75749389967158700, 28.90324453718646300, 81.58883992922687900 ) ) ;
#387 = EDGE_CURVE ( 'NONE', #1308, #2782, #3769, .T. ) ;
#388 = ORIENTED_EDGE ( 'NONE', *, *, #138, .F. ) ;
#389 = CARTESIAN_POINT ( 'NONE',  ( 44.44515559637884600, 34.34984489746540200, 87.03544028950131000 ) ) ;
#390 = LOCAL_TIME ( 12, 19, 51.00000000000000000, #1198 ) ;
#391 = CARTESIAN_POINT ( 'NONE',  ( -0.07042471293646976300, 58.53148063801570800, -80.00235293493447800 ) ) ;
#392 = APPROVAL_STATUS ( 'not_yet_approved' ) ;
#393 = CARTESIAN_POINT ( 'NONE',  ( 37.09100337602485100, 53.68124253213210300, 104.9745112166739200 ) ) ;
#394 = CARTESIAN_POINT ( 'NONE',  ( -29.72930008502348500, 2.903637560778374600E-015, -23.71000000000000100 ) ) ;
#395 = ORIENTED_EDGE ( 'NONE', *, *, #412, .F. ) ;
#396 = DIRECTION ( 'NONE',  ( 0.0000000000000000000, 0.0000000000000000000, -1.000000000000000000 ) ) ;
#397 = ORIENTED_EDGE ( 'NONE', *, *, #2847, .T. ) ;
#398 = FACE_OUTER_BOUND ( 'NONE', #1040, .T. ) ;
#399 = CARTESIAN_POINT ( 'NONE',  ( 27.18325226216141400, 52.67889861492373200, 67.26449400695955200 ) ) ;
#400 = CARTESIAN_POINT ( 'NONE',  ( 38.15725498867944800, 31.26002914091072800, 82.47834854877632400 ) ) ;
#401 = AXIS2_PLACEMENT_3D ( 'NONE', #991, #3782, #1904 ) ;
#402 = CARTESIAN_POINT ( 'NONE',  ( 44.90782963588026200, 36.68674397029562300, 89.37233936233380400 ) ) ;
#403 = DATE_TIME_ROLE ( 'classification_date' ) ;
#404 = ADVANCED_FACE ( 'NONE', ( #1391, #671 ), #3953, .T. ) ;
#405 = CARTESIAN_POINT ( 'NONE',  ( 45.83974003903544800, 44.89527273015456600, 96.17341731882704900 ) ) ;
#406 = ORIENTED_EDGE ( 'NONE', *, *, #1121, .F. ) ;
#407 = CARTESIAN_POINT ( 'NONE',  ( 15.82711735630548100, 8.335330957173813000, 111.3295983911242900 ) ) ;
#408 = CARTESIAN_POINT ( 'NONE',  ( 27.18325226216141400, 52.67889861492373200, 40.76449400695955900 ) ) ;
#409 = CC_DESIGN_PERSON_AND_ORGANIZATION_ASSIGNMENT ( #1318, #3081, ( #2736 ) ) ;
#410 = ORIENTED_EDGE ( 'NONE', *, *, #3010, .F. ) ;
#411 = SHAPE_REPRESENTATION_RELATIONSHIP ( 'NONE' , 'NONE' ,  #3982, #56 ) ;
#412 = EDGE_CURVE ( 'NONE', #1662, #3360, #2095, .T. ) ;
#413 = LINE ( 'NONE', #2132, #2772 ) ;
#414 = CARTESIAN_POINT ( 'NONE',  ( 27.18325226216141400, 52.67889861492373200, 40.76449400695955900 ) ) ;
#415 = CARTESIAN_POINT ( 'NONE',  ( 42.96932483671687200, 32.81953357275767000, 85.50512896479357000 ) ) ;
#416 = FACE_OUTER_BOUND ( 'NONE', #429, .T. ) ;
#417 = CARTESIAN_POINT ( 'NONE',  ( 45.94717400812318400, 39.93411774882670100, 91.19866565482280400 ) ) ;
#418 = ORIENTED_EDGE ( 'NONE', *, *, #765, .T. ) ;
#419 = CARTESIAN_POINT ( 'NONE',  ( 0.0000000000000000000, 38.10000000000000100, 0.0000000000000000000 ) ) ;
#420 = APPROVAL_ROLE ( '' ) ;
#421 = LINE ( 'NONE', #2416, #3613 ) ;
#422 = CARTESIAN_POINT ( 'NONE',  ( 42.28598431062723500, 34.06633202446282400, 85.30463848804748700 ) ) ;
#423 = EDGE_CURVE ( 'NONE', #3965, #2507, #484, .T. ) ;
#424 = DIRECTION ( 'NONE',  ( -0.2032774192248846000, 0.04365274346441901100, 0.9781476007338054700 ) ) ;
#425 = VERTEX_POINT ( 'NONE', #1781 ) ;
#426 = CARTESIAN_POINT ( 'NONE',  ( 52.72593606393475300, 47.19374326592721800, 35.26449400695955200 ) ) ;
#427 = LINE ( 'NONE', #1103, #1143 ) ;
#428 = AXIS2_PLACEMENT_3D ( 'NONE', #182, #2347, #505 ) ;
#429 = EDGE_LOOP ( 'NONE', ( #2039, #2312, #3888, #459 ) ) ;
#430 = ADVANCED_FACE ( 'NONE', ( #3667 ), #377, .T. ) ;
#431 = CARTESIAN_POINT ( 'NONE',  ( 35.36174001640833400, 28.56313495590512000, 81.24873034794099200 ) ) ;
#432 = EDGE_LOOP ( 'NONE', ( #2592, #3791, #1630, #2940 ) ) ;
#433 =( BOUNDED_SURFACE ( )  B_SPLINE_SURFACE ( 3, 2, ( 
 ( #2516, #655, #1284 ),
 ( #3456, #1587, #3771 ),
 ( #1898, #62, #2210 ),
 ( #370, #2528, #685 ),
 ( #2846, #997, #3163 ),
 ( #1299, #3474, #1599 ),
 ( #3788, #1910, #74 ),
 ( #2226, #386, #2540 ),
 ( #698, #2864, #1010 ),
 ( #3173, #1311, #3488 ),
 ( #1616, #3799, #1924 ),
 ( #88, #2241, #400 ),
 ( #2558, #715, #2879 ),
 ( #1026, #3190, #1323 ),
 ( #3503, #1633, #3815 ),
 ( #1936, #104, #2257 ),
 ( #415, #2575, #732 ),
 ( #2896, #1038, #3206 ),
 ( #1341, #2016, #121 ),
 ( #1914, #77, #2227 ),
 ( #389, #2544, #701 ),
 ( #2866, #1014, #3177 ),
 ( #1313, #3489, #1617 ),
 ( #3803, #1926, #92 ),
 ( #2244, #402, #2560 ),
 ( #717, #2881, #1029 ),
 ( #3194, #1325, #3504 ),
 ( #1635, #3818, #1939 ),
 ( #106, #2262, #417 ),
 ( #2576, #737, #2900 ),
 ( #1042, #3208, #1344 ),
 ( #3516, #1646, #3834 ),
 ( #1956, #117, #2274 ),
 ( #437, #2591, #750 ),
 ( #2914, #1056, #3223 ),
 ( #1358, #3532, #1660 ),
 ( #3845, #1973, #134 ),
 ( #2285, #449, #2609 ),
 ( #763, #2926, #1070 ),
 ( #3242, #1370, #3543 ),
 ( #1678, #3855, #1987 ),
 ( #149, #2304, #461 ),
 ( #2622, #782, #2935 ),
 ( #1083, #3258, #1386 ),
 ( #3556, #1688, #3871 ),
 ( #1995, #158, #2321 ),
 ( #474, #2632, #793 ),
 ( #175, #2338, #498 ),
 ( #2651, #809, #2973 ),
 ( #1114, #3282, #1413 ),
 ( #3590, #1714, #3904 ),
 ( #2031, #187, #2353 ),
 ( #507, #2666, #820 ),
 ( #2981, #1128, #3295 ),
 ( #1424, #3600, #1730 ),
 ( #3919, #2041, #200 ) ),
 .UNSPECIFIED., .F., .F., .F. ) 
 B_SPLINE_SURFACE_WITH_KNOTS ( ( 4, 2, 2, 2, 2, 2, 2, 2, 2, 2, 2, 2, 2, 2, 2, 2, 2, 2, 2, 2, 2, 2, 2, 2, 2, 2, 2, 4 ),
 ( 3, 3 ),
 ( 0.0000000000000000000, 0.003908476631064863700, 0.005862714946597295100, 0.007816953262129727400, 0.01172542989319459000, 0.01367966820872702300, 0.01563390652425945500, 0.01954238315532431900, 0.02051950231309053500, 0.02149662147085675000, 0.02345085978638918000, 0.02540509810192161100, 0.02638221725968782600, 0.02735933641745404500, 0.03126781304851891000, 0.03322205136405134700, 0.03419917052181756200, 0.03517628967958377800, 0.03908476631064863900, 0.04103900462618106900, 0.04299324294171350000, 0.04690171957277836100, 0.04885595788831079100, 0.05081019620384322200, 0.05276443451937565300, 0.05471867283490809000, 0.05862714946597295800, 0.06253562609703781900 ),
 ( 0.0000000000000000000, 1.000000000000000000 ),
 .UNSPECIFIED. ) 
 GEOMETRIC_REPRESENTATION_ITEM ( )  RATIONAL_B_SPLINE_SURFACE ( (
 ( 1.000000000000000000, 0.6875268132357265100, 1.000000000000000000),
 ( 1.000000000000000000, 0.6872366608879138000, 1.000000000000000000),
 ( 1.000000000000000000, 0.6872223958666894300, 1.000000000000000000),
 ( 1.000000000000000000, 0.6875961432623330900, 1.000000000000000000),
 ( 1.000000000000000000, 0.6877862562709864400, 1.000000000000000000),
 ( 1.000000000000000000, 0.6882885817793476000, 1.000000000000000000),
 ( 1.000000000000000000, 0.6886023514212317200, 1.000000000000000000),
 ( 1.000000000000000000, 0.6896809815524194100, 1.000000000000000000),
 ( 1.000000000000000000, 0.6905855273080376800, 1.000000000000000000),
 ( 1.000000000000000000, 0.6920953734546572100, 1.000000000000000000),
 ( 1.000000000000000000, 0.6926264352223920900, 1.000000000000000000),
 ( 1.000000000000000000, 0.6937145644066822200, 1.000000000000000000),
 ( 1.000000000000000000, 0.6942667151630415000, 1.000000000000000000),
 ( 1.000000000000000000, 0.6959255184562924700, 1.000000000000000000),
 ( 1.000000000000000000, 0.6970328312971977300, 1.000000000000000000),
 ( 1.000000000000000000, 0.6983787409552464400, 1.000000000000000000),
 ( 1.000000000000000000, 0.6986468526924118900, 1.000000000000000000),
 ( 1.000000000000000000, 0.6991740577999865400, 1.000000000000000000),
 ( 1.000000000000000000, 0.6994334464912109800, 1.000000000000000000),
 ( 1.000000000000000000, 0.7001988923825321900, 1.000000000000000000),
 ( 1.000000000000000000, 0.7006921903957212800, 1.000000000000000000),
 ( 1.000000000000000000, 0.7016456107936357400, 1.000000000000000000),
 ( 1.000000000000000000, 0.7021057527292835500, 1.000000000000000000),
 ( 1.000000000000000000, 0.7027725079080163800, 1.000000000000000000),
 ( 1.000000000000000000, 0.7029908562284816800, 1.000000000000000000),
 ( 1.000000000000000000, 0.7034200377264212500, 1.000000000000000000),
 ( 1.000000000000000000, 0.7036312445082888400, 1.000000000000000000),
 ( 1.000000000000000000, 0.7046584337441376100, 1.000000000000000000),
 ( 1.000000000000000000, 0.7053965544241976900, 1.000000000000000000),
 ( 1.000000000000000000, 0.7064093385680613200, 1.000000000000000000),
 ( 1.000000000000000000, 0.7067310983945942500, 1.000000000000000000),
 ( 1.000000000000000000, 0.7071930690925450900, 1.000000000000000000),
 ( 1.000000000000000000, 0.7073436423513924700, 1.000000000000000000),
 ( 1.000000000000000000, 0.7076351604817140400, 1.000000000000000000),
 ( 1.000000000000000000, 0.7077765457932148100, 1.000000000000000000),
 ( 1.000000000000000000, 0.7084634716298031700, 1.000000000000000000),
 ( 1.000000000000000000, 0.7089497045023730500, 1.000000000000000000),
 ( 1.000000000000000000, 0.7096104223954778900, 1.000000000000000000),
 ( 1.000000000000000000, 0.7098201163343326200, 1.000000000000000000),
 ( 1.000000000000000000, 0.7102123651362498600, 1.000000000000000000),
 ( 1.000000000000000000, 0.7103954205377442900, 1.000000000000000000),
 ( 1.000000000000000000, 0.7109116268879044400, 1.000000000000000000),
 ( 1.000000000000000000, 0.7112121892850072900, 1.000000000000000000),
 ( 1.000000000000000000, 0.7116136103350064700, 1.000000000000000000),
 ( 1.000000000000000000, 0.7117372933765012700, 1.000000000000000000),
 ( 1.000000000000000000, 0.7119661945491305700, 1.000000000000000000),
 ( 1.000000000000000000, 0.7120716372334593400, 1.000000000000000000),
 ( 1.000000000000000000, 0.7122667532389453900, 1.000000000000000000),
 ( 1.000000000000000000, 0.7123564210664749000, 1.000000000000000000),
 ( 1.000000000000000000, 0.7125214669470542100, 1.000000000000000000),
 ( 1.000000000000000000, 0.7125970614489328700, 1.000000000000000000),
 ( 1.000000000000000000, 0.7127997066680532600, 1.000000000000000000),
 ( 1.000000000000000000, 0.7129046428052954200, 1.000000000000000000),
 ( 1.000000000000000000, 0.7130634186525000000, 1.000000000000000000),
 ( 1.000000000000000000, 0.7131171581181000600, 1.000000000000000000),
 ( 1.000000000000000000, 0.7131443077351615800, 1.000000000000000000) ) ) 
 REPRESENTATION_ITEM ( '' )  SURFACE ( )  );
#434 = APPROVAL_DATE_TIME ( #1240, #2074 ) ;
#435 = ORIENTED_EDGE ( 'NONE', *, *, #3059, .F. ) ;
#436 = CIRCLE ( 'NONE', #3454, 16.05999999999999200 ) ;
#437 = CARTESIAN_POINT ( 'NONE',  ( 47.15161719612176900, 42.33904429816072900, 95.02463969019666500 ) ) ;
#438 = CARTESIAN_POINT ( 'NONE',  ( 27.18325226216141400, 41.51966697813114100, 94.20526237016707700 ) ) ;
#439 = CARTESIAN_POINT ( 'NONE',  ( 28.39645248971627500, 28.81018330988641600, 80.00343179356174500 ) ) ;
#440 = LOCAL_TIME ( 12, 19, 51.00000000000000000, #1247 ) ;
#441 = VERTEX_POINT ( 'NONE', #1575 ) ;
#442 = PRODUCT_DEFINITION_SHAPE ( 'NONE', 'NONE',  #2665 ) ;
#443 = CARTESIAN_POINT ( 'NONE',  ( -22.77439587576796100, 0.0000000000000000000, 0.0000000000000000000 ) ) ;
#444 = COORDINATED_UNIVERSAL_TIME_OFFSET ( 0, 0, .AHEAD. ) ;
#445 = EDGE_CURVE ( 'NONE', #329, #3963, #2010, .T. ) ;
#446 = SECURITY_CLASSIFICATION ( '', '', #1031 ) ;
#447 = CARTESIAN_POINT ( 'NONE',  ( 45.36036644257437400, 35.59085521396218600, 88.27645060599807900 ) ) ;
#448 = CARTESIAN_POINT ( 'NONE',  ( -53.30290323835134800, 0.0000000000000000000, 0.0000000000000000000 ) ) ;
#449 = CARTESIAN_POINT ( 'NONE',  ( 45.23661717222477600, 45.73851979859320900, 98.42411519062459000 ) ) ;
#450 = DIRECTION ( 'NONE',  ( 0.9777103847568748800, -0.2099580994831201600, 0.0000000000000000000 ) ) ;
#451 = EDGE_LOOP ( 'NONE', ( #1179, #1867, #2868, #851 ) ) ;
#452 = FACE_BOUND ( 'NONE', #1768, .T. ) ;
#453 = ADVANCED_FACE ( 'NONE', ( #1189 ), #3160, .T. ) ;
#454 = CARTESIAN_POINT ( 'NONE',  ( -57.10819268389989400, 26.12499999999998600, 0.0000000000000000000 ) ) ;
#455 = DIRECTION ( 'NONE',  ( 0.0000000000000000000, 0.0000000000000000000, -1.000000000000000000 ) ) ;
#456 = CARTESIAN_POINT ( 'NONE',  ( -33.35930008502348400, 0.0000000000000000000, 0.0000000000000000000 ) ) ;
#457 = CARTESIAN_POINT ( 'NONE',  ( 46.17490423498546200, 45.96960590579551100, 98.65520129783146800 ) ) ;
#458 = CARTESIAN_POINT ( 'NONE',  ( 27.18325226216141400, 52.67889861492373200, 38.26449400695955200 ) ) ;
#459 = ORIENTED_EDGE ( 'NONE', *, *, #271, .T. ) ;
#460 = AXIS2_PLACEMENT_3D ( 'NONE', #3446, #1580, #3758 ) ;
#461 = CARTESIAN_POINT ( 'NONE',  ( 43.42697589701976600, 49.23598974571078900, 100.5226315699282100 ) ) ;
#462 = CYLINDRICAL_SURFACE ( 'NONE', #3743, 23.62500000000000400 ) ;
#463 = CARTESIAN_POINT ( 'NONE',  ( -60.10819268389990100, 0.0000000000000000000, 0.0000000000000000000 ) ) ;
#464 = DIRECTION ( 'NONE',  ( 1.000000000000000000, -0.0000000000000000000, -0.0000000000000000000 ) ) ;
#465 = EDGE_CURVE ( 'NONE', #1591, #2109, #2844, .T. ) ;
#466 = CIRCLE ( 'NONE', #70, 23.62500000000000400 ) ;
#467 = CC_DESIGN_DATE_AND_TIME_ASSIGNMENT ( #2510, #1564, ( #3644 ) ) ;
#468 = FACE_OUTER_BOUND ( 'NONE', #2735, .T. ) ;
#469 = ORIENTED_EDGE ( 'NONE', *, *, #2860, .T. ) ;
#470 = LINE ( 'NONE', #2793, #3656 ) ;
#471 = CARTESIAN_POINT ( 'NONE',  ( 34.37814123341863800, 54.74104299281098900, 107.4266383848469700 ) ) ;
#472 = ORIENTED_EDGE ( 'NONE', *, *, #2428, .T. ) ;
#473 = FACE_OUTER_BOUND ( 'NONE', #3710, .T. ) ;
#474 = CARTESIAN_POINT ( 'NONE',  ( 40.48553592806029400, 52.08356813077087100, 104.7691635228068200 ) ) ;
#475 = CARTESIAN_POINT ( 'NONE',  ( 18.86722229743371000, 53.61361994174905000, 106.2992153337850300 ) ) ;
#476 = ORIENTED_EDGE ( 'NONE', *, *, #2050, .T. ) ;
#477 = CARTESIAN_POINT ( 'NONE',  ( -33.35930008502348400, 0.0000000000000000000, 0.0000000000000000000 ) ) ;
#478 = ORIENTED_EDGE ( 'NONE', *, *, #2402, .T. ) ;
#479 = ORIENTED_EDGE ( 'NONE', *, *, #3739, .T. ) ;
#480 = DIRECTION ( 'NONE',  ( 0.0000000000000000000, 0.0000000000000000000, -1.000000000000000000 ) ) ;
#481 = AXIS2_PLACEMENT_3D ( 'NONE', #1639, #2873, #455 ) ;
#482 = DIRECTION ( 'NONE',  ( 1.000000000000000000, -0.0000000000000000000, -0.0000000000000000000 ) ) ;
#483 = ORIENTED_EDGE ( 'NONE', *, *, #3943, .T. ) ;
#484 = CIRCLE ( 'NONE', #1626, 18.29999999999999700 ) ;
#485 = ORIENTED_EDGE ( 'NONE', *, *, #2360, .T. ) ;
#486 = AXIS2_PLACEMENT_3D ( 'NONE', #1645, #2895, #3205 ) ;
#487 = CONTEXT_DEPENDENT_SHAPE_REPRESENTATION ( #703, #1041 ) ;
#488 = DIRECTION ( 'NONE',  ( -0.0000000000000000000, -0.0000000000000000000, 1.000000000000000000 ) ) ;
#489 = ORIENTED_EDGE ( 'NONE', *, *, #2430, .T. ) ;
#490 = EDGE_LOOP ( 'NONE', ( #1731, #2985, #1732, #966 ) ) ;
#491 = PERSON_AND_ORGANIZATION ( #1695, #597 ) ;
#492 = CARTESIAN_POINT ( 'NONE',  ( 15.70511179379947100, 52.92543016673271700, 104.2176830194672300 ) ) ;
#493 = VERTEX_POINT ( 'NONE', #2119 ) ;
#494 =( GEOMETRIC_REPRESENTATION_CONTEXT ( 3 ) GLOBAL_UNCERTAINTY_ASSIGNED_CONTEXT ( ( #3648 ) ) GLOBAL_UNIT_ASSIGNED_CONTEXT ( ( #1473, #3649, #1780 ) ) REPRESENTATION_CONTEXT ( 'NONE', 'WORKASPACE' ) );
#495 = DIRECTION ( 'NONE',  ( 0.0000000000000000000, -0.7071067811865489100, 0.7071067811865462400 ) ) ;
#496 = APPROVAL_DATE_TIME ( #1302, #1837 ) ;
#497 = DIRECTION ( 'NONE',  ( 0.7071067811865463500, 0.5000000000000001100, 0.5000000000000015500 ) ) ;
#498 = CARTESIAN_POINT ( 'NONE',  ( 38.86934462563814900, 52.81226972938034700, 104.1043667280872000 ) ) ;
#499 = VERTEX_POINT ( 'NONE', #3366 ) ;
#500 = CARTESIAN_POINT ( 'NONE',  ( 29.17167370015877700, 55.56990779953847000, 106.8655428364487000 ) ) ;
#501 = DIRECTION ( 'NONE',  ( 1.000000000000000000, -0.0000000000000000000, -0.0000000000000000000 ) ) ;
#502 = ORIENTED_EDGE ( 'NONE', *, *, #1812, .F. ) ;
#503 = LINE ( 'NONE', #3107, #2871 ) ;
#504 = EDGE_CURVE ( 'NONE', #1792, #2377, #2331, .T. ) ;
#505 = DIRECTION ( 'NONE',  ( 0.9777103847568747700, -0.2099580994831200800, 0.0000000000000000000 ) ) ;
#506 = CARTESIAN_POINT ( 'NONE',  ( 27.18325226216141400, 52.67889861492373200, -3.935505993040447200 ) ) ;
#507 = CARTESIAN_POINT ( 'NONE',  ( 34.38136516490072100, 54.74020769346541500, 107.4258030855013900 ) ) ;
#508 = CIRCLE ( 'NONE', #1101, 26.12499999999999300 ) ;
#509 = PRODUCT_DEFINITION_SHAPE ( 'NONE', 'NONE',  #126 ) ;
#510 = CARTESIAN_POINT ( 'NONE',  ( 20.86984438626212700, 54.94052337914342100, 107.6261187711793900 ) ) ;
#511 = DIRECTION ( 'NONE',  ( 0.7071067811865460200, 0.4999999999999997800, 0.5000000000000022200 ) ) ;
#512 = AXIS2_PLACEMENT_3D ( 'NONE', #2052, #2681, #2037 ) ;
#513 = EDGE_CURVE ( 'NONE', #3091, #858, #690, .T. ) ;
#514 = CIRCLE ( 'NONE', #3611, 17.06000000000001300 ) ;
#515 = DIRECTION ( 'NONE',  ( 1.000000000000000000, -0.0000000000000000000, -0.0000000000000000000 ) ) ;
#516 = VECTOR ( 'NONE', #495, 999.9999999999998900 ) ;
#517 = DIRECTION ( 'NONE',  ( 0.0000000000000000000, 0.0000000000000000000, -1.000000000000000000 ) ) ;
#518 = EDGE_CURVE ( 'NONE', #1959, #1997, #3893, .T. ) ;
#519 = ORIENTED_EDGE ( 'NONE', *, *, #1957, .F. ) ;
#520 = CC_DESIGN_PERSON_AND_ORGANIZATION_ASSIGNMENT ( #3432, #3792, ( #3698 ) ) ;
#521 = CIRCLE ( 'NONE', #3240, 23.62499999999999600 ) ;
#522 = ORIENTED_EDGE ( 'NONE', *, *, #3547, .T. ) ;
#523 = ORIENTED_EDGE ( 'NONE', *, *, #423, .T. ) ;
#524 = VECTOR ( 'NONE', #2946, 1000.000000000000000 ) ;
#525 = EDGE_LOOP ( 'NONE', ( #863, #3104, #728, #815 ) ) ;
#526 = EDGE_LOOP ( 'NONE', ( #2433, #2655, #2840, #3470 ) ) ;
#527 = DIRECTION ( 'NONE',  ( -0.9777103847568747700, 0.2099580994831202200, 0.0000000000000000000 ) ) ;
#528 = AXIS2_PLACEMENT_3D ( 'NONE', #2490, #2180, #346 ) ;
#529 = DATE_AND_TIME ( #1342, #2148 ) ;
#530 = ORIENTED_EDGE ( 'NONE', *, *, #122, .T. ) ;
#531 = CIRCLE ( 'NONE', #3657, 19.10000000000000500 ) ;
#532 = CARTESIAN_POINT ( 'NONE',  ( 27.18325226216141400, 36.61889861492373700, 67.26449400695955200 ) ) ;
#533 = DIRECTION ( 'NONE',  ( -1.000000000000000000, -0.0000000000000000000, -0.0000000000000000000 ) ) ;
#534 = EDGE_LOOP ( 'NONE', ( #2305, #3774, #3959, #3287 ) ) ;
#535 = CARTESIAN_POINT ( 'NONE',  ( 27.18325226216141400, 52.67889861492373200, 67.26449400695955200 ) ) ;
#536 = CALENDAR_DATE ( 2014, 22, 10 ) ;
#537 = VERTEX_POINT ( 'NONE', #4019 ) ;
#538 = AXIS2_PLACEMENT_3D ( 'NONE', #506, #2663, #2352 ) ;
#539 = LOCAL_TIME ( 12, 19, 51.00000000000000000, #1353 ) ;
#540 = CARTESIAN_POINT ( 'NONE',  ( 53.70364644869163600, 46.98378516644410000, 5.088931015182790700 ) ) ;
#541 = EDGE_CURVE ( 'NONE', #2670, #999, #2223, .T. ) ;
#542 = DIRECTION ( 'NONE',  ( 1.000000000000000000, -0.0000000000000000000, -0.0000000000000000000 ) ) ;
#543 = CC_DESIGN_APPROVAL ( #325, ( #126 ) ) ;
#544 = CARTESIAN_POINT ( 'NONE',  ( 27.18325226216141400, 30.46758798818538200, 105.2573413601127800 ) ) ;
#545 = VERTEX_POINT ( 'NONE', #933 ) ;
#546 = CIRCLE ( 'NONE', #1749, 22.79500000000000200 ) ;
#547 = DIRECTION ( 'NONE',  ( 0.0000000000000000000, 0.0000000000000000000, -1.000000000000000000 ) ) ;
#548 = DIRECTION ( 'NONE',  ( 0.0000000000000000000, 0.0000000000000000000, -1.000000000000000000 ) ) ;
#549 = EDGE_CURVE ( 'NONE', #1276, #3629, #2972, .T. ) ;
#550 = DIRECTION ( 'NONE',  ( 0.0000000000000000000, -0.7071067811865489100, 0.7071067811865462400 ) ) ;
#551 = CARTESIAN_POINT ( 'NONE',  ( 10.25591284799941100, 49.05883771518286100, 101.7444331072188100 ) ) ;
#552 = AXIS2_PLACEMENT_3D ( 'NONE', #3362, #1503, #3686 ) ;
#553 = DIRECTION ( 'NONE',  ( 0.0000000000000000000, 0.0000000000000000000, -1.000000000000000000 ) ) ;
#554 = CYLINDRICAL_SURFACE ( 'NONE', #3320, 16.05999999999998800 ) ;
#555 = CIRCLE ( 'NONE', #2997, 20.85000000000000100 ) ;
#556 = CIRCLE ( 'NONE', #3341, 26.68795201467610000 ) ;
#557 = EDGE_LOOP ( 'NONE', ( #2009, #3421, #970, #1793 ) ) ;
#558 = DIRECTION ( 'NONE',  ( 1.000000000000000000, -0.0000000000000000000, -0.0000000000000000000 ) ) ;
#559 = LINE ( 'NONE', #1537, #2084 ) ;
#560 = ORIENTED_EDGE ( 'NONE', *, *, #1449, .F. ) ;
#561 = CARTESIAN_POINT ( 'NONE',  ( -22.20005111260406500, 2.381938024341600300E-015, -19.44999999999998500 ) ) ;
#562 = CARTESIAN_POINT ( 'NONE',  ( 8.939003813411565200, 45.28566185117281200, 97.97125724320875400 ) ) ;
#563 = DIRECTION ( 'NONE',  ( 1.000000000000000000, -0.0000000000000000000, -0.0000000000000000000 ) ) ;
#564 = CONICAL_SURFACE ( 'NONE', #189, 18.29999999999999000, 0.2617993877991508500 ) ;
#565 = CARTESIAN_POINT ( 'NONE',  ( 1.966782759430649000E-015, 0.0000000000000000000, 0.0000000000000000000 ) ) ;
#566 =( LENGTH_UNIT ( ) NAMED_UNIT ( * ) SI_UNIT ( .MILLI., .METRE. ) );
#567 = DIRECTION ( 'NONE',  ( 0.0000000000000000000, 0.0000000000000000000, -1.000000000000000000 ) ) ;
#568 = ORIENTED_EDGE ( 'NONE', *, *, #465, .T. ) ;
#569 = VERTEX_POINT ( 'NONE', #2771 ) ;
#570 = CYLINDRICAL_SURFACE ( 'NONE', #1213, 19.00000000000000000 ) ;
#571 = DIRECTION ( 'NONE',  ( 1.000000000000000000, -0.0000000000000000000, -0.0000000000000000000 ) ) ;
#572 = DATE_AND_TIME ( #1392, #2206 ) ;
#573 = ORIENTED_EDGE ( 'NONE', *, *, #2355, .T. ) ;
#574 = CARTESIAN_POINT ( 'NONE',  ( 0.0000000000000000000, 38.10000000000000100, -29.00000000000000000 ) ) ;
#575 = CARTESIAN_POINT ( 'NONE',  ( 8.445144929265659100, 44.48198156442148800, 95.75913131473559800 ) ) ;
#576 = AXIS2_PLACEMENT_3D ( 'NONE', #1417, #3594, #1720 ) ;
#577 = COORDINATED_UNIVERSAL_TIME_OFFSET ( 0, 0, .AHEAD. ) ;
#578 = CARTESIAN_POINT ( 'NONE',  ( 28.62279948116221800, 55.62668315735575700, 108.3122785493917600 ) ) ;
#579 = DIRECTION ( 'NONE',  ( 0.0000000000000000000, 0.0000000000000000000, 1.000000000000000000 ) ) ;
#580 = APPROVAL_PERSON_ORGANIZATION ( #1398, #1837, #304 ) ;
#581 = AXIS2_PLACEMENT_3D ( 'NONE', #1890, #2523, #3156 ) ;
#582 = PLANE ( 'NONE',  #918 ) ;
#583 = VERTEX_POINT ( 'NONE', #3718 ) ;
#584 = DIRECTION ( 'NONE',  ( -0.0000000000000000000, -0.7071067811865487900, 0.7071067811865462400 ) ) ;
#585 = EDGE_LOOP ( 'NONE', ( #472, #1387 ) ) ;
#586 = VECTOR ( 'NONE', #1215, 1000.000000000000000 ) ;
#587 = CARTESIAN_POINT ( 'NONE',  ( 7.336004747059166500, 39.74976969195145700, 92.43536508398737800 ) ) ;
#588 = CC_DESIGN_APPROVAL ( #382, ( #174 ) ) ;
#589 = DIRECTION ( 'NONE',  ( 0.0000000000000000000, 0.0000000000000000000, -1.000000000000000000 ) ) ;
#590 = ORIENTED_EDGE ( 'NONE', *, *, #287, .T. ) ;
#591 = CARTESIAN_POINT ( 'NONE',  ( -26.93262969212313600, 0.0000000000000000000, 0.0000000000000000000 ) ) ;
#592 = CARTESIAN_POINT ( 'NONE',  ( 15.10099913753823700, 52.79263795650211200, 105.4782333485381000 ) ) ;
#593 = DIRECTION ( 'NONE',  ( 1.000000000000000000, 0.0000000000000000000, 0.0000000000000000000 ) ) ;
#594 = CARTESIAN_POINT ( 'NONE',  ( 8.193173498184542300, 37.04755597948423700, 89.73315137152015100 ) ) ;
#595 = PLANE ( 'NONE',  #1516 ) ;
#596 = ORIENTED_EDGE ( 'NONE', *, *, #2826, .T. ) ;
#597 = ORGANIZATION ( 'UNSPECIFIED', 'UNSPECIFIED', '' ) ;
#598 = CARTESIAN_POINT ( 'NONE',  ( 8.798604734347984300, 38.11077931918040900, 90.79637471121857600 ) ) ;
#599 = FACE_BOUND ( 'NONE', #3314, .T. ) ;
#600 = CARTESIAN_POINT ( 'NONE',  ( 7.156024419437224000, 42.06328084261385000, 94.74887623464975700 ) ) ;
#601 = AXIS2_PLACEMENT_3D ( 'NONE', #84, #2232, #396 ) ;
#602 = APPLICATION_CONTEXT ( 'configuration controlled 3d designs of mechanical parts and assemblies' ) ;
#603 = CIRCLE ( 'NONE', #2869, 26.12499999999999300 ) ;
#604 = ADVANCED_FACE ( 'NONE', ( #1494 ), #3793, .T. ) ;
#605 = DIRECTION ( 'NONE',  ( -1.000000000000000000, 0.0000000000000000000, 0.0000000000000000000 ) ) ;
#606 = ORIENTED_EDGE ( 'NONE', *, *, #2448, .T. ) ;
#607 = CARTESIAN_POINT ( 'NONE',  ( 10.97096067861792100, 34.47127506524873300, 87.15687045729374900 ) ) ;
#608 = CIRCLE ( 'NONE', #2169, 16.05999999999999900 ) ;
#609 = DIRECTION ( 'NONE',  ( 0.7071067811865463500, 0.4999999999999998900, 0.5000000000000015500 ) ) ;
#610 = ORIENTED_EDGE ( 'NONE', *, *, #151, .F. ) ;
#611 = PRODUCT_DEFINITION ( 'UNKNOWN', '', #1642, #2710 ) ;
#612 = VECTOR ( 'NONE', #2631, 1000.000000000000000 ) ;
#613 = CARTESIAN_POINT ( 'NONE',  ( -49.10930008502348400, 2.903637560778374600E-015, -23.71000000000000100 ) ) ;
#614 = ORIENTED_EDGE ( 'NONE', *, *, #1619, .T. ) ;
#615 = EDGE_CURVE ( 'NONE', #1792, #2276, #1309, .T. ) ;
#616 = DIRECTION ( 'NONE',  ( 0.0000000000000000000, 0.0000000000000000000, -1.000000000000000000 ) ) ;
#617 = CARTESIAN_POINT ( 'NONE',  ( 12.04839411068108000, 32.24914149359971600, 84.93473688563558700 ) ) ;
#618 = PERSON_AND_ORGANIZATION_ROLE ( 'design_supplier' ) ;
#619 = FACE_BOUND ( 'NONE', #2989, .T. ) ;
#620 = CARTESIAN_POINT ( 'NONE',  ( 5.683252262161417400, 52.67889861492373200, 38.26449400695955200 ) ) ;
#621 = ORIENTED_EDGE ( 'NONE', *, *, #2404, .T. ) ;
#622 = CARTESIAN_POINT ( 'NONE',  ( 14.09933811896267700, 32.48105367055679700, 83.70895016994065000 ) ) ;
#623 = EDGE_CURVE ( 'NONE', #1937, #1997, #503, .T. ) ;
#624 = PERSON_AND_ORGANIZATION ( #1695, #597 ) ;
#625 = DIRECTION ( 'NONE',  ( 0.0000000000000000000, 0.0000000000000000000, -1.000000000000000000 ) ) ;
#626 = ORIENTED_EDGE ( 'NONE', *, *, #1874, .T. ) ;
#627 = ADVANCED_FACE ( 'NONE', ( #3688 ), #2029, .F. ) ;
#628 = APPROVAL_DATE_TIME ( #1439, #1367 ) ;
#629 = CARTESIAN_POINT ( 'NONE',  ( 19.41470401068876200, 29.97256490016683400, 81.17886820500412200 ) ) ;
#630 = CARTESIAN_POINT ( 'NONE',  ( -53.30290323835134800, 0.0000000000000000000, 0.0000000000000000000 ) ) ;
#631 = PERSON_AND_ORGANIZATION_ROLE ( 'creator' ) ;
#632 = CARTESIAN_POINT ( 'NONE',  ( 2.326828918379971000E-015, 13.50573952066303600, 13.50573952066308400 ) ) ;
#633 = CARTESIAN_POINT ( 'NONE',  ( 15.82711735630548100, 23.14469476937193400, 96.52023457892620700 ) ) ;
#634 = ORIENTED_EDGE ( 'NONE', *, *, #202, .F. ) ;
#635 = CYLINDRICAL_SURFACE ( 'NONE', #2163, 23.71000000000000100 ) ;
#636 = DIRECTION ( 'NONE',  ( 0.9777103847568748800, -0.2099580994831201600, 0.0000000000000000000 ) ) ;
#637 = CARTESIAN_POINT ( 'NONE',  ( 18.80690442835658900, 28.65147436764393500, 81.33706975967980700 ) ) ;
#638 = CARTESIAN_POINT ( 'NONE',  ( 9.383067505345316300, 37.50563346081150200, 88.76106676741039800 ) ) ;
#639 = CARTESIAN_POINT ( 'NONE',  ( 27.18325226216141400, 52.67889861492373200, 32.76449400695955200 ) ) ;
#640 = EDGE_CURVE ( 'NONE', #930, #332, #1210, .T. ) ;
#641 = CC_DESIGN_SECURITY_CLASSIFICATION ( #446, ( #4024 ) ) ;
#642 = DIRECTION ( 'NONE',  ( 0.7071067811865463500, 0.4999999999999998900, 0.5000000000000015500 ) ) ;
#643 = PERSON_AND_ORGANIZATION_ROLE ( 'design_owner' ) ;
#644 = ADVANCED_FACE ( 'NONE', ( #1406, #398 ), #3118, .F. ) ;
#645 = DIRECTION ( 'NONE',  ( -1.000000000000000000, -0.0000000000000000000, -0.0000000000000000000 ) ) ;
#646 = DIRECTION ( 'NONE',  ( 0.7071067811865460200, 0.4999999999999997800, 0.5000000000000022200 ) ) ;
#647 = CARTESIAN_POINT ( 'NONE',  ( 23.95643324296591100, 28.27063272446742900, 80.95622811648495100 ) ) ;
#648 = FACE_OUTER_BOUND ( 'NONE', #2694, .T. ) ;
#649 = CARTESIAN_POINT ( 'NONE',  ( 52.78459868702016400, 47.18114577995822900, -1.435505993040445000 ) ) ;
#650 = EDGE_LOOP ( 'NONE', ( #519, #3039, #2055, #2937 ) ) ;
#651 = FACE_OUTER_BOUND ( 'NONE', #534, .T. ) ;
#652 = CIRCLE ( 'NONE', #2514, 19.00000000000000000 ) ;
#653 = ORIENTED_EDGE ( 'NONE', *, *, #1163, .F. ) ;
#654 = CARTESIAN_POINT ( 'NONE',  ( 10.45283318046155200, 48.59427558345269200, 99.87977769981066000 ) ) ;
#655 = CARTESIAN_POINT ( 'NONE',  ( 25.20073615219411100, 28.17849583257876100, 80.86409122461462600 ) ) ;
#656 = CIRCLE ( 'NONE', #2521, 19.44999999999999200 ) ;
#657 = DIRECTION ( 'NONE',  ( 0.7071067811865460200, 0.4999999999999998900, 0.5000000000000022200 ) ) ;
#658 = CARTESIAN_POINT ( 'NONE',  ( -49.10930008502348400, 0.0000000000000000000, 0.0000000000000000000 ) ) ;
#659 = EDGE_LOOP ( 'NONE', ( #47, #1404, #3408, #914 ) ) ;
#660 = ORIENTED_EDGE ( 'NONE', *, *, #3685, .F. ) ;
#661 = AXIS2_PLACEMENT_3D ( 'NONE', #986, #3150, #3285 ) ;
#662 = DATE_TIME_ROLE ( 'classification_date' ) ;
#663 = CARTESIAN_POINT ( 'NONE',  ( 10.41775048022834000, 44.88938560389250700, 114.5455437444056200 ) ) ;
#664 = CIRCLE ( 'NONE', #601, 20.00000000000000000 ) ;
#665 = DIRECTION ( 'NONE',  ( 1.000000000000000000, -0.0000000000000000000, -0.0000000000000000000 ) ) ;
#666 = DIRECTION ( 'NONE',  ( 0.0000000000000000000, 0.0000000000000000000, 1.000000000000000000 ) ) ;
#667 = ORIENTED_EDGE ( 'NONE', *, *, #892, .T. ) ;
#668 = PRODUCT_DEFINITION_FORMATION_WITH_SPECIFIED_SOURCE ( 'ANY', '', #811, .NOT_KNOWN. ) ;
#669 = VERTEX_POINT ( 'NONE', #959 ) ;
#670 = ADVANCED_FACE ( 'NONE', ( #1126, #1929 ), #1561, .F. ) ;
#671 = FACE_OUTER_BOUND ( 'NONE', #3579, .T. ) ;
#672 = CARTESIAN_POINT ( 'NONE',  ( 22.42897974430187700, 55.22340918696129800, 106.5186275498336700 ) ) ;
#673 = CARTESIAN_POINT ( 'NONE',  ( -53.30290323835134800, 2.553388576222231200E-015, -20.85000000000000100 ) ) ;
#674 = CALENDAR_DATE ( 2014, 22, 10 ) ;
#675 = ORIENTED_EDGE ( 'NONE', *, *, #3112, .F. ) ;
#676 = CARTESIAN_POINT ( 'NONE',  ( -29.72930008502348500, 0.0000000000000000000, 20.85000000000000100 ) ) ;
#677 = APPROVAL_ROLE ( '' ) ;
#678 = CARTESIAN_POINT ( 'NONE',  ( 0.0000000000000000000, 26.94076836320741100, 26.94076836320751100 ) ) ;
#679 = LOCAL_TIME ( 12, 19, 51.00000000000000000, #1485 ) ;
#680 = CARTESIAN_POINT ( 'NONE',  ( -17.90819268389989800, 0.0000000000000000000, 0.0000000000000000000 ) ) ;
#681 = CARTESIAN_POINT ( 'NONE',  ( 31.02548548270250700, 70.57099865597453500, -3.935505993040450800 ) ) ;
#682 = AXIS2_PLACEMENT_3D ( 'NONE', #2566, #1933, #2550 ) ;
#683 = COORDINATED_UNIVERSAL_TIME_OFFSET ( 0, 0, .AHEAD. ) ;
#684 = PLANE ( 'NONE',  #2196 ) ;
#685 = CARTESIAN_POINT ( 'NONE',  ( 29.53340307997098400, 28.90576528214850100, 80.10018119940384900 ) ) ;
#686 = ORIENTED_EDGE ( 'NONE', *, *, #3392, .T. ) ;
#687 = AXIS2_PLACEMENT_3D ( 'NONE', #761, #2924, #1066 ) ;
#688 = ORIENTED_EDGE ( 'NONE', *, *, #3766, .T. ) ;
#689 = APPROVAL_STATUS ( 'not_yet_approved' ) ;
#690 = CIRCLE ( 'NONE', #2673, 2.500000000000002200 ) ;
#691 = ADVANCED_FACE ( 'NONE', ( #2671 ), #1032, .F. ) ;
#692 = CARTESIAN_POINT ( 'NONE',  ( 29.77159259548862700, 55.52528736172230600, 106.8208691612952500 ) ) ;
#693 = SHAPE_REPRESENTATION ( 'PL-24-45-WFFD', ( #3186, #1921, #2116, #2350, #2552 ), #2757 ) ;
#694 = DIRECTION ( 'NONE',  ( 0.0000000000000000000, 0.0000000000000000000, -1.000000000000000000 ) ) ;
#695 = PLANE ( 'NONE',  #2080 ) ;
#696 = AXIS2_PLACEMENT_3D ( 'NONE', #2083, #247, #2418 ) ;
#697 = CARTESIAN_POINT ( 'NONE',  ( -17.72930008502348500, 20.85000000000000100, 0.0000000000000000000 ) ) ;
#698 = CARTESIAN_POINT ( 'NONE',  ( 35.33041080755639700, 28.55320924851127300, 81.23880464054715800 ) ) ;
#699 = EDGE_CURVE ( 'NONE', #3195, #227, #3501, .T. ) ;
#700 = CIRCLE ( 'NONE', #3266, 16.05999999999999900 ) ;
#701 = CARTESIAN_POINT ( 'NONE',  ( 43.58206042967015000, 35.42735442442298000, 86.67319362936855500 ) ) ;
#702 = DIRECTION ( 'NONE',  ( 0.7071067811865464600, 0.5000000000000000000, 0.5000000000000013300 ) ) ;
#703 =( REPRESENTATION_RELATIONSHIP ('NONE','NONE', #693, #886 ) REPRESENTATION_RELATIONSHIP_WITH_TRANSFORMATION ( #785 )SHAPE_REPRESENTATION_RELATIONSHIP( ) );
#704 = FACE_OUTER_BOUND ( 'NONE', #771, .T. ) ;
#705 = CARTESIAN_POINT ( 'NONE',  ( 38.58654651746115900, 52.96447841822991600, 104.2567845222214800 ) ) ;
#706 = EDGE_CURVE ( 'NONE', #3027, #1852, #294, .T. ) ;
#707 = CARTESIAN_POINT ( 'NONE',  ( -49.10930008502348400, 0.0000000000000000000, 23.11499999999999800 ) ) ;
#708 = DIRECTION ( 'NONE',  ( -0.9777103847568748800, 0.2099580994831200800, 0.0000000000000000000 ) ) ;
#709 = VECTOR ( 'NONE', #1084, 999.9999999999998900 ) ;
#710 = ORIENTED_EDGE ( 'NONE', *, *, #2145, .T. ) ;
#711 = AXIS2_PLACEMENT_3D ( 'NONE', #3668, #3655, #1790 ) ;
#712 = FACE_OUTER_BOUND ( 'NONE', #3946, .T. ) ;
#713 = ADVANCED_FACE ( 'NONE', ( #199 ), #2571, .F. ) ;
#714 = DIRECTION ( 'NONE',  ( 1.000000000000000000, 0.0000000000000000000, 0.0000000000000000000 ) ) ;
#715 = CARTESIAN_POINT ( 'NONE',  ( 38.63618721407365100, 30.80739895729551800, 83.49299434932348200 ) ) ;
#716 = CIRCLE ( 'NONE', #894, 16.05999999999998500 ) ;
#717 = CARTESIAN_POINT ( 'NONE',  ( 46.07839943711049100, 36.86724410270752400, 89.55283949474342400 ) ) ;
#718 = DIRECTION ( 'NONE',  ( -0.0000000000000000000, -0.0000000000000000000, 1.000000000000000000 ) ) ;
#719 = AXIS2_PLACEMENT_3D ( 'NONE', #1443, #3002, #3310 ) ;
#720 = EDGE_CURVE ( 'NONE', #2700, #545, #1734, .T. ) ;
#721 = ORIENTED_EDGE ( 'NONE', *, *, #2932, .F. ) ;
#722 = CARTESIAN_POINT ( 'NONE',  ( 46.14010667212640700, 43.21695074764249300, 94.49101065303389600 ) ) ;
#723 = ORIENTED_EDGE ( 'NONE', *, *, #706, .T. ) ;
#724 = DIRECTION ( 'NONE',  ( 0.0000000000000000000, -0.7071067811865487900, 0.7071067811865462400 ) ) ;
#725 = DIRECTION ( 'NONE',  ( 1.000000000000000000, 0.0000000000000000000, 0.0000000000000000000 ) ) ;
#726 = ORGANIZATION ( 'NAUO-ORG3', 'UNSPECIFIED', 'UNSPECIFIED' ) ;
#727 = CYLINDRICAL_SURFACE ( 'NONE', #1988, 16.05999999999999900 ) ;
#728 = ORIENTED_EDGE ( 'NONE', *, *, #3641, .F. ) ;
#729 = SECURITY_CLASSIFICATION ( '', '', #1916 ) ;
#730 = COORDINATED_UNIVERSAL_TIME_OFFSET ( 0, 0, .AHEAD. ) ;
#731 = DIRECTION ( 'NONE',  ( 1.000000000000000000, 0.0000000000000000000, 0.0000000000000000000 ) ) ;
#732 = CARTESIAN_POINT ( 'NONE',  ( 42.18002120803495100, 33.97745507083946100, 85.21519942162351000 ) ) ;
#733 = VERTEX_POINT ( 'NONE', #676 ) ;
#734 = EDGE_CURVE ( 'NONE', #441, #1061, #3303, .T. ) ;
#735 = VERTEX_POINT ( 'NONE', #3042 ) ;
#736 = PRODUCT_DEFINITION_SHAPE ( 'NONE', 'NONE',  #4024 ) ;
#737 = CARTESIAN_POINT ( 'NONE',  ( 46.14085056980731300, 40.53080269637603500, 93.21639808840744500 ) ) ;
#738 = APPROVAL_PERSON_ORGANIZATION ( #1529, #1367, #3108 ) ;
#739 = DIRECTION ( 'NONE',  ( 1.000000000000000000, 0.0000000000000000000, 0.0000000000000000000 ) ) ;
#740 = PERSON_AND_ORGANIZATION_ROLE ( 'classification_officer' ) ;
#741 = ADVANCED_FACE ( 'NONE', ( #109 ), #5, .T. ) ;
#742 = CARTESIAN_POINT ( 'NONE',  ( 41.11839328698683700, 33.08897213682399000, 84.32109733640756100 ) ) ;
#743 = DIRECTION ( 'NONE',  ( 0.0000000000000000000, 0.0000000000000000000, -1.000000000000000000 ) ) ;
#744 = DIRECTION ( 'NONE',  ( 0.0000000000000000000, 0.0000000000000000000, -1.000000000000000000 ) ) ;
#745 = AXIS2_PLACEMENT_3D ( 'NONE', #2833, #987, #3152 ) ;
#746 = VERTEX_POINT ( 'NONE', #373 ) ;
#747 = LINE ( 'NONE', #2882, #3841 ) ;
#748 = CARTESIAN_POINT ( 'NONE',  ( 37.66217996107711500, 29.44828951950468700, 82.13388491154057600 ) ) ;
#749 = AXIS2_PLACEMENT_3D ( 'NONE', #2980, #1124, #3293 ) ;
#750 = CARTESIAN_POINT ( 'NONE',  ( 46.15319894937029900, 43.00368840117757000, 94.27718447758370200 ) ) ;
#751 = DIRECTION ( 'NONE',  ( 0.7071067811865463500, 0.4999999999999998900, 0.5000000000000015500 ) ) ;
#752 = DIRECTION ( 'NONE',  ( -1.000000000000000000, -0.0000000000000000000, -0.0000000000000000000 ) ) ;
#753 = CARTESIAN_POINT ( 'NONE',  ( 27.18325226216141400, 55.64365112762749300, 106.9393739824603100 ) ) ;
#754 = EDGE_CURVE ( 'NONE', #493, #1276, #1826, .T. ) ;
#755 = DIRECTION ( 'NONE',  ( 0.0000000000000000000, 0.0000000000000000000, -1.000000000000000000 ) ) ;
#756 = CC_DESIGN_PERSON_AND_ORGANIZATION_ASSIGNMENT ( #1636, #631, ( #126 ) ) ;
#757 = SHAPE_DEFINITION_REPRESENTATION ( #509, #2332 ) ;
#758 = ADVANCED_FACE ( 'NONE', ( #931 ), #1539, .F. ) ;
#759 = CIRCLE ( 'NONE', #1446, 26.18499999999999900 ) ;
#760 = CARTESIAN_POINT ( 'NONE',  ( 45.86095807702253100, 36.44605253966665300, 89.13164793170257400 ) ) ;
#761 = CARTESIAN_POINT ( 'NONE',  ( 27.18325226216141400, 52.67889861492373200, 67.26449400695955200 ) ) ;
#762 = VECTOR ( 'NONE', #2414, 1000.000000000000100 ) ;
#763 = CARTESIAN_POINT ( 'NONE',  ( 45.96096039917578200, 46.40206912710439700, 99.08766451914034700 ) ) ;
#765 = EDGE_CURVE ( 'NONE', #2477, #735, #1644, .T. ) ;
#764 = FACE_BOUND ( 'NONE', #1030, .T. ) ;
#766 = ORIENTED_EDGE ( 'NONE', *, *, #518, .T. ) ;
#767 = CARTESIAN_POINT ( 'NONE',  ( 26.40349107532334800, 27.33788124146438000, 80.02347663350023800 ) ) ;
#768 = TOROIDAL_SURFACE ( 'NONE', #3153, 7.124999999999985800, 20.00000000000000000 ) ;
#769 = DIRECTION ( 'NONE',  ( 0.7071067811865463500, 0.4999999999999998900, 0.5000000000000015500 ) ) ;
#770 = EDGE_CURVE ( 'NONE', #1069, #1039, #837, .T. ) ;
#771 = EDGE_LOOP ( 'NONE', ( #3187, #2268, #1301, #590 ) ) ;
#772 = ORIENTED_EDGE ( 'NONE', *, *, #4013, .F. ) ;
#773 = DIRECTION ( 'NONE',  ( 0.0000000000000000000, 0.0000000000000000000, 1.000000000000000000 ) ) ;
#774 = DIRECTION ( 'NONE',  ( -0.9777103847568746600, 0.2099580994831203000, 0.0000000000000000000 ) ) ;
#775 = CONICAL_SURFACE ( 'NONE', #3368, 23.11500000000000600, 0.5235987755982984800 ) ;
#776 = AXIS2_PLACEMENT_3D ( 'NONE', #3075, #1214, #3383 ) ;
#777 = VERTEX_POINT ( 'NONE', #3179 ) ;
#778 = CARTESIAN_POINT ( 'NONE',  ( 45.46104758764450100, 47.27193004533928200, 99.95752543737521000 ) ) ;
#779 = DIRECTION ( 'NONE',  ( -0.9777103847568748800, 0.2099580994831200800, 0.0000000000000000000 ) ) ;
#780 = ORIENTED_EDGE ( 'NONE', *, *, #3623, .T. ) ;
#781 = CYLINDRICAL_SURFACE ( 'NONE', #3586, 16.05999999999999900 ) ;
#782 = CARTESIAN_POINT ( 'NONE',  ( 42.75657525372741900, 49.27424642736694700, 101.9598418194075000 ) ) ;
#783 = ADVANCED_FACE ( 'NONE', ( #3105 ), #635, .T. ) ;
#784 = DIRECTION ( 'NONE',  ( 0.0000000000000000000, 0.0000000000000000000, -1.000000000000000000 ) ) ;
#785 = ITEM_DEFINED_TRANSFORMATION ( 'NONE', 'NONE', #1921,  #696 ) ;
#786 = DIRECTION ( 'NONE',  ( 0.0000000000000000000, 0.0000000000000000000, -1.000000000000000000 ) ) ;
#787 = ORIENTED_EDGE ( 'NONE', *, *, #699, .T. ) ;
#788 = EDGE_CURVE ( 'NONE', #2007, #862, #1445, .T. ) ;
#789 = APPROVAL_DATE_TIME ( #1583, #880 ) ;
#790 = CARTESIAN_POINT ( 'NONE',  ( 31.87166459641825600, 55.26950837452757500, 107.9551037665635400 ) ) ;
#791 = CARTESIAN_POINT ( 'NONE',  ( -53.30290323835134800, 0.0000000000000000000, 20.85000000000000100 ) ) ;
#792 = LOCAL_TIME ( 12, 19, 51.00000000000000000, #1584 ) ;
#793 = CARTESIAN_POINT ( 'NONE',  ( 39.82042174475230900, 52.25227598900608000, 103.5435869360865800 ) ) ;
#794 = CARTESIAN_POINT ( 'NONE',  ( 17.28401629906611000, 53.81023855348550500, 106.4958339455214700 ) ) ;
#795 = ORIENTED_EDGE ( 'NONE', *, *, #1533, .T. ) ;
#796 = DIRECTION ( 'NONE',  ( 0.0000000000000000000, 0.0000000000000000000, -1.000000000000000000 ) ) ;
#797 = CARTESIAN_POINT ( 'NONE',  ( -17.72930008502348500, 0.0000000000000000000, 0.0000000000000000000 ) ) ;
#798 = ORIENTED_EDGE ( 'NONE', *, *, #3505, .T. ) ;
#799 = AXIS2_PLACEMENT_3D ( 'NONE', #3250, #1366, #774 ) ;
#800 = DIRECTION ( 'NONE',  ( 0.0000000000000000000, 0.0000000000000000000, 1.000000000000000000 ) ) ;
#801 = DIRECTION ( 'NONE',  ( -1.000000000000000000, -0.0000000000000000000, -0.0000000000000000000 ) ) ;
#802 = AXIS2_PLACEMENT_3D ( 'NONE', #66, #2534, #1903 ) ;
#803 = CARTESIAN_POINT ( 'NONE',  ( 14.23425099341561600, 51.39794081189609900, 104.0835362039366600 ) ) ;
#804 = DIRECTION ( 'NONE',  ( 1.000000000000000000, -0.0000000000000000000, -0.0000000000000000000 ) ) ;
#805 = FACE_BOUND ( 'NONE', #2442, .T. ) ;
#806 = DIRECTION ( 'NONE',  ( 0.0000000000000000000, 0.0000000000000000000, -1.000000000000000000 ) ) ;
#807 = CARTESIAN_POINT ( 'NONE',  ( 27.18325226216141400, 41.51966697813114100, 94.20526237016707700 ) ) ;
#808 = CC_DESIGN_PERSON_AND_ORGANIZATION_ASSIGNMENT ( #97, #2834, ( #174 ) ) ;
#809 = CARTESIAN_POINT ( 'NONE',  ( 38.38269526172706500, 52.38798733469501200, 105.0735827267332200 ) ) ;
#810 = CIRCLE ( 'NONE', #3691, 57.10000000000000100 ) ;
#811 = PRODUCT ( 'PL-24-ELBOW-ISSUE3', 'PL-24-ELBOW-ISSUE3', '', ( #2492 ) ) ;
#812 = CYLINDRICAL_SURFACE ( 'NONE', #1603, 27.12499999999999600 ) ;
#813 = CARTESIAN_POINT ( 'NONE',  ( 27.93223673622633300, 54.97920846165482100, 107.6648038537317500 ) ) ;
#814 = CARTESIAN_POINT ( 'NONE',  ( 45.07535230321222000, 48.83666539438263500, -3.935505993040447200 ) ) ;
#815 = ORIENTED_EDGE ( 'NONE', *, *, #549, .F. ) ;
#816 = CIRCLE ( 'NONE', #749, 27.87499999999998600 ) ;
#817 = DIRECTION ( 'NONE',  ( -0.0000000000000000000, 0.0000000000000000000, -1.000000000000000000 ) ) ;
#818 = DIRECTION ( 'NONE',  ( 0.0000000000000000000, -0.7071067811865487900, 0.7071067811865462400 ) ) ;
#819 = AXIS2_PLACEMENT_3D ( 'NONE', #2400, #553, #2709 ) ;
#820 = CARTESIAN_POINT ( 'NONE',  ( 34.02145951973073300, 54.77443547535219200, 106.0691038118077900 ) ) ;
#821 = ORIENTED_EDGE ( 'NONE', *, *, #3057, .F. ) ;
#822 = AXIS2_PLACEMENT_3D ( 'NONE', #1919, #3482, #694 ) ;
#823 = COORDINATED_UNIVERSAL_TIME_OFFSET ( 0, 0, .AHEAD. ) ;
#824 = CARTESIAN_POINT ( 'NONE',  ( 21.18551478002975200, 54.96462061357169700, 106.2595225648374400 ) ) ;
#825 = CIRCLE ( 'NONE', #1570, 22.04000000000000300 ) ;
#826 = CARTESIAN_POINT ( 'NONE',  ( 11.06475318501408700, 8.325074543342555700, 104.6048548049555500 ) ) ;
#827 = LOCAL_TIME ( 12, 19, 51.00000000000000000, #1632 ) ;
#828 = DIRECTION ( 'NONE',  ( 0.0000000000000000000, 0.0000000000000000000, -1.000000000000000000 ) ) ;
#829 = ORIENTED_EDGE ( 'NONE', *, *, #1623, .T. ) ;
#830 = APPROVAL ( #1520, 'UNSPECIFIED' ) ;
#831 = DIRECTION ( 'NONE',  ( 0.0000000000000000000, 0.0000000000000000000, 1.000000000000000000 ) ) ;
#832 = COORDINATED_UNIVERSAL_TIME_OFFSET ( 0, 0, .AHEAD. ) ;
#833 = VERTEX_POINT ( 'NONE', #3804 ) ;
#834 = EDGE_CURVE ( 'NONE', #1336, #366, #3013, .T. ) ;
#835 = DIRECTION ( 'NONE',  ( 1.224646799147353200E-016, 1.000000000000000000, -0.0000000000000000000 ) ) ;
#836 = EDGE_LOOP ( 'NONE', ( #485, #2460 ) ) ;
#837 = LINE ( 'NONE', #1915, #3931 ) ;
#838 = EDGE_CURVE ( 'NONE', #4009, #3707, #747, .T. ) ;
#839 = DIRECTION ( 'NONE',  ( -1.000000000000000000, -0.0000000000000000000, -0.0000000000000000000 ) ) ;
#840 = DIRECTION ( 'NONE',  ( -0.0000000000000000000, -0.7071067811865487900, 0.7071067811865462400 ) ) ;
#841 = PLANE ( 'NONE',  #3260 ) ;
#842 = AXIS2_PLACEMENT_3D ( 'NONE', #1724, #3914, #2036 ) ;
#843 = DIRECTION ( 'NONE',  ( 0.0000000000000000000, -0.7071067811865489100, 0.7071067811865462400 ) ) ;
#844 = DIRECTION ( 'NONE',  ( -1.000000000000000000, 0.0000000000000000000, 0.0000000000000000000 ) ) ;
#845 = CARTESIAN_POINT ( 'NONE',  ( 27.18325226216141400, 52.67889861492373200, 24.38449400695956400 ) ) ;
#846 = EDGE_CURVE ( 'NONE', #226, #1907, #2277, .T. ) ;
#847 = FACE_OUTER_BOUND ( 'NONE', #190, .T. ) ;
#848 = VECTOR ( 'NONE', #2451, 1000.000000000000000 ) ;
#849 = DIRECTION ( 'NONE',  ( 0.7071067811865461300, 0.5000000000000000000, 0.5000000000000020000 ) ) ;
#850 = LINE ( 'NONE', #2524, #1661 ) ;
#851 = ORIENTED_EDGE ( 'NONE', *, *, #1046, .F. ) ;
#852 = DIRECTION ( 'NONE',  ( -1.000000000000000000, -0.0000000000000000000, -0.0000000000000000000 ) ) ;
#853 = EDGE_CURVE ( 'NONE', #499, #366, #1361, .T. ) ;
#854 = APPROVAL ( #3197, 'UNKNOWN' ) ;
#855 = CARTESIAN_POINT ( 'NONE',  ( 16.05999999999999900, 38.10000000000000100, 0.0000000000000000000 ) ) ;
#856 = CIRCLE ( 'NONE', #1475, 23.62500000000000400 ) ;
#857 = PERSON ( 'NAUO-PER3', 'UNSPECIFIED', 'UNSPECIFIED', ('UNSPECIFIED'), ('UNSPECIFIED'), ('UNSPECIFIED') ) ;
#858 = VERTEX_POINT ( 'NONE', #3819 ) ;
#859 = CIRCLE ( 'NONE', #2974, 23.11499999999999800 ) ;
#860 = EDGE_CURVE ( 'NONE', #833, #1742, #546, .T. ) ;
#861 = DIRECTION ( 'NONE',  ( 0.0000000000000000000, 0.0000000000000000000, -1.000000000000000000 ) ) ;
#862 = VERTEX_POINT ( 'NONE', #2263 ) ;
#863 = ORIENTED_EDGE ( 'NONE', *, *, #336, .T. ) ;
#864 = DIRECTION ( 'NONE',  ( -1.000000000000000000, -0.0000000000000000000, -0.0000000000000000000 ) ) ;
#865 = CARTESIAN_POINT ( 'NONE',  ( 11.10227981862131600, 49.38096314284104000, 100.6678244675125700 ) ) ;
#866 = CARTESIAN_POINT ( 'NONE',  ( -32.35930008502348400, 0.0000000000000000000, 0.0000000000000000000 ) ) ;
#867 = AXIS2_PLACEMENT_3D ( 'NONE', #2859, #1006, #3168 ) ;
#868 = ORIENTED_EDGE ( 'NONE', *, *, #3939, .F. ) ;
#869 = TOROIDAL_SURFACE ( 'NONE', #3170, 38.10000000000000100, 19.00000000000000000 ) ;
#870 = CARTESIAN_POINT ( 'NONE',  ( 1.581905837302648900, 58.17665144988923500, -1.435505993040445000 ) ) ;
#871 = DIRECTION ( 'NONE',  ( -0.9777103847568747700, 0.2099580994831202200, 0.0000000000000000000 ) ) ;
#872 = DIRECTION ( 'NONE',  ( 0.0000000000000000000, 0.0000000000000000000, 1.000000000000000000 ) ) ;
#873 = COORDINATED_UNIVERSAL_TIME_OFFSET ( 0, 0, .AHEAD. ) ;
#874 = ORIENTED_EDGE ( 'NONE', *, *, #3481, .T. ) ;
#875 = ORIENTED_EDGE ( 'NONE', *, *, #2220, .F. ) ;
#876 = AXIS2_PLACEMENT_3D ( 'NONE', #3136, #347, #1885 ) ;
#877 = APPROVAL_PERSON_ORGANIZATION ( #1684, #880, #1876 ) ;
#878 = CARTESIAN_POINT ( 'NONE',  ( 27.18325226216141400, 52.67889861492373200, 40.76449400695955900 ) ) ;
#879 = CARTESIAN_POINT ( 'NONE',  ( 7.895774766659915400, 45.25993990925532300, 97.94553530129125800 ) ) ;
#880 = APPROVAL ( #3746, 'UNSPECIFIED' ) ;
#881 = DIRECTION ( 'NONE',  ( 0.0000000000000000000, 0.0000000000000000000, 1.000000000000000000 ) ) ;
#882 = VERTEX_POINT ( 'NONE', #3196 ) ;
#883 =( NAMED_UNIT ( * ) SI_UNIT ( $, .STERADIAN. ) SOLID_ANGLE_UNIT ( ) );
#884 = DIRECTION ( 'NONE',  ( 1.000000000000000000, -0.0000000000000000000, -0.0000000000000000000 ) ) ;
#885 = ORIENTED_EDGE ( 'NONE', *, *, #1817, .F. ) ;
#886 = SHAPE_REPRESENTATION ( '-24-45-BASIC', ( #696 ), #494 ) ;
#887 = DIRECTION ( 'NONE',  ( 1.000000000000000000, -0.0000000000000000000, -0.0000000000000000000 ) ) ;
#888 = AXIS2_PLACEMENT_3D ( 'NONE', #237, #1651, #3824 ) ;
#889 = DIRECTION ( 'NONE',  ( -1.000000000000000000, 0.0000000000000000000, 0.0000000000000000000 ) ) ;
#890 = CARTESIAN_POINT ( 'NONE',  ( 8.347203030581361800, 43.34321950704356400, 96.02881489908176600 ) ) ;
#891 = CARTESIAN_POINT ( 'NONE',  ( 27.18325226216141400, 33.03438560389255200, 102.6905437444056200 ) ) ;
#892 = EDGE_CURVE ( 'NONE', #1193, #1896, #2921, .T. ) ;
#893 = CARTESIAN_POINT ( 'NONE',  ( 26.64513811503050900, 55.65830746968298800, 108.3439028617189900 ) ) ;
#894 = AXIS2_PLACEMENT_3D ( 'NONE', #3868, #1993, #156 ) ;
#895 = CARTESIAN_POINT ( 'NONE',  ( 27.18325226216141400, 14.57889861492373000, 67.26449400695955200 ) ) ;
#896 = VECTOR ( 'NONE', #1598, 999.9999999999998900 ) ;
#897 = DIRECTION ( 'NONE',  ( -0.0000000000000000000, -0.0000000000000000000, 1.000000000000000000 ) ) ;
#898 = CIRCLE ( 'NONE', #2224, 20.85000000000000100 ) ;
#899 = CYLINDRICAL_SURFACE ( 'NONE', #1001, 19.44999999999998500 ) ;
#900 =( GEOMETRIC_REPRESENTATION_CONTEXT ( 3 ) GLOBAL_UNCERTAINTY_ASSIGNED_CONTEXT ( ( #3342 ) ) GLOBAL_UNIT_ASSIGNED_CONTEXT ( ( #566, #2718, #883 ) ) REPRESENTATION_CONTEXT ( 'NONE', 'WORKASPACE' ) );
#901 = EDGE_LOOP ( 'NONE', ( #215, #3178, #3447, #2470 ) ) ;
#902 = CARTESIAN_POINT ( 'NONE',  ( -32.35930008502348400, 0.0000000000000000000, 16.05999999999999900 ) ) ;
#903 = CARTESIAN_POINT ( 'NONE',  ( 8.328367122758180600, 40.54730814084326300, 91.81375421621493200 ) ) ;
#904 = CARTESIAN_POINT ( 'NONE',  ( 8.166785278640206900, 56.76258364987042200, -80.00235293493447800 ) ) ;
#905 = CIRCLE ( 'NONE', #3929, 24.12500000000001100 ) ;
#906 = EDGE_CURVE ( 'NONE', #3466, #1959, #1258, .T. ) ;
#907 = DIRECTION ( 'NONE',  ( 0.0000000000000000000, 0.0000000000000000000, 1.000000000000000000 ) ) ;
#908 = CARTESIAN_POINT ( 'NONE',  ( 12.63542616867443900, 51.26118097871277300, 103.9467763707487100 ) ) ;
#909 =( NAMED_UNIT ( * ) PLANE_ANGLE_UNIT ( ) SI_UNIT ( $, .RADIAN. ) );
#910 = CARTESIAN_POINT ( 'NONE',  ( -49.10930008502348400, 0.0000000000000000000, 0.0000000000000000000 ) ) ;
#911 = CARTESIAN_POINT ( 'NONE',  ( 9.142677436380719100, 37.98460283873910000, 89.24198394435178700 ) ) ;
#912 = ORIENTED_EDGE ( 'NONE', *, *, #2160, .F. ) ;
#913 = EDGE_CURVE ( 'NONE', #746, #1966, #2070, .T. ) ;
#914 = ORIENTED_EDGE ( 'NONE', *, *, #984, .T. ) ;
#915 = DIRECTION ( 'NONE',  ( -1.000000000000000000, 0.0000000000000000000, 0.0000000000000000000 ) ) ;
#916 = EDGE_LOOP ( 'NONE', ( #231, #2176, #469, #1390 ) ) ;
#917 = EDGE_LOOP ( 'NONE', ( #3269, #2045, #3138, #3257, #185 ) ) ;
#918 = AXIS2_PLACEMENT_3D ( 'NONE', #3058, #1501, #3683 ) ;
#919 = CARTESIAN_POINT ( 'NONE',  ( -18.40819268389988400, 2.893228062985621000E-015, 23.62499999999999300 ) ) ;
#920 = APPROVAL_DATE_TIME ( #1723, #382 ) ;
#921 = CARTESIAN_POINT ( 'NONE',  ( 7.297540508745508500, 39.98229440133169300, 92.66788979336762100 ) ) ;
#922 = MECHANICAL_CONTEXT ( 'NONE', #602, 'mechanical' ) ;
#923 = DIRECTION ( 'NONE',  ( 8.326672684688674100E-017, -0.7071067811865487900, 0.7071067811865463500 ) ) ;
#924 = DIRECTION ( 'NONE',  ( -0.3535533905932729500, -0.8623724356957955800, 0.3623724356957928600 ) ) ;
#925 = LOCAL_TIME ( 12, 19, 51.00000000000000000, #1726 ) ;
#926 = MANIFOLD_SOLID_BREP ( 'Boss-Extrude2', #3209 ) ;
#927 = AXIS2_PLACEMENT_3D ( 'NONE', #218, #1748, #3015 ) ;
#928 = CARTESIAN_POINT ( 'NONE',  ( 10.81730322001847500, 33.32536421078838600, 86.01095960282427200 ) ) ;
#929 = EDGE_LOOP ( 'NONE', ( #3033, #1295 ) ) ;
#930 = VERTEX_POINT ( 'NONE', #3226 ) ;
#931 = FACE_OUTER_BOUND ( 'NONE', #2006, .T. ) ;
#932 = CC_DESIGN_PERSON_AND_ORGANIZATION_ASSIGNMENT ( #2611, #79, ( #729 ) ) ;
#933 = CARTESIAN_POINT ( 'NONE',  ( 27.18325226216141400, 33.67889861492373900, 67.26449400695955200 ) ) ;
#934 = CARTESIAN_POINT ( 'NONE',  ( 13.41071105878114800, 31.23940116288491700, 83.92499655492081000 ) ) ;
#935 = PERSON_AND_ORGANIZATION_ROLE ( 'classification_officer' ) ;
#936 = ADVANCED_FACE ( 'NONE', ( #452, #2808 ), #3533, .T. ) ;
#937 = CARTESIAN_POINT ( 'NONE',  ( 14.58324699598666800, 31.47004150037161500, 84.15563689241089700 ) ) ;
#938 = EDGE_CURVE ( 'NONE', #1009, #2689, #1978, .T. ) ;
#939 = AXIS2_PLACEMENT_3D ( 'NONE', #1873, #974, #657 ) ;
#940 = CARTESIAN_POINT ( 'NONE',  ( 17.26236541690778700, 30.74822331502609900, 81.96210853005460700 ) ) ;
#941 = DIRECTION ( 'NONE',  ( 1.000000000000000000, -0.0000000000000000000, -0.0000000000000000000 ) ) ;
#942 = CIRCLE ( 'NONE', #207, 20.85000000000000100 ) ;
#943 = AXIS2_PLACEMENT_3D ( 'NONE', #1411, #2957, #497 ) ;
#944 = APPROVAL_STATUS ( 'not_yet_approved' ) ;
#945 = VECTOR ( 'NONE', #3934, 999.9999999999998900 ) ;
#946 = ORIENTED_EDGE ( 'NONE', *, *, #3276, .T. ) ;
#947 = CARTESIAN_POINT ( 'NONE',  ( 27.18325226216141400, 52.67889861492373200, 5.088931015182790700 ) ) ;
#948 = CARTESIAN_POINT ( 'NONE',  ( 19.22572182001008300, 30.03252723542745200, 81.23944333752513100 ) ) ;
#949 = CIRCLE ( 'NONE', #2087, 23.71000000000000100 ) ;
#950 = CARTESIAN_POINT ( 'NONE',  ( 18.99999999999999600, 38.10000000000000100, -29.00000000000000000 ) ) ;
#951 = ORIENTED_EDGE ( 'NONE', *, *, #3669, .T. ) ;
#952 = CC_DESIGN_DATE_AND_TIME_ASSIGNMENT ( #2369, #2788, ( #126 ) ) ;
#953 = VECTOR ( 'NONE', #2174, 1000.000000000000000 ) ;
#954 = ADVANCED_FACE ( 'NONE', ( #1984 ), #1880, .F. ) ;
#955 = CARTESIAN_POINT ( 'NONE',  ( 8.529132902019396700, 39.52919339467142400, 90.79236650126398400 ) ) ;
#956 = DIRECTION ( 'NONE',  ( -0.9777103847568747700, 0.2099580994831201900, 0.0000000000000000000 ) ) ;
#957 = ORIENTED_EDGE ( 'NONE', *, *, #2383, .F. ) ;
#958 = VERTEX_POINT ( 'NONE', #2329 ) ;
#959 = CARTESIAN_POINT ( 'NONE',  ( 11.12325226216141300, 52.67889861492373200, 67.26449400695955200 ) ) ;
#960 = ORIENTED_EDGE ( 'NONE', *, *, #336, .F. ) ;
#961 = DIRECTION ( 'NONE',  ( 1.000000000000000000, -0.0000000000000000000, -0.0000000000000000000 ) ) ;
#962 = APPLICATION_PROTOCOL_DEFINITION ( 'international standard', 'config_control_design', 1994, #2804 ) ;
#963 = ORIENTED_EDGE ( 'NONE', *, *, #2288, .T. ) ;
#964 = CIRCLE ( 'NONE', #2105, 27.12499999999998600 ) ;
#965 = CARTESIAN_POINT ( 'NONE',  ( 25.09002883806571700, 27.43577066460958800, 80.12136605664545600 ) ) ;
#966 = ORIENTED_EDGE ( 'NONE', *, *, #1619, .F. ) ;
#967 = EDGE_CURVE ( 'NONE', #3091, #2700, #2706, .T. ) ;
#968 = LOCAL_TIME ( 12, 19, 51.00000000000000000, #1767 ) ;
#969 = CARTESIAN_POINT ( 'NONE',  ( -20.40819268389990200, 0.0000000000000000000, 0.0000000000000000000 ) ) ;
#970 = ORIENTED_EDGE ( 'NONE', *, *, #1237, .F. ) ;
#971 = COORDINATED_UNIVERSAL_TIME_OFFSET ( 0, 0, .AHEAD. ) ;
#972 = CARTESIAN_POINT ( 'NONE',  ( 11.39032034560493000, 49.69315864540477900, 100.9805408101339500 ) ) ;
#973 = AXIS2_PLACEMENT_3D ( 'NONE', #4017, #2135, #299 ) ;
#974 = DIRECTION ( 'NONE',  ( 0.0000000000000000000, -0.7071067811865487900, 0.7071067811865462400 ) ) ;
#975 = B_SPLINE_CURVE_WITH_KNOTS ( 'NONE', 3,
 ( #1486, #578, #2733, #893, #3051, #1190, #3352, #1497, #3676, #1800, #3988, #2108, #272, #2439, #592, #2749, #908, #3064, #1205, #3367, #1507, #3692, #1813, #4005, #2120, #288, #2453, #600, #2761, #921, #3080, #1216, #3385, #1519, #3702, #1830, #3827, #2139, #302, #2465, #617, #2773, #934, #3092, #1229, #3397, #1534, #3720, #1842, #8, #2156, #314, #2476 ),
 .UNSPECIFIED., .F., .F.,
 ( 4, 2, 2, 2, 2, 2, 2, 2, 2, 2, 2, 2, 2, 2, 2, 2, 2, 1, 2, 2, 2, 2, 2, 2, 2, 2, 4 ),
 ( 0.06088232988389925800, 0.06285135029274291400, 0.06482037070158656900, 0.06875841151927389300, 0.07072743192811756200, 0.07269645233696123100, 0.07466547274580490100, 0.07663449315464857000, 0.08057253397233589400, 0.08254155438117954900, 0.08451057479002320500, 0.08844861560771050100, 0.09041763601655417000, 0.09238665642539782600, 0.09632469724308515000, 0.09730920744750698500, 0.09829371765192881900, 0.1002627380607725200, 0.1022317584696162000, 0.1042007788784598800, 0.1081388196961472500, 0.1101078401049909400, 0.1120768605138346400, 0.1160149013315220400, 0.1179839217403657300, 0.1199529421492094300, 0.1238909829668968000 ),
 .UNSPECIFIED. ) ;
#976 = APPROVAL_ROLE ( '' ) ;
#977 = ADVANCED_FACE ( 'NONE', ( #1162 ), #2624, .F. ) ;
#978 = DIRECTION ( 'NONE',  ( 0.0000000000000000000, 0.0000000000000000000, -1.000000000000000000 ) ) ;
#979 = ORIENTED_EDGE ( 'NONE', *, *, #788, .T. ) ;
#980 = CARTESIAN_POINT ( 'NONE',  ( 0.0000000000000000000, 38.10000000000000100, 0.0000000000000000000 ) ) ;
#981 = ORIENTED_EDGE ( 'NONE', *, *, #3572, .T. ) ;
#982 = CARTESIAN_POINT ( 'NONE',  ( 24.77511005947407300, 55.56218631774592600, 106.8578129275560300 ) ) ;
#983 = DIRECTION ( 'NONE',  ( 1.000000000000000000, -0.0000000000000000000, -0.0000000000000000000 ) ) ;
#984 = EDGE_CURVE ( 'NONE', #1015, #2670, #242, .T. ) ;
#985 = DIRECTION ( 'NONE',  ( 1.000000000000000000, -0.0000000000000000000, -0.0000000000000000000 ) ) ;
#986 = CARTESIAN_POINT ( 'NONE',  ( 27.18325226216141400, 52.67889861492373200, 32.76449400695955200 ) ) ;
#987 = DIRECTION ( 'NONE',  ( 0.0000000000000000000, 0.0000000000000000000, -1.000000000000000000 ) ) ;
#988 = PERSON_AND_ORGANIZATION_ROLE ( 'design_supplier' ) ;
#989 = CARTESIAN_POINT ( 'NONE',  ( 27.18325226216141400, 14.57889861492373000, 67.26449400695955200 ) ) ;
#990 = DIRECTION ( 'NONE',  ( 1.000000000000000000, 0.0000000000000000000, 0.0000000000000000000 ) ) ;
#991 = CARTESIAN_POINT ( 'NONE',  ( 32.14351236245012400, 75.77730645480490100, 24.38449400695955700 ) ) ;
#992 = FACE_BOUND ( 'NONE', #3595, .T. ) ;
#993 = AXIS2_PLACEMENT_3D ( 'NONE', #2310, #2628, #2616 ) ;
#994 = ADVANCED_FACE ( 'NONE', ( #1077 ), #3238, .F. ) ;
#995 = CYLINDRICAL_SURFACE ( 'NONE', #2019, 23.62500000000000400 ) ;
#996 = DIRECTION ( 'NONE',  ( -0.0000000000000000000, 0.0000000000000000000, -1.000000000000000000 ) ) ;
#997 = CARTESIAN_POINT ( 'NONE',  ( 30.13882801296443900, 28.26125722678504100, 80.94685261881976100 ) ) ;
#998 = CYLINDRICAL_SURFACE ( 'NONE', #374, 27.87499999999998600 ) ;
#999 = VERTEX_POINT ( 'NONE', #3894 ) ;
#1000 = ORIENTED_EDGE ( 'NONE', *, *, #838, .F. ) ;
#1001 = AXIS2_PLACEMENT_3D ( 'NONE', #1594, #2202, #978 ) ;
#1002 = PERSON_AND_ORGANIZATION_ROLE ( 'creator' ) ;
#1003 = EDGE_CURVE ( 'NONE', #3707, #1579, #1778, .T. ) ;
#1004 = LINE ( 'NONE', #3863, #3358 ) ;
#1005 = CARTESIAN_POINT ( 'NONE',  ( 53.27634009480340900, 47.07554693082563100, 0.9306971988276152600 ) ) ;
#1006 = DIRECTION ( 'NONE',  ( 1.000000000000000000, -0.0000000000000000000, -0.0000000000000000000 ) ) ;
#1007 = EDGE_LOOP ( 'NONE', ( #960, #46 ) ) ;
#1008 = CC_DESIGN_PERSON_AND_ORGANIZATION_ASSIGNMENT ( #3296, #988, ( #174 ) ) ;
#1009 = VERTEX_POINT ( 'NONE', #2513 ) ;
#1010 = CARTESIAN_POINT ( 'NONE',  ( 34.92305288022863200, 29.93958016558075000, 81.14564613840121900 ) ) ;
#1011 = EDGE_CURVE ( 'NONE', #2507, #3965, #3575, .T. ) ;
#1012 = PERSON_AND_ORGANIZATION ( #3705, #1805 ) ;
#1013 = ORIENTED_EDGE ( 'NONE', *, *, #3846, .F. ) ;
#1014 = CARTESIAN_POINT ( 'NONE',  ( 44.15856371242640000, 35.48128557774112600, 88.16688096977929900 ) ) ;
#1015 = VERTEX_POINT ( 'NONE', #43 ) ;
#1016 = DIRECTION ( 'NONE',  ( 0.0000000000000000000, -0.7071067811865487900, 0.7071067811865462400 ) ) ;
#1017 = APPROVAL_STATUS ( 'not_yet_approved' ) ;
#1018 = ADVANCED_FACE ( 'NONE', ( #3444 ), #22, .T. ) ;
#1019 = CARTESIAN_POINT ( 'NONE',  ( 40.84924996442038000, 51.58347687654941900, 102.8738314581102600 ) ) ;
#1020 = APPROVAL_PERSON_ORGANIZATION ( #1811, #382, #677 ) ;
#1021 = CARTESIAN_POINT ( 'NONE',  ( 1.640568460388063000, 58.16405396392024600, 38.26449400695955200 ) ) ;
#1022 = DIRECTION ( 'NONE',  ( 0.0000000000000000000, 0.0000000000000000000, -1.000000000000000000 ) ) ;
#1023 = EDGE_LOOP ( 'NONE', ( #3292, #2742 ) ) ;
#1024 = APPROVAL_DATE_TIME ( #1818, #3309 ) ;
#1025 = DIRECTION ( 'NONE',  ( -0.0000000000000000000, 0.0000000000000000000, 1.000000000000000000 ) ) ;
#1026 = CARTESIAN_POINT ( 'NONE',  ( 40.78376854385145800, 31.09476369094022600, 83.78035908297610500 ) ) ;
#1027 = ORIENTED_EDGE ( 'NONE', *, *, #2961, .F. ) ;
#1028 = AXIS2_PLACEMENT_3D ( 'NONE', #2568, #724, #2889 ) ;
#1029 = CARTESIAN_POINT ( 'NONE',  ( 45.13364207841635100, 37.81364917124820800, 89.07032234102369700 ) ) ;
#1030 = EDGE_LOOP ( 'NONE', ( #1971, #2667 ) ) ;
#1031 = SECURITY_CLASSIFICATION_LEVEL ( 'unclassified' ) ;
#1032 = CYLINDRICAL_SURFACE ( 'NONE', #939, 16.06000000000000200 ) ;
#1033 = CARTESIAN_POINT ( 'NONE',  ( 46.18857275560921500, 41.93572828316446500, 93.20634299658794900 ) ) ;
#1034 = CC_DESIGN_APPROVAL ( #830, ( #611 ) ) ;
#1035 = EDGE_CURVE ( 'NONE', #1759, #1444, #850, .T. ) ;
#1036 = ADVANCED_FACE ( 'NONE', ( #1290, #2485 ), #3468, .T. ) ;
#1037 = CARTESIAN_POINT ( 'NONE',  ( -17.72930008502348500, 0.0000000000000000000, 16.05999999999999900 ) ) ;
#1038 = CARTESIAN_POINT ( 'NONE',  ( 42.53742856351267000, 33.61669884028170000, 86.30229423231874400 ) ) ;
#1039 = VERTEX_POINT ( 'NONE', #2839 ) ;
#1040 = EDGE_LOOP ( 'NONE', ( #3671, #479 ) ) ;
#1041 = PRODUCT_DEFINITION_SHAPE ( 'NONE', 'NONE',  #4022 ) ;
#1042 = CARTESIAN_POINT ( 'NONE',  ( 47.17793704536350000, 40.94166546755237600, 93.62726085958829000 ) ) ;
#1043 = EDGE_LOOP ( 'NONE', ( #3053, #2330, #1360, #2907, #3167 ) ) ;
#1044 = CIRCLE ( 'NONE', #1934, 23.71000000000000100 ) ;
#1045 = CARTESIAN_POINT ( 'NONE',  ( 39.40371460861332100, 31.91246733947029300, 83.13621598412737500 ) ) ;
#1046 = EDGE_CURVE ( 'NONE', #1039, #3221, #3233, .T. ) ;
#1047 = DIRECTION ( 'NONE',  ( 1.000000000000000000, -0.0000000000000000000, -0.0000000000000000000 ) ) ;
#1048 = FACE_OUTER_BOUND ( 'NONE', #3551, .T. ) ;
#1049 = VERTEX_POINT ( 'NONE', #2535 ) ;
#1050 = ORIENTED_EDGE ( 'NONE', *, *, #3846, .T. ) ;
#1051 = AXIS2_PLACEMENT_3D ( 'NONE', #1107, #2660, #817 ) ;
#1052 = VECTOR ( 'NONE', #3733, 1000.000000000000000 ) ;
#1053 = CARTESIAN_POINT ( 'NONE',  ( 39.28818672538867700, 30.23660824902009700, 82.92220364105597200 ) ) ;
#1054 = EDGE_LOOP ( 'NONE', ( #3272, #3386 ) ) ;
#1055 = VECTOR ( 'NONE', #3895, 1000.000000000000100 ) ;
#1056 = CARTESIAN_POINT ( 'NONE',  ( 46.13428809822124100, 42.51738588543882700, 95.20298127747476300 ) ) ;
#1057 = VERTEX_POINT ( 'NONE', #69 ) ;
#1058 = ADVANCED_FACE ( 'NONE', ( #764, #3949 ), #695, .F. ) ;
#1059 = ORIENTED_EDGE ( 'NONE', *, *, #2823, .T. ) ;
#1060 = DIRECTION ( 'NONE',  ( 0.9777103847568748800, -0.2099580994831200800, 0.0000000000000000000 ) ) ;
#1061 = VERTEX_POINT ( 'NONE', #1306 ) ;
#1062 = CIRCLE ( 'NONE', #1700, 26.18499999999998800 ) ;
#1063 = CC_DESIGN_APPROVAL ( #854, ( #446 ) ) ;
#1064 = APPROVAL_DATE_TIME ( #1865, #3918 ) ;
#1065 = CARTESIAN_POINT ( 'NONE',  ( 46.19177719796242300, 37.10493852184502800, 89.79053391388093500 ) ) ;
#1066 = DIRECTION ( 'NONE',  ( 1.000000000000000000, 0.0000000000000000000, 0.0000000000000000000 ) ) ;
#1067 = ORIENTED_EDGE ( 'NONE', *, *, #3418, .F. ) ;
#1068 = EDGE_CURVE ( 'NONE', #241, #2955, #3124, .T. ) ;
#1069 = VERTEX_POINT ( 'NONE', #85 ) ;
#1070 = CARTESIAN_POINT ( 'NONE',  ( 45.02207499242041400, 46.85928654052254700, 98.14154242539459000 ) ) ;
#1071 = LOCAL_TIME ( 12, 19, 51.00000000000000000, #1869 ) ;
#1072 = CARTESIAN_POINT ( 'NONE',  ( -53.30290323835134800, 0.0000000000000000000, 0.0000000000000000000 ) ) ;
#1073 = DIRECTION ( 'NONE',  ( 0.0000000000000000000, 0.0000000000000000000, -1.000000000000000000 ) ) ;
#1074 = CARTESIAN_POINT ( 'NONE',  ( 1.581905837302648900, 58.17665144988923500, -1.435505993040445000 ) ) ;
#1075 = CARTESIAN_POINT ( 'NONE',  ( 27.18325226216141400, 16.36533095717381100, 119.3595983911243100 ) ) ;
#1076 = ORIENTED_EDGE ( 'NONE', *, *, #249, .F. ) ;
#1077 = FACE_OUTER_BOUND ( 'NONE', #3086, .T. ) ;
#1078 = ADVANCED_FACE ( 'NONE', ( #1556 ), #3856, .T. ) ;
#1079 = CARTESIAN_POINT ( 'NONE',  ( 44.27558617412058300, 48.91335017844543400, 101.5989455704813800 ) ) ;
#1080 = DIRECTION ( 'NONE',  ( 1.000000000000000000, -0.0000000000000000000, -0.0000000000000000000 ) ) ;
#1081 = EDGE_LOOP ( 'NONE', ( #2832, #3765, #2015, #3225 ) ) ;
#1082 = AXIS2_PLACEMENT_3D ( 'NONE', #658, #2519, #2816 ) ;
#1083 = CARTESIAN_POINT ( 'NONE',  ( 42.32090815340725200, 50.76714013881625200, 103.4527355308522100 ) ) ;
#1084 = DIRECTION ( 'NONE',  ( -0.7071067811865425800, 0.0000000000000000000, 0.7071067811865525700 ) ) ;
#1085 = CARTESIAN_POINT ( 'NONE',  ( 27.18325226216141400, 52.67889861492373200, 0.9306971988276152600 ) ) ;
#1086 = EDGE_CURVE ( 'NONE', #3091, #2007, #652, .T. ) ;
#1087 = CC_DESIGN_APPROVAL ( #880, ( #668 ) ) ;
#1088 = CIRCLE ( 'NONE', #776, 20.00000000000000000 ) ;
#1089 = PRODUCT_DEFINITION_SHAPE ( 'NONE', 'NONE',  #3644 ) ;
#1090 = CARTESIAN_POINT ( 'NONE',  ( 29.92942502300412500, 55.52944270540858400, 108.2150380974445900 ) ) ;
#1091 = EDGE_CURVE ( 'NONE', #425, #3221, #2389, .T. ) ;
#1092 = CIRCLE ( 'NONE', #576, 26.18499999999999900 ) ;
#1093 = ORIENTED_EDGE ( 'NONE', *, *, #3392, .F. ) ;
#1094 = CARTESIAN_POINT ( 'NONE',  ( 17.77897809722547300, 53.89151708294102100, 105.1850607974192500 ) ) ;
#1095 = TOROIDAL_SURFACE ( 'NONE', #581, 38.10000000000000100, 16.05999999999999900 ) ;
#1096 = CARTESIAN_POINT ( 'NONE',  ( 38.53938716801734200, 49.54966697813114300, 102.2352623701670900 ) ) ;
#1097 = AXIS2_PLACEMENT_3D ( 'NONE', #3183, #1961, #3808 ) ;
#1098 = ORIENTED_EDGE ( 'NONE', *, *, #1316, .T. ) ;
#1099 = CIRCLE ( 'NONE', #3514, 20.84999999999999400 ) ;
#1100 = ORIENTED_EDGE ( 'NONE', *, *, #3993, .T. ) ;
#1101 = AXIS2_PLACEMENT_3D ( 'NONE', #458, #2621, #779 ) ;
#1102 = ORIENTED_EDGE ( 'NONE', *, *, #3370, .F. ) ;
#1103 = CARTESIAN_POINT ( 'NONE',  ( -16.05999999999999900, 38.10000000000000100, -29.00000000000000000 ) ) ;
#1104 = ORIENTED_EDGE ( 'NONE', *, *, #356, .T. ) ;
#1105 = CARTESIAN_POINT ( 'NONE',  ( 12.63542616864758500, 51.26118097875267000, 103.9467763707886400 ) ) ;
#1106 = VERTEX_POINT ( 'NONE', #2890 ) ;
#1107 = CARTESIAN_POINT ( 'NONE',  ( -46.22819268389990600, 23.62499999999998900, 0.0000000000000000000 ) ) ;
#1108 =( GEOMETRIC_REPRESENTATION_CONTEXT ( 3 ) GLOBAL_UNCERTAINTY_ASSIGNED_CONTEXT ( ( #2657 ) ) GLOBAL_UNIT_ASSIGNED_CONTEXT ( ( #1177, #3343, #1487 ) ) REPRESENTATION_CONTEXT ( 'NONE', 'WORKASPACE' ) );
#1109 = CARTESIAN_POINT ( 'NONE',  ( 41.92642864990089900, 43.45938560389256400, 113.1155437444056600 ) ) ;
#1110 = LOCAL_TIME ( 12, 19, 51.00000000000000000, #1912 ) ;
#1111 = EDGE_LOOP ( 'NONE', ( #310, #979, #1239, #1257, #270 ) ) ;
#1112 = CARTESIAN_POINT ( 'NONE',  ( -20.40819268389990200, 3.206737643567343200E-015, -26.18499999999998800 ) ) ;
#1113 = DIRECTION ( 'NONE',  ( 0.7071067811865463500, 0.4999999999999998900, 0.5000000000000015500 ) ) ;
#1114 = CARTESIAN_POINT ( 'NONE',  ( 37.87747131044140800, 53.47284161083278800, 106.1584370028687400 ) ) ;
#1115 = EDGE_CURVE ( 'NONE', #2962, #1591, #2185, .T. ) ;
#1116 = COORDINATED_UNIVERSAL_TIME_OFFSET ( 0, 0, .AHEAD. ) ;
#1117 = CARTESIAN_POINT ( 'NONE',  ( 26.63874870823965300, 55.68063822556440800, 108.3662336176003700 ) ) ;
#1118 = CARTESIAN_POINT ( 'NONE',  ( -0.07042471293646976300, 58.53148063801570800, 35.26449400695955200 ) ) ;
#1119 = APPROVAL_PERSON_ORGANIZATION ( #1922, #3309, #3400 ) ;
#1120 = CARTESIAN_POINT ( 'NONE',  ( 27.18325226216141400, 52.67889861492373200, -1.435505993040445000 ) ) ;
#1121 = EDGE_CURVE ( 'NONE', #2782, #1308, #1460, .T. ) ;
#1122 = ORIENTED_EDGE ( 'NONE', *, *, #3766, .F. ) ;
#1123 = CARTESIAN_POINT ( 'NONE',  ( 43.52802550928842600, 30.88815618449724500, 127.9517731638009400 ) ) ;
#1124 = DIRECTION ( 'NONE',  ( 1.000000000000000000, -0.0000000000000000000, -0.0000000000000000000 ) ) ;
#1125 = ORIENTED_EDGE ( 'NONE', *, *, #2737, .F. ) ;
#1126 = FACE_OUTER_BOUND ( 'NONE', #2948, .T. ) ;
#1127 = AXIS2_PLACEMENT_3D ( 'NONE', #2114, #2739, #2446 ) ;
#1128 = CARTESIAN_POINT ( 'NONE',  ( 31.65523749209745200, 54.61281104171556700, 107.2984064337515500 ) ) ;
#1129 = CARTESIAN_POINT ( 'NONE',  ( 20.58507331359192300, 54.13239069442057900, 106.8179860864588400 ) ) ;
#1130 = CARTESIAN_POINT ( 'NONE',  ( 10.83847901503439300, 7.773156184497239900, 104.8367731638008400 ) ) ;
#1131 = AXIS2_PLACEMENT_3D ( 'NONE', #1166, #3332, #1469 ) ;
#1132 = EDGE_LOOP ( 'NONE', ( #1326, #530, #1139, #1122 ) ) ;
#1133 = CARTESIAN_POINT ( 'NONE',  ( 27.18325226216141400, 52.67889861492373200, -1.435505993040445000 ) ) ;
#1134 = CARTESIAN_POINT ( 'NONE',  ( 43.30175133930873000, 31.12007454334255000, 127.3998548049556100 ) ) ;
#1135 = EDGE_LOOP ( 'NONE', ( #874, #2314, #3574, #289 ) ) ;
#1136 = CC_DESIGN_DATE_AND_TIME_ASSIGNMENT ( #3328, #2230, ( #729 ) ) ;
#1137 = CIRCLE ( 'NONE', #2992, 26.12499999999998600 ) ;
#1138 = CIRCLE ( 'NONE', #94, 22.79500000000000200 ) ;
#1139 = ORIENTED_EDGE ( 'NONE', *, *, #1200, .T. ) ;
#1140 = CIRCLE ( 'NONE', #3639, 16.06000000000000200 ) ;
#1141 = ORIENTED_EDGE ( 'NONE', *, *, #2565, .F. ) ;
#1142 = AXIS2_PLACEMENT_3D ( 'NONE', #419, #2577, #739 ) ;
#1143 = VECTOR ( 'NONE', #3274, 1000.000000000000000 ) ;
#1144 = CARTESIAN_POINT ( 'NONE',  ( 46.19971924568261600, 48.59521357997704900, 24.38449400695956400 ) ) ;
#1145 = ORIENTED_EDGE ( 'NONE', *, *, #1588, .F. ) ;
#1146 = VERTEX_POINT ( 'NONE', #2269 ) ;
#1147 = CONTEXT_DEPENDENT_SHAPE_REPRESENTATION ( #1941, #1653 ) ;
#1148 = ORIENTED_EDGE ( 'NONE', *, *, #1046, .T. ) ;
#1149 = CIRCLE ( 'NONE', #682, 18.29999999999999000 ) ;
#1150 = DIRECTION ( 'NONE',  ( -0.9777103847568748800, 0.2099580994831202800, 0.0000000000000000000 ) ) ;
#1151 = ORIENTED_EDGE ( 'NONE', *, *, #3475, .T. ) ;
#1152 = APPROVAL_PERSON_ORGANIZATION ( #1968, #3918, #3478 ) ;
#1153 = ORIENTED_EDGE ( 'NONE', *, *, #1003, .F. ) ;
#1154 = DIRECTION ( 'NONE',  ( 0.0000000000000000000, 0.0000000000000000000, -1.000000000000000000 ) ) ;
#1155 = EDGE_LOOP ( 'NONE', ( #139, #2069, #1620, #3144 ) ) ;
#1156 = PRODUCT_DEFINITION_FORMATION_WITH_SPECIFIED_SOURCE ( 'ANY', '', #2639, .NOT_KNOWN. ) ;
#1157 = APPROVAL_DATE_TIME ( #1974, #2812 ) ;
#1158 = DIRECTION ( 'NONE',  ( 0.2032774192248846000, -0.04365274346441899000, 0.9781476007338054700 ) ) ;
#1159 = CARTESIAN_POINT ( 'NONE',  ( -26.93262969212313600, 8.725608443924874400E-016, -7.124999999999985800 ) ) ;
#1160 = CARTESIAN_POINT ( 'NONE',  ( 27.18325226216141400, 52.67889861492373200, -80.00235293493447800 ) ) ;
#1161 = ORIENTED_EDGE ( 'NONE', *, *, #1461, .F. ) ;
#1162 = FACE_OUTER_BOUND ( 'NONE', #2455, .T. ) ;
#1163 = EDGE_CURVE ( 'NONE', #2670, #1015, #2294, .T. ) ;
#1164 = CARTESIAN_POINT ( 'NONE',  ( 27.18325226216141400, 52.67889861492373200, -80.00235293493447800 ) ) ;
#1165 = CARTESIAN_POINT ( 'NONE',  ( 10.76629404609405900, 48.30451557799714400, 100.9901109700308100 ) ) ;
#1166 = CARTESIAN_POINT ( 'NONE',  ( 29.27632746005337300, 56.28515369656442100, 107.5565355262272900 ) ) ;
#1167 = CARTESIAN_POINT ( 'NONE',  ( 15.12001057511892400, 21.93758798818538100, 96.72734136011274600 ) ) ;
#1168 = DIRECTION ( 'NONE',  ( -0.0000000000000000000, -0.0000000000000000000, 1.000000000000000000 ) ) ;
#1169 = CARTESIAN_POINT ( 'NONE',  ( 0.0000000000000000000, 38.10000000000000100, -29.00000000000000000 ) ) ;
#1170 = CIRCLE ( 'NONE', #552, 20.85000000000000100 ) ;
#1171 = DIRECTION ( 'NONE',  ( 1.000000000000000000, 0.0000000000000000000, 0.0000000000000000000 ) ) ;
#1172 = CARTESIAN_POINT ( 'NONE',  ( 8.860148641486638600, 45.77535544999073400, 97.05537736986194400 ) ) ;
#1173 = CARTESIAN_POINT ( 'NONE',  ( 27.18325226216141400, 16.36533095717381100, 119.3595983911243100 ) ) ;
#1174 = CIRCLE ( 'NONE', #163, 26.68795201467610700 ) ;
#1175 = EDGE_LOOP ( 'NONE', ( #2197, #489, #3712, #821 ) ) ;
#1176 = DIRECTION ( 'NONE',  ( -1.000000000000000000, -0.0000000000000000000, -0.0000000000000000000 ) ) ;
#1177 =( LENGTH_UNIT ( ) NAMED_UNIT ( * ) SI_UNIT ( .MILLI., .METRE. ) );
#1178 = FACE_OUTER_BOUND ( 'NONE', #3663, .T. ) ;
#1179 = ORIENTED_EDGE ( 'NONE', *, *, #770, .F. ) ;
#1180 = FACE_OUTER_BOUND ( 'NONE', #525, .T. ) ;
#1181 = DIRECTION ( 'NONE',  ( 0.0000000000000000000, 0.0000000000000000000, -1.000000000000000000 ) ) ;
#1182 = ORIENTED_EDGE ( 'NONE', *, *, #1330, .F. ) ;
#1183 = EDGE_LOOP ( 'NONE', ( #1476, #1680, #2062, #3820 ) ) ;
#1184 = CARTESIAN_POINT ( 'NONE',  ( 8.183252262161415700, 52.67889861492373200, 40.76449400695955900 ) ) ;
#1185 = CARTESIAN_POINT ( 'NONE',  ( 7.156024419354486600, 42.06328084261907200, 94.74887623465498600 ) ) ;
#1186 = DIRECTION ( 'NONE',  ( 0.7071067811865463500, 0.4999999999999997800, 0.5000000000000018900 ) ) ;
#1187 = AXIS2_PLACEMENT_3D ( 'NONE', #2023, #180, #2344 ) ;
#1188 = ORIENTED_EDGE ( 'NONE', *, *, #2376, .F. ) ;
#1189 = FACE_OUTER_BOUND ( 'NONE', #3618, .T. ) ;
#1190 = CARTESIAN_POINT ( 'NONE',  ( 24.03664092169530500, 55.51009700970140400, 108.1956924017373900 ) ) ;
#1191 = DIRECTION ( 'NONE',  ( 1.000000000000000000, 0.0000000000000000000, 0.0000000000000000000 ) ) ;
#1192 = COORDINATED_UNIVERSAL_TIME_OFFSET ( 0, 0, .AHEAD. ) ;
#1193 = VERTEX_POINT ( 'NONE', #1351 ) ;
#1194 = DIRECTION ( 'NONE',  ( 1.000000000000000000, 0.0000000000000000000, 0.0000000000000000000 ) ) ;
#1195 = ORIENTED_EDGE ( 'NONE', *, *, #2293, .F. ) ;
#1196 = LOCAL_TIME ( 12, 19, 51.00000000000000000, #2020 ) ;
#1197 = ORIENTED_EDGE ( 'NONE', *, *, #243, .T. ) ;
#1198 = COORDINATED_UNIVERSAL_TIME_OFFSET ( 0, 0, .AHEAD. ) ;
#1199 = DIRECTION ( 'NONE',  ( 1.000000000000000000, -0.0000000000000000000, -0.0000000000000000000 ) ) ;
#1200 = EDGE_CURVE ( 'NONE', #3433, #3045, #556, .T. ) ;
#1201 = CARTESIAN_POINT ( 'NONE',  ( 8.420789393983611100, 39.40042966662879600, 92.08602505866240100 ) ) ;
#1202 = SECURITY_CLASSIFICATION ( '', '', #3154 ) ;
#1203 = DIRECTION ( 'NONE',  ( 0.2099580994831202800, 0.9777103847568748800, -0.0000000000000000000 ) ) ;
#1204 = CARTESIAN_POINT ( 'NONE',  ( 58.15865425799412900, 0.0000000000000000000, -16.05999999999998800 ) ) ;
#1205 = CARTESIAN_POINT ( 'NONE',  ( 10.99288102284042300, 49.82833233863566800, 102.5139277306716400 ) ) ;
#1206 = ORIENTED_EDGE ( 'NONE', *, *, #2115, .F. ) ;
#1207 = PERSON ( 'NAUO-PER4', 'UNSPECIFIED', 'UNSPECIFIED', ('UNSPECIFIED'), ('UNSPECIFIED'), ('UNSPECIFIED') ) ;
#1208 = DIRECTION ( 'NONE',  ( 0.0000000000000000000, 0.0000000000000000000, 1.000000000000000000 ) ) ;
#1209 = VERTEX_POINT ( 'NONE', #124 ) ;
#1210 = LINE ( 'NONE', #330, #3596 ) ;
#1211 = CARTESIAN_POINT ( 'NONE',  ( 9.358094529647557300, 36.85934609640604300, 89.54494148844875700 ) ) ;
#1212 = DIRECTION ( 'NONE',  ( 0.0000000000000000000, -0.7071067811865489100, 0.7071067811865462400 ) ) ;
#1213 = AXIS2_PLACEMENT_3D ( 'NONE', #1448, #3612, #2385 ) ;
#1214 = DIRECTION ( 'NONE',  ( -0.2099580994831201600, -0.9777103847568748800, 0.0000000000000000000 ) ) ;
#1215 = DIRECTION ( 'NONE',  ( 0.7071067811865352500, 8.659560562355083200E-017, 0.7071067811865597900 ) ) ;
#1216 = CARTESIAN_POINT ( 'NONE',  ( 7.428592732589968300, 39.28900813944410700, 91.97460353148001400 ) ) ;
#1217 = AXIS2_PLACEMENT_3D ( 'NONE', #1641, #3825, #1946 ) ;
#1218 = APPLICATION_CONTEXT ( 'configuration controlled 3d designs of mechanical parts and assemblies' ) ;
#1219 = CARTESIAN_POINT ( 'NONE',  ( 11.63560067219693500, 34.45657157752251700, 85.69727735738631200 ) ) ;
#1220 = CIRCLE ( 'NONE', #2136, 16.05999999999999200 ) ;
#1221 = CARTESIAN_POINT ( 'NONE',  ( 27.18325226216141400, 52.67889861492373200, 32.76449400695955200 ) ) ;
#1222 = CIRCLE ( 'NONE', #3696, 16.05999999999999900 ) ;
#1223 = CC_DESIGN_PERSON_AND_ORGANIZATION_ASSIGNMENT ( #1489, #1831, ( #611 ) ) ;
#1224 = ADVANCED_FACE ( 'NONE', ( #3753 ), #2936, .T. ) ;
#1225 = ORIENTED_EDGE ( 'NONE', *, *, #18, .T. ) ;
#1226 = ORIENTED_EDGE ( 'NONE', *, *, #3669, .F. ) ;
#1227 = CARTESIAN_POINT ( 'NONE',  ( 27.18325226216141400, 14.57889861492373000, 67.26449400695955200 ) ) ;
#1228 = FACE_OUTER_BOUND ( 'NONE', #901, .T. ) ;
#1229 = CARTESIAN_POINT ( 'NONE',  ( 15.40362617281946800, 30.03731589023162500, 82.72291128226753200 ) ) ;
#1230 = ORIENTED_EDGE ( 'NONE', *, *, #2958, .F. ) ;
#1231 = APPROVAL_STATUS ( 'not_yet_approved' ) ;
#1232 = CIRCLE ( 'NONE', #1703, 17.06000000000001300 ) ;
#1233 = DIRECTION ( 'NONE',  ( 0.0000000000000000000, 0.0000000000000000000, -1.000000000000000000 ) ) ;
#1234 = UNCERTAINTY_MEASURE_WITH_UNIT (LENGTH_MEASURE( 1.000000000000000100E-005 ), #2751, 'distance_accuracy_value', 'NONE');
#1235 = CARTESIAN_POINT ( 'NONE',  ( 15.40362617273967200, 30.03731589015382800, 82.72291128218969900 ) ) ;
#1236 = ORIENTED_EDGE ( 'NONE', *, *, #2664, .T. ) ;
#1237 = EDGE_CURVE ( 'NONE', #3591, #2339, #2081, .T. ) ;
#1238 = CARTESIAN_POINT ( 'NONE',  ( -17.90819268389989800, 0.0000000000000000000, 0.0000000000000000000 ) ) ;
#1239 = ORIENTED_EDGE ( 'NONE', *, *, #350, .T. ) ;
#1240 = DATE_AND_TIME ( #2057, #2906 ) ;
#1241 = ORIENTED_EDGE ( 'NONE', *, *, #1121, .T. ) ;
#1242 = CYLINDRICAL_SURFACE ( 'NONE', #252, 27.87499999999998600 ) ;
#1243 = CARTESIAN_POINT ( 'NONE',  ( 14.85675410568969400, 32.00162423751932300, 83.22593849120308100 ) ) ;
#1244 = AXIS2_PLACEMENT_3D ( 'NONE', #1419, #3278, #3289 ) ;
#1245 = ORIENTED_EDGE ( 'NONE', *, *, #342, .T. ) ;
#1246 = CARTESIAN_POINT ( 'NONE',  ( -17.72930008502348500, 0.0000000000000000000, 0.0000000000000000000 ) ) ;
#1247 = COORDINATED_UNIVERSAL_TIME_OFFSET ( 0, 0, .AHEAD. ) ;
#1248 = ORIENTED_EDGE ( 'NONE', *, *, #2690, .T. ) ;
#1249 = PERSON_AND_ORGANIZATION_ROLE ( 'creator' ) ;
#1250 = ADVANCED_FACE ( 'NONE', ( #468 ), #361, .T. ) ;
#1251 = DIRECTION ( 'NONE',  ( 1.000000000000000000, -0.0000000000000000000, -0.0000000000000000000 ) ) ;
#1252 = APPROVAL_PERSON_ORGANIZATION ( #2064, #2812, #2170 ) ;
#1253 = DIRECTION ( 'NONE',  ( 0.0000000000000000000, 0.0000000000000000000, 1.000000000000000000 ) ) ;
#1254 = CARTESIAN_POINT ( 'NONE',  ( 20.39346533835897900, 28.98316477591566500, 81.66876016795265500 ) ) ;
#1255 = CARTESIAN_POINT ( 'NONE',  ( 27.18325226216141400, 19.33065618449724000, 116.3942731638008800 ) ) ;
#1256 = CARTESIAN_POINT ( 'NONE',  ( 8.225733413728074000, 41.22517749881413400, 92.49372526135100300 ) ) ;
#1257 = ORIENTED_EDGE ( 'NONE', *, *, #2218, .T. ) ;
#1258 = LINE ( 'NONE', #3836, #3637 ) ;
#1259 = CC_DESIGN_DATE_AND_TIME_ASSIGNMENT ( #1627, #3506, ( #446 ) ) ;
#1260 = DIRECTION ( 'NONE',  ( -8.326672684688674100E-017, 0.7071067811865487900, -0.7071067811865463500 ) ) ;
#1261 = EDGE_CURVE ( 'NONE', #2613, #2085, #1174, .T. ) ;
#1262 = DIRECTION ( 'NONE',  ( 0.0000000000000000000, -0.7071067811865487900, 0.7071067811865462400 ) ) ;
#1263 = APPROVAL_ROLE ( '' ) ;
#1264 = CARTESIAN_POINT ( 'NONE',  ( 25.19469000927050200, 28.88365735966090100, 80.07780366617933500 ) ) ;
#1265 = DIRECTION ( 'NONE',  ( 0.0000000000000000000, 0.0000000000000000000, -1.000000000000000000 ) ) ;
#1266 = EDGE_LOOP ( 'NONE', ( #1027, #1104, #1151, #3322, #2652, #3399 ) ) ;
#1267 = AXIS2_PLACEMENT_3D ( 'NONE', #3764, #364, #3453 ) ;
#1268 = ADVANCED_FACE ( 'NONE', ( #1996 ), #3561, .T. ) ;
#1269 = CARTESIAN_POINT ( 'NONE',  ( 13.22784474703027200, 51.36735525413308800, 102.6573834520961400 ) ) ;
#1270 = CARTESIAN_POINT ( 'NONE',  ( -26.93262969212313600, 0.0000000000000000000, -27.12499999999998600 ) ) ;
#1271 = CIRCLE ( 'NONE', #3541, 19.00000000000000000 ) ;
#1272 = MECHANICAL_CONTEXT ( 'NONE', #2122, 'mechanical' ) ;
#1273 = CIRCLE ( 'NONE', #3403, 18.99999999999999600 ) ;
#1274 = FACE_OUTER_BOUND ( 'NONE', #3833, .T. ) ;
#1275 = DIRECTION ( 'NONE',  ( -1.000000000000000000, 0.0000000000000000000, 0.0000000000000000000 ) ) ;
#1276 = VERTEX_POINT ( 'NONE', #1989 ) ;
#1277 = CARTESIAN_POINT ( 'NONE',  ( -53.30290323835134800, 0.0000000000000000000, 23.71000000000000100 ) ) ;
#1278 = DIRECTION ( 'NONE',  ( -1.000000000000000000, 0.0000000000000000000, 0.0000000000000000000 ) ) ;
#1279 = VECTOR ( 'NONE', #3417, 1000.000000000000000 ) ;
#1280 = VERTEX_POINT ( 'NONE', #153 ) ;
#1281 = CC_DESIGN_PERSON_AND_ORGANIZATION_ASSIGNMENT ( #3969, #38, ( #668 ) ) ;
#1282 = LINE ( 'NONE', #3498, #2943 ) ;
#1283 = CARTESIAN_POINT ( 'NONE',  ( 27.18325226216141400, 55.64365112762749300, 106.9393739824603100 ) ) ;
#1284 = CARTESIAN_POINT ( 'NONE',  ( 25.19469000927050200, 28.88365735966090100, 80.07780366617933500 ) ) ;
#1285 = DIRECTION ( 'NONE',  ( 0.0000000000000000000, -0.7071067811865487900, 0.7071067811865462400 ) ) ;
#1286 = ORIENTED_EDGE ( 'NONE', *, *, #1091, .F. ) ;
#1287 = PERSON_AND_ORGANIZATION_ROLE ( 'classification_officer' ) ;
#1288 = ORIENTED_EDGE ( 'NONE', *, *, #2664, .F. ) ;
#1289 = ADVANCED_FACE ( 'NONE', ( #2825 ), #1895, .T. ) ;
#1290 = FACE_OUTER_BOUND ( 'NONE', #2497, .T. ) ;
#1291 = ORIENTED_EDGE ( 'NONE', *, *, #1396, .T. ) ;
#1292 = DIRECTION ( 'NONE',  ( 0.0000000000000000000, 0.0000000000000000000, 1.000000000000000000 ) ) ;
#1293 = AXIS2_PLACEMENT_3D ( 'NONE', #1622, #3246, #2250 ) ;
#1294 = APPROVAL_PERSON_ORGANIZATION ( #2098, #2379, #3180 ) ;
#1295 = ORIENTED_EDGE ( 'NONE', *, *, #1920, .T. ) ;
#1296 = VERTEX_POINT ( 'NONE', #3896 ) ;
#1297 = APPROVAL_DATE_TIME ( #2102, #2327 ) ;
#1298 = CARTESIAN_POINT ( 'NONE',  ( -53.30290323835134800, 0.0000000000000000000, 0.0000000000000000000 ) ) ;
#1299 = CARTESIAN_POINT ( 'NONE',  ( 31.59366896344765500, 27.69882758745156800, 80.38442297948745400 ) ) ;
#1300 = AXIS2_PLACEMENT_3D ( 'NONE', #448, #1658, #2604 ) ;
#1301 = ORIENTED_EDGE ( 'NONE', *, *, #3605, .T. ) ;
#1302 = DATE_AND_TIME ( #2106, #2965 ) ;
#1303 = CARTESIAN_POINT ( 'NONE',  ( 27.18325226216141400, 41.51966697813114100, 94.20526237016707700 ) ) ;
#1304 = APPROVAL_STATUS ( 'not_yet_approved' ) ;
#1305 = ORIENTED_EDGE ( 'NONE', *, *, #3739, .F. ) ;
#1306 = CARTESIAN_POINT ( 'NONE',  ( -29.72930008502348500, 2.553388576222231200E-015, -20.85000000000000100 ) ) ;
#1307 =( GEOMETRIC_REPRESENTATION_CONTEXT ( 3 ) GLOBAL_UNCERTAINTY_ASSIGNED_CONTEXT ( ( #297 ) ) GLOBAL_UNIT_ASSIGNED_CONTEXT ( ( #1786, #3977, #2097 ) ) REPRESENTATION_CONTEXT ( 'NONE', 'WORKASPACE' ) );
#1308 = VERTEX_POINT ( 'NONE', #3580 ) ;
#1309 = CIRCLE ( 'NONE', #3087, 16.05999999999999900 ) ;
#1310 = ADVANCED_FACE ( 'NONE', ( #3653 ), #255, .F. ) ;
#1311 = CARTESIAN_POINT ( 'NONE',  ( 36.54969149055905600, 29.84017413263244100, 82.52576952467059400 ) ) ;
#1312 = CARTESIAN_POINT ( 'NONE',  ( 27.18325226216141400, 33.03438560389255200, 102.6905437444056200 ) ) ;
#1313 = CARTESIAN_POINT ( 'NONE',  ( 45.34994075917013100, 35.57483875250238000, 88.26043414453826600 ) ) ;
#1314 = DATE_TIME_ROLE ( 'classification_date' ) ;
#1315 = CARTESIAN_POINT ( 'NONE',  ( 42.39803883190375400, 50.26958682281891600, 101.5579067917457600 ) ) ;
#1316 = EDGE_CURVE ( 'NONE', #2339, #3591, #1092, .T. ) ;
#1317 = CARTESIAN_POINT ( 'NONE',  ( -49.10930008502348400, 0.0000000000000000000, 23.11499999999999800 ) ) ;
#1318 = PERSON_AND_ORGANIZATION ( #1695, #597 ) ;
#1319 = EDGE_LOOP ( 'NONE', ( #1572, #3157, #3989, #3126 ) ) ;
#1320 = AXIS2_PLACEMENT_3D ( 'NONE', #296, #2459, #609 ) ;
#1321 = FACE_OUTER_BOUND ( 'NONE', #322, .T. ) ;
#1322 = CARTESIAN_POINT ( 'NONE',  ( -54.60819268389989400, 3.413702952623245400E-015, 27.87499999999998600 ) ) ;
#1323 = CARTESIAN_POINT ( 'NONE',  ( 40.10374272971261400, 32.34407522622527200, 83.57108215771458500 ) ) ;
#1324 = LINE ( 'NONE', #2637, #516 ) ;
#1325 = CARTESIAN_POINT ( 'NONE',  ( 45.22490341936421000, 37.31201591500454400, 89.99761130704274600 ) ) ;
#1326 = ORIENTED_EDGE ( 'NONE', *, *, #1716, .F. ) ;
#1327 = DIRECTION ( 'NONE',  ( -0.0000000000000000000, -0.0000000000000000000, 1.000000000000000000 ) ) ;
#1328 = AXIS2_PLACEMENT_3D ( 'NONE', #866, #3633, #3025 ) ;
#1329 = APPROVAL_ROLE ( '' ) ;
#1330 = EDGE_CURVE ( 'NONE', #1852, #1340, #2723, .T. ) ;
#1331 = VECTOR ( 'NONE', #1158, 1000.000000000000000 ) ;
#1332 = ADVANCED_FACE ( 'NONE', ( #1274 ), #3351, .T. ) ;
#1333 = CARTESIAN_POINT ( 'NONE',  ( 45.91824176419502400, 39.82853909367479200, 91.09273809597152600 ) ) ;
#1334 = DIRECTION ( 'NONE',  ( 1.000000000000000000, 0.0000000000000000000, 0.0000000000000000000 ) ) ;
#1335 = VERTEX_POINT ( 'NONE', #826 ) ;
#1336 = VERTEX_POINT ( 'NONE', #2986 ) ;
#1337 = DIRECTION ( 'NONE',  ( 0.0000000000000000000, 0.0000000000000000000, 1.000000000000000000 ) ) ;
#1338 = LINE ( 'NONE', #3555, #524 ) ;
#1339 = APPROVAL ( #392, 'UNSPECIFIED' ) ;
#1340 = VERTEX_POINT ( 'NONE', #1130 ) ;
#1341 = CARTESIAN_POINT ( 'NONE',  ( 43.55570568594458800, 33.38080535689111600, 86.06640074892702300 ) ) ;
#1342 = CALENDAR_DATE ( 2014, 22, 10 ) ;
#1343 = FACE_OUTER_BOUND ( 'NONE', #1557, .T. ) ;
#1344 = CARTESIAN_POINT ( 'NONE',  ( 46.17820280608427900, 41.67793976888951600, 92.94781899830003600 ) ) ;
#1345 = CARTESIAN_POINT ( 'NONE',  ( 27.18325226216141400, 30.46758798818538200, 105.2573413601127800 ) ) ;
#1346 = CARTESIAN_POINT ( 'NONE',  ( 36.42051587158450600, 30.46727334253223100, 81.67857159992385600 ) ) ;
#1347 = LOCAL_TIME ( 12, 19, 51.00000000000000000, #2154 ) ;
#1348 = CARTESIAN_POINT ( 'NONE',  ( -54.60819268389989400, 0.0000000000000000000, 0.0000000000000000000 ) ) ;
#1349 = ORIENTED_EDGE ( 'NONE', *, *, #465, .F. ) ;
#1350 = CARTESIAN_POINT ( 'NONE',  ( 43.94875404409442900, 44.88938560389254900, 114.5455437444056600 ) ) ;
#1351 = CARTESIAN_POINT ( 'NONE',  ( 27.18325226216141400, 52.87580188398708000, 105.5613972760230600 ) ) ;
#1352 = AXIS2_PLACEMENT_3D ( 'NONE', #1303, #3477, #1602 ) ;
#1353 = COORDINATED_UNIVERSAL_TIME_OFFSET ( 0, 0, .AHEAD. ) ;
#1354 = ADVANCED_FACE ( 'NONE', ( #166 ), #995, .F. ) ;
#1355 = CARTESIAN_POINT ( 'NONE',  ( 41.73242844983400300, 31.75709432509214000, 84.44268971712803300 ) ) ;
#1356 = DIRECTION ( 'NONE',  ( -1.000000000000000000, 0.0000000000000000000, 0.0000000000000000000 ) ) ;
#1357 = AXIS2_PLACEMENT_3D ( 'NONE', #3301, #1435, #3610 ) ;
#1358 = CARTESIAN_POINT ( 'NONE',  ( 46.98067418589655400, 43.72147379936284800, 96.40706919139879000 ) ) ;
#1359 = DIRECTION ( 'NONE',  ( -1.000000000000000000, -0.0000000000000000000, -0.0000000000000000000 ) ) ;
#1360 = ORIENTED_EDGE ( 'NONE', *, *, #967, .T. ) ;
#1361 = CIRCLE ( 'NONE', #1142, 16.05999999999999900 ) ;
#1362 = CARTESIAN_POINT ( 'NONE',  ( 27.18325226216141400, 52.67889861492373200, 35.26449400695955200 ) ) ;
#1363 = DIRECTION ( 'NONE',  ( -0.9777103847568748800, 0.2099580994831201600, 0.0000000000000000000 ) ) ;
#1364 = EDGE_CURVE ( 'NONE', #2007, #3265, #3464, .T. ) ;
#1365 = EDGE_CURVE ( 'NONE', #2258, #3074, #2533, .T. ) ;
#1366 = DIRECTION ( 'NONE',  ( 0.0000000000000000000, 0.0000000000000000000, -1.000000000000000000 ) ) ;
#1367 = APPROVAL ( #944, 'UNSPECIFIED' ) ;
#1368 = CARTESIAN_POINT ( 'NONE',  ( 46.93832771974195600, 39.11829098900214800, 91.80388638103806900 ) ) ;
#1369 = CARTESIAN_POINT ( 'NONE',  ( 52.78459868702016400, 47.18114577995822900, -3.935505993040447200 ) ) ;
#1370 = CARTESIAN_POINT ( 'NONE',  ( 44.56054980958003100, 46.97792558738378000, 99.66352097941971500 ) ) ;
#1371 = CARTESIAN_POINT ( 'NONE',  ( 30.33916043142854200, 27.52767241011510200, 80.21326780215099500 ) ) ;
#1372 = ADVANCED_FACE ( 'NONE', ( #1379 ), #73, .T. ) ;
#1373 = CONICAL_SURFACE ( 'NONE', #2281, 23.62500000000000400, 0.7853981633974657100 ) ;
#1374 = DIRECTION ( 'NONE',  ( -1.000000000000000000, 0.0000000000000000000, 0.0000000000000000000 ) ) ;
#1375 = AXIS2_PLACEMENT_3D ( 'NONE', #2125, #3449, #2158 ) ;
#1376 = DIRECTION ( 'NONE',  ( 0.0000000000000000000, -0.7071067811865487900, 0.7071067811865462400 ) ) ;
#1377 = CARTESIAN_POINT ( 'NONE',  ( 27.18325226216141400, 52.67889861492373200, 0.9306971988276152600 ) ) ;
#1378 = VECTOR ( 'NONE', #285, 1000.000000000000100 ) ;
#1379 = FACE_OUTER_BOUND ( 'NONE', #1081, .T. ) ;
#1380 = ORIENTED_EDGE ( 'NONE', *, *, #2, .F. ) ;
#1381 = AXIS2_PLACEMENT_3D ( 'NONE', #1530, #3716, #1838 ) ;
#1382 = VECTOR ( 'NONE', #2776, 999.9999999999998900 ) ;
#1383 = CARTESIAN_POINT ( 'NONE',  ( 41.89927089877092200, 51.13519399863563600, 103.8207893906716100 ) ) ;
#1384 = ORIENTED_EDGE ( 'NONE', *, *, #1035, .F. ) ;
#1385 = FACE_OUTER_BOUND ( 'NONE', #1789, .T. ) ;
#1386 = CARTESIAN_POINT ( 'NONE',  ( 41.56402535894528000, 51.00257390841849100, 102.2920404536498900 ) ) ;
#1387 = ORIENTED_EDGE ( 'NONE', *, *, #1942, .T. ) ;
#1388 = CARTESIAN_POINT ( 'NONE',  ( 58.15865425799412900, 0.0000000000000000000, 0.0000000000000000000 ) ) ;
#1389 = DIRECTION ( 'NONE',  ( -0.9777103847568747700, 0.2099580994831202200, 0.0000000000000000000 ) ) ;
#1390 = ORIENTED_EDGE ( 'NONE', *, *, #706, .F. ) ;
#1391 = FACE_BOUND ( 'NONE', #2634, .T. ) ;
#1392 = CALENDAR_DATE ( 2014, 22, 10 ) ;
#1393 = DIRECTION ( 'NONE',  ( 0.0000000000000000000, -0.7071067811865487900, 0.7071067811865462400 ) ) ;
#1394 = EDGE_LOOP ( 'NONE', ( #1291, #2222 ) ) ;
#1395 = APPROVAL_PERSON_ORGANIZATION ( #2209, #2327, #976 ) ;
#1396 = EDGE_CURVE ( 'NONE', #1612, #2842, #1702, .T. ) ;
#1397 = CARTESIAN_POINT ( 'NONE',  ( 17.23797764120056500, 52.98192434962077600, 105.6675197416590100 ) ) ;
#1398 = PERSON_AND_ORGANIZATION ( #1695, #597 ) ;
#1399 = DIRECTION ( 'NONE',  ( 0.0000000000000000000, -0.7071067811865487900, 0.7071067811865462400 ) ) ;
#1400 = AXIS2_PLACEMENT_3D ( 'NONE', #1120, #3910, #2977 ) ;
#1401 = VERTEX_POINT ( 'NONE', #213 ) ;
#1402 = CARTESIAN_POINT ( 'NONE',  ( -60.10819268389990100, 0.0000000000000000000, 0.0000000000000000000 ) ) ;
#1403 = CARTESIAN_POINT ( 'NONE',  ( 27.18325226216141400, 30.46758798818538200, 105.2573413601127800 ) ) ;
#1404 = ORIENTED_EDGE ( 'NONE', *, *, #1806, .F. ) ;
#1405 = AXIS2_PLACEMENT_3D ( 'NONE', #2929, #1073, #3245 ) ;
#1406 = FACE_BOUND ( 'NONE', #585, .T. ) ;
#1407 = CARTESIAN_POINT ( 'NONE',  ( 13.36281747336575900, 51.47155813426847700, 102.7617480066553000 ) ) ;
#1408 = ADVANCED_BREP_SHAPE_REPRESENTATION ( '', ( #2888, #696 ), #1307 ) ;
#1409 = CARTESIAN_POINT ( 'NONE',  ( -29.72930008502348500, 0.0000000000000000000, 0.0000000000000000000 ) ) ;
#1410 = CARTESIAN_POINT ( 'NONE',  ( -53.30290323835134800, 0.0000000000000000000, 16.05999999999999900 ) ) ;
#1411 = CARTESIAN_POINT ( 'NONE',  ( 27.18325226216141400, 16.36533095717381100, 119.3595983911243100 ) ) ;
#1412 = CC_DESIGN_PERSON_AND_ORGANIZATION_ASSIGNMENT ( #2458, #1287, ( #1202 ) ) ;
#1413 = CARTESIAN_POINT ( 'NONE',  ( 37.34276035807949500, 53.57119630533523500, 104.8643197849325300 ) ) ;
#1414 = CIRCLE ( 'NONE', #63, 54.15999999999999700 ) ;
#1415 = CARTESIAN_POINT ( 'NONE',  ( 26.66597388592612500, 55.66731248271794600, 106.9630636448029900 ) ) ;
#1416 = EDGE_CURVE ( 'NONE', #1061, #733, #898, .T. ) ;
#1417 = CARTESIAN_POINT ( 'NONE',  ( 27.18325226216141400, 52.67889861492373200, -3.935505993040447200 ) ) ;
#1418 = CYLINDRICAL_SURFACE ( 'NONE', #711, 22.79499999999999500 ) ;
#1419 = CARTESIAN_POINT ( 'NONE',  ( -32.35930008502348400, 0.0000000000000000000, 0.0000000000000000000 ) ) ;
#1420 = VECTOR ( 'NONE', #806, 1000.000000000000000 ) ;
#1421 = AXIS2_PLACEMENT_3D ( 'NONE', #1160, #548, #224 ) ;
#1422 = VERTEX_POINT ( 'NONE', #2370 ) ;
#1423 = CARTESIAN_POINT ( 'NONE',  ( 52.72593606393475300, 47.19374326592721800, 38.26449400695955200 ) ) ;
#1424 = CARTESIAN_POINT ( 'NONE',  ( 30.58161710393708800, 55.48090588236354400, 108.1665012743995200 ) ) ;
#1425 = CIRCLE ( 'NONE', #2387, 19.10000000000000100 ) ;
#1426 = AXIS2_PLACEMENT_3D ( 'NONE', #2582, #743, #2903 ) ;
#1427 = VECTOR ( 'NONE', #1080, 1000.000000000000000 ) ;
#1428 = DIRECTION ( 'NONE',  ( 0.0000000000000000000, 0.0000000000000000000, -1.000000000000000000 ) ) ;
#1429 = ORIENTED_EDGE ( 'NONE', *, *, #3932, .F. ) ;
#1430 = DIRECTION ( 'NONE',  ( -0.9777103847568747700, 0.2099580994831201600, 0.0000000000000000000 ) ) ;
#1431 = CC_DESIGN_DATE_AND_TIME_ASSIGNMENT ( #2212, #3142, ( #611 ) ) ;
#1432 = CARTESIAN_POINT ( 'NONE',  ( -49.10930008502348400, 0.0000000000000000000, 0.0000000000000000000 ) ) ;
#1433 = ITEM_DEFINED_TRANSFORMATION ( 'NONE', 'NONE', #2552,  #696 ) ;
#1434 = FACE_BOUND ( 'NONE', #3562, .T. ) ;
#1435 = DIRECTION ( 'NONE',  ( 1.000000000000000000, -0.0000000000000000000, -0.0000000000000000000 ) ) ;
#1436 = APPROVAL_DATE_TIME ( #2267, #1810 ) ;
#1437 = ORIENTED_EDGE ( 'NONE', *, *, #3521, .F. ) ;
#1438 = EDGE_CURVE ( 'NONE', #2955, #241, #1788, .T. ) ;
#1439 = DATE_AND_TIME ( #2271, #3096 ) ;
#1440 = CARTESIAN_POINT ( 'NONE',  ( -54.60819268389989400, 0.0000000000000000000, 0.0000000000000000000 ) ) ;
#1441 = EDGE_CURVE ( 'NONE', #2056, #186, #3275, .T. ) ;
#1442 = DIRECTION ( 'NONE',  ( -0.9777103847568748800, 0.2099580994831201600, 0.0000000000000000000 ) ) ;
#1443 = CARTESIAN_POINT ( 'NONE',  ( 27.18325226216141400, 52.67889861492373200, -80.00235293493447800 ) ) ;
#1444 = VERTEX_POINT ( 'NONE', #540 ) ;
#1445 = LINE ( 'NONE', #3491, #2378 ) ;
#1446 = AXIS2_PLACEMENT_3D ( 'NONE', #1133, #3299, #1430 ) ;
#1447 = CARTESIAN_POINT ( 'NONE',  ( 0.0000000000000000000, 38.10000000000000100, 0.0000000000000000000 ) ) ;
#1448 = CARTESIAN_POINT ( 'NONE',  ( 27.18325226216141400, 52.67889861492373200, 38.26449400695955200 ) ) ;
#1449 = EDGE_CURVE ( 'NONE', #1937, #3466, #2638, .T. ) ;
#1450 = DIRECTION ( 'NONE',  ( 1.000000000000000000, -0.0000000000000000000, -0.0000000000000000000 ) ) ;
#1451 = DESIGN_CONTEXT ( 'detailed design', #9, 'design' ) ;
#1452 = EDGE_CURVE ( 'NONE', #1547, #1336, #2438, .T. ) ;
#1453 = CARTESIAN_POINT ( 'NONE',  ( 27.18325226216141400, 14.57889861492373000, 67.26449400695955200 ) ) ;
#1454 = CC_DESIGN_PERSON_AND_ORGANIZATION_ASSIGNMENT ( #3921, #1637, ( #446 ) ) ;
#1455 = DIRECTION ( 'NONE',  ( 0.0000000000000000000, -1.224646799147353200E-016, 1.000000000000000000 ) ) ;
#1456 = CARTESIAN_POINT ( 'NONE',  ( 32.66840761115792400, 78.22158241669707500, 38.26449400695955200 ) ) ;
#1457 = VECTOR ( 'NONE', #550, 999.9999999999998900 ) ;
#1458 = EDGE_CURVE ( 'NONE', #3711, #1579, #810, .T. ) ;
#1459 = LINE ( 'NONE', #904, #848 ) ;
#1460 = CIRCLE ( 'NONE', #2942, 26.12499999999999300 ) ;
#1461 = EDGE_CURVE ( 'NONE', #3636, #3878, #1607, .T. ) ;
#1462 = ORIENTED_EDGE ( 'NONE', *, *, #2843, .F. ) ;
#1463 = DIRECTION ( 'NONE',  ( 0.7071067811865462400, 0.5000000000000001100, 0.5000000000000017800 ) ) ;
#1464 = CARTESIAN_POINT ( 'NONE',  ( 0.0000000000000000000, 26.94076836320741100, 26.94076836320751100 ) ) ;
#1465 = FACE_OUTER_BOUND ( 'NONE', #147, .T. ) ;
#1466 = EDGE_LOOP ( 'NONE', ( #2390, #397 ) ) ;
#1467 = DIRECTION ( 'NONE',  ( 0.0000000000000000000, 0.7071067811865487900, -0.7071067811865462400 ) ) ;
#1468 = CARTESIAN_POINT ( 'NONE',  ( 8.975435589146629300, 47.43623428938326500, 100.1218296814192100 ) ) ;
#1469 = DIRECTION ( 'NONE',  ( -0.07421581735972365700, 0.0000000000000000000, -0.9972422035060631900 ) ) ;
#1470 = AXIS2_PLACEMENT_3D ( 'NONE', #681, #1596, #3783 ) ;
#1471 = FACE_OUTER_BOUND ( 'NONE', #2191, .T. ) ;
#1472 = DIRECTION ( 'NONE',  ( 0.0000000000000000000, 0.0000000000000000000, 1.000000000000000000 ) ) ;
#1473 =( LENGTH_UNIT ( ) NAMED_UNIT ( * ) SI_UNIT ( .MILLI., .METRE. ) );
#1474 = EDGE_LOOP ( 'NONE', ( #127, #1764 ) ) ;
#1475 = AXIS2_PLACEMENT_3D ( 'NONE', #3355, #1500, #3680 ) ;
#1476 = ORIENTED_EDGE ( 'NONE', *, *, #1920, .F. ) ;
#1477 = LINE ( 'NONE', #2381, #3870 ) ;
#1478 = DIRECTION ( 'NONE',  ( -1.000000000000000000, 0.0000000000000000000, 0.0000000000000000000 ) ) ;
#1479 = ORIENTED_EDGE ( 'NONE', *, *, #2355, .F. ) ;
#1480 = LOCAL_TIME ( 12, 19, 51.00000000000000000, #2315 ) ;
#1481 = ORIENTED_EDGE ( 'NONE', *, *, #1650, .F. ) ;
#1482 = DIRECTION ( 'NONE',  ( 0.0000000000000000000, 0.0000000000000000000, 1.000000000000000000 ) ) ;
#1483 = CARTESIAN_POINT ( 'NONE',  ( 8.699233102260542700, 44.64552308397564000, 97.33111847601158200 ) ) ;
#1484 = CC_DESIGN_PERSON_AND_ORGANIZATION_ASSIGNMENT ( #3147, #2183, ( #668 ) ) ;
#1485 = COORDINATED_UNIVERSAL_TIME_OFFSET ( 0, 0, .AHEAD. ) ;
#1486 = CARTESIAN_POINT ( 'NONE',  ( 29.27632746002848700, 55.57804691537972300, 108.2636423074156900 ) ) ;
#1487 =( NAMED_UNIT ( * ) SI_UNIT ( $, .STERADIAN. ) SOLID_ANGLE_UNIT ( ) );
#1488 = CARTESIAN_POINT ( 'NONE',  ( -54.60819268389989400, 27.87499999999998600, 0.0000000000000000000 ) ) ;
#1489 = PERSON_AND_ORGANIZATION ( #1695, #597 ) ;
#1490 = ORIENTED_EDGE ( 'NONE', *, *, #1396, .F. ) ;
#1491 = AXIS2_PLACEMENT_3D ( 'NONE', #797, #752, #3261 ) ;
#1492 = DIRECTION ( 'NONE',  ( 1.000000000000000000, -0.0000000000000000000, -0.0000000000000000000 ) ) ;
#1493 = ORIENTED_EDGE ( 'NONE', *, *, #3106, .F. ) ;
#1494 = FACE_OUTER_BOUND ( 'NONE', #107, .T. ) ;
#1495 = CARTESIAN_POINT ( 'NONE',  ( 8.157385811572881500, 42.74201585526944300, 94.01489138829424500 ) ) ;
#1496 = CARTESIAN_POINT ( 'NONE',  ( 58.15865425799412900, 0.0000000000000000000, 0.0000000000000000000 ) ) ;
#1497 = CARTESIAN_POINT ( 'NONE',  ( 20.86984438622427600, 54.94052337920787500, 107.6261187712438400 ) ) ;
#1498 = AXIS2_PLACEMENT_3D ( 'NONE', #2643, #801, #2964 ) ;
#1499 = DIRECTION ( 'NONE',  ( 0.7071067811865462400, 0.5000000000000000000, 0.5000000000000017800 ) ) ;
#1500 = DIRECTION ( 'NONE',  ( 0.0000000000000000000, 0.0000000000000000000, -1.000000000000000000 ) ) ;
#1501 = DIRECTION ( 'NONE',  ( 1.000000000000000000, 0.0000000000000000000, -0.0000000000000000000 ) ) ;
#1502 = FACE_OUTER_BOUND ( 'NONE', #2897, .T. ) ;
#1503 = DIRECTION ( 'NONE',  ( -1.000000000000000000, -0.0000000000000000000, -0.0000000000000000000 ) ) ;
#1504 = CARTESIAN_POINT ( 'NONE',  ( 7.482751424242815500, 39.06025316440585700, 91.74584855644177100 ) ) ;
#1505 = EDGE_CURVE ( 'NONE', #2328, #3963, #3994, .T. ) ;
#1506 = VECTOR ( 'NONE', #571, 1000.000000000000000 ) ;
#1507 = CARTESIAN_POINT ( 'NONE',  ( 9.911760799667888500, 48.65812295905804800, 101.3437183510940100 ) ) ;
#1508 = DIRECTION ( 'NONE',  ( 0.0000000000000000000, 0.0000000000000000000, 1.000000000000000000 ) ) ;
#1509 = LINE ( 'NONE', #1691, #709 ) ;
#1510 = ORIENTED_EDGE ( 'NONE', *, *, #1441, .T. ) ;
#1511 = CARTESIAN_POINT ( 'NONE',  ( 8.901542065182020700, 35.75428649021110100, 88.43988188224699300 ) ) ;
#1512 = TOROIDAL_SURFACE ( 'NONE', #1972, 38.10000000000000100, 19.00000000000000000 ) ;
#1513 = EDGE_CURVE ( 'NONE', #3711, #39, #2346, .T. ) ;
#1514 = DIRECTION ( 'NONE',  ( 1.000000000000000000, -0.0000000000000000000, -0.0000000000000000000 ) ) ;
#1515 = CARTESIAN_POINT ( 'NONE',  ( -17.72930008502348500, 0.0000000000000000000, 0.0000000000000000000 ) ) ;
#1516 = AXIS2_PLACEMENT_3D ( 'NONE', #2755, #1212, #3378 ) ;
#1517 = ORIENTED_EDGE ( 'NONE', *, *, #2511, .F. ) ;
#1518 = CARTESIAN_POINT ( 'NONE',  ( 48.68325226216141000, 52.67889861492373200, 40.76449400695955900 ) ) ;
#1519 = CARTESIAN_POINT ( 'NONE',  ( 7.668408922275119700, 38.37878033443870200, 91.06437572647459400 ) ) ;
#1520 = APPROVAL_STATUS ( 'not_yet_approved' ) ;
#1521 = APPROVAL_DATE_TIME ( #2362, #854 ) ;
#1522 = ADVANCED_FACE ( 'NONE', ( #704 ), #1418, .F. ) ;
#1523 = CIRCLE ( 'NONE', #1772, 19.44999999999999200 ) ;
#1524 = AXIS2_PLACEMENT_3D ( 'NONE', #891, #3050, #1186 ) ;
#1525 = CARTESIAN_POINT ( 'NONE',  ( 12.82577743200252000, 32.72371770756760200, 85.40931309961028700 ) ) ;
#1526 = APPROVAL_PERSON_ORGANIZATION ( #2367, #1810, #3778 ) ;
#1527 = DIRECTION ( 'NONE',  ( -0.9777103847568747700, 0.2099580994831200500, 0.0000000000000000000 ) ) ;
#1528 = ORIENTED_EDGE ( 'NONE', *, *, #1623, .F. ) ;
#1529 = PERSON_AND_ORGANIZATION ( #1695, #597 ) ;
#1530 = CARTESIAN_POINT ( 'NONE',  ( 27.18325226216141400, 52.67889861492373200, 38.26449400695955200 ) ) ;
#1531 = CC_DESIGN_APPROVAL ( #1339, ( #729 ) ) ;
#1532 = DIRECTION ( 'NONE',  ( 0.0000000000000000000, -0.7071067811865489100, 0.7071067811865462400 ) ) ;
#1533 = EDGE_CURVE ( 'NONE', #3032, #3591, #2239, .T. ) ;
#1534 = CARTESIAN_POINT ( 'NONE',  ( 18.20925012081516700, 28.85509778846953600, 81.54069318050541400 ) ) ;
#1535 = ORIENTED_EDGE ( 'NONE', *, *, #2301, .F. ) ;
#1536 = APPLICATION_PROTOCOL_DEFINITION ( 'international standard', 'config_control_design', 1994, #1814 ) ;
#1537 = CARTESIAN_POINT ( 'NONE',  ( 9.291152221110605700, 56.52113183546482800, -3.935505993040447200 ) ) ;
#1538 = ORIENTED_EDGE ( 'NONE', *, *, #3224, .T. ) ;
#1539 = CYLINDRICAL_SURFACE ( 'NONE', #1964, 16.06000000000000200 ) ;
#1540 = CARTESIAN_POINT ( 'NONE',  ( 15.99260747729256600, 31.34325284988608800, 82.56240647049857300 ) ) ;
#1541 = DIRECTION ( 'NONE',  ( 0.0000000000000000000, 0.0000000000000000000, -1.000000000000000000 ) ) ;
#1542 = AXIS2_PLACEMENT_3D ( 'NONE', #1590, #3776, #64 ) ;
#1543 = ADVANCED_FACE ( 'NONE', ( #599, #3905 ), #582, .T. ) ;
#1544 = CARTESIAN_POINT ( 'NONE',  ( 13.53459092031746600, 32.87577771885870700, 84.10645367478345200 ) ) ;
#1545 = DIRECTION ( 'NONE',  ( 0.0000000000000000000, 0.0000000000000000000, 1.000000000000000000 ) ) ;
#1546 = CARTESIAN_POINT ( 'NONE',  ( 46.18325226216141000, 52.67889861492373200, 40.76449400695955900 ) ) ;
#1547 = VERTEX_POINT ( 'NONE', #3359 ) ;
#1548 = AXIS2_PLACEMENT_3D ( 'NONE', #3917, #197, #2365 ) ;
#1549 = SECURITY_CLASSIFICATION_LEVEL ( 'unclassified' ) ;
#1550 = CARTESIAN_POINT ( 'NONE',  ( 27.18325226216141400, 52.67889861492373200, -1.435505993040445000 ) ) ;
#1551 = CARTESIAN_POINT ( 'NONE',  ( 20.63025904813222400, 28.13181464839575300, 80.81741004043162500 ) ) ;
#1552 = CIRCLE ( 'NONE', #2922, 27.87499999999998600 ) ;
#1553 = DIRECTION ( 'NONE',  ( 0.7071067811865464600, 0.5000000000000000000, 0.5000000000000013300 ) ) ;
#1554 = CYLINDRICAL_SURFACE ( 'NONE', #1940, 23.62499999999999300 ) ;
#1555 = CC_DESIGN_APPROVAL ( #1367, ( #1156 ) ) ;
#1556 = FACE_OUTER_BOUND ( 'NONE', #198, .T. ) ;
#1557 = EDGE_LOOP ( 'NONE', ( #1925, #2971, #3357, #1761 ) ) ;
#1558 = CARTESIAN_POINT ( 'NONE',  ( 8.181016756989363300, 42.91915771939720500, 94.19248137054916000 ) ) ;
#1559 = CARTESIAN_POINT ( 'NONE',  ( 27.18325226216141400, 19.72257454334254600, 116.0023548049555700 ) ) ;
#1560 = CYLINDRICAL_SURFACE ( 'NONE', #2320, 16.05999999999999900 ) ;
#1561 = PLANE ( 'NONE',  #528 ) ;
#1562 = CARTESIAN_POINT ( 'NONE',  ( 27.18325226216141400, 52.67889861492373200, -3.935505993040454300 ) ) ;
#1563 = ORIENTED_EDGE ( 'NONE', *, *, #3814, .F. ) ;
#1564 = DATE_TIME_ROLE ( 'creation_date' ) ;
#1565 = CIRCLE ( 'NONE', #3592, 16.05999999999999500 ) ;
#1566 = ADVANCED_FACE ( 'NONE', ( #3806 ), #2130, .T. ) ;
#1567 = CARTESIAN_POINT ( 'NONE',  ( 27.18325226216141400, 19.33065618449724000, 116.3942731638008800 ) ) ;
#1568 = CARTESIAN_POINT ( 'NONE',  ( -49.10930008502348400, 0.0000000000000000000, 0.0000000000000000000 ) ) ;
#1569 = ORIENTED_EDGE ( 'NONE', *, *, #2073, .F. ) ;
#1570 = AXIS2_PLACEMENT_3D ( 'NONE', #989, #1888, #1877 ) ;
#1571 = ORIENTED_EDGE ( 'NONE', *, *, #278, .F. ) ;
#1572 = ORIENTED_EDGE ( 'NONE', *, *, #504, .F. ) ;
#1573 = CIRCLE ( 'NONE', #3361, 20.84999999999999800 ) ;
#1574 = CARTESIAN_POINT ( 'NONE',  ( 14.99179486555624900, 52.52357085382520600, 103.8152652979515300 ) ) ;
#1575 = CARTESIAN_POINT ( 'NONE',  ( -17.72930008502348500, 2.553388576222231200E-015, -20.85000000000000100 ) ) ;
#1576 = AXIS2_PLACEMENT_3D ( 'NONE', #1824, #283, #3984 ) ;
#1577 = CARTESIAN_POINT ( 'NONE',  ( 0.6628580756311875900, 58.37401206340336300, -80.00235293493447800 ) ) ;
#1578 = APPROVAL_DATE_TIME ( #2408, #1339 ) ;
#1579 = VERTEX_POINT ( 'NONE', #280 ) ;
#1580 = DIRECTION ( 'NONE',  ( 1.000000000000000000, -0.0000000000000000000, -0.0000000000000000000 ) ) ;
#1581 = APPLICATION_CONTEXT ( 'configuration controlled 3d designs of mechanical parts and assemblies' ) ;
#1582 = CARTESIAN_POINT ( 'NONE',  ( -20.40819268389990200, 0.0000000000000000000, 0.0000000000000000000 ) ) ;
#1583 = DATE_AND_TIME ( #2415, #3259 ) ;
#1584 = COORDINATED_UNIVERSAL_TIME_OFFSET ( 0, 0, .AHEAD. ) ;
#1585 = ADVANCED_FACE ( 'NONE', ( #2982, #3072 ), #595, .T. ) ;
#1586 = CARTESIAN_POINT ( 'NONE',  ( 43.94875404409442900, 28.22033095717381100, 131.2145983911243500 ) ) ;
#1587 = CARTESIAN_POINT ( 'NONE',  ( 26.44609240019952900, 28.08628094487059100, 80.77187633686746400 ) ) ;
#1588 = EDGE_CURVE ( 'NONE', #1896, #2351, #3701, .T. ) ;
#1589 = EDGE_LOOP ( 'NONE', ( #1538, #2724 ) ) ;
#1590 = CARTESIAN_POINT ( 'NONE',  ( 27.18325226216141400, 52.67889861492373200, -80.00235293493447800 ) ) ;
#1591 = VERTEX_POINT ( 'NONE', #4010 ) ;
#1592 = APPROVAL_STATUS ( 'not_yet_approved' ) ;
#1593 = CARTESIAN_POINT ( 'NONE',  ( 2.326828918379971000E-015, 19.10000000000000500, 0.0000000000000000000 ) ) ;
#1594 = CARTESIAN_POINT ( 'NONE',  ( 58.15865425799412900, 0.0000000000000000000, 0.0000000000000000000 ) ) ;
#1595 = SHAPE_REPRESENTATION ( 'WH-FEMALE-24-WFFD-ELBOW', ( #696 ), #900 ) ;
#1596 = DIRECTION ( 'NONE',  ( 0.0000000000000000000, 0.0000000000000000000, -1.000000000000000000 ) ) ;
#1597 = AXIS2_PLACEMENT_3D ( 'NONE', #1440, #3616, #1744 ) ;
#1598 = DIRECTION ( 'NONE',  ( 0.0000000000000000000, -0.7071067811865489100, 0.7071067811865462400 ) ) ;
#1599 = CARTESIAN_POINT ( 'NONE',  ( 31.37314812840168100, 29.13216013700858300, 80.32927060633267000 ) ) ;
#1600 = ORIENTED_EDGE ( 'NONE', *, *, #2732, .T. ) ;
#1601 = FACE_OUTER_BOUND ( 'NONE', #3545, .T. ) ;
#1602 = DIRECTION ( 'NONE',  ( 0.7071067811865462400, 0.5000000000000002200, 0.5000000000000015500 ) ) ;
#1603 = AXIS2_PLACEMENT_3D ( 'NONE', #3228, #3166, #2916 ) ;
#1604 = PERSON_AND_ORGANIZATION_ROLE ( 'creator' ) ;
#1605 = EDGE_CURVE ( 'NONE', #3195, #1759, #2885, .T. ) ;
#1606 = ADVANCED_FACE ( 'NONE', ( #1321 ), #3604, .F. ) ;
#1607 = CIRCLE ( 'NONE', #3903, 27.87499999999998600 ) ;
#1608 = CARTESIAN_POINT ( 'NONE',  ( 31.55620592911535000, 55.29014733314362900, 106.5854463932250000 ) ) ;
#1609 = CARTESIAN_POINT ( 'NONE',  ( 8.166785278640206900, 56.76258364987042200, 0.3563524356637176600 ) ) ;
#1610 = DIRECTION ( 'NONE',  ( 8.326672684688674100E-017, -0.7071067811865487900, 0.7071067811865463500 ) ) ;
#1611 = CONICAL_SURFACE ( 'NONE', #802, 26.18499999999998800, 0.2094395102393202800 ) ;
#1612 = VERTEX_POINT ( 'NONE', #1834 ) ;
#1613 = CC_DESIGN_DATE_AND_TIME_ASSIGNMENT ( #3200, #3462, ( #1202 ) ) ;
#1614 = FACE_OUTER_BOUND ( 'NONE', #1954, .T. ) ;
#1615 = CARTESIAN_POINT ( 'NONE',  ( 27.18325226216141400, 52.67889861492373200, 67.26449400695955200 ) ) ;
#1616 = CARTESIAN_POINT ( 'NONE',  ( 37.63391522180980800, 29.43599688157838700, 82.12159227361425500 ) ) ;
#1617 = CARTESIAN_POINT ( 'NONE',  ( 44.44160633425191500, 36.58839153097417800, 87.83983942772674400 ) ) ;
#1618 = DIRECTION ( 'NONE',  ( -0.0000000000000000000, -0.0000000000000000000, 1.000000000000000000 ) ) ;
#1619 = EDGE_CURVE ( 'NONE', #2627, #1049, #413, .T. ) ;
#1620 = ORIENTED_EDGE ( 'NONE', *, *, #906, .T. ) ;
#1621 = CARTESIAN_POINT ( 'NONE',  ( 43.72708682669964700, 48.85944956851135900, 100.1454319468065500 ) ) ;
#1622 = CARTESIAN_POINT ( 'NONE',  ( -17.90819268389989800, 0.0000000000000000000, 0.0000000000000000000 ) ) ;
#1623 = EDGE_CURVE ( 'NONE', #3329, #2109, #1220, .T. ) ;
#1624 = DIRECTION ( 'NONE',  ( 0.0000000000000000000, 0.0000000000000000000, -1.000000000000000000 ) ) ;
#1625 = CARTESIAN_POINT ( 'NONE',  ( 58.15865425799412900, 0.0000000000000000000, -26.12499999999998600 ) ) ;
#1626 = AXIS2_PLACEMENT_3D ( 'NONE', #2419, #567, #2719 ) ;
#1627 = DATE_AND_TIME ( #2454, #3290 ) ;
#1628 = FACE_OUTER_BOUND ( 'NONE', #2296, .T. ) ;
#1629 = B_SPLINE_CURVE_WITH_KNOTS ( 'NONE', 3,
 ( #3009, #3627, #1753, #3937, #2067 ),
 .UNSPECIFIED., .F., .F.,
 ( 4, 1, 4 ),
 ( 0.06017846608805861600, 0.06117682688170061900, 0.06217518767534262900 ),
 .UNSPECIFIED. ) ;
#1630 = ORIENTED_EDGE ( 'NONE', *, *, #2529, .T. ) ;
#1631 = ADVANCED_FACE ( 'NONE', ( #1943 ), #3513, .T. ) ;
#1632 = COORDINATED_UNIVERSAL_TIME_OFFSET ( 0, 0, .AHEAD. ) ;
#1633 = CARTESIAN_POINT ( 'NONE',  ( 40.96335884566958200, 32.24284374150801100, 84.92843913356674100 ) ) ;
#1634 = ORIENTED_EDGE ( 'NONE', *, *, #2288, .F. ) ;
#1635 = CARTESIAN_POINT ( 'NONE',  ( 46.67251132992088700, 38.20004503081275300, 90.88564042284866700 ) ) ;
#1636 = PERSON_AND_ORGANIZATION ( #1695, #597 ) ;
#1637 = PERSON_AND_ORGANIZATION_ROLE ( 'classification_officer' ) ;
#1638 = CARTESIAN_POINT ( 'NONE',  ( 45.31549353584843900, 38.18566385171885700, 89.44383564743637300 ) ) ;
#1639 = CARTESIAN_POINT ( 'NONE',  ( -17.90819268389989100, 0.0000000000000000000, 0.0000000000000000000 ) ) ;
#1640 = ORIENTED_EDGE ( 'NONE', *, *, #1365, .F. ) ;
#1641 = CARTESIAN_POINT ( 'NONE',  ( -48.55504382660144800, 0.0000000000000000000, 0.0000000000000000000 ) ) ;
#1642 = PRODUCT_DEFINITION_FORMATION_WITH_SPECIFIED_SOURCE ( 'ANY', '', #2736, .NOT_KNOWN. ) ;
#1643 = ORIENTED_EDGE ( 'NONE', *, *, #1458, .T. ) ;
#1644 = LINE ( 'NONE', #391, #3211 ) ;
#1645 = CARTESIAN_POINT ( 'NONE',  ( 0.0000000000000000000, 38.10000000000000100, -29.00000000000000000 ) ) ;
#1646 = CARTESIAN_POINT ( 'NONE',  ( 46.18526785485268200, 41.63396890685463300, 94.31956429888597900 ) ) ;
#1647 = DIRECTION ( 'NONE',  ( 0.7071067811865461300, 0.5000000000000000000, 0.5000000000000020000 ) ) ;
#1648 = ADVANCED_FACE ( 'NONE', ( #2042 ), #208, .T. ) ;
#1649 = CARTESIAN_POINT ( 'NONE',  ( 33.68795828356379500, 29.61173828312343700, 80.81424710026175300 ) ) ;
#1650 = EDGE_CURVE ( 'NONE', #1966, #746, #1044, .T. ) ;
#1651 = DIRECTION ( 'NONE',  ( 0.0000000000000000000, -0.7071067811865487900, 0.7071067811865462400 ) ) ;
#1652 = ORIENTED_EDGE ( 'NONE', *, *, #2954, .F. ) ;
#1653 = PRODUCT_DEFINITION_SHAPE ( 'NONE', 'NONE',  #4025 ) ;
#1654 = DIRECTION ( 'NONE',  ( -0.9659258262890678700, 0.0000000000000000000, 0.2588190451025220700 ) ) ;
#1655 = DIRECTION ( 'NONE',  ( 1.000000000000000000, 0.0000000000000000000, 0.0000000000000000000 ) ) ;
#1656 = FACE_BOUND ( 'NONE', #2841, .T. ) ;
#1657 = CARTESIAN_POINT ( 'NONE',  ( 42.98665762524429100, 32.83532344634864600, 85.52091883838453200 ) ) ;
#1658 = DIRECTION ( 'NONE',  ( -1.000000000000000000, -0.0000000000000000000, -0.0000000000000000000 ) ) ;
#1659 = VECTOR ( 'NONE', #2397, 1000.000000000000000 ) ;
#1660 = CARTESIAN_POINT ( 'NONE',  ( 45.99080308957296400, 44.31537963084682700, 95.59219257414065400 ) ) ;
#1661 = VECTOR ( 'NONE', #2820, 1000.000000000000000 ) ;
#1662 = VERTEX_POINT ( 'NONE', #950 ) ;
#1663 = CARTESIAN_POINT ( 'NONE',  ( 27.18325226216141400, 19.33065618449724000, 116.3942731638008800 ) ) ;
#1664 = FACE_BOUND ( 'NONE', #3609, .T. ) ;
#1665 = DIRECTION ( 'NONE',  ( -0.9777103847568747700, 0.2099580994831201900, 0.0000000000000000000 ) ) ;
#1666 = ORIENTED_EDGE ( 'NONE', *, *, #513, .T. ) ;
#1667 = DIRECTION ( 'NONE',  ( 0.7071067811865461300, 0.5000000000000000000, 0.5000000000000021100 ) ) ;
#1668 = DIRECTION ( 'NONE',  ( 0.9777103847568747700, -0.2099580994831202500, 0.0000000000000000000 ) ) ;
#1669 = FACE_OUTER_BOUND ( 'NONE', #916, .T. ) ;
#1670 = SECURITY_CLASSIFICATION ( '', '', #108 ) ;
#1671 = ORIENTED_EDGE ( 'NONE', *, *, #3010, .T. ) ;
#1672 = ADVANCED_FACE ( 'NONE', ( #1841 ), #3405, .T. ) ;
#1673 = CARTESIAN_POINT ( 'NONE',  ( 47.17871445894159200, 40.95570903245054200, 93.64130442448644900 ) ) ;
#1674 = CARTESIAN_POINT ( 'NONE',  ( 27.18325226216141400, 30.16353207227521000, 82.84912746431109600 ) ) ;
#1675 = ORIENTED_EDGE ( 'NONE', *, *, #3823, .F. ) ;
#1676 = EDGE_LOOP ( 'NONE', ( #3288, #1983, #2790, #3584 ) ) ;
#1677 = FACE_OUTER_BOUND ( 'NONE', #1750, .T. ) ;
#1678 = CARTESIAN_POINT ( 'NONE',  ( 45.19121163038555300, 47.68212679945653300, 100.3677221914924800 ) ) ;
#1679 = APPROVAL_PERSON_ORGANIZATION ( #2506, #1339, #2546 ) ;
#1680 = ORIENTED_EDGE ( 'NONE', *, *, #2815, .T. ) ;
#1681 = B_SPLINE_CURVE_WITH_KNOTS ( 'NONE', 3,
 ( #2854, #692, #3480, #1608, #3794, #1917, #82, #2231, #393, #2549, #705, #2872, #1019, #3182, #1315, #3495, #1621, #3807, #1931, #96, #2249, #405, #2564, #722, #2886, #1033, #3198, #1333, #3507, #1638, #3822, #1944, #110, #2266, #422, #2580, #742, #2902, #1045, #3214, #1346, #3520, #1649, #3837, #1960, #120, #2278, #439, #2596 ),
 .UNSPECIFIED., .F., .F.,
 ( 4, 2, 2, 2, 2, 2, 2, 2, 1, 2, 2, 2, 2, 2, 2, 2, 2, 2, 2, 2, 2, 2, 2, 2, 4 ),
 ( 0.06217518767534262900, 0.06399247832161317200, 0.06580976896788370800, 0.06944435026042480900, 0.07126164090669537300, 0.07307893155296595100, 0.07671351284550705100, 0.07853080349177760100, 0.08034809413804816500, 0.08216538478431871500, 0.08398267543058926500, 0.08761725672313033800, 0.08943454736940090200, 0.09125183801567145200, 0.09488641930821252500, 0.09670370995448304700, 0.09852100060075358300, 0.1021555818932946300, 0.1039728725395651600, 0.1057901631858356900, 0.1094247444783767300, 0.1130593257709177900, 0.1148766164171883000, 0.1166939070634588100, 0.1203284883559998200 ),
 .UNSPECIFIED. ) ;
#1682 = DIRECTION ( 'NONE',  ( 0.0000000000000000000, 0.0000000000000000000, -1.000000000000000000 ) ) ;
#1683 = DIRECTION ( 'NONE',  ( -0.9777103847568747700, 0.2099580994831202200, 0.0000000000000000000 ) ) ;
#1684 = PERSON_AND_ORGANIZATION ( #1695, #597 ) ;
#1685 = CARTESIAN_POINT ( 'NONE',  ( 39.47863142614099300, 52.67660847805846200, 105.3622038700944300 ) ) ;
#1686 = CARTESIAN_POINT ( 'NONE',  ( -18.40819268389988400, 0.0000000000000000000, -23.62499999999999300 ) ) ;
#1687 = AXIS2_PLACEMENT_3D ( 'NONE', #1488, #260, #2429 ) ;
#1688 = CARTESIAN_POINT ( 'NONE',  ( 41.15719925790803300, 50.64000515593230000, 103.3256005479705200 ) ) ;
#1689 = CARTESIAN_POINT ( 'NONE',  ( 20.59075244500047200, 54.81707028739025100, 106.1117902913434100 ) ) ;
#1690 = ORIENTED_EDGE ( 'NONE', *, *, #287, .F. ) ;
#1691 = CARTESIAN_POINT ( 'NONE',  ( -32.35930008502348400, 0.0000000000000000000, 16.05999999999999900 ) ) ;
#1692 = DIRECTION ( 'NONE',  ( 0.0000000000000000000, 0.0000000000000000000, 1.000000000000000000 ) ) ;
#1693 = VERTEX_POINT ( 'NONE', #3113 ) ;
#1694 = SECURITY_CLASSIFICATION ( '', '', #348 ) ;
#1695 = PERSON ( 'UNSPECIFIED', 'UNSPECIFIED', 'UNSPECIFIED', ('UNSPECIFIED'), ('UNSPECIFIED'), ('UNSPECIFIED') ) ;
#1696 = CARTESIAN_POINT ( 'NONE',  ( 15.63200460739034100, 53.06729470493674900, 105.7528900969727200 ) ) ;
#1697 = CARTESIAN_POINT ( 'NONE',  ( 25.09002883806571700, 28.14287744579613500, 79.41425927545890300 ) ) ;
#1698 = FACE_OUTER_BOUND ( 'NONE', #1175, .T. ) ;
#1699 = CARTESIAN_POINT ( 'NONE',  ( 27.18325226216141400, 52.67889861492373200, 38.26449400695955200 ) ) ;
#1700 = AXIS2_PLACEMENT_3D ( 'NONE', #3861, #482, #786 ) ;
#1701 = EDGE_LOOP ( 'NONE', ( #1652, #2687 ) ) ;
#1702 = CIRCLE ( 'NONE', #2436, 23.62499999999999600 ) ;
#1703 = AXIS2_PLACEMENT_3D ( 'NONE', #1403, #3578, #1705 ) ;
#1704 = FACE_OUTER_BOUND ( 'NONE', #1132, .T. ) ;
#1705 = DIRECTION ( 'NONE',  ( -0.7071067811865462400, -0.5000000000000000000, -0.5000000000000017800 ) ) ;
#1706 = ORIENTED_EDGE ( 'NONE', *, *, #3939, .T. ) ;
#1707 = CIRCLE ( 'NONE', #316, 23.11500000000000600 ) ;
#1708 = CARTESIAN_POINT ( 'NONE',  ( 12.16598697345187400, 49.76875050937178500, 102.4543459014054900 ) ) ;
#1709 = ORIENTED_EDGE ( 'NONE', *, *, #640, .F. ) ;
#1710 = DIRECTION ( 'NONE',  ( 0.0000000000000000000, 0.0000000000000000000, 1.000000000000000000 ) ) ;
#1711 = AXIS2_PLACEMENT_3D ( 'NONE', #2427, #579, #2734 ) ;
#1712 = DIRECTION ( 'NONE',  ( 0.0000000000000000000, 0.0000000000000000000, -1.000000000000000000 ) ) ;
#1713 = DIRECTION ( 'NONE',  ( 0.0000000000000000000, -0.7071067811865487900, 0.7071067811865462400 ) ) ;
#1714 = CARTESIAN_POINT ( 'NONE',  ( 36.81232243073260000, 53.11625775836583300, 105.8018531504018300 ) ) ;
#1715 = ORIENTED_EDGE ( 'NONE', *, *, #2481, .T. ) ;
#1716 = EDGE_CURVE ( 'NONE', #1949, #2933, #2677, .T. ) ;
#1717 = CARTESIAN_POINT ( 'NONE',  ( 24.19128129964794400, 54.82213241141407400, 107.5077278034545700 ) ) ;
#1718 = CARTESIAN_POINT ( 'NONE',  ( 0.0000000000000000000, 38.10000000000000100, -29.00000000000000000 ) ) ;
#1719 = VERTEX_POINT ( 'NONE', #2498 ) ;
#1720 = DIRECTION ( 'NONE',  ( -0.9777103847568747700, 0.2099580994831201600, 0.0000000000000000000 ) ) ;
#1721 = DESIGN_CONTEXT ( 'detailed design', #2804, 'design' ) ;
#1722 = EDGE_CURVE ( 'NONE', #1069, #425, #1137, .T. ) ;
#1723 = DATE_AND_TIME ( #2556, #3377 ) ;
#1724 = CARTESIAN_POINT ( 'NONE',  ( 27.18325226216141400, 52.67889861492373200, 67.26449400695955200 ) ) ;
#1725 = DIRECTION ( 'NONE',  ( -0.0000000000000000000, -0.0000000000000000000, -1.000000000000000000 ) ) ;
#1726 = COORDINATED_UNIVERSAL_TIME_OFFSET ( 0, 0, .AHEAD. ) ;
#1727 = CARTESIAN_POINT ( 'NONE',  ( 27.18325226216141400, 14.57889861492373000, 67.26449400695955200 ) ) ;
#1728 = CARTESIAN_POINT ( 'NONE',  ( 26.18714097881025900, 28.82245411178565700, 80.01585368414868100 ) ) ;
#1729 = AXIS2_PLACEMENT_3D ( 'NONE', #1221, #3393, #1527 ) ;
#1730 = CARTESIAN_POINT ( 'NONE',  ( 30.41169886036832500, 55.47767788982027100, 106.7732028858050900 ) ) ;
#1731 = ORIENTED_EDGE ( 'NONE', *, *, #4012, .F. ) ;
#1732 = ORIENTED_EDGE ( 'NONE', *, *, #3100, .F. ) ;
#1733 = AXIS2_PLACEMENT_3D ( 'NONE', #3674, #1796, #3987 ) ;
#1734 = CIRCLE ( 'NONE', #745, 18.99999999999999600 ) ;
#1735 = EDGE_CURVE ( 'NONE', #2798, #1106, #514, .T. ) ;
#1736 = CARTESIAN_POINT ( 'NONE',  ( -17.90819268389989800, 0.0000000000000000000, -26.18499999999998800 ) ) ;
#1737 = DIRECTION ( 'NONE',  ( 0.0000000000000000000, 0.0000000000000000000, 1.000000000000000000 ) ) ;
#1738 = ORIENTED_EDGE ( 'NONE', *, *, #853, .T. ) ;
#1739 = DIRECTION ( 'NONE',  ( 0.0000000000000000000, 0.0000000000000000000, 1.000000000000000000 ) ) ;
#1740 = CC_DESIGN_SECURITY_CLASSIFICATION ( #729, ( #3698 ) ) ;
#1741 = CARTESIAN_POINT ( 'NONE',  ( 0.0000000000000000000, 38.10000000000000100, 0.0000000000000000000 ) ) ;
#1742 = VERTEX_POINT ( 'NONE', #3750 ) ;
#1743 = ORIENTED_EDGE ( 'NONE', *, *, #3623, .F. ) ;
#1744 = DIRECTION ( 'NONE',  ( 0.0000000000000000000, 0.0000000000000000000, -1.000000000000000000 ) ) ;
#1745 = CIRCLE ( 'NONE', #6, 23.62499999999998900 ) ;
#1746 = CARTESIAN_POINT ( 'NONE',  ( 27.18325226216141400, 52.67889861492373200, -3.435505993040460600 ) ) ;
#1747 = LINE ( 'NONE', #2714, #762 ) ;
#1748 = DIRECTION ( 'NONE',  ( -1.000000000000000000, -0.0000000000000000000, -0.0000000000000000000 ) ) ;
#1749 = AXIS2_PLACEMENT_3D ( 'NONE', #1345, #3518, #1647 ) ;
#1750 = EDGE_LOOP ( 'NONE', ( #3924, #3678, #963, #2517 ) ) ;
#1751 = CARTESIAN_POINT ( 'NONE',  ( 0.0000000000000000000, 38.10000000000000100, -29.00000000000000000 ) ) ;
#1752 = DIRECTION ( 'NONE',  ( -1.000000000000000000, 0.0000000000000000000, 0.0000000000000000000 ) ) ;
#1753 = CARTESIAN_POINT ( 'NONE',  ( 28.18112434616256600, 55.63126694157153900, 106.9269750833775600 ) ) ;
#1754 = CIRCLE ( 'NONE', #661, 27.87499999999999600 ) ;
#1755 = VERTEX_POINT ( 'NONE', #649 ) ;
#1756 = AXIS2_PLACEMENT_3D ( 'NONE', #2683, #840, #3005 ) ;
#1757 = LINE ( 'NONE', #26, #953 ) ;
#1758 = CARTESIAN_POINT ( 'NONE',  ( -29.72930008502348500, 0.0000000000000000000, 0.0000000000000000000 ) ) ;
#1759 = VERTEX_POINT ( 'NONE', #2810 ) ;
#1760 = ORIENTED_EDGE ( 'NONE', *, *, #351, .F. ) ;
#1761 = ORIENTED_EDGE ( 'NONE', *, *, #3336, .F. ) ;
#1762 = CC_DESIGN_PERSON_AND_ORGANIZATION_ASSIGNMENT ( #3835, #1249, ( #1156 ) ) ;
#1763 = CARTESIAN_POINT ( 'NONE',  ( -20.40819268389990200, 0.0000000000000000000, 26.18499999999998800 ) ) ;
#1764 = ORIENTED_EDGE ( 'NONE', *, *, #221, .T. ) ;
#1765 = CIRCLE ( 'NONE', #1906, 17.06000000000001300 ) ;
#1766 = DIRECTION ( 'NONE',  ( 0.0000000000000000000, 0.0000000000000000000, 1.000000000000000000 ) ) ;
#1767 = COORDINATED_UNIVERSAL_TIME_OFFSET ( 0, 0, .AHEAD. ) ;
#1768 = EDGE_LOOP ( 'NONE', ( #2920, #1241 ) ) ;
#1769 = ORIENTED_EDGE ( 'NONE', *, *, #221, .F. ) ;
#1770 = PERSON_AND_ORGANIZATION ( #1695, #597 ) ;
#1771 = DIRECTION ( 'NONE',  ( 1.000000000000000000, 0.0000000000000000000, 0.0000000000000000000 ) ) ;
#1772 = AXIS2_PLACEMENT_3D ( 'NONE', #2853, #3779, #359 ) ;
#1773 = DIRECTION ( 'NONE',  ( 0.0000000000000000000, 0.0000000000000000000, -1.000000000000000000 ) ) ;
#1774 = CARTESIAN_POINT ( 'NONE',  ( 9.885826422944175500, 47.84081139041534000, 99.12497328487948800 ) ) ;
#1775 = DIRECTION ( 'NONE',  ( 0.0000000000000000000, 0.0000000000000000000, -1.000000000000000000 ) ) ;
#1776 = CARTESIAN_POINT ( 'NONE',  ( -22.77439587576796100, 0.0000000000000000000, 26.68795201467610000 ) ) ;
#1777 = ORIENTED_EDGE ( 'NONE', *, *, #212, .F. ) ;
#1778 = CIRCLE ( 'NONE', #3424, 18.99999999999999600 ) ;
#1779 = AXIS2_PLACEMENT_3D ( 'NONE', #1227, #3455, #3770 ) ;
#1780 =( NAMED_UNIT ( * ) SI_UNIT ( $, .STERADIAN. ) SOLID_ANGLE_UNIT ( ) );
#1781 = CARTESIAN_POINT ( 'NONE',  ( -60.10819268389990100, 0.0000000000000000000, -26.12499999999998600 ) ) ;
#1782 = ORIENTED_EDGE ( 'NONE', *, *, #2954, .T. ) ;
#1783 = CARTESIAN_POINT ( 'NONE',  ( 7.657456386989762700, 44.58149305778160700, 97.26708844981755000 ) ) ;
#1784 = DIRECTION ( 'NONE',  ( 0.0000000000000000000, -0.7071067811865487900, 0.7071067811865462400 ) ) ;
#1785 = EDGE_CURVE ( 'NONE', #1009, #537, #2588, .T. ) ;
#1786 =( LENGTH_UNIT ( ) NAMED_UNIT ( * ) SI_UNIT ( .MILLI., .METRE. ) );
#1787 = CYLINDRICAL_SURFACE ( 'NONE', #1576, 19.44999999999999200 ) ;
#1788 = CIRCLE ( 'NONE', #2862, 19.44999999999999200 ) ;
#1789 = EDGE_LOOP ( 'NONE', ( #653, #1835, #1380, #1188 ) ) ;
#1790 = DIRECTION ( 'NONE',  ( 0.7071067811865463500, 0.5000000000000001100, 0.5000000000000015500 ) ) ;
#1791 = CONICAL_SURFACE ( 'NONE', #3566, 23.11500000000000600, 0.5235987755982984800 ) ;
#1792 = VERTEX_POINT ( 'NONE', #2951 ) ;
#1793 = ORIENTED_EDGE ( 'NONE', *, *, #1533, .F. ) ;
#1794 = DIRECTION ( 'NONE',  ( 0.7071067811865463500, 0.4999999999999997800, 0.5000000000000018900 ) ) ;
#1795 = CARTESIAN_POINT ( 'NONE',  ( 8.149370153320781200, 41.15863434418426400, 93.84422973621561000 ) ) ;
#1796 = DIRECTION ( 'NONE',  ( 1.000000000000000000, -0.0000000000000000000, -0.0000000000000000000 ) ) ;
#1797 = AXIS2_PLACEMENT_3D ( 'NONE', #2676, #835, #2996 ) ;
#1798 = CYLINDRICAL_SURFACE ( 'NONE', #3305, 20.85000000000000100 ) ;
#1799 = DIRECTION ( 'NONE',  ( -0.0000000000000000000, -0.0000000000000000000, 1.000000000000000000 ) ) ;
#1800 = CARTESIAN_POINT ( 'NONE',  ( 19.02868690671932900, 54.43495572063602600, 107.1205511126720200 ) ) ;
#1801 = CARTESIAN_POINT ( 'NONE',  ( 27.18325226216141400, 52.67889861492373200, -21.84369867694034500 ) ) ;
#1802 = ORIENTED_EDGE ( 'NONE', *, *, #2293, .T. ) ;
#1803 = AXIS2_PLACEMENT_3D ( 'NONE', #463, #2625, #784 ) ;
#1804 = ORIENTED_EDGE ( 'NONE', *, *, #4012, .T. ) ;
#1805 = ORGANIZATION ( 'NAUO-ORG2', 'UNSPECIFIED', 'UNSPECIFIED' ) ;
#1806 = EDGE_CURVE ( 'NONE', #2255, #2567, #1745, .T. ) ;
#1807 = ORIENTED_EDGE ( 'NONE', *, *, #2430, .F. ) ;
#1808 = CARTESIAN_POINT ( 'NONE',  ( 1.090164429519424600, 58.28225029902183300, 0.9306971988276152600 ) ) ;
#1809 = CARTESIAN_POINT ( 'NONE',  ( 8.467776466102712600, 39.89330144746073600, 91.15761888002622000 ) ) ;
#1810 = APPROVAL ( #1592, 'UNSPECIFIED' ) ;
#1811 = PERSON_AND_ORGANIZATION ( #1695, #597 ) ;
#1812 = EDGE_CURVE ( 'NONE', #733, #1061, #942, .T. ) ;
#1813 = CARTESIAN_POINT ( 'NONE',  ( 8.469811559492646000, 46.58716171880154600, 99.27275711083748900 ) ) ;
#1814 = APPLICATION_CONTEXT ( 'configuration controlled 3d designs of mechanical parts and assemblies' ) ;
#1815 = PRODUCT ( '-24-45-BASIC', '-24-45-BASIC', '', ( #65 ) ) ;
#1816 = DIRECTION ( 'NONE',  ( -1.000000000000000000, -0.0000000000000000000, -0.0000000000000000000 ) ) ;
#1817 = EDGE_CURVE ( 'NONE', #1444, #227, #307, .T. ) ;
#1818 = DATE_AND_TIME ( #2662, #3490 ) ;
#1819 = CARTESIAN_POINT ( 'NONE',  ( 9.815627574958156700, 36.75849616137681900, 88.01071120321708500 ) ) ;
#1820 = DIRECTION ( 'NONE',  ( 0.0000000000000000000, 0.0000000000000000000, -1.000000000000000000 ) ) ;
#1821 = EDGE_LOOP ( 'NONE', ( #912, #3323, #573, #3133 ) ) ;
#1822 = AXIS2_PLACEMENT_3D ( 'NONE', #1456, #872, #3028 ) ;
#1823 = ADVANCED_FACE ( 'NONE', ( #119, #1656 ), #168, .T. ) ;
#1824 = CARTESIAN_POINT ( 'NONE',  ( 27.18325226216141400, 52.67889861492373200, -80.00235293493447800 ) ) ;
#1825 = ORIENTED_EDGE ( 'NONE', *, *, #2529, .F. ) ;
#1826 = CIRCLE ( 'NONE', #1352, 20.84999999999999800 ) ;
#1827 = DIRECTION ( 'NONE',  ( 0.0000000000000000000, 0.0000000000000000000, -1.000000000000000000 ) ) ;
#1828 = DIRECTION ( 'NONE',  ( 0.0000000000000000000, 0.0000000000000000000, 1.000000000000000000 ) ) ;
#1829 = DIRECTION ( 'NONE',  ( 0.0000000000000000000, 0.0000000000000000000, -1.000000000000000000 ) ) ;
#1830 = CARTESIAN_POINT ( 'NONE',  ( 8.408686507308658500, 36.61220565433014000, 89.29780104636604700 ) ) ;
#1831 = PERSON_AND_ORGANIZATION_ROLE ( 'creator' ) ;
#1832 = DIRECTION ( 'NONE',  ( 0.0000000000000000000, 0.0000000000000000000, -1.000000000000000000 ) ) ;
#1833 = CARTESIAN_POINT ( 'NONE',  ( 12.48466643721370400, 31.90352657820973200, 84.58912197024562800 ) ) ;
#1834 = CARTESIAN_POINT ( 'NONE',  ( 4.084844422280245800, 57.63915871521244600, 24.38449400695956400 ) ) ;
#1835 = ORIENTED_EDGE ( 'NONE', *, *, #541, .T. ) ;
#1836 = ORIENTED_EDGE ( 'NONE', *, *, #1980, .T. ) ;
#1837 = APPROVAL ( #2141, 'UNSPECIFIED' ) ;
#1838 = DIRECTION ( 'NONE',  ( 1.000000000000000000, 0.0000000000000000000, 0.0000000000000000000 ) ) ;
#1839 = EDGE_CURVE ( 'NONE', #1907, #3497, #3312, .T. ) ;
#1840 = DIRECTION ( 'NONE',  ( -1.000000000000000000, -0.0000000000000000000, -0.0000000000000000000 ) ) ;
#1841 = FACE_OUTER_BOUND ( 'NONE', #380, .T. ) ;
#1842 = CARTESIAN_POINT ( 'NONE',  ( 20.01660897158974700, 28.29027708168036500, 80.97587247371623700 ) ) ;
#1843 = PERSON_AND_ORGANIZATION_ROLE ( 'design_owner' ) ;
#1844 = CONICAL_SURFACE ( 'NONE', #3911, 23.11499999999999800, 0.5235987755982984800 ) ;
#1845 = ADVANCED_FACE ( 'NONE', ( #17 ), #3942, .F. ) ;
#1846 = CARTESIAN_POINT ( 'NONE',  ( 38.53938716801734200, 24.39533095717380800, 127.3895983911243500 ) ) ;
#1847 = ORIENTED_EDGE ( 'NONE', *, *, #3993, .F. ) ;
#1848 = CARTESIAN_POINT ( 'NONE',  ( 17.04074247706551400, 30.14250782328577900, 82.82810321532622300 ) ) ;
#1849 = TOROIDAL_SURFACE ( 'NONE', #876, 38.10000000000000100, 16.05999999999999900 ) ;
#1850 = EDGE_CURVE ( 'NONE', #1755, #3032, #759, .T. ) ;
#1851 = DIRECTION ( 'NONE',  ( 0.0000000000000000000, 0.0000000000000000000, 1.000000000000000000 ) ) ;
#1852 = VERTEX_POINT ( 'NONE', #1123 ) ;
#1853 = CYLINDRICAL_SURFACE ( 'NONE', #2340, 23.62499999999999300 ) ;
#1854 = CARTESIAN_POINT ( 'NONE',  ( 11.95174321063674800, 34.15319958991163000, 85.39213404948816300 ) ) ;
#1855 = AXIS2_PLACEMENT_3D ( 'NONE', #2678, #839, #3001 ) ;
#1856 = EDGE_LOOP ( 'NONE', ( #2099, #667, #2452, #136, #2368, #1535 ) ) ;
#1857 = DIRECTION ( 'NONE',  ( 0.0000000000000000000, 0.0000000000000000000, -1.000000000000000000 ) ) ;
#1858 = ORIENTED_EDGE ( 'NONE', *, *, #1035, .T. ) ;
#1859 = CARTESIAN_POINT ( 'NONE',  ( 27.18325226216141400, 52.67889861492373200, 67.26449400695955200 ) ) ;
#1860 = DATE_TIME_ROLE ( 'classification_date' ) ;
#1861 = ORIENTED_EDGE ( 'NONE', *, *, #3370, .T. ) ;
#1862 = CIRCLE ( 'NONE', #1293, 18.29999999999999000 ) ;
#1863 = CARTESIAN_POINT ( 'NONE',  ( -48.55504382660144800, 2.791582378656391900E-015, -22.79500000000000200 ) ) ;
#1864 = CARTESIAN_POINT ( 'NONE',  ( 20.95790870882774500, 29.54130699508563800, 80.74304476260803700 ) ) ;
#1865 = DATE_AND_TIME ( #2699, #3538 ) ;
#1866 = EDGE_LOOP ( 'NONE', ( #60, #2893 ) ) ;
#1867 = ORIENTED_EDGE ( 'NONE', *, *, #1722, .T. ) ;
#1868 = ADVANCED_FACE ( 'NONE', ( #2386 ), #3119, .T. ) ;
#1869 = COORDINATED_UNIVERSAL_TIME_OFFSET ( 0, 0, .AHEAD. ) ;
#1870 = CARTESIAN_POINT ( 'NONE',  ( 8.475505259707897900, 44.60079289828479400, 95.87821852053127700 ) ) ;
#1871 = DIRECTION ( 'NONE',  ( 0.7071067811865463500, 0.5000000000000001100, 0.5000000000000015500 ) ) ;
#1872 = CC_DESIGN_SECURITY_CLASSIFICATION ( #1670, ( #4025 ) ) ;
#1873 = CARTESIAN_POINT ( 'NONE',  ( 27.18325226216141400, 16.36533095717381100, 119.3595983911243100 ) ) ;
#1874 = EDGE_CURVE ( 'NONE', #203, #1209, #2480, .T. ) ;
#1875 = DIRECTION ( 'NONE',  ( -0.9777103847568748800, 0.2099580994831202800, 0.0000000000000000000 ) ) ;
#1876 = APPROVAL_ROLE ( '' ) ;
#1877 = DIRECTION ( 'NONE',  ( 0.0000000000000000000, 0.0000000000000000000, 1.000000000000000000 ) ) ;
#1878 = DIRECTION ( 'NONE',  ( 0.7071067811865460200, 0.4999999999999997800, 0.5000000000000022200 ) ) ;
#1879 = ORIENTED_EDGE ( 'NONE', *, *, #2, .T. ) ;
#1880 = CYLINDRICAL_SURFACE ( 'NONE', #3634, 16.06000000000000200 ) ;
#1881 = DIRECTION ( 'NONE',  ( 0.0000000000000000000, 0.0000000000000000000, 1.000000000000000000 ) ) ;
#1882 = VERTEX_POINT ( 'NONE', #1736 ) ;
#1883 = AXIS2_PLACEMENT_3D ( 'NONE', #2875, #1022, #3185 ) ;
#1884 = CARTESIAN_POINT ( 'NONE',  ( 16.43702338624330400, 53.29749407701663700, 104.5902516367903800 ) ) ;
#1885 = DIRECTION ( 'NONE',  ( 0.0000000000000000000, 0.0000000000000000000, 1.000000000000000000 ) ) ;
#1886 = AXIS2_PLACEMENT_3D ( 'NONE', #3695, #1816, #4007 ) ;
#1887 = APPROVAL_STATUS ( 'not_yet_approved' ) ;
#1888 = DIRECTION ( 'NONE',  ( -1.000000000000000000, -0.0000000000000000000, -0.0000000000000000000 ) ) ;
#1889 = ADVANCED_FACE ( 'NONE', ( #3227, #847 ), #3925, .T. ) ;
#1890 = CARTESIAN_POINT ( 'NONE',  ( 27.18325226216141400, 14.57889861492373000, 67.26449400695955200 ) ) ;
#1891 = DIRECTION ( 'NONE',  ( 0.0000000000000000000, -0.7071067811865487900, 0.7071067811865462400 ) ) ;
#1892 = CARTESIAN_POINT ( 'NONE',  ( 27.18325226216141400, 52.67889861492373200, -3.935505993040447200 ) ) ;
#1893 = CIRCLE ( 'NONE', #1381, 21.49999999999999600 ) ;
#1894 = CC_DESIGN_PERSON_AND_ORGANIZATION_ASSIGNMENT ( #2322, #2508, ( #1694 ) ) ;
#1895 = CYLINDRICAL_SURFACE ( 'NONE', #993, 26.12499999999998600 ) ;
#1896 = VERTEX_POINT ( 'NONE', #2373 ) ;
#1897 = CARTESIAN_POINT ( 'NONE',  ( -17.90819268389989500, 18.29999999999999000, 0.0000000000000000000 ) ) ;
#1898 = CARTESIAN_POINT ( 'NONE',  ( 27.71028538512256400, 27.33285035862778400, 80.01844575066364500 ) ) ;
#1899 = VECTOR ( 'NONE', #3747, 1000.000000000000200 ) ;
#1900 = ORIENTED_EDGE ( 'NONE', *, *, #3932, .T. ) ;
#1901 = APPLICATION_PROTOCOL_DEFINITION ( 'international standard', 'config_control_design', 1994, #290 ) ;
#1902 = CIRCLE ( 'NONE', #2675, 22.79499999999999500 ) ;
#1903 = DIRECTION ( 'NONE',  ( 0.0000000000000000000, 0.0000000000000000000, 1.000000000000000000 ) ) ;
#1904 = DIRECTION ( 'NONE',  ( -0.9777103847568748800, 0.2099580994831201600, 0.0000000000000000000 ) ) ;
#1905 = ORIENTED_EDGE ( 'NONE', *, *, #892, .F. ) ;
#1906 = AXIS2_PLACEMENT_3D ( 'NONE', #3558, #1334, #98 ) ;
#1907 = VERTEX_POINT ( 'NONE', #2063 ) ;
#1908 = ADVANCED_FACE ( 'NONE', ( #648 ), #1373, .F. ) ;
#1909 = DIRECTION ( 'NONE',  ( 0.0000000000000000000, 0.0000000000000000000, -1.000000000000000000 ) ) ;
#1910 = CARTESIAN_POINT ( 'NONE',  ( 31.97132400962518900, 28.53068766973540000, 81.21628306176899100 ) ) ;
#1911 = AXIS2_PLACEMENT_3D ( 'NONE', #1550, #338, #636 ) ;
#1912 = COORDINATED_UNIVERSAL_TIME_OFFSET ( 0, 0, .AHEAD. ) ;
#1913 = ORIENTED_EDGE ( 'NONE', *, *, #3830, .F. ) ;
#1914 = CARTESIAN_POINT ( 'NONE',  ( 44.10636503820014600, 33.95573385017901600, 86.64132924221492300 ) ) ;
#1915 = CARTESIAN_POINT ( 'NONE',  ( 58.15865425799412900, 3.199389762772458500E-015, 26.12499999999998600 ) ) ;
#1916 = SECURITY_CLASSIFICATION_LEVEL ( 'unclassified' ) ;
#1917 = CARTESIAN_POINT ( 'NONE',  ( 33.86441632606086200, 54.81459241456039400, 106.1093103965461100 ) ) ;
#1918 = PERSON_AND_ORGANIZATION ( #1695, #597 ) ;
#1919 = CARTESIAN_POINT ( 'NONE',  ( -18.40819268389988400, 0.0000000000000000000, 0.0000000000000000000 ) ) ;
#1920 = EDGE_CURVE ( 'NONE', #2567, #2255, #2181, .T. ) ;
#1921 = AXIS2_PLACEMENT_3D ( 'NONE', #895, #3054, #1191 ) ;
#1922 = PERSON_AND_ORGANIZATION ( #1695, #597 ) ;
#1923 = DIRECTION ( 'NONE',  ( -1.000000000000000000, 0.0000000000000000000, 0.0000000000000000000 ) ) ;
#1924 = CARTESIAN_POINT ( 'NONE',  ( 37.11138207389573300, 30.77442999006607100, 81.98848266443427200 ) ) ;
#1925 = ORIENTED_EDGE ( 'NONE', *, *, #1461, .T. ) ;
#1926 = CARTESIAN_POINT ( 'NONE',  ( 44.79305288615163500, 36.48197788724505100, 89.16757327928208100 ) ) ;
#1927 = ORIENTED_EDGE ( 'NONE', *, *, #249, .T. ) ;
#1928 = SECURITY_CLASSIFICATION_LEVEL ( 'unclassified' ) ;
#1929 = FACE_BOUND ( 'NONE', #2155, .T. ) ;
#1930 = ADVANCED_FACE ( 'NONE', ( #2289 ), #554, .F. ) ;
#1931 = CARTESIAN_POINT ( 'NONE',  ( 44.76100402268765100, 47.33098592742300800, 98.61416015258844000 ) ) ;
#1932 = EDGE_CURVE ( 'NONE', #493, #1057, #3849, .T. ) ;
#1933 = DIRECTION ( 'NONE',  ( 1.000000000000000000, -0.0000000000000000000, -0.0000000000000000000 ) ) ;
#1934 = AXIS2_PLACEMENT_3D ( 'NONE', #1255, #3422, #1553 ) ;
#1935 = CARTESIAN_POINT ( 'NONE',  ( 0.0000000000000000000, 38.10000000000000100, 0.0000000000000000000 ) ) ;
#1936 = CARTESIAN_POINT ( 'NONE',  ( 42.76397862545540800, 32.63596311753351400, 85.32155850956940000 ) ) ;
#1937 = VERTEX_POINT ( 'NONE', #3945 ) ;
#1938 = EDGE_LOOP ( 'NONE', ( #2555, #1490, #780, #3110 ) ) ;
#1939 = CARTESIAN_POINT ( 'NONE',  ( 45.69804837631604500, 39.07742176410243200, 90.33902524875313100 ) ) ;
#1940 = AXIS2_PLACEMENT_3D ( 'NONE', #3962, #563, #1775 ) ;
#1941 =( REPRESENTATION_RELATIONSHIP ('NONE','NONE', #693, #2332 ) REPRESENTATION_RELATIONSHIP_WITH_TRANSFORMATION ( #1433 )SHAPE_REPRESENTATION_RELATIONSHIP( ) );
#1942 = EDGE_CURVE ( 'NONE', #3055, #3414, #2930, .T. ) ;
#1943 = FACE_OUTER_BOUND ( 'NONE', #44, .T. ) ;
#1944 = CARTESIAN_POINT ( 'NONE',  ( 44.68959129174429300, 36.98539715285330900, 88.23861365664350800 ) ) ;
#1945 = DIRECTION ( 'NONE',  ( 0.0000000000000000000, 0.0000000000000000000, -1.000000000000000000 ) ) ;
#1946 = DIRECTION ( 'NONE',  ( 0.0000000000000000000, 0.0000000000000000000, 1.000000000000000000 ) ) ;
#1947 = DIRECTION ( 'NONE',  ( 1.000000000000000000, -0.0000000000000000000, -0.0000000000000000000 ) ) ;
#1948 = FACE_OUTER_BOUND ( 'NONE', #3759, .T. ) ;
#1949 = VERTEX_POINT ( 'NONE', #2692 ) ;
#1950 = PRODUCT_RELATED_PRODUCT_CATEGORY ( 'detail', '', ( #1815 ) ) ;
#1951 = CIRCLE ( 'NONE', #37, 24.12500000000001100 ) ;
#1952 = ADVANCED_FACE ( 'NONE', ( #3749 ), #462, .F. ) ;
#1953 = DIRECTION ( 'NONE',  ( 1.000000000000000000, -0.0000000000000000000, -0.0000000000000000000 ) ) ;
#1954 = EDGE_LOOP ( 'NONE', ( #2104, #3222, #1715, #3958 ) ) ;
#1955 = FACE_OUTER_BOUND ( 'NONE', #2200, .T. ) ;
#1956 = CARTESIAN_POINT ( 'NONE',  ( 47.17932866298046000, 41.87448589838049200, 94.56008129041642000 ) ) ;
#1957 = EDGE_CURVE ( 'NONE', #2007, #3091, #1271, .T. ) ;
#1958 = DIRECTION ( 'NONE',  ( 1.000000000000000000, -0.0000000000000000000, -0.0000000000000000000 ) ) ;
#1959 = VERTEX_POINT ( 'NONE', #561 ) ;
#1960 = CARTESIAN_POINT ( 'NONE',  ( 31.96694312317881900, 29.23425622765983400, 80.43255407083574900 ) ) ;
#1961 = DIRECTION ( 'NONE',  ( 1.000000000000000000, -0.0000000000000000000, -0.0000000000000000000 ) ) ;
#1962 = ORIENTED_EDGE ( 'NONE', *, *, #3547, .F. ) ;
#1963 = PLANE ( 'NONE',  #2043 ) ;
#1964 = AXIS2_PLACEMENT_3D ( 'NONE', #2531, #2851, #2213 ) ;
#1965 = APPROVAL_PERSON_ORGANIZATION ( #2789, #2074, #420 ) ;
#1966 = VERTEX_POINT ( 'NONE', #3960 ) ;
#1967 = LINE ( 'NONE', #1317, #3531 ) ;
#1968 = PERSON_AND_ORGANIZATION ( #1695, #597 ) ;
#1969 = CARTESIAN_POINT ( 'NONE',  ( 43.57143450829242000, 33.39669114269627700, 86.08228653473216200 ) ) ;
#1970 = CARTESIAN_POINT ( 'NONE',  ( 0.0000000000000000000, 0.0000000000000000000, 0.0000000000000000000 ) ) ;
#1971 = ORIENTED_EDGE ( 'NONE', *, *, #938, .T. ) ;
#1972 = AXIS2_PLACEMENT_3D ( 'NONE', #1727, #2040, #1739 ) ;
#1973 = CARTESIAN_POINT ( 'NONE',  ( 45.76368067818128100, 44.47087573811442200, 97.15647113015947400 ) ) ;
#1974 = DATE_AND_TIME ( #2799, #3631 ) ;
#1975 = DIRECTION ( 'NONE',  ( 0.7071067811865464600, 0.5000000000000000000, 0.5000000000000013300 ) ) ;
#1976 = ADVANCED_FACE ( 'NONE', ( #3021 ), #1991, .T. ) ;
#1977 = CARTESIAN_POINT ( 'NONE',  ( 27.18325226216141400, 68.73889861492372700, 67.26449400695955200 ) ) ;
#1978 = B_SPLINE_CURVE_WITH_KNOTS ( 'NONE', 3,
 ( #2927, #767, #2610, #3243, #1371, #3544, #3445, #2272, #431, #2589, #748, #2912, #1053, #3218, #1355, #3528, #1657, #3844, #1969, #129, #2283, #447, #2603, #760, #2923, #1065, #3237, #1368, #3542, #1673, #3850, #1985, #146, #2299, #457, #2620, #778, #2931, #1079, #3255, #1383, #3554, #1685, #3867, #1992, #155, #2316, #471, #2630, #790, #2945, #1090, #3267 ),
 .UNSPECIFIED., .F., .F.,
 ( 4, 2, 2, 2, 2, 2, 2, 2, 2, 2, 1, 2, 2, 2, 2, 2, 2, 2, 2, 2, 2, 2, 2, 2, 2, 2, 4 ),
 ( 0.1238909829668968000, 0.1278264301766582100, 0.1297941537815389400, 0.1317618773864196500, 0.1356973245961810800, 0.1376650482010617900, 0.1396327718059425200, 0.1435682190157040200, 0.1445520808181443900, 0.1455359426205847500, 0.1475036662254654600, 0.1494713898303461600, 0.1504552516327865000, 0.1514391134352268400, 0.1553745606449881700, 0.1573422842498688500, 0.1593100078547495000, 0.1632454550645108000, 0.1652131786693914800, 0.1671809022742721300, 0.1711163494840334500, 0.1750517966937947800, 0.1770195202986754300, 0.1789872439035560800, 0.1829226911133173800, 0.1848904147181980600, 0.1868581383230787400 ),
 .UNSPECIFIED. ) ;
#1979 = EDGE_CURVE ( 'NONE', #4009, #1662, #2821, .T. ) ;
#1980 = EDGE_CURVE ( 'NONE', #3878, #3636, #1552, .T. ) ;
#1981 = CARTESIAN_POINT ( 'NONE',  ( 27.18325226216141400, 52.67889861492373200, -3.935505993040447200 ) ) ;
#1982 = CC_DESIGN_PERSON_AND_ORGANIZATION_ASSIGNMENT ( #3003, #3415, ( #1156 ) ) ;
#1983 = ORIENTED_EDGE ( 'NONE', *, *, #3112, .T. ) ;
#1984 = FACE_OUTER_BOUND ( 'NONE', #154, .T. ) ;
#1985 = CARTESIAN_POINT ( 'NONE',  ( 47.15841454754219300, 42.35317162020562900, 95.03876701224153600 ) ) ;
#1986 = CARTESIAN_POINT ( 'NONE',  ( 46.19971924568261600, 48.59521357997704900, -80.00235293493447800 ) ) ;
#1987 = CARTESIAN_POINT ( 'NONE',  ( 44.29081366199929400, 48.07421098650591800, 99.35877787968854600 ) ) ;
#1988 = AXIS2_PLACEMENT_3D ( 'NONE', #3388, #3155, #335 ) ;
#1989 = CARTESIAN_POINT ( 'NONE',  ( 41.92642864990089900, 51.94466697813114600, 104.6302623701671000 ) ) ;
#1990 = AXIS2_PLACEMENT_3D ( 'NONE', #1615, #3798, #1923 ) ;
#1991 = CYLINDRICAL_SURFACE ( 'NONE', #143, 23.71000000000000100 ) ;
#1992 = CARTESIAN_POINT ( 'NONE',  ( 37.87232562207628900, 53.47513069672006500, 106.1607260887560400 ) ) ;
#1993 = DIRECTION ( 'NONE',  ( 1.000000000000000000, -0.0000000000000000000, -0.0000000000000000000 ) ) ;
#1994 = SHAPE_DEFINITION_REPRESENTATION ( #2171, #693 ) ;
#1995 = CARTESIAN_POINT ( 'NONE',  ( 40.96523231116420800, 51.77169220026267700, 104.4572875922986400 ) ) ;
#1996 = FACE_OUTER_BOUND ( 'NONE', #2607, .T. ) ;
#1997 = VERTEX_POINT ( 'NONE', #2091 ) ;
#1998 = CARTESIAN_POINT ( 'NONE',  ( 19.42986582959830600, 53.79926929255898200, 106.4848646845926700 ) ) ;
#1999 = DIRECTION ( 'NONE',  ( 0.0000000000000000000, 0.0000000000000000000, -1.000000000000000000 ) ) ;
#2000 = CIRCLE ( 'NONE', #165, 19.00000000000000000 ) ;
#2001 = DIRECTION ( 'NONE',  ( 0.0000000000000000000, 0.0000000000000000000, -1.000000000000000000 ) ) ;
#2002 = CARTESIAN_POINT ( 'NONE',  ( 1.966782759430648600E-015, 15.58463345735148100, 15.58463345735154000 ) ) ;
#2003 = ORIENTED_EDGE ( 'NONE', *, *, #2860, .F. ) ;
#2004 = DIRECTION ( 'NONE',  ( -8.326672684688674100E-017, 0.7071067811865487900, -0.7071067811865463500 ) ) ;
#2005 = VECTOR ( 'NONE', #1654, 1000.000000000000100 ) ;
#2006 = EDGE_LOOP ( 'NONE', ( #1600, #195, #2058, #3244, #29 ) ) ;
#2007 = VERTEX_POINT ( 'NONE', #1184 ) ;
#2008 = CARTESIAN_POINT ( 'NONE',  ( -53.30290323835134800, 2.791582378656391900E-015, -22.79500000000000200 ) ) ;
#2009 = ORIENTED_EDGE ( 'NONE', *, *, #3967, .T. ) ;
#2010 = CIRCLE ( 'NONE', #2253, 27.12499999999998600 ) ;
#2011 = CARTESIAN_POINT ( 'NONE',  ( 16.20956699009718300, 53.18617999410140100, 104.4787875449163400 ) ) ;
#2012 = DIRECTION ( 'NONE',  ( 0.07432165893760502000, 0.0000000000000000000, 0.9972343210162606400 ) ) ;
#2013 = DIRECTION ( 'NONE',  ( -0.9777103847568748800, 0.2099580994831200800, 0.0000000000000000000 ) ) ;
#2014 = ADVANCED_FACE ( 'NONE', ( #2722 ), #3463, .F. ) ;
#2015 = ORIENTED_EDGE ( 'NONE', *, *, #3199, .F. ) ;
#2016 = CARTESIAN_POINT ( 'NONE',  ( 42.71895235149172300, 33.79568055673858100, 86.48127594877337300 ) ) ;
#2017 = ORIENTED_EDGE ( 'NONE', *, *, #2615, .T. ) ;
#2018 = CARTESIAN_POINT ( 'NONE',  ( 27.18325226216141400, 52.67889861492373200, -3.935505993040454300 ) ) ;
#2019 = AXIS2_PLACEMENT_3D ( 'NONE', #2669, #1428, #3602 ) ;
#2020 = COORDINATED_UNIVERSAL_TIME_OFFSET ( 0, 0, .AHEAD. ) ;
#2021 = CARTESIAN_POINT ( 'NONE',  ( -18.40819268389988400, 0.0000000000000000000, 0.0000000000000000000 ) ) ;
#2022 = PERSON_AND_ORGANIZATION ( #1695, #597 ) ;
#2023 = CARTESIAN_POINT ( 'NONE',  ( 27.18325226216141400, 52.67889861492373200, 38.26449400695955200 ) ) ;
#2024 = AXIS2_PLACEMENT_3D ( 'NONE', #454, #1374, #3548 ) ;
#2025 = ORIENTED_EDGE ( 'NONE', *, *, #834, .T. ) ;
#2026 = MANIFOLD_SOLID_BREP ( 'Chamfer1', #2345 ) ;
#2027 = CARTESIAN_POINT ( 'NONE',  ( -17.72930008502348500, 0.0000000000000000000, 20.85000000000000100 ) ) ;
#2028 = ORIENTED_EDGE ( 'NONE', *, *, #1416, .T. ) ;
#2029 = TOROIDAL_SURFACE ( 'NONE', #3713, 38.10000000000000100, 16.05999999999999900 ) ;
#2030 = CC_DESIGN_APPROVAL ( #1810, ( #1202 ) ) ;
#2031 = CARTESIAN_POINT ( 'NONE',  ( 35.58177763422145300, 54.38168451822539900, 107.0672799102613600 ) ) ;
#2032 = CARTESIAN_POINT ( 'NONE',  ( 22.75694394908885700, 55.33615323513987500, 108.0217486271758400 ) ) ;
#2033 = DIRECTION ( 'NONE',  ( 0.0000000000000000000, 0.0000000000000000000, -1.000000000000000000 ) ) ;
#2034 = EDGE_LOOP ( 'NONE', ( #1709, #798, #418, #1571 ) ) ;
#2035 = ORIENTED_EDGE ( 'NONE', *, *, #3537, .T. ) ;
#2036 = DIRECTION ( 'NONE',  ( 1.000000000000000000, 0.0000000000000000000, 0.0000000000000000000 ) ) ;
#2037 = DIRECTION ( 'NONE',  ( 1.000000000000000000, 0.0000000000000000000, 0.0000000000000000000 ) ) ;
#2038 = AXIS2_PLACEMENT_3D ( 'NONE', #301, #2464, #616 ) ;
#2039 = ORIENTED_EDGE ( 'NONE', *, *, #3785, .F. ) ;
#2040 = DIRECTION ( 'NONE',  ( -1.000000000000000000, -0.0000000000000000000, -0.0000000000000000000 ) ) ;
#2041 = CARTESIAN_POINT ( 'NONE',  ( 29.17343821036331500, 54.88678253465427300, 107.5723779266902400 ) ) ;
#2042 = FACE_OUTER_BOUND ( 'NONE', #2407, .T. ) ;
#2043 = AXIS2_PLACEMENT_3D ( 'NONE', #3215, #123, #2280 ) ;
#2044 = LINE ( 'NONE', #1410, #3607 ) ;
#2045 = ORIENTED_EDGE ( 'NONE', *, *, #938, .F. ) ;
#2046 = ORIENTED_EDGE ( 'NONE', *, *, #278, .T. ) ;
#2047 = DIRECTION ( 'NONE',  ( -1.000000000000000000, -0.0000000000000000000, -0.0000000000000000000 ) ) ;
#2048 = CIRCLE ( 'NONE', #3435, 19.44999999999998500 ) ;
#2049 = ORIENTED_EDGE ( 'NONE', *, *, #2204, .F. ) ;
#2050 = EDGE_CURVE ( 'NONE', #1146, #87, #2076, .T. ) ;
#2051 = CC_DESIGN_APPROVAL ( #1837, ( #1642 ) ) ;
#2052 = CARTESIAN_POINT ( 'NONE',  ( 0.0000000000000000000, 38.10000000000000100, -29.00000000000000000 ) ) ;
#2053 = VECTOR ( 'NONE', #3268, 1000.000000000000000 ) ;
#2054 = DIRECTION ( 'NONE',  ( -1.000000000000000000, 0.0000000000000000000, 0.0000000000000000000 ) ) ;
#2055 = ORIENTED_EDGE ( 'NONE', *, *, #2131, .F. ) ;
#2056 = VERTEX_POINT ( 'NONE', #253 ) ;
#2057 = CALENDAR_DATE ( 2014, 22, 10 ) ;
#2058 = ORIENTED_EDGE ( 'NONE', *, *, #3084, .T. ) ;
#2059 = FACE_OUTER_BOUND ( 'NONE', #2182, .T. ) ;
#2060 = EDGE_CURVE ( 'NONE', #3666, #441, #1170, .T. ) ;
#2061 = PERSON_AND_ORGANIZATION ( #1695, #597 ) ;
#2062 = ORIENTED_EDGE ( 'NONE', *, *, #1163, .T. ) ;
#2063 = CARTESIAN_POINT ( 'NONE',  ( 43.24325226216141300, 52.67889861492373200, 67.26449400695955200 ) ) ;
#2064 = PERSON_AND_ORGANIZATION ( #1695, #597 ) ;
#2065 = DIRECTION ( 'NONE',  ( -1.000000000000000000, 0.0000000000000000000, 0.0000000000000000000 ) ) ;
#2066 = AXIS2_PLACEMENT_3D ( 'NONE', #3606, #515, #828 ) ;
#2067 = CARTESIAN_POINT ( 'NONE',  ( 29.17167370015877000, 55.56990779953846300, 106.8655428364487000 ) ) ;
#2068 = DIRECTION ( 'NONE',  ( 0.0000000000000000000, 0.0000000000000000000, 1.000000000000000000 ) ) ;
#2069 = ORIENTED_EDGE ( 'NONE', *, *, #1449, .T. ) ;
#2070 = CIRCLE ( 'NONE', #2600, 23.71000000000000100 ) ;
#2071 = CARTESIAN_POINT ( 'NONE',  ( 10.99288102276814200, 49.82833233869618500, 102.5139277307321500 ) ) ;
#2072 = DIRECTION ( 'NONE',  ( -1.000000000000000000, 0.0000000000000000000, 0.0000000000000000000 ) ) ;
#2073 = EDGE_CURVE ( 'NONE', #3878, #2258, #355, .T. ) ;
#2074 = APPROVAL ( #2264, 'UNKNOWN' ) ;
#2075 = CARTESIAN_POINT ( 'NONE',  ( 27.18325226216141400, 52.67889861492373200, -3.435505993040460600 ) ) ;
#2076 = CIRCLE ( 'NONE', #345, 16.05999999999999500 ) ;
#2077 = DIRECTION ( 'NONE',  ( -1.000000000000000000, -0.0000000000000000000, -0.0000000000000000000 ) ) ;
#2078 = CARTESIAN_POINT ( 'NONE',  ( 9.397845858136500800, 46.33489806102483000, 99.02049345306075200 ) ) ;
#2079 = CIRCLE ( 'NONE', #3210, 23.71000000000000100 ) ;
#2080 = AXIS2_PLACEMENT_3D ( 'NONE', #3483, #1610, #3795 ) ;
#2081 = CIRCLE ( 'NONE', #3560, 26.18499999999999900 ) ;
#2082 = VERTEX_POINT ( 'NONE', #902 ) ;
#2083 = CARTESIAN_POINT ( 'NONE',  ( 0.0000000000000000000, 0.0000000000000000000, 0.0000000000000000000 ) ) ;
#2084 = VECTOR ( 'NONE', #320, 1000.000000000000100 ) ;
#2085 = VERTEX_POINT ( 'NONE', #1808 ) ;
#2086 = ORIENTED_EDGE ( 'NONE', *, *, #4013, .T. ) ;
#2087 = AXIS2_PLACEMENT_3D ( 'NONE', #910, #3068, #1208 ) ;
#2088 = CONICAL_SURFACE ( 'NONE', #822, 23.62499999999999300, 0.7853981633974657100 ) ;
#2089 = DIRECTION ( 'NONE',  ( -1.000000000000000000, -0.0000000000000000000, -0.0000000000000000000 ) ) ;
#2090 = ORIENTED_EDGE ( 'NONE', *, *, #3376, .F. ) ;
#2091 = CARTESIAN_POINT ( 'NONE',  ( -22.20005111260406500, 0.0000000000000000000, 19.44999999999998500 ) ) ;
#2092 = CARTESIAN_POINT ( 'NONE',  ( 8.633746180690756900, 45.13151588513730400, 96.41013523311534100 ) ) ;
#2093 = CC_DESIGN_DATE_AND_TIME_ASSIGNMENT ( #3046, #662, ( #1694 ) ) ;
#2094 = VERTEX_POINT ( 'NONE', #3999 ) ;
#2095 = LINE ( 'NONE', #3335, #3040 ) ;
#2096 = DIRECTION ( 'NONE',  ( 0.0000000000000000000, 0.0000000000000000000, -1.000000000000000000 ) ) ;
#2097 =( NAMED_UNIT ( * ) SI_UNIT ( $, .STERADIAN. ) SOLID_ANGLE_UNIT ( ) );
#2098 = PERSON_AND_ORGANIZATION ( #2124, #2953 ) ;
#2099 = ORIENTED_EDGE ( 'NONE', *, *, #3212, .F. ) ;
#2100 = CARTESIAN_POINT ( 'NONE',  ( 0.0000000000000000000, 38.10000000000000100, -29.00000000000000000 ) ) ;
#2101 = EDGE_CURVE ( 'NONE', #2613, #1444, #1088, .T. ) ;
#2102 = DATE_AND_TIME ( #2960, #3781 ) ;
#2103 = DIRECTION ( 'NONE',  ( 0.0000000000000000000, -0.7071067811865487900, 0.7071067811865462400 ) ) ;
#2104 = ORIENTED_EDGE ( 'NONE', *, *, #3316, .F. ) ;
#2105 = AXIS2_PLACEMENT_3D ( 'NONE', #1348, #161, #3877 ) ;
#2106 = CALENDAR_DATE ( 2014, 22, 10 ) ;
#2107 = CARTESIAN_POINT ( 'NONE',  ( 7.297540508803745500, 39.98229440133786000, 92.66788979337377400 ) ) ;
#2108 = CARTESIAN_POINT ( 'NONE',  ( 17.28401629905696500, 53.81023855347037700, 106.4958339455063300 ) ) ;
#2109 = VERTEX_POINT ( 'NONE', #2447 ) ;
#2110 = DIRECTION ( 'NONE',  ( 0.0000000000000000000, 0.0000000000000000000, -1.000000000000000000 ) ) ;
#2111 = CARTESIAN_POINT ( 'NONE',  ( 0.6628580756311875900, 58.37401206340336300, 32.76449400695955200 ) ) ;
#2112 = ORIENTED_EDGE ( 'NONE', *, *, #138, .T. ) ;
#2113 = VECTOR ( 'NONE', #1532, 999.9999999999998900 ) ;
#2114 = CARTESIAN_POINT ( 'NONE',  ( -26.93262969212313600, 0.0000000000000000000, 0.0000000000000000000 ) ) ;
#2115 = EDGE_CURVE ( 'NONE', #1579, #3360, #3557, .T. ) ;
#2116 = AXIS2_PLACEMENT_3D ( 'NONE', #3353, #1499, #3677 ) ;
#2117 = CARTESIAN_POINT ( 'NONE',  ( 8.650655463675990500, 38.53601379753035200, 91.22160918957307300 ) ) ;
#2118 = CARTESIAN_POINT ( 'NONE',  ( 50.28166010204257900, 47.71863851463502500, -3.435505993040460600 ) ) ;
#2119 = CARTESIAN_POINT ( 'NONE',  ( 12.44007587442192000, 31.09466697813114100, 83.78026237016703700 ) ) ;
#2120 = CARTESIAN_POINT ( 'NONE',  ( 7.723632264614848500, 44.80965153810578300, 97.49524693014170400 ) ) ;
#2121 = ORIENTED_EDGE ( 'NONE', *, *, #1605, .T. ) ;
#2122 = APPLICATION_CONTEXT ( 'configuration controlled 3d designs of mechanical parts and assemblies' ) ;
#2123 = FACE_OUTER_BOUND ( 'NONE', #4011, .T. ) ;
#2124 = PERSON ( 'NAUO-PER1', 'UNSPECIFIED', 'UNSPECIFIED', ('UNSPECIFIED'), ('UNSPECIFIED'), ('UNSPECIFIED') ) ;
#2125 = CARTESIAN_POINT ( 'NONE',  ( -17.90819268389989100, 0.0000000000000000000, 0.0000000000000000000 ) ) ;
#2126 = ADVANCED_FACE ( 'NONE', ( #3651 ), #1787, .T. ) ;
#2127 = CARTESIAN_POINT ( 'NONE',  ( -26.93262969212313600, 0.0000000000000000000, 0.0000000000000000000 ) ) ;
#2128 = VERTEX_POINT ( 'NONE', #613 ) ;
#2129 = CARTESIAN_POINT ( 'NONE',  ( 10.09461906802218100, 35.64252072455912700, 88.32811611659046500 ) ) ;
#2130 = TOROIDAL_SURFACE ( 'NONE', #1127, 7.124999999999985800, 20.00000000000000000 ) ;
#2131 = EDGE_CURVE ( 'NONE', #858, #3265, #1893, .T. ) ;
#2132 = CARTESIAN_POINT ( 'NONE',  ( 4.084844422280243100, 57.63915871521244600, -3.435505993040460600 ) ) ;
#2133 = CIRCLE ( 'NONE', #3492, 18.99999999999999600 ) ;
#2134 = ORIENTED_EDGE ( 'NONE', *, *, #2348, .T. ) ;
#2135 = DIRECTION ( 'NONE',  ( 0.0000000000000000000, 0.0000000000000000000, -1.000000000000000000 ) ) ;
#2136 = AXIS2_PLACEMENT_3D ( 'NONE', #1238, #3406, #1541 ) ;
#2137 = LINE ( 'NONE', #220, #3709 ) ;
#2138 = CARTESIAN_POINT ( 'NONE',  ( 41.92642864990089900, 26.79033095717381100, 129.7845983911243500 ) ) ;
#2139 = CARTESIAN_POINT ( 'NONE',  ( 9.180703907455322700, 35.32942893639020100, 88.01502432842610800 ) ) ;
#2140 = ORIENTED_EDGE ( 'NONE', *, *, #549, .T. ) ;
#2141 = APPROVAL_STATUS ( 'not_yet_approved' ) ;
#2142 = LINE ( 'NONE', #791, #612 ) ;
#2143 = DIRECTION ( 'NONE',  ( 0.0000000000000000000, 0.0000000000000000000, 1.000000000000000000 ) ) ;
#2144 = AXIS2_PLACEMENT_3D ( 'NONE', #1173, #1784, #3660 ) ;
#2145 = EDGE_CURVE ( 'NONE', #537, #2786, #2857, .T. ) ;
#2146 = CARTESIAN_POINT ( 'NONE',  ( 13.21959572854791500, 33.10987864890988400, 84.34214533623476500 ) ) ;
#2147 = ORIENTED_EDGE ( 'NONE', *, *, #2101, .T. ) ;
#2148 = LOCAL_TIME ( 12, 19, 51.00000000000000000, #2994 ) ;
#2149 = ADVANCED_FACE ( 'NONE', ( #2636 ), #3459, .T. ) ;
#2150 = LINE ( 'NONE', #1112, #2908 ) ;
#2151 = CARTESIAN_POINT ( 'NONE',  ( 22.81191990895992600, 29.14183439334294000, 80.33910519517058900 ) ) ;
#2152 = CC_DESIGN_SECURITY_CLASSIFICATION ( #196, ( #4022 ) ) ;
#2153 = CARTESIAN_POINT ( 'NONE',  ( 11.06475318501403200, 41.86508798818534400, 116.6548413601127800 ) ) ;
#2154 = COORDINATED_UNIVERSAL_TIME_OFFSET ( 0, 0, .AHEAD. ) ;
#2155 = EDGE_LOOP ( 'NONE', ( #25, #2028 ) ) ;
#2156 = CARTESIAN_POINT ( 'NONE',  ( 22.49702449376971500, 27.72138116819029100, 80.40697656022614100 ) ) ;
#2157 = APPLICATION_PROTOCOL_DEFINITION ( 'international standard', 'config_control_design', 1994, #9 ) ;
#2158 = DIRECTION ( 'NONE',  ( 0.0000000000000000000, 0.0000000000000000000, -1.000000000000000000 ) ) ;
#2159 = DIRECTION ( 'NONE',  ( 0.0000000000000000000, -0.7071067811865489100, 0.7071067811865462400 ) ) ;
#2160 = EDGE_CURVE ( 'NONE', #2933, #2094, #164, .T. ) ;
#2161 = PERSON_AND_ORGANIZATION ( #1695, #597 ) ;
#2162 = CARTESIAN_POINT ( 'NONE',  ( 18.20925012086551900, 28.85509778852575400, 81.54069318056163200 ) ) ;
#2163 = AXIS2_PLACEMENT_3D ( 'NONE', #2867, #1016, #702 ) ;
#2164 = CARTESIAN_POINT ( 'NONE',  ( 10.37235564362991600, 35.95058699375701400, 87.19903582721815400 ) ) ;
#2165 = ORIENTED_EDGE ( 'NONE', *, *, #2383, .T. ) ;
#2166 = VECTOR ( 'NONE', #718, 1000.000000000000000 ) ;
#2167 = DIRECTION ( 'NONE',  ( 0.0000000000000000000, 0.0000000000000000000, 1.000000000000000000 ) ) ;
#2168 = DIRECTION ( 'NONE',  ( 1.000000000000000000, 0.0000000000000000000, 0.0000000000000000000 ) ) ;
#2169 = AXIS2_PLACEMENT_3D ( 'NONE', #1751, #3935, #2065 ) ;
#2170 = APPROVAL_ROLE ( '' ) ;
#2171 = PRODUCT_DEFINITION_SHAPE ( 'NONE', 'NONE',  #611 ) ;
#2172 = ADVANCED_FACE ( 'NONE', ( #251, #992 ), #684, .T. ) ;
#2173 = CARTESIAN_POINT ( 'NONE',  ( 18.99999999999999600, 38.10000000000000100, 0.0000000000000000000 ) ) ;
#2174 = DIRECTION ( 'NONE',  ( -1.000000000000000000, -0.0000000000000000000, -0.0000000000000000000 ) ) ;
#2175 = CARTESIAN_POINT ( 'NONE',  ( 22.74567524302513300, 28.44701135289913900, 81.13260674491691300 ) ) ;
#2176 = ORIENTED_EDGE ( 'NONE', *, *, #3219, .T. ) ;
#2177 = SECURITY_CLASSIFICATION ( '', '', #1549 ) ;
#2178 = CARTESIAN_POINT ( 'NONE',  ( 9.027722874870447000, 46.26611048370863700, 97.54720808551840600 ) ) ;
#2179 = DIRECTION ( 'NONE',  ( 0.0000000000000000000, 0.0000000000000000000, 1.000000000000000000 ) ) ;
#2180 = DIRECTION ( 'NONE',  ( -1.000000000000000000, 0.0000000000000000000, -0.0000000000000000000 ) ) ;
#2181 = CIRCLE ( 'NONE', #2697, 23.62499999999998900 ) ;
#2182 = EDGE_LOOP ( 'NONE', ( #3527, #1067, #3430, #3768, #1206 ) ) ;
#2183 = PERSON_AND_ORGANIZATION_ROLE ( 'design_supplier' ) ;
#2184 = CIRCLE ( 'NONE', #3890, 20.00000000000000000 ) ;
#2185 = CIRCLE ( 'NONE', #2311, 16.05999999999998500 ) ;
#2186 = CARTESIAN_POINT ( 'NONE',  ( 58.15865425799412900, 0.0000000000000000000, 0.0000000000000000000 ) ) ;
#2187 = ORIENTED_EDGE ( 'NONE', *, *, #3212, .T. ) ;
#2188 = CARTESIAN_POINT ( 'NONE',  ( 27.18325226216141400, 19.33065618449724000, 116.3942731638008800 ) ) ;
#2189 = VECTOR ( 'NONE', #2159, 999.9999999999998900 ) ;
#2190 = AXIS2_PLACEMENT_3D ( 'NONE', #1582, #2215, #53 ) ;
#2191 = EDGE_LOOP ( 'NONE', ( #1563, #610, #3979, #2777 ) ) ;
#2192 = CIRCLE ( 'NONE', #1028, 16.05999999999999900 ) ;
#2193 = ADVANCED_FACE ( 'NONE', ( #1698 ), #2432, .F. ) ;
#2194 = CARTESIAN_POINT ( 'NONE',  ( 19.01644013959874300, 54.36974787029218000, 105.6639087285545600 ) ) ;
#2195 = DIRECTION ( 'NONE',  ( 0.0000000000000000000, -0.7071067811865487900, 0.7071067811865462400 ) ) ;
#2196 = AXIS2_PLACEMENT_3D ( 'NONE', #1897, #2845, #996 ) ;
#2197 = ORIENTED_EDGE ( 'NONE', *, *, #3356, .F. ) ;
#2198 = CARTESIAN_POINT ( 'NONE',  ( 10.41775048022839600, 21.17938560389255500, 90.83554374440558400 ) ) ;
#2199 = PERSON_AND_ORGANIZATION_ROLE ( 'creator' ) ;
#2200 = EDGE_LOOP ( 'NONE', ( #1013, #2797, #2147, #410 ) ) ;
#2201 = FACE_OUTER_BOUND ( 'NONE', #1043, .T. ) ;
#2202 = DIRECTION ( 'NONE',  ( 1.000000000000000000, -0.0000000000000000000, -0.0000000000000000000 ) ) ;
#2203 = PLANE ( 'NONE',  #401 ) ;
#2204 = EDGE_CURVE ( 'NONE', #2744, #746, #3273, .T. ) ;
#2205 = DIRECTION ( 'NONE',  ( -0.9777103847568747700, 0.2099580994831202500, 0.0000000000000000000 ) ) ;
#2206 = LOCAL_TIME ( 12, 19, 51.00000000000000000, #3043 ) ;
#2207 = ORIENTED_EDGE ( 'NONE', *, *, #1011, .T. ) ;
#2208 = ORIENTED_EDGE ( 'NONE', *, *, #1237, .T. ) ;
#2209 = PERSON_AND_ORGANIZATION ( #1695, #597 ) ;
#2210 = CARTESIAN_POINT ( 'NONE',  ( 27.68393372897181600, 28.78644240325282100, 79.97940484438848300 ) ) ;
#2211 = DIRECTION ( 'NONE',  ( 0.0000000000000000000, 0.0000000000000000000, -1.000000000000000000 ) ) ;
#2212 = DATE_AND_TIME ( #3048, #3886 ) ;
#2213 = DIRECTION ( 'NONE',  ( 1.000000000000000000, 0.0000000000000000000, 0.0000000000000000000 ) ) ;
#2214 = PERSON_AND_ORGANIZATION_ROLE ( 'design_owner' ) ;
#2215 = DIRECTION ( 'NONE',  ( -1.000000000000000000, 0.0000000000000000000, 0.0000000000000000000 ) ) ;
#2216 = ADVANCED_FACE ( 'NONE', ( #1601 ), #3169, .T. ) ;
#2217 = CARTESIAN_POINT ( 'NONE',  ( -46.22819268389991300, 0.0000000000000000000, -19.44999999999998500 ) ) ;
#2218 = EDGE_CURVE ( 'NONE', #2499, #2700, #3991, .T. ) ;
#2219 = EDGE_LOOP ( 'NONE', ( #35, #2086, #2756, #2049 ) ) ;
#2220 = EDGE_CURVE ( 'NONE', #2944, #1907, #71, .T. ) ;
#2221 = DIRECTION ( 'NONE',  ( 0.0000000000000000000, 0.0000000000000000000, 1.000000000000000000 ) ) ;
#2222 = ORIENTED_EDGE ( 'NONE', *, *, #3059, .T. ) ;
#2223 = LINE ( 'NONE', #919, #586 ) ;
#2224 = AXIS2_PLACEMENT_3D ( 'NONE', #1758, #3940, #2068 ) ;
#2225 = CARTESIAN_POINT ( 'NONE',  ( 58.15865425799412900, 0.0000000000000000000, 0.0000000000000000000 ) ) ;
#2226 = CARTESIAN_POINT ( 'NONE',  ( 34.12365047875522400, 28.20567047815168500, 80.89126587018755300 ) ) ;
#2227 = CARTESIAN_POINT ( 'NONE',  ( 43.26020939933325600, 35.05389102921297700, 86.29777553663976200 ) ) ;
#2228 = DIRECTION ( 'NONE',  ( -0.0000000000000000000, -0.0000000000000000000, 1.000000000000000000 ) ) ;
#2229 = AXIS2_PLACEMENT_3D ( 'NONE', #3860, #2307, #769 ) ;
#2230 = DATE_TIME_ROLE ( 'classification_date' ) ;
#2231 = CARTESIAN_POINT ( 'NONE',  ( 36.56684004288007400, 53.89936665433923900, 105.1929205123033200 ) ) ;
#2232 = DIRECTION ( 'NONE',  ( 0.0000000000000000000, -1.000000000000000000, 0.0000000000000000000 ) ) ;
#2233 = DIRECTION ( 'NONE',  ( 0.0000000000000000000, 0.0000000000000000000, -1.000000000000000000 ) ) ;
#2234 = CIRCLE ( 'NONE', #687, 16.06000000000000200 ) ;
#2235 = ORIENTED_EDGE ( 'NONE', *, *, #2145, .F. ) ;
#2236 = SHAPE_REPRESENTATION_RELATIONSHIP ( 'NONE' , 'NONE' ,  #1595, #3944 ) ;
#2237 = CC_DESIGN_SECURITY_CLASSIFICATION ( #1202, ( #174 ) ) ;
#2238 = ADVANCED_FACE ( 'NONE', ( #2341, #805 ), #2240, .F. ) ;
#2239 = LINE ( 'NONE', #2431, #3172 ) ;
#2240 = PLANE ( 'NONE',  #3458 ) ;
#2241 = CARTESIAN_POINT ( 'NONE',  ( 38.13428550370580400, 30.54867593720047800, 83.23427132924091200 ) ) ;
#2242 = EDGE_CURVE ( 'NONE', #366, #3374, #700, .T. ) ;
#2243 = CONICAL_SURFACE ( 'NONE', #2229, 16.05999999999999500, 0.7853981633974552700 ) ;
#2244 = CARTESIAN_POINT ( 'NONE',  ( 45.85227965867458300, 36.43005781502219500, 89.11565320705810200 ) ) ;
#2245 = ORIENTED_EDGE ( 'NONE', *, *, #412, .T. ) ;
#2246 = CARTESIAN_POINT ( 'NONE',  ( 16.05999999999999900, 38.10000000000000100, -29.00000000000000000 ) ) ;
#2247 = APPROVAL_ROLE ( '' ) ;
#2248 = CIRCLE ( 'NONE', #1756, 16.05999999999999900 ) ;
#2249 = CARTESIAN_POINT ( 'NONE',  ( 45.56534838185287100, 45.71864881446174400, 96.99859187483504300 ) ) ;
#2250 = DIRECTION ( 'NONE',  ( 0.0000000000000000000, 0.0000000000000000000, -1.000000000000000000 ) ) ;
#2251 = ORIENTED_EDGE ( 'NONE', *, *, #834, .F. ) ;
#2252 = CARTESIAN_POINT ( 'NONE',  ( -18.40819268389988400, 2.893228062985621000E-015, 23.62499999999999300 ) ) ;
#2253 = AXIS2_PLACEMENT_3D ( 'NONE', #591, #2747, #907 ) ;
#2254 = LINE ( 'NONE', #2300, #1427 ) ;
#2255 = VERTEX_POINT ( 'NONE', #3189 ) ;
#2256 = DIRECTION ( 'NONE',  ( 1.000000000000000000, 0.0000000000000000000, 0.0000000000000000000 ) ) ;
#2257 = CARTESIAN_POINT ( 'NONE',  ( 41.98494230733197700, 33.80357221625654100, 85.04025714591152500 ) ) ;
#2258 = VERTEX_POINT ( 'NONE', #1322 ) ;
#2259 = AXIS2_PLACEMENT_3D ( 'NONE', #456, #2614, #773 ) ;
#2260 = CONTEXT_DEPENDENT_SHAPE_REPRESENTATION ( #2883, #736 ) ;
#2261 = FACE_OUTER_BOUND ( 'NONE', #2456, .T. ) ;
#2262 = CARTESIAN_POINT ( 'NONE',  ( 45.94224234867444100, 39.22325563355389700, 91.90885102559885000 ) ) ;
#2263 = CARTESIAN_POINT ( 'NONE',  ( 8.183252262161415700, 52.67889861492373200, 67.26449400695955200 ) ) ;
#2264 = APPROVAL_STATUS ( 'not_yet_approved' ) ;
#2265 = ADVANCED_FACE ( 'NONE', ( #2530 ), #3067, .F. ) ;
#2266 = CARTESIAN_POINT ( 'NONE',  ( 43.33733990935211700, 35.10345818751022100, 86.34771599265729900 ) ) ;
#2267 = DATE_AND_TIME ( #3090, #3923 ) ;
#2268 = ORIENTED_EDGE ( 'NONE', *, *, #860, .F. ) ;
#2269 = CARTESIAN_POINT ( 'NONE',  ( 15.82711735630548100, 23.14469476937194200, 96.52023457892620700 ) ) ;
#2270 = CC_DESIGN_PERSON_AND_ORGANIZATION_ASSIGNMENT ( #3681, #2468, ( #1642 ) ) ;
#2271 = CALENDAR_DATE ( 2014, 22, 10 ) ;
#2272 = CARTESIAN_POINT ( 'NONE',  ( 34.15664531737536400, 28.21437303321822300, 80.89996842525410200 ) ) ;
#2273 = CARTESIAN_POINT ( 'NONE',  ( -54.60819268389989400, 3.321854442687194000E-015, 27.12499999999998600 ) ) ;
#2274 = CARTESIAN_POINT ( 'NONE',  ( 46.17952484299296900, 42.56292628861336200, 93.83525566152641800 ) ) ;
#2275 = CARTESIAN_POINT ( 'NONE',  ( 32.66840761115792400, 78.22158241669707500, 35.26449400695955200 ) ) ;
#2276 = VERTEX_POINT ( 'NONE', #1037 ) ;
#2277 = LINE ( 'NONE', #2562, #3737 ) ;
#2278 = CARTESIAN_POINT ( 'NONE',  ( 29.59616692598698200, 28.89124998424507900, 80.08551373394190900 ) ) ;
#2279 = EDGE_CURVE ( 'NONE', #3045, #3433, #3900, .T. ) ;
#2280 = DIRECTION ( 'NONE',  ( 0.0000000000000000000, 0.0000000000000000000, 1.000000000000000000 ) ) ;
#2281 = AXIS2_PLACEMENT_3D ( 'NONE', #1746, #217, #527 ) ;
#2282 = ADVANCED_FACE ( 'NONE', ( #1502 ), #2978, .T. ) ;
#2283 = CARTESIAN_POINT ( 'NONE',  ( 44.79618023909865300, 34.75997077004783600, 87.44556616208373600 ) ) ;
#2284 = DIRECTION ( 'NONE',  ( 0.0000000000000000000, 0.0000000000000000000, 1.000000000000000000 ) ) ;
#2285 = CARTESIAN_POINT ( 'NONE',  ( 46.17968797201211800, 45.95942815821527500, 98.64502355025122400 ) ) ;
#2286 = DIRECTION ( 'NONE',  ( 0.0000000000000000000, 0.0000000000000000000, 1.000000000000000000 ) ) ;
#2287 = SHAPE_DEFINITION_REPRESENTATION ( #442, #886 ) ;
#2288 = EDGE_CURVE ( 'NONE', #2377, #2082, #3802, .T. ) ;
#2289 = FACE_OUTER_BOUND ( 'NONE', #2500, .T. ) ;
#2290 = DIRECTION ( 'NONE',  ( 0.0000000000000000000, -0.7071067811865487900, 0.7071067811865462400 ) ) ;
#2291 = DIRECTION ( 'NONE',  ( -0.9777103847568747700, 0.2099580994831201600, 0.0000000000000000000 ) ) ;
#2292 = CYLINDRICAL_SURFACE ( 'NONE', #2144, 23.71000000000000100 ) ;
#2293 = EDGE_CURVE ( 'NONE', #2056, #3374, #1414, .T. ) ;
#2294 = CIRCLE ( 'NONE', #3145, 23.62499999999999300 ) ;
#2295 = EDGE_LOOP ( 'NONE', ( #3317, #1050, #885, #3938 ) ) ;
#2296 = EDGE_LOOP ( 'NONE', ( #3930, #1675 ) ) ;
#2297 = CC_DESIGN_APPROVAL ( #2074, ( #1670 ) ) ;
#2298 = CYLINDRICAL_SURFACE ( 'NONE', #2947, 27.12499999999998600 ) ;
#2299 = CARTESIAN_POINT ( 'NONE',  ( 46.73235920854467900, 44.63760210136083400, 97.32319749339677600 ) ) ;
#2300 = CARTESIAN_POINT ( 'NONE',  ( 58.15865425799412900, 0.0000000000000000000, -26.18499999999998800 ) ) ;
#2301 = EDGE_CURVE ( 'NONE', #3497, #669, #2234, .T. ) ;
#2302 = ORIENTED_EDGE ( 'NONE', *, *, #2732, .F. ) ;
#2303 = LINE ( 'NONE', #67, #3131 ) ;
#2304 = CARTESIAN_POINT ( 'NONE',  ( 43.43641089913211300, 48.54004423335143100, 101.2256396253873700 ) ) ;
#2305 = ORIENTED_EDGE ( 'NONE', *, *, #541, .F. ) ;
#2306 = ADVANCED_FACE ( 'NONE', ( #2123 ), #3916, .T. ) ;
#2307 = DIRECTION ( 'NONE',  ( 0.0000000000000000000, -0.7071067811865487900, 0.7071067811865462400 ) ) ;
#2308 = DIRECTION ( 'NONE',  ( -1.000000000000000000, -0.0000000000000000000, -0.0000000000000000000 ) ) ;
#2309 = CARTESIAN_POINT ( 'NONE',  ( 58.15865425799412900, 2.893228062985621000E-015, 23.62499999999999300 ) ) ;
#2310 = CARTESIAN_POINT ( 'NONE',  ( 58.15865425799412900, 0.0000000000000000000, 0.0000000000000000000 ) ) ;
#2311 = AXIS2_PLACEMENT_3D ( 'NONE', #3826, #1947, #113 ) ;
#2312 = ORIENTED_EDGE ( 'NONE', *, *, #2690, .F. ) ;
#2313 = CIRCLE ( 'NONE', #3796, 18.99999999999999600 ) ;
#2314 = ORIENTED_EDGE ( 'NONE', *, *, #640, .T. ) ;
#2315 = COORDINATED_UNIVERSAL_TIME_OFFSET ( 0, 0, .AHEAD. ) ;
#2316 = CARTESIAN_POINT ( 'NONE',  ( 35.57785468254982000, 54.38291841857854100, 107.0685138106145300 ) ) ;
#2317 = CARTESIAN_POINT ( 'NONE',  ( -32.35930008502348400, 1.966782759430649000E-015, -16.05999999999999900 ) ) ;
#2318 = EDGE_LOOP ( 'NONE', ( #1493, #2807, #2691, #3202, #3621 ) ) ;
#2319 = ORIENTED_EDGE ( 'NONE', *, *, #2402, .F. ) ;
#2320 = AXIS2_PLACEMENT_3D ( 'NONE', #2100, #897, #1194 ) ;
#2321 = CARTESIAN_POINT ( 'NONE',  ( 40.27613330867357900, 51.95620219558573900, 103.2470884318312600 ) ) ;
#2322 = PERSON_AND_ORGANIZATION ( #1695, #597 ) ;
#2323 = CARTESIAN_POINT ( 'NONE',  ( 18.43686310376546100, 54.23981659699614300, 106.9254119890321100 ) ) ;
#2324 = DIRECTION ( 'NONE',  ( 1.000000000000000000, -0.0000000000000000000, -0.0000000000000000000 ) ) ;
#2325 = CARTESIAN_POINT ( 'NONE',  ( -49.10930008502348400, 0.0000000000000000000, 0.0000000000000000000 ) ) ;
#2326 = APPROVAL_DATE_TIME ( #3151, #830 ) ;
#2327 = APPROVAL ( #2817, 'UNSPECIFIED' ) ;
#2328 = VERTEX_POINT ( 'NONE', #2273 ) ;
#2329 = CARTESIAN_POINT ( 'NONE',  ( 50.77051529442103100, 47.61365946489345900, -3.935505993040454300 ) ) ;
#2330 = ORIENTED_EDGE ( 'NONE', *, *, #1957, .T. ) ;
#2331 = LINE ( 'NONE', #286, #3056 ) ;
#2332 = SHAPE_REPRESENTATION ( 'Part13^PL-24-45-WFFD', ( #696 ), #1307 ) ;
#2333 = CARTESIAN_POINT ( 'NONE',  ( 15.69625294541072500, 52.23691780566601000, 104.9225131976996900 ) ) ;
#2334 = CARTESIAN_POINT ( 'NONE',  ( 4.084844422280243100, 57.63915871521244600, -80.00235293493447800 ) ) ;
#2335 = AXIS2_PLACEMENT_3D ( 'NONE', #2325, #2308, #1692 ) ;
#2336 = DIRECTION ( 'NONE',  ( 0.0000000000000000000, 0.0000000000000000000, -1.000000000000000000 ) ) ;
#2337 = DIRECTION ( 'NONE',  ( -0.9777103847568748800, 0.2099580994831202800, 0.0000000000000000000 ) ) ;
#2338 = CARTESIAN_POINT ( 'NONE',  ( 38.87829579023853900, 52.12353251748633200, 104.8091279095200400 ) ) ;
#2339 = VERTEX_POINT ( 'NONE', #1369 ) ;
#2340 = AXIS2_PLACEMENT_3D ( 'NONE', #2343, #501, #179 ) ;
#2341 = FACE_OUTER_BOUND ( 'NONE', #3869, .T. ) ;
#2342 = DIRECTION ( 'NONE',  ( 0.0000000000000000000, 0.0000000000000000000, -1.000000000000000000 ) ) ;
#2343 = CARTESIAN_POINT ( 'NONE',  ( 58.15865425799412900, 0.0000000000000000000, 0.0000000000000000000 ) ) ;
#2344 = DIRECTION ( 'NONE',  ( 1.000000000000000000, 0.0000000000000000000, 0.0000000000000000000 ) ) ;
#2345 = CLOSED_SHELL ( 'NONE', ( #3780, #3146, #2193, #319, #2306, #1372, #1976, #670, #3083, #2238, #13, #2910, #977, #3694, #81, #1845 ) ) ;
#2346 = CIRCLE ( 'NONE', #86, 19.00000000000000000 ) ;
#2347 = DIRECTION ( 'NONE',  ( 0.0000000000000000000, 0.0000000000000000000, 1.000000000000000000 ) ) ;
#2348 = EDGE_CURVE ( 'NONE', #2909, #2640, #508, .T. ) ;
#2349 = FACE_OUTER_BOUND ( 'NONE', #1676, .T. ) ;
#2350 = AXIS2_PLACEMENT_3D ( 'NONE', #1801, #3990, #2110 ) ;
#2351 = VERTEX_POINT ( 'NONE', #1674 ) ;
#2352 = DIRECTION ( 'NONE',  ( 0.9777103847568747700, -0.2099580994831202500, 0.0000000000000000000 ) ) ;
#2353 = CARTESIAN_POINT ( 'NONE',  ( 35.16185136553104900, 54.43404632936584200, 105.7282914769600100 ) ) ;
#2354 = CIRCLE ( 'NONE', #1357, 19.44999999999998500 ) ;
#2355 = EDGE_CURVE ( 'NONE', #1949, #1882, #2254, .T. ) ;
#2356 = CARTESIAN_POINT ( 'NONE',  ( 22.97825936479716100, 55.34024327529289900, 106.6356046517153500 ) ) ;
#2357 = CARTESIAN_POINT ( 'NONE',  ( 45.07535230321222000, 48.83666539438263500, -3.935505993040447200 ) ) ;
#2358 = DIRECTION ( 'NONE',  ( 0.0000000000000000000, -0.7071067811865487900, 0.7071067811865462400 ) ) ;
#2359 = ORIENTED_EDGE ( 'NONE', *, *, #1722, .F. ) ;
#2360 = EDGE_CURVE ( 'NONE', #1591, #2962, #716, .T. ) ;
#2361 = CARTESIAN_POINT ( 'NONE',  ( 27.18325226216141400, 52.67889861492373200, 67.26449400695955200 ) ) ;
#2362 = DATE_AND_TIME ( #3192, #4015 ) ;
#2363 = FACE_OUTER_BOUND ( 'NONE', #2727, .T. ) ;
#2364 = EDGE_LOOP ( 'NONE', ( #2612, #225, #2025, #362, #3394 ) ) ;
#2365 = DIRECTION ( 'NONE',  ( 0.0000000000000000000, 0.0000000000000000000, -1.000000000000000000 ) ) ;
#2366 = AXIS2_PLACEMENT_3D ( 'NONE', #2767, #1514, #1820 ) ;
#2367 = PERSON_AND_ORGANIZATION ( #1695, #597 ) ;
#2368 = ORIENTED_EDGE ( 'NONE', *, *, #3084, .F. ) ;
#2369 = DATE_AND_TIME ( #3203, #4021 ) ;
#2370 = CARTESIAN_POINT ( 'NONE',  ( -49.10930008502348400, 2.830771076229107100E-015, -23.11499999999999800 ) ) ;
#2371 = AXIS2_PLACEMENT_3D ( 'NONE', #2746, #269, #589 ) ;
#2372 = CLOSED_SHELL ( 'NONE', ( #2619, #3236, #118, #3213, #3472, #1868, #2469, #3843, #1648, #1606, #2216, #1289, #2768, #1930, #2172, #2595, #3450, #1823, #3797, #1543, #430, #40, #3553, #3165, #3401, #3512, #1566, #3859 ) ) ;
#2373 = CARTESIAN_POINT ( 'NONE',  ( 15.82711735630548100, 33.48966697813114700, 86.17526237016704700 ) ) ;
#2374 = CARTESIAN_POINT ( 'NONE',  ( 0.0000000000000000000, 40.37579720575178800, 40.37579720575193700 ) ) ;
#2375 = CARTESIAN_POINT ( 'NONE',  ( -20.40819268389990200, 3.206737643567343200E-015, 26.18499999999998800 ) ) ;
#2376 = EDGE_CURVE ( 'NONE', #1015, #777, #3082, .T. ) ;
#2377 = VERTEX_POINT ( 'NONE', #2317 ) ;
#2378 = VECTOR ( 'NONE', #2228, 1000.000000000000000 ) ;
#2379 = APPROVAL ( #1017, 'UNKNOWN' ) ;
#2380 = CARTESIAN_POINT ( 'NONE',  ( -49.10930008502348400, 0.0000000000000000000, 0.0000000000000000000 ) ) ;
#2381 = CARTESIAN_POINT ( 'NONE',  ( 58.15865425799412900, 1.966782759430647800E-015, 16.05999999999998800 ) ) ;
#2382 = AXIS2_PLACEMENT_3D ( 'NONE', #438, #2593, #751 ) ;
#2383 = EDGE_CURVE ( 'NONE', #2640, #1308, #1338, .T. ) ;
#2384 = CARTESIAN_POINT ( 'NONE',  ( 27.18325226216141400, 52.67889861492373200, -1.435505993040445000 ) ) ;
#2385 = DIRECTION ( 'NONE',  ( 1.000000000000000000, 0.0000000000000000000, 0.0000000000000000000 ) ) ;
#2386 = FACE_OUTER_BOUND ( 'NONE', #2674, .T. ) ;
#2387 = AXIS2_PLACEMENT_3D ( 'NONE', #2696, #852, #3017 ) ;
#2388 = FACE_OUTER_BOUND ( 'NONE', #526, .T. ) ;
#2389 = LINE ( 'NONE', #1625, #3026 ) ;
#2390 = ORIENTED_EDGE ( 'NONE', *, *, #3100, .T. ) ;
#2391 = CIRCLE ( 'NONE', #1886, 54.15999999999999700 ) ;
#2392 = ORIENTED_EDGE ( 'NONE', *, *, #1932, .F. ) ;
#2393 = CARTESIAN_POINT ( 'NONE',  ( 12.44007587442192000, 5.940330957173811700, 108.9345983911242800 ) ) ;
#2394 = CARTESIAN_POINT ( 'NONE',  ( -49.10930008502348400, 23.11499999999999800, 0.0000000000000000000 ) ) ;
#2395 = CARTESIAN_POINT ( 'NONE',  ( 11.80239958482399700, 50.11139265396602100, 101.3994591842339000 ) ) ;
#2396 = CC_DESIGN_PERSON_AND_ORGANIZATION_ASSIGNMENT ( #2161, #3734, ( #2177 ) ) ;
#2397 = DIRECTION ( 'NONE',  ( -0.8660254037844388200, 6.123233995736762300E-017, -0.4999999999999996700 ) ) ;
#2398 = LINE ( 'NONE', #3523, #2005 ) ;
#2399 = DIRECTION ( 'NONE',  ( -0.9777103847568747700, 0.2099580994831202200, 0.0000000000000000000 ) ) ;
#2400 = CARTESIAN_POINT ( 'NONE',  ( 27.18325226216141400, 52.67889861492373200, 35.26449400695955200 ) ) ;
#2401 = ORIENTED_EDGE ( 'NONE', *, *, #3641, .T. ) ;
#2402 = EDGE_CURVE ( 'NONE', #3666, #733, #2142, .T. ) ;
#2403 = ORIENTED_EDGE ( 'NONE', *, *, #3685, .T. ) ;
#2404 = EDGE_CURVE ( 'NONE', #2955, #3812, #3714, .T. ) ;
#2405 = ORIENTED_EDGE ( 'NONE', *, *, #351, .T. ) ;
#2406 = CARTESIAN_POINT ( 'NONE',  ( -46.22819268389991300, 0.0000000000000000000, 0.0000000000000000000 ) ) ;
#2407 = EDGE_LOOP ( 'NONE', ( #1769, #2758, #766, #3398 ) ) ;
#2408 = DATE_AND_TIME ( #3254, #45 ) ;
#2409 = ORIENTED_EDGE ( 'NONE', *, *, #3967, .F. ) ;
#2410 = CARTESIAN_POINT ( 'NONE',  ( -53.30290323835134800, 0.0000000000000000000, 0.0000000000000000000 ) ) ;
#2411 = ORIENTED_EDGE ( 'NONE', *, *, #2961, .T. ) ;
#2412 = CARTESIAN_POINT ( 'NONE',  ( 27.18325226216141400, 14.57889861492373000, 67.26449400695955200 ) ) ;
#2413 = CARTESIAN_POINT ( 'NONE',  ( 7.985247917722740700, 45.48294605381452300, 98.16854144585046500 ) ) ;
#2414 = DIRECTION ( 'NONE',  ( -0.9659258262890678700, 3.169619151431781000E-017, -0.2588190451025220700 ) ) ;
#2415 = CALENDAR_DATE ( 2014, 22, 10 ) ;
#2416 = CARTESIAN_POINT ( 'NONE',  ( -53.30290323835134800, 0.0000000000000000000, 22.79500000000000200 ) ) ;
#2417 = AXIS2_PLACEMENT_3D ( 'NONE', #399, #2557, #714 ) ;
#2418 = DIRECTION ( 'NONE',  ( 1.000000000000000000, 0.0000000000000000000, 0.0000000000000000000 ) ) ;
#2419 = CARTESIAN_POINT ( 'NONE',  ( 27.18325226216141400, 52.67889861492373200, -3.935505993040447200 ) ) ;
#2420 = APPROVAL_PERSON_ORGANIZATION ( #3262, #830, #3703 ) ;
#2421 = CARTESIAN_POINT ( 'NONE',  ( 58.15865425799412900, 3.321854442687194000E-015, 27.12499999999998600 ) ) ;
#2422 = ORIENTED_EDGE ( 'NONE', *, *, #2423, .F. ) ;
#2423 = EDGE_CURVE ( 'NONE', #1209, #203, #2899, .T. ) ;
#2424 = ORIENTED_EDGE ( 'NONE', *, *, #3316, .T. ) ;
#2425 = CARTESIAN_POINT ( 'NONE',  ( 8.441090801805751600, 43.77807800455587300, 96.46367339658264900 ) ) ;
#2426 = DIRECTION ( 'NONE',  ( 0.0000000000000000000, 0.0000000000000000000, -1.000000000000000000 ) ) ;
#2427 = CARTESIAN_POINT ( 'NONE',  ( 0.0000000000000000000, 0.0000000000000000000, 0.0000000000000000000 ) ) ;
#2428 = EDGE_CURVE ( 'NONE', #3414, #3055, #1232, .T. ) ;
#2429 = DIRECTION ( 'NONE',  ( -0.0000000000000000000, 0.0000000000000000000, -1.000000000000000000 ) ) ;
#2430 = EDGE_CURVE ( 'NONE', #2554, #2520, #3817, .T. ) ;
#2431 = CARTESIAN_POINT ( 'NONE',  ( 1.581905837302648900, 58.17665144988923500, -80.00235293493447800 ) ) ;
#2432 = CYLINDRICAL_SURFACE ( 'NONE', #2629, 22.79500000000000200 ) ;
#2433 = ORIENTED_EDGE ( 'NONE', *, *, #3099, .T. ) ;
#2434 = CARTESIAN_POINT ( 'NONE',  ( 27.18325226216141400, 31.17469476937192900, 104.5502345789262400 ) ) ;
#2435 = CARTESIAN_POINT ( 'NONE',  ( 8.291826096415947600, 40.76787047598003300, 92.03500815859234800 ) ) ;
#2436 = AXIS2_PLACEMENT_3D ( 'NONE', #845, #3011, #1150 ) ;
#2437 = CARTESIAN_POINT ( 'NONE',  ( 0.0000000000000000000, 38.10000000000000100, -29.00000000000000000 ) ) ;
#2438 = CIRCLE ( 'NONE', #3486, 16.05999999999999900 ) ;
#2439 = CARTESIAN_POINT ( 'NONE',  ( 15.63200460734532100, 53.06729470496691900, 105.7528900970028600 ) ) ;
#2440 = DIRECTION ( 'NONE',  ( 0.0000000000000000000, 0.0000000000000000000, 1.000000000000000000 ) ) ;
#2441 = FACE_OUTER_BOUND ( 'NONE', #3302, .T. ) ;
#2442 = EDGE_LOOP ( 'NONE', ( #3729, #3347 ) ) ;
#2443 = AXIS2_PLACEMENT_3D ( 'NONE', #3874, #2001, #160 ) ;
#2444 = CARTESIAN_POINT ( 'NONE',  ( 8.791045439775576400, 38.82217457498568800, 90.08275689760868900 ) ) ;
#2445 = CIRCLE ( 'NONE', #2606, 57.10000000000000100 ) ;
#2446 = DIRECTION ( 'NONE',  ( 0.0000000000000000000, 0.0000000000000000000, 1.000000000000000000 ) ) ;
#2447 = CARTESIAN_POINT ( 'NONE',  ( -17.90819268389989800, 0.0000000000000000000, -16.05999999999999200 ) ) ;
#2448 = EDGE_CURVE ( 'NONE', #1547, #1693, #427, .T. ) ;
#2449 = CARTESIAN_POINT ( 'NONE',  ( 7.823034554384043400, 37.93084328826294900, 90.61643868029885600 ) ) ;
#2450 = PRODUCT_RELATED_PRODUCT_CATEGORY ( 'detail', '', ( #2763 ) ) ;
#2451 = DIRECTION ( 'NONE',  ( 0.0000000000000000000, 0.0000000000000000000, -1.000000000000000000 ) ) ;
#2452 = ORIENTED_EDGE ( 'NONE', *, *, #1588, .T. ) ;
#2453 = CARTESIAN_POINT ( 'NONE',  ( 7.359346734324986100, 43.43947539626501000, 96.12507078830094500 ) ) ;
#2454 = CALENDAR_DATE ( 2014, 22, 10 ) ;
#2455 = EDGE_LOOP ( 'NONE', ( #1807, #3816, #2993, #1248 ) ) ;
#2456 = EDGE_LOOP ( 'NONE', ( #381, #1706 ) ) ;
#2457 = CARTESIAN_POINT ( 'NONE',  ( 10.09947550214738500, 34.09497749132432900, 86.78057288336022200 ) ) ;
#2458 = PERSON_AND_ORGANIZATION ( #1695, #597 ) ;
#2459 = DIRECTION ( 'NONE',  ( 0.0000000000000000000, -0.7071067811865487900, 0.7071067811865462400 ) ) ;
#2460 = ORIENTED_EDGE ( 'NONE', *, *, #1115, .T. ) ;
#2461 = AXIS2_PLACEMENT_3D ( 'NONE', #248, #884, #3650 ) ;
#2462 = APPROVAL_DATE_TIME ( #3297, #325 ) ;
#2463 = CARTESIAN_POINT ( 'NONE',  ( 23.98747510223631700, 28.97311502574390100, 80.16834784789621400 ) ) ;
#2464 = DIRECTION ( 'NONE',  ( 1.000000000000000000, -0.0000000000000000000, -0.0000000000000000000 ) ) ;
#2465 = CARTESIAN_POINT ( 'NONE',  ( 10.81730322010107900, 33.32536421082100700, 86.01095960285692900 ) ) ;
#2466 = ORIENTED_EDGE ( 'NONE', *, *, #2876, .T. ) ;
#2467 = AXIS2_PLACEMENT_3D ( 'NONE', #2598, #3229, #1363 ) ;
#2468 = PERSON_AND_ORGANIZATION_ROLE ( 'creator' ) ;
#2469 = ADVANCED_FACE ( 'NONE', ( #318 ), #1853, .F. ) ;
#2470 = ORIENTED_EDGE ( 'NONE', *, *, #2998, .F. ) ;
#2471 = VECTOR ( 'NONE', #3461, 1000.000000000000000 ) ;
#2472 = CARTESIAN_POINT ( 'NONE',  ( 14.12157115150854000, 31.76819380280303000, 84.45378919483663100 ) ) ;
#2473 = DIRECTION ( 'NONE',  ( -0.6913456430981067500, 0.1484627959095566100, -0.7071067811865351400 ) ) ;
#2474 = CC_DESIGN_PERSON_AND_ORGANIZATION_ASSIGNMENT ( #2861, #618, ( #1642 ) ) ;
#2475 = CARTESIAN_POINT ( 'NONE',  ( 20.52909880697472300, 29.65047600514390800, 80.85340327545664300 ) ) ;
#2476 = CARTESIAN_POINT ( 'NONE',  ( 25.09002883806571700, 27.43577066460958500, 80.12136605664545600 ) ) ;
#2477 = VERTEX_POINT ( 'NONE', #1118 ) ;
#2478 = APPROVAL_ROLE ( '' ) ;
#2479 = CARTESIAN_POINT ( 'NONE',  ( 18.65795022788798700, 30.22505181880759700, 81.43389977043904100 ) ) ;
#2480 = CIRCLE ( 'NONE', #1855, 23.71000000000000100 ) ;
#2481 = EDGE_CURVE ( 'NONE', #2507, #3812, #3526, .T. ) ;
#2482 = DIRECTION ( 'NONE',  ( 0.0000000000000000000, 0.0000000000000000000, -1.000000000000000000 ) ) ;
#2483 = FACE_OUTER_BOUND ( 'NONE', #2219, .T. ) ;
#2484 = ADVANCED_FACE ( 'NONE', ( #2688, #3615 ), #3908, .T. ) ;
#2485 = FACE_BOUND ( 'NONE', #3619, .T. ) ;
#2486 = ORIENTED_EDGE ( 'NONE', *, *, #734, .T. ) ;
#2487 = CARTESIAN_POINT ( 'NONE',  ( 9.602499243299794400, 37.11103809450395400, 88.36480108776703400 ) ) ;
#2488 = AXIS2_PLACEMENT_3D ( 'NONE', #204, #3308, #1442 ) ;
#2489 = FACE_OUTER_BOUND ( 'NONE', #2880, .T. ) ;
#2490 = CARTESIAN_POINT ( 'NONE',  ( -29.72930008502348500, 23.71000000000000100, 0.0000000000000000000 ) ) ;
#2491 = ORIENTED_EDGE ( 'NONE', *, *, #3135, .T. ) ;
#2492 = MECHANICAL_CONTEXT ( 'NONE', #4006, 'mechanical' ) ;
#2493 = CIRCLE ( 'NONE', #3801, 16.05999999999999900 ) ;
#2494 = CARTESIAN_POINT ( 'NONE',  ( -33.35930008502348400, 0.0000000000000000000, 0.0000000000000000000 ) ) ;
#2495 = CARTESIAN_POINT ( 'NONE',  ( 23.77578122653935800, 27.53371862035552900, 80.21931401239139300 ) ) ;
#2496 = ORIENTED_EDGE ( 'NONE', *, *, #212, .T. ) ;
#2497 = EDGE_LOOP ( 'NONE', ( #2207, #523 ) ) ;
#2498 = CARTESIAN_POINT ( 'NONE',  ( 50.28166010204257900, 47.71863851463502500, -3.435505993040460600 ) ) ;
#2499 = VERTEX_POINT ( 'NONE', #2976 ) ;
#2500 = EDGE_LOOP ( 'NONE', ( #1760, #2849, #568, #2112 ) ) ;
#2501 = CIRCLE ( 'NONE', #2740, 22.79499999999999500 ) ;
#2502 = CARTESIAN_POINT ( 'NONE',  ( 10.17622496337407700, 48.21758279712361200, 99.50241108280506800 ) ) ;
#2503 = DIRECTION ( 'NONE',  ( -1.000000000000000000, -0.0000000000000000000, -0.0000000000000000000 ) ) ;
#2504 = CC_DESIGN_DATE_AND_TIME_ASSIGNMENT ( #529, #2579, ( #1670 ) ) ;
#2505 = DIRECTION ( 'NONE',  ( 0.3535533905932729000, -0.3623724356957958000, 0.8623724356957942500 ) ) ;
#2506 = PERSON_AND_ORGANIZATION ( #1695, #597 ) ;
#2507 = VERTEX_POINT ( 'NONE', #2357 ) ;
#2508 = PERSON_AND_ORGANIZATION_ROLE ( 'classification_officer' ) ;
#2509 = ADVANCED_FACE ( 'NONE', ( #1955 ), #219, .T. ) ;
#2510 = DATE_AND_TIME ( #3333, #150 ) ;
#2511 = EDGE_CURVE ( 'NONE', #203, #2128, #1757, .T. ) ;
#2512 = DIRECTION ( 'NONE',  ( -1.000000000000000000, -0.0000000000000000000, -0.0000000000000000000 ) ) ;
#2513 = CARTESIAN_POINT ( 'NONE',  ( 25.09002883806571700, 27.43577066460958500, 80.12136605664545600 ) ) ;
#2514 = AXIS2_PLACEMENT_3D ( 'NONE', #408, #2569, #725 ) ;
#2515 = CARTESIAN_POINT ( 'NONE',  ( 21.27268428087955200, 54.98443818831349000, 106.2793644793132200 ) ) ;
#2516 = CARTESIAN_POINT ( 'NONE',  ( 25.09002883806571700, 27.43577066460958800, 80.12136605664545600 ) ) ;
#2517 = ORIENTED_EDGE ( 'NONE', *, *, #3682, .F. ) ;
#2518 = DIRECTION ( 'NONE',  ( 1.000000000000000000, 0.0000000000000000000, 0.0000000000000000000 ) ) ;
#2519 = DIRECTION ( 'NONE',  ( -1.000000000000000000, -0.0000000000000000000, -0.0000000000000000000 ) ) ;
#2520 = VERTEX_POINT ( 'NONE', #1863 ) ;
#2521 = AXIS2_PLACEMENT_3D ( 'NONE', #3095, #1233, #3402 ) ;
#2522 = APPROVAL_STATUS ( 'not_yet_approved' ) ;
#2523 = DIRECTION ( 'NONE',  ( -1.000000000000000000, -0.0000000000000000000, -0.0000000000000000000 ) ) ;
#2524 = CARTESIAN_POINT ( 'NONE',  ( 53.70364644869163600, 46.98378516644410000, -80.00235293493447800 ) ) ;
#2525 = CC_DESIGN_APPROVAL ( #2327, ( #1694 ) ) ;
#2526 = ADVANCED_FACE ( 'NONE', ( #3319 ), #31, .T. ) ;
#2527 = DIRECTION ( 'NONE',  ( 1.000000000000000000, -0.0000000000000000000, -0.0000000000000000000 ) ) ;
#2528 = CARTESIAN_POINT ( 'NONE',  ( 29.52616013182734300, 28.20051380752497000, 80.88610919955634400 ) ) ;
#2529 = EDGE_CURVE ( 'NONE', #1422, #2623, #859, .T. ) ;
#2530 = FACE_OUTER_BOUND ( 'NONE', #3909, .T. ) ;
#2531 = CARTESIAN_POINT ( 'NONE',  ( 27.18325226216141400, 52.67889861492373200, 38.26449400695955200 ) ) ;
#2532 = APPLICATION_PROTOCOL_DEFINITION ( 'international standard', 'config_control_design', 1994, #375 ) ;
#2533 = CIRCLE ( 'NONE', #1597, 27.87499999999998600 ) ;
#2534 = DIRECTION ( 'NONE',  ( -1.000000000000000000, 0.0000000000000000000, 0.0000000000000000000 ) ) ;
#2535 = CARTESIAN_POINT ( 'NONE',  ( 3.595989229901793000, 57.74413776495401200, -3.935505993040454300 ) ) ;
#2536 = CIRCLE ( 'NONE', #3980, 27.87499999999999600 ) ;
#2537 = AXIS2_PLACEMENT_3D ( 'NONE', #639, #2801, #956 ) ;
#2538 = EDGE_LOOP ( 'NONE', ( #2392, #3479, #2140, #1462 ) ) ;
#2539 = FACE_BOUND ( 'NONE', #3298, .T. ) ;
#2540 = CARTESIAN_POINT ( 'NONE',  ( 33.77663056787683600, 29.61109219614299800, 80.81362824064029800 ) ) ;
#2541 = AXIS2_PLACEMENT_3D ( 'NONE', #1718, #2033, #192 ) ;
#2542 = ORIENTED_EDGE ( 'NONE', *, *, #3052, .T. ) ;
#2543 = EDGE_CURVE ( 'NONE', #2520, #882, #2601, .T. ) ;
#2544 = CARTESIAN_POINT ( 'NONE',  ( 43.56596356633129800, 34.71376474821158100, 87.39936014024522100 ) ) ;
#2545 = DIRECTION ( 'NONE',  ( 0.0000000000000000000, 0.0000000000000000000, -1.000000000000000000 ) ) ;
#2546 = APPROVAL_ROLE ( '' ) ;
#2547 = ORIENTED_EDGE ( 'NONE', *, *, #3336, .T. ) ;
#2548 = ADVANCED_FACE ( 'NONE', ( #1669 ), #775, .F. ) ;
#2549 = CARTESIAN_POINT ( 'NONE',  ( 38.10071754275727300, 53.21368682296671400, 104.5063314509392300 ) ) ;
#2550 = DIRECTION ( 'NONE',  ( 0.0000000000000000000, 0.0000000000000000000, -1.000000000000000000 ) ) ;
#2551 = EDGE_CURVE ( 'NONE', #3601, #1193, #1565, .T. ) ;
#2552 = AXIS2_PLACEMENT_3D ( 'NONE', #273, #2440, #593 ) ;
#2553 = ITEM_DEFINED_TRANSFORMATION ( 'NONE', 'NONE', #2350,  #696 ) ;
#2554 = VERTEX_POINT ( 'NONE', #3452 ) ;
#2555 = ORIENTED_EDGE ( 'NONE', *, *, #2826, .F. ) ;
#2556 = CALENDAR_DATE ( 2014, 22, 10 ) ;
#2557 = DIRECTION ( 'NONE',  ( 0.0000000000000000000, 0.0000000000000000000, 1.000000000000000000 ) ) ;
#2558 = CARTESIAN_POINT ( 'NONE',  ( 39.26315418627719800, 30.22315539220093300, 82.90875078423681500 ) ) ;
#2559 = EDGE_CURVE ( 'NONE', #1209, #1280, #3241, .T. ) ;
#2560 = CARTESIAN_POINT ( 'NONE',  ( 44.91882828879561600, 37.39914847520676500, 88.65411439071719700 ) ) ;
#2561 = APPROVAL_PERSON_ORGANIZATION ( #3382, #325, #2478 ) ;
#2562 = CARTESIAN_POINT ( 'NONE',  ( 43.24325226216141300, 52.67889861492373200, 38.26449400695955200 ) ) ;
#2563 = PERSON_AND_ORGANIZATION_ROLE ( 'classification_officer' ) ;
#2564 = CARTESIAN_POINT ( 'NONE',  ( 46.08584116777082300, 43.63917791642986500, 94.91429988291940800 ) ) ;
#2565 = EDGE_CURVE ( 'NONE', #3374, #1693, #2493, .T. ) ;
#2566 = CARTESIAN_POINT ( 'NONE',  ( -17.90819268389989800, 0.0000000000000000000, 0.0000000000000000000 ) ) ;
#2567 = VERTEX_POINT ( 'NONE', #2838 ) ;
#2568 = CARTESIAN_POINT ( 'NONE',  ( 0.0000000000000000000, 26.94076836320741100, 26.94076836320751100 ) ) ;
#2569 = DIRECTION ( 'NONE',  ( 0.0000000000000000000, 0.0000000000000000000, 1.000000000000000000 ) ) ;
#2570 = ORIENTED_EDGE ( 'NONE', *, *, #2615, .F. ) ;
#2571 = TOROIDAL_SURFACE ( 'NONE', #309, 21.49999999999999600, 2.500000000000000000 ) ;
#2572 = AXIS2_PLACEMENT_3D ( 'NONE', #11, #323, #1851 ) ;
#2573 = ADVANCED_FACE ( 'NONE', ( #3957, #3416 ), #2203, .T. ) ;
#2574 = DIRECTION ( 'NONE',  ( 0.0000000000000000000, 0.0000000000000000000, 1.000000000000000000 ) ) ;
#2575 = CARTESIAN_POINT ( 'NONE',  ( 42.16071172493739300, 33.26402982472775000, 85.94962521676251300 ) ) ;
#2576 = CARTESIAN_POINT ( 'NONE',  ( 47.14073007818031200, 40.47942001469123600, 93.16501540672715000 ) ) ;
#2577 = DIRECTION ( 'NONE',  ( 0.0000000000000000000, 0.0000000000000000000, 1.000000000000000000 ) ) ;
#2578 = AXIS2_PLACEMENT_3D ( 'NONE', #3061, #1203, #3364 ) ;
#2579 = DATE_TIME_ROLE ( 'classification_date' ) ;
#2580 = CARTESIAN_POINT ( 'NONE',  ( 41.90866860201774800, 33.72938450311083600, 84.96563920752633700 ) ) ;
#2581 = ORIENTED_EDGE ( 'NONE', *, *, #3076, .F. ) ;
#2582 = CARTESIAN_POINT ( 'NONE',  ( 27.18325226216141400, 52.67889861492373200, -3.935505993040447200 ) ) ;
#2583 = CARTESIAN_POINT ( 'NONE',  ( 27.18325226216141400, 52.67889861492373200, 35.26449400695955200 ) ) ;
#2584 = EDGE_CURVE ( 'NONE', #2255, #1015, #2303, .T. ) ;
#2585 = ORIENTED_EDGE ( 'NONE', *, *, #2060, .F. ) ;
#2586 = SHAPE_REPRESENTATION_RELATIONSHIP ( 'NONE' , 'NONE' ,  #2332, #1408 ) ;
#2587 = CC_DESIGN_APPROVAL ( #2379, ( #196 ) ) ;
#2588 = CIRCLE ( 'NONE', #3829, 0.9999999999999942300 ) ;
#2589 = CARTESIAN_POINT ( 'NONE',  ( 37.09483259916401500, 29.21058010001400600, 81.89617549204989200 ) ) ;
#2590 = CIRCLE ( 'NONE', #1131, 1.000000000000005300 ) ;
#2591 = CARTESIAN_POINT ( 'NONE',  ( 46.15469243592990300, 42.29765032258498500, 94.98324571461978400 ) ) ;
#2592 = ORIENTED_EDGE ( 'NONE', *, *, #2543, .F. ) ;
#2593 = DIRECTION ( 'NONE',  ( 0.0000000000000000000, -0.7071067811865487900, 0.7071067811865462400 ) ) ;
#2594 = CONICAL_SURFACE ( 'NONE', #240, 16.05999999999999500, 0.7853981633974552700 ) ;
#2595 = ADVANCED_FACE ( 'NONE', ( #1471 ), #564, .T. ) ;
#2596 = CARTESIAN_POINT ( 'NONE',  ( 27.18325226216141400, 28.81018330988642300, 80.00343179356173100 ) ) ;
#2597 = ORIENTED_EDGE ( 'NONE', *, *, #387, .F. ) ;
#2598 = CARTESIAN_POINT ( 'NONE',  ( 33.03583428525338700, 79.93257559002161400, 32.76449400695955200 ) ) ;
#2599 = DIRECTION ( 'NONE',  ( 1.000000000000000000, -0.0000000000000000000, -0.0000000000000000000 ) ) ;
#2600 = AXIS2_PLACEMENT_3D ( 'NONE', #1663, #3847, #1975 ) ;
#2601 = CIRCLE ( 'NONE', #3175, 22.79500000000000200 ) ;
#2602 = ORIENTED_EDGE ( 'NONE', *, *, #1200, .F. ) ;
#2603 = CARTESIAN_POINT ( 'NONE',  ( 45.74111804405596600, 36.23022395078822200, 88.91581934282413600 ) ) ;
#2604 = DIRECTION ( 'NONE',  ( 0.0000000000000000000, 0.0000000000000000000, 1.000000000000000000 ) ) ;
#2605 = ORIENTED_EDGE ( 'NONE', *, *, #68, .T. ) ;
#2606 = AXIS2_PLACEMENT_3D ( 'NONE', #1453, #3635, #1766 ) ;
#2607 = EDGE_LOOP ( 'NONE', ( #210, #326, #2705, #3 ) ) ;
#2608 = CIRCLE ( 'NONE', #1491, 16.05999999999999900 ) ;
#2609 = CARTESIAN_POINT ( 'NONE',  ( 45.22986618660000600, 46.43918916657827400, 97.72060315307588500 ) ) ;
#2610 = CARTESIAN_POINT ( 'NONE',  ( 27.72987994629099600, 27.33281328577093200, 80.01840867780680400 ) ) ;
#2611 = PERSON_AND_ORGANIZATION ( #1695, #597 ) ;
#2612 = ORIENTED_EDGE ( 'NONE', *, *, #2448, .F. ) ;
#2613 = VERTEX_POINT ( 'NONE', #1005 ) ;
#2614 = DIRECTION ( 'NONE',  ( -1.000000000000000000, -0.0000000000000000000, -0.0000000000000000000 ) ) ;
#2615 = EDGE_CURVE ( 'NONE', #3045, #3963, #664, .T. ) ;
#2616 = DIRECTION ( 'NONE',  ( 0.0000000000000000000, 0.0000000000000000000, -1.000000000000000000 ) ) ;
#2617 = CC_DESIGN_DATE_AND_TIME_ASSIGNMENT ( #2915, #1860, ( #2177 ) ) ;
#2618 = APPROVAL_DATE_TIME ( #3438, #3864 ) ;
#2619 = ADVANCED_FACE ( 'NONE', ( #1385 ), #2088, .F. ) ;
#2620 = CARTESIAN_POINT ( 'NONE',  ( 45.95583270977037700, 46.41187191189074900, 99.09746730392666300 ) ) ;
#2621 = DIRECTION ( 'NONE',  ( 0.0000000000000000000, 0.0000000000000000000, -1.000000000000000000 ) ) ;
#2622 = CARTESIAN_POINT ( 'NONE',  ( 43.56595295465484700, 49.67802502043468800, 102.3636204124706400 ) ) ;
#2623 = VERTEX_POINT ( 'NONE', #707 ) ;
#2624 = CYLINDRICAL_SURFACE ( 'NONE', #3848, 22.79500000000000200 ) ;
#2625 = DIRECTION ( 'NONE',  ( 1.000000000000000000, -0.0000000000000000000, -0.0000000000000000000 ) ) ;
#2626 = CARTESIAN_POINT ( 'NONE',  ( 0.0000000000000000000, 0.0000000000000000000, 0.0000000000000000000 ) ) ;
#2627 = VERTEX_POINT ( 'NONE', #2874 ) ;
#2628 = DIRECTION ( 'NONE',  ( 1.000000000000000000, -0.0000000000000000000, -0.0000000000000000000 ) ) ;
#2629 = AXIS2_PLACEMENT_3D ( 'NONE', #1298, #3473, #3162 ) ;
#2630 = CARTESIAN_POINT ( 'NONE',  ( 32.50800599023861500, 55.15303134357777300, 107.8386267356137700 ) ) ;
#2631 = DIRECTION ( 'NONE',  ( -1.000000000000000000, -0.0000000000000000000, -0.0000000000000000000 ) ) ;
#2632 = CARTESIAN_POINT ( 'NONE',  ( 39.82973628270353600, 51.56243461046250300, 104.2480300025007300 ) ) ;
#2633 = CARTESIAN_POINT ( 'NONE',  ( 18.87418256168066200, 54.29935809740091900, 105.5934274888910700 ) ) ;
#2634 = EDGE_LOOP ( 'NONE', ( #3626, #951 ) ) ;
#2635 = DIRECTION ( 'NONE',  ( 1.000000000000000000, 0.0000000000000000000, 0.0000000000000000000 ) ) ;
#2636 = FACE_OUTER_BOUND ( 'NONE', #1266, .T. ) ;
#2637 = CARTESIAN_POINT ( 'NONE',  ( 43.30175133930873000, 27.76283095717381100, 130.7570983911243400 ) ) ;
#2638 = CIRCLE ( 'NONE', #3281, 19.44999999999998500 ) ;
#2639 = PRODUCT ( 'Part13^PL-24-45-WFFD', 'Part13^PL-24-45-WFFD', '', ( #3722 ) ) ;
#2640 = VERTEX_POINT ( 'NONE', #1021 ) ;
#2641 = FACE_OUTER_BOUND ( 'NONE', #3338, .T. ) ;
#2642 = CARTESIAN_POINT ( 'NONE',  ( 46.18325226216141000, 52.67889861492373200, 38.26449400695955200 ) ) ;
#2643 = CARTESIAN_POINT ( 'NONE',  ( -29.72930008502348500, 0.0000000000000000000, 0.0000000000000000000 ) ) ;
#2644 = ORIENTED_EDGE ( 'NONE', *, *, #2805, .T. ) ;
#2645 = CIRCLE ( 'NONE', #3093, 26.68795201467610700 ) ;
#2646 = EDGE_CURVE ( 'NONE', #2909, #2782, #1282, .T. ) ;
#2647 = CARTESIAN_POINT ( 'NONE',  ( 13.56288238964713400, 51.91076182974680400, 104.5963572217827700 ) ) ;
#2648 = CARTESIAN_POINT ( 'NONE',  ( -46.22819268389991300, 0.0000000000000000000, 0.0000000000000000000 ) ) ;
#2649 = VERTEX_POINT ( 'NONE', #1609 ) ;
#2650 = AXIS2_PLACEMENT_3D ( 'NONE', #3307, #2047, #2656 ) ;
#2651 = CARTESIAN_POINT ( 'NONE',  ( 38.96296601373941100, 52.95143940771691900, 105.6370347997528800 ) ) ;
#2652 = ORIENTED_EDGE ( 'NONE', *, *, #720, .F. ) ;
#2653 = APPROVAL_DATE_TIME ( #3484, #3624 ) ;
#2654 = CARTESIAN_POINT ( 'NONE',  ( 27.97089970520178100, 55.67519822675745200, 108.3607936187934400 ) ) ;
#2655 = ORIENTED_EDGE ( 'NONE', *, *, #623, .T. ) ;
#2656 = DIRECTION ( 'NONE',  ( 0.0000000000000000000, 0.0000000000000000000, 1.000000000000000000 ) ) ;
#2657 = UNCERTAINTY_MEASURE_WITH_UNIT (LENGTH_MEASURE( 1.000000000000000100E-005 ), #1177, 'distance_accuracy_value', 'NONE');
#2658 = AXIS2_PLACEMENT_3D ( 'NONE', #2661, #818, #2979 ) ;
#2659 = DATE_AND_TIME ( #3487, #279 ) ;
#2660 = DIRECTION ( 'NONE',  ( 1.000000000000000000, 0.0000000000000000000, -0.0000000000000000000 ) ) ;
#2661 = CARTESIAN_POINT ( 'NONE',  ( 27.18325226216141400, 33.03438560389255200, 102.6905437444056200 ) ) ;
#2662 = CALENDAR_DATE ( 2014, 22, 10 ) ;
#2663 = DIRECTION ( 'NONE',  ( 0.0000000000000000000, 0.0000000000000000000, 1.000000000000000000 ) ) ;
#2664 = EDGE_CURVE ( 'NONE', #186, #2056, #2192, .T. ) ;
#2665 = PRODUCT_DEFINITION ( 'UNKNOWN', '', #3698, #3955 ) ;
#2666 = CARTESIAN_POINT ( 'NONE',  ( 34.02743550444723300, 54.08965140190628100, 106.7752467939422300 ) ) ;
#2667 = ORIENTED_EDGE ( 'NONE', *, *, #3076, .T. ) ;
#2668 = CARTESIAN_POINT ( 'NONE',  ( 21.18031552777888000, 54.28024760909921300, 106.9658430011397300 ) ) ;
#2669 = CARTESIAN_POINT ( 'NONE',  ( 27.18325226216141400, 52.67889861492373200, -80.00235293493447800 ) ) ;
#2670 = VERTEX_POINT ( 'NONE', #2252 ) ;
#2671 = FACE_OUTER_BOUND ( 'NONE', #3899, .T. ) ;
#2672 = DIRECTION ( 'NONE',  ( -1.000000000000000000, 0.0000000000000000000, 0.0000000000000000000 ) ) ;
#2673 = AXIS2_PLACEMENT_3D ( 'NONE', #1518, #3700, #1829 ) ;
#2674 = EDGE_LOOP ( 'NONE', ( #132, #376, #3256, #1479 ) ) ;
#2675 = AXIS2_PLACEMENT_3D ( 'NONE', #3248, #1376, #3550 ) ;
#2676 = CARTESIAN_POINT ( 'NONE',  ( 5.683252262161417400, 52.67889861492373200, 40.76449400695955900 ) ) ;
#2677 = CIRCLE ( 'NONE', #3204, 26.18499999999998800 ) ;
#2678 = CARTESIAN_POINT ( 'NONE',  ( -29.72930008502348500, 0.0000000000000000000, 0.0000000000000000000 ) ) ;
#2679 = TOROIDAL_SURFACE ( 'NONE', #927, 38.10000000000000100, 16.05999999999999900 ) ;
#2680 = SECURITY_CLASSIFICATION ( '', '', #2774 ) ;
#2681 = DIRECTION ( 'NONE',  ( -0.0000000000000000000, -0.0000000000000000000, 1.000000000000000000 ) ) ;
#2682 = ORIENTED_EDGE ( 'NONE', *, *, #2279, .T. ) ;
#2683 = CARTESIAN_POINT ( 'NONE',  ( 27.18325226216141400, 31.17469476937192900, 104.5502345789262400 ) ) ;
#2684 = DIRECTION ( 'NONE',  ( 0.0000000000000000000, 0.0000000000000000000, 1.000000000000000000 ) ) ;
#2685 = DIRECTION ( 'NONE',  ( 0.0000000000000000000, 0.0000000000000000000, -1.000000000000000000 ) ) ;
#2686 = LINE ( 'NONE', #2764, #3954 ) ;
#2687 = ORIENTED_EDGE ( 'NONE', *, *, #1452, .F. ) ;
#2688 = FACE_OUTER_BOUND ( 'NONE', #1589, .T. ) ;
#2689 = VERTEX_POINT ( 'NONE', #3809 ) ;
#2690 = EDGE_CURVE ( 'NONE', #882, #2520, #3031, .T. ) ;
#2691 = ORIENTED_EDGE ( 'NONE', *, *, #846, .T. ) ;
#2692 = CARTESIAN_POINT ( 'NONE',  ( -20.40819268389990200, 0.0000000000000000000, -26.18499999999998800 ) ) ;
#2693 = DIRECTION ( 'NONE',  ( 0.0000000000000000000, -0.7071067811865487900, 0.7071067811865462400 ) ) ;
#2694 = EDGE_LOOP ( 'NONE', ( #3665, #2913, #614, #3171 ) ) ;
#2695 = CIRCLE ( 'NONE', #1097, 26.18499999999998800 ) ;
#2696 = CARTESIAN_POINT ( 'NONE',  ( 2.326828918379971000E-015, 0.0000000000000000000, 0.0000000000000000000 ) ) ;
#2697 = AXIS2_PLACEMENT_3D ( 'NONE', #3318, #1450, #3632 ) ;
#2698 = DIRECTION ( 'NONE',  ( -0.9777103847568747700, 0.2099580994831201600, 0.0000000000000000000 ) ) ;
#2699 = CALENDAR_DATE ( 2014, 22, 10 ) ;
#2700 = VERTEX_POINT ( 'NONE', #99 ) ;
#2701 = APPROVAL_PERSON_ORGANIZATION ( #3540, #3864, #1263 ) ;
#2702 = CARTESIAN_POINT ( 'NONE',  ( 27.18325226216141400, 52.67889861492373200, 24.38449400695956400 ) ) ;
#2703 = DIRECTION ( 'NONE',  ( -0.9777103847568747700, 0.2099580994831202200, 0.0000000000000000000 ) ) ;
#2704 = CARTESIAN_POINT ( 'NONE',  ( 11.09303452754348700, 48.68559551889265400, 101.3711909109308800 ) ) ;
#2705 = ORIENTED_EDGE ( 'NONE', *, *, #3912, .T. ) ;
#2706 = LINE ( 'NONE', #2642, #3546 ) ;
#2707 = CC_DESIGN_PERSON_AND_ORGANIZATION_ASSIGNMENT ( #2789, #740, ( #1670 ) ) ;
#2708 = CARTESIAN_POINT ( 'NONE',  ( 27.18325226216141400, 52.67889861492373200, -3.435505993040460600 ) ) ;
#2709 = DIRECTION ( 'NONE',  ( -0.9777103847568748800, 0.2099580994831200800, 0.0000000000000000000 ) ) ;
#2710 = DESIGN_CONTEXT ( 'detailed design', #1218, 'design' ) ;
#2711 = ORIENTED_EDGE ( 'NONE', *, *, #350, .F. ) ;
#2712 = DIRECTION ( 'NONE',  ( 0.0000000000000000000, 0.0000000000000000000, -1.000000000000000000 ) ) ;
#2713 = CARTESIAN_POINT ( 'NONE',  ( 8.945148134911571300, 45.98699271946938400, 97.26746204398769200 ) ) ;
#2714 = CARTESIAN_POINT ( 'NONE',  ( -17.90819268389989800, 2.241103642439655100E-015, -18.29999999999999000 ) ) ;
#2715 = AXIS2_PLACEMENT_3D ( 'NONE', #378, #2233, #708 ) ;
#2716 = DIRECTION ( 'NONE',  ( -1.000000000000000000, -0.0000000000000000000, -0.0000000000000000000 ) ) ;
#2717 = CARTESIAN_POINT ( 'NONE',  ( 25.52520105327445800, 28.85916565860672400, 80.05301449910287200 ) ) ;
#2718 =( NAMED_UNIT ( * ) PLANE_ANGLE_UNIT ( ) SI_UNIT ( $, .RADIAN. ) );
#2719 = DIRECTION ( 'NONE',  ( -0.9777103847568747700, 0.2099580994831202500, 0.0000000000000000000 ) ) ;
#2720 = VECTOR ( 'NONE', #1199, 1000.000000000000000 ) ;
#2721 = AXIS2_PLACEMENT_3D ( 'NONE', #3706, #1832, #915 ) ;
#2722 = FACE_OUTER_BOUND ( 'NONE', #490, .T. ) ;
#2723 = CIRCLE ( 'NONE', #367, 23.11500000000000600 ) ;
#2724 = ORIENTED_EDGE ( 'NONE', *, *, #1979, .T. ) ;
#2725 = CARTESIAN_POINT ( 'NONE',  ( -57.10819268389989400, 0.0000000000000000000, 0.0000000000000000000 ) ) ;
#2726 = FACE_OUTER_BOUND ( 'NONE', #3775, .T. ) ;
#2727 = EDGE_LOOP ( 'NONE', ( #3862, #634, #688, #2682 ) ) ;
#2728 = DIRECTION ( 'NONE',  ( 0.0000000000000000000, 0.0000000000000000000, -1.000000000000000000 ) ) ;
#2729 = CARTESIAN_POINT ( 'NONE',  ( 7.359346734368299900, 43.43947539627556900, 96.12507078831149000 ) ) ;
#2730 = CC_DESIGN_SECURITY_CLASSIFICATION ( #1694, ( #668 ) ) ;
#2731 = FACE_BOUND ( 'NONE', #1866, .T. ) ;
#2732 = EDGE_CURVE ( 'NONE', #226, #3603, #3865, .T. ) ;
#2733 = CARTESIAN_POINT ( 'NONE',  ( 27.96587623265458300, 55.65259780652802100, 108.3381931985640100 ) ) ;
#2734 = DIRECTION ( 'NONE',  ( 1.000000000000000000, 0.0000000000000000000, 0.0000000000000000000 ) ) ;
#2735 = EDGE_LOOP ( 'NONE', ( #3143, #2424, #1225, #3998 ) ) ;
#2736 = PRODUCT ( 'PL-24-45-WFFD', 'PL-24-45-WFFD', '', ( #922 ) ) ;
#2737 = EDGE_CURVE ( 'NONE', #1896, #1146, #3761, .T. ) ;
#2738 = ORIENTED_EDGE ( 'NONE', *, *, #2204, .T. ) ;
#2739 = DIRECTION ( 'NONE',  ( -1.000000000000000000, 0.0000000000000000000, 0.0000000000000000000 ) ) ;
#2740 = AXIS2_PLACEMENT_3D ( 'NONE', #1559, #3742, #1871 ) ;
#2741 = DATE_AND_TIME ( #3576, #379 ) ;
#2742 = ORIENTED_EDGE ( 'NONE', *, *, #1650, .T. ) ;
#2743 = DIRECTION ( 'NONE',  ( -0.7071067811865463500, -0.5000000000000001100, -0.5000000000000015500 ) ) ;
#2744 = VERTEX_POINT ( 'NONE', #1350 ) ;
#2745 = CARTESIAN_POINT ( 'NONE',  ( 8.331854736261179900, 39.83798104474553300, 92.52357643678374200 ) ) ;
#2746 = CARTESIAN_POINT ( 'NONE',  ( -18.40819268389988400, 0.0000000000000000000, 0.0000000000000000000 ) ) ;
#2747 = DIRECTION ( 'NONE',  ( -1.000000000000000000, 0.0000000000000000000, 0.0000000000000000000 ) ) ;
#2748 = APPROVAL_DATE_TIME ( #3581, #3350 ) ;
#2749 = CARTESIAN_POINT ( 'NONE',  ( 13.56288238983631600, 51.91076182960532700, 104.5963572216413000 ) ) ;
#2750 = AXIS2_PLACEMENT_3D ( 'NONE', #947, #1253, #3419 ) ;
#2751 =( LENGTH_UNIT ( ) NAMED_UNIT ( * ) SI_UNIT ( .MILLI., .METRE. ) );
#2752 = EDGE_LOOP ( 'NONE', ( #1517, #626, #3379, #868 ) ) ;
#2753 = DATE_AND_TIME ( #3587, #390 ) ;
#2754 = CARTESIAN_POINT ( 'NONE',  ( 9.152281948307747300, 37.27245972961027600, 89.95805512164389500 ) ) ;
#2755 = CARTESIAN_POINT ( 'NONE',  ( 0.0000000000000000000, 26.94076836320741100, 26.94076836320751100 ) ) ;
#2756 = ORIENTED_EDGE ( 'NONE', *, *, #913, .F. ) ;
#2757 =( GEOMETRIC_REPRESENTATION_CONTEXT ( 3 ) GLOBAL_UNCERTAINTY_ASSIGNED_CONTEXT ( ( #1234 ) ) GLOBAL_UNIT_ASSIGNED_CONTEXT ( ( #2751, #909, #3066 ) ) REPRESENTATION_CONTEXT ( 'NONE', 'WORKASPACE' ) );
#2758 = ORIENTED_EDGE ( 'NONE', *, *, #3814, .T. ) ;
#2759 = VECTOR ( 'NONE', #3757, 1000.000000000000000 ) ;
#2760 = DIRECTION ( 'NONE',  ( -1.000000000000000000, -0.0000000000000000000, -0.0000000000000000000 ) ) ;
#2761 = CARTESIAN_POINT ( 'NONE',  ( 7.146798899900671700, 41.14109460366075400, 93.82668999569669700 ) ) ;
#2762 = APPLICATION_PROTOCOL_DEFINITION ( 'international standard', 'config_control_design', 1994, #602 ) ;
#2763 = PRODUCT ( 'WH-FEMALE-24-WFFD-ELBOW', 'WH-FEMALE-24-WFFD-ELBOW', '', ( #1272 ) ) ;
#2764 = CARTESIAN_POINT ( 'NONE',  ( 10.83847901503439300, 7.773156184497239900, 104.8367731638008400 ) ) ;
#2765 = CARTESIAN_POINT ( 'NONE',  ( 10.95366434033833200, 35.18577862038414100, 86.43048253089976600 ) ) ;
#2766 = EDGE_CURVE ( 'NONE', #1296, #1997, #2398, .T. ) ;
#2767 = CARTESIAN_POINT ( 'NONE',  ( 58.15865425799412900, 0.0000000000000000000, 0.0000000000000000000 ) ) ;
#2768 = ADVANCED_FACE ( 'NONE', ( #2835, #473 ), #1963, .T. ) ;
#2769 = CARTESIAN_POINT ( 'NONE',  ( 25.19469000927050200, 28.88365735966090900, 80.07780366617934900 ) ) ;
#2770 = AXIS2_PLACEMENT_3D ( 'NONE', #3098, #625, #2781 ) ;
#2771 = CARTESIAN_POINT ( 'NONE',  ( 27.18325226216141400, 28.81018330988642300, 80.00343179356173100 ) ) ;
#2772 = VECTOR ( 'NONE', #2473, 1000.000000000000100 ) ;
#2773 = CARTESIAN_POINT ( 'NONE',  ( 12.48466643732597000, 31.90352657826031500, 84.58912197029620500 ) ) ;
#2774 = SECURITY_CLASSIFICATION_LEVEL ( 'unclassified' ) ;
#2775 = LINE ( 'NONE', #1763, #945 ) ;
#2776 = DIRECTION ( 'NONE',  ( 0.0000000000000000000, -0.7071067811865489100, 0.7071067811865462400 ) ) ;
#2777 = ORIENTED_EDGE ( 'NONE', *, *, #2917, .T. ) ;
#2778 = AXIS2_PLACEMENT_3D ( 'NONE', #1496, #3973, #2426 ) ;
#2779 = CARTESIAN_POINT ( 'NONE',  ( 13.89629945874616000, 30.92412540376449200, 83.60972079580037100 ) ) ;
#2780 = FACE_OUTER_BOUND ( 'NONE', #261, .T. ) ;
#2781 = DIRECTION ( 'NONE',  ( -0.9777103847568748800, 0.2099580994831200800, 0.0000000000000000000 ) ) ;
#2782 = VERTEX_POINT ( 'NONE', #426 ) ;
#2783 = VECTOR ( 'NONE', #3885, 1000.000000000000000 ) ;
#2784 = CARTESIAN_POINT ( 'NONE',  ( 18.86277737048791200, 30.15421492305514700, 81.36235869986504100 ) ) ;
#2785 = CC_DESIGN_DATE_AND_TIME_ASSIGNMENT ( #3876, #1314, ( #196 ) ) ;
#2786 = VERTEX_POINT ( 'NONE', #753 ) ;
#2787 = DIRECTION ( 'NONE',  ( 0.0000000000000000000, 0.0000000000000000000, 1.000000000000000000 ) ) ;
#2788 = DATE_TIME_ROLE ( 'creation_date' ) ;
#2789 = PERSON_AND_ORGANIZATION ( #1207, #3620 ) ;
#2790 = ORIENTED_EDGE ( 'NONE', *, *, #3348, .T. ) ;
#2791 = ADVANCED_FACE ( 'NONE', ( #3567, #2731 ), #3838, .T. ) ;
#2792 = FACE_OUTER_BOUND ( 'NONE', #2538, .T. ) ;
#2793 = CARTESIAN_POINT ( 'NONE',  ( 58.15865425799412900, 0.0000000000000000000, -27.87499999999998600 ) ) ;
#2794 = CARTESIAN_POINT ( 'NONE',  ( 19.24614374487613200, 29.32371098675874100, 82.00930637879345400 ) ) ;
#2795 = DATE_AND_TIME ( #3628, #440 ) ;
#2796 = DIRECTION ( 'NONE',  ( -0.9777103847568747700, 0.2099580994831200500, 0.0000000000000000000 ) ) ;
#2797 = ORIENTED_EDGE ( 'NONE', *, *, #1261, .F. ) ;
#2798 = VERTEX_POINT ( 'NONE', #2918 ) ;
#2799 = CALENDAR_DATE ( 2014, 22, 10 ) ;
#2800 = CARTESIAN_POINT ( 'NONE',  ( 8.806090466081819600, 38.70633101663020900, 89.96657115449173100 ) ) ;
#2801 = DIRECTION ( 'NONE',  ( 0.0000000000000000000, 0.0000000000000000000, -1.000000000000000000 ) ) ;
#2802 = CARTESIAN_POINT ( 'NONE',  ( -46.22819268389991300, 0.0000000000000000000, 0.0000000000000000000 ) ) ;
#2803 = AXIS2_PLACEMENT_3D ( 'NONE', #3334, #1472, #3647 ) ;
#2804 = APPLICATION_CONTEXT ( 'configuration controlled 3d designs of mechanical parts and assemblies' ) ;
#2805 = EDGE_CURVE ( 'NONE', #1401, #2554, #368, .T. ) ;
#2806 = DIRECTION ( 'NONE',  ( 0.0000000000000000000, 0.0000000000000000000, 1.000000000000000000 ) ) ;
#2807 = ORIENTED_EDGE ( 'NONE', *, *, #131, .T. ) ;
#2808 = FACE_OUTER_BOUND ( 'NONE', #1054, .T. ) ;
#2809 = CARTESIAN_POINT ( 'NONE',  ( 23.94615477481207900, 28.97617696608443800, 80.17144697734373400 ) ) ;
#2810 = CARTESIAN_POINT ( 'NONE',  ( 53.70364644869163600, 46.98378516644410000, 32.76449400695955200 ) ) ;
#2811 = EDGE_CURVE ( 'NONE', #1335, #3027, #1902, .T. ) ;
#2812 = APPROVAL ( #20, 'UNSPECIFIED' ) ;
#2813 = ADVANCED_FACE ( 'NONE', ( #1180 ), #1798, .T. ) ;
#2814 = CARTESIAN_POINT ( 'NONE',  ( 11.05967381812604900, 49.33210587184528600, 100.6188851341526600 ) ) ;
#2815 = EDGE_CURVE ( 'NONE', #2567, #2670, #262, .T. ) ;
#2816 = DIRECTION ( 'NONE',  ( 0.0000000000000000000, 0.0000000000000000000, 1.000000000000000000 ) ) ;
#2817 = APPROVAL_STATUS ( 'not_yet_approved' ) ;
#2818 = DIRECTION ( 'NONE',  ( 0.0000000000000000000, 0.0000000000000000000, -1.000000000000000000 ) ) ;
#2819 = DIRECTION ( 'NONE',  ( 1.000000000000000000, -0.0000000000000000000, -0.0000000000000000000 ) ) ;
#2820 = DIRECTION ( 'NONE',  ( 0.0000000000000000000, 0.0000000000000000000, -1.000000000000000000 ) ) ;
#2821 = CIRCLE ( 'NONE', #3952, 18.99999999999999600 ) ;
#2822 = AXIS2_PLACEMENT_3D ( 'NONE', #663, #923, #1463 ) ;
#2823 = EDGE_CURVE ( 'NONE', #2085, #2613, #2645, .T. ) ;
#2824 = LINE ( 'NONE', #3638, #358 ) ;
#2825 = FACE_OUTER_BOUND ( 'NONE', #451, .T. ) ;
#2826 = EDGE_CURVE ( 'NONE', #2842, #1719, #1004, .T. ) ;
#2827 = ORIENTED_EDGE ( 'NONE', *, *, #853, .F. ) ;
#2828 = CARTESIAN_POINT ( 'NONE',  ( 23.01195878049465500, 55.32284841146905300, 106.6181869929718000 ) ) ;
#2829 = CARTESIAN_POINT ( 'NONE',  ( -17.90819268389989800, 0.0000000000000000000, 0.0000000000000000000 ) ) ;
#2830 = AXIS2_PLACEMENT_3D ( 'NONE', #2225, #385, #1909 ) ;
#2831 = LINE ( 'NONE', #633, #1899 ) ;
#2832 = ORIENTED_EDGE ( 'NONE', *, *, #2423, .T. ) ;
#2833 = CARTESIAN_POINT ( 'NONE',  ( 27.18325226216141400, 52.67889861492373200, 67.26449400695955200 ) ) ;
#2834 = PERSON_AND_ORGANIZATION_ROLE ( 'creator' ) ;
#2835 = FACE_BOUND ( 'NONE', #836, .T. ) ;
#2836 = ADVANCED_FACE ( 'NONE', ( #2539, #176 ), #2941, .F. ) ;
#2837 = DIRECTION ( 'NONE',  ( 0.0000000000000000000, -0.7071067811865487900, 0.7071067811865462400 ) ) ;
#2838 = CARTESIAN_POINT ( 'NONE',  ( -46.22819268389991300, 2.893228062985620600E-015, 23.62499999999998900 ) ) ;
#2839 = CARTESIAN_POINT ( 'NONE',  ( -57.10819268389989400, 3.199389762772458500E-015, 26.12499999999998600 ) ) ;
#2840 = ORIENTED_EDGE ( 'NONE', *, *, #518, .F. ) ;
#2841 = EDGE_LOOP ( 'NONE', ( #3866, #560 ) ) ;
#2842 = VERTEX_POINT ( 'NONE', #3880 ) ;
#2843 = EDGE_CURVE ( 'NONE', #1057, #3629, #1099, .T. ) ;
#2844 = LINE ( 'NONE', #1204, #3981 ) ;
#2845 = DIRECTION ( 'NONE',  ( 1.000000000000000000, 0.0000000000000000000, -0.0000000000000000000 ) ) ;
#2846 = CARTESIAN_POINT ( 'NONE',  ( 30.30400303665046700, 27.52374608069683100, 80.20934147273270300 ) ) ;
#2847 = EDGE_CURVE ( 'NONE', #958, #1049, #905, .T. ) ;
#2848 = CARTESIAN_POINT ( 'NONE',  ( 27.18325226216141400, 52.67889861492373200, 38.26449400695955200 ) ) ;
#2849 = ORIENTED_EDGE ( 'NONE', *, *, #2360, .F. ) ;
#2850 = ORIENTED_EDGE ( 'NONE', *, *, #1513, .T. ) ;
#2851 = DIRECTION ( 'NONE',  ( -0.0000000000000000000, -0.0000000000000000000, 1.000000000000000000 ) ) ;
#2852 = APPROVAL_ROLE ( '' ) ;
#2853 = CARTESIAN_POINT ( 'NONE',  ( 27.18325226216141400, 52.67889861492373200, 0.3563524356637176600 ) ) ;
#2854 = CARTESIAN_POINT ( 'NONE',  ( 29.17167370015877000, 55.56990779953846300, 106.8655428364487000 ) ) ;
#2855 = EDGE_CURVE ( 'NONE', #2351, #3601, #80, .T. ) ;
#2856 = APPROVAL_PERSON_ORGANIZATION ( #3675, #3350, #52 ) ;
#2857 = B_SPLINE_CURVE_WITH_KNOTS ( 'NONE', 3,
 ( #2769, #2463, #2151, #311, #2475, #629, #2784, #940, #3103, #1243, #3409, #1544, #3732, #1854, #14, #2164, #328, #2487, #638, #2800, #955, #3114, #1256, #3428, #1558, #3741, #1870, #32, #2178, #343, #2502, #654, #2814, #972, #3132, #1269, #3441, #1574, #3755, #1884, #50, #2194, #352, #2515, #672, #2828, #982, #3148, #1283 ),
 .UNSPECIFIED., .F., .F.,
 ( 4, 2, 2, 2, 2, 2, 2, 2, 2, 2, 2, 2, 1, 2, 2, 2, 2, 2, 2, 2, 2, 2, 2, 2, 4 ),
 ( 0.001991308475613329800, 0.005628005826391219500, 0.007446354501780170000, 0.009264703177169118800, 0.01290140052794701600, 0.01471974920333597400, 0.01653809787872493100, 0.02017479522950283900, 0.02199314390489177600, 0.02381149258028071200, 0.02744818993105859300, 0.02926653860644751200, 0.03108488728183643100, 0.03290323595722535700, 0.03472158463261428000, 0.03835828198339208400, 0.04017663065878097200, 0.04199497933416986700, 0.04563167668494762900, 0.04745002536033650400, 0.04926837403572536400, 0.05290507138650310500, 0.05472342006189198600, 0.05654176873728086700, 0.06017846608805861600 ),
 .UNSPECIFIED. ) ;
#2858 = DIRECTION ( 'NONE',  ( -1.000000000000000000, 0.0000000000000000000, 0.0000000000000000000 ) ) ;
#2859 = CARTESIAN_POINT ( 'NONE',  ( -57.10819268389989400, 0.0000000000000000000, 0.0000000000000000000 ) ) ;
#2860 = EDGE_CURVE ( 'NONE', #1340, #1852, #1707, .T. ) ;
#2861 = PERSON_AND_ORGANIZATION ( #1695, #597 ) ;
#2862 = AXIS2_PLACEMENT_3D ( 'NONE', #2702, #861, #3020 ) ;
#2863 = ADVANCED_FACE ( 'NONE', ( #3283 ), #3181, .F. ) ;
#2864 = CARTESIAN_POINT ( 'NONE',  ( 34.90155519017312700, 29.23046222548661200, 81.91605761751795000 ) ) ;
#2865 = ORIENTED_EDGE ( 'NONE', *, *, #2115, .T. ) ;
#2866 = CARTESIAN_POINT ( 'NONE',  ( 45.06694354109784200, 35.15939731642171000, 87.84499270845761000 ) ) ;
#2867 = CARTESIAN_POINT ( 'NONE',  ( 27.18325226216141400, 16.36533095717381100, 119.3595983911243100 ) ) ;
#2868 = ORIENTED_EDGE ( 'NONE', *, *, #1091, .T. ) ;
#2869 = AXIS2_PLACEMENT_3D ( 'NONE', #1699, #3891, #2013 ) ;
#2870 = SECURITY_CLASSIFICATION_LEVEL ( 'unclassified' ) ;
#2871 = VECTOR ( 'NONE', #941, 1000.000000000000000 ) ;
#2872 = CARTESIAN_POINT ( 'NONE',  ( 39.98838623985116700, 52.17173165009955200, 103.4629353371496300 ) ) ;
#2873 = DIRECTION ( 'NONE',  ( -1.000000000000000000, 0.0000000000000000000, 0.0000000000000000000 ) ) ;
#2874 = CARTESIAN_POINT ( 'NONE',  ( 4.084844422280243100, 57.63915871521244600, -3.435505993040460600 ) ) ;
#2875 = CARTESIAN_POINT ( 'NONE',  ( 27.18325226216141400, 52.67889861492373200, 24.38449400695956400 ) ) ;
#2876 = EDGE_CURVE ( 'NONE', #3074, #2258, #816, .T. ) ;
#2877 = APPROVAL ( #689, 'UNSPECIFIED' ) ;
#2878 = DIRECTION ( 'NONE',  ( -1.000000000000000000, 0.0000000000000000000, -0.0000000000000000000 ) ) ;
#2879 = CARTESIAN_POINT ( 'NONE',  ( 38.65915909009857600, 31.51916263942953500, 82.73964965537432200 ) ) ;
#2880 = EDGE_LOOP ( 'NONE', ( #1782, #606, #2403, #1738, #2251 ) ) ;
#2881 = CARTESIAN_POINT ( 'NONE',  ( 45.12367671385643300, 37.10155567196036900, 89.78715106399398800 ) ) ;
#2882 = CARTESIAN_POINT ( 'NONE',  ( -18.99999999999999600, 38.10000000000000100, -29.00000000000000000 ) ) ;
#2883 =( REPRESENTATION_RELATIONSHIP ('NONE','NONE', #693, #3982 ) REPRESENTATION_RELATIONSHIP_WITH_TRANSFORMATION ( #2553 )SHAPE_REPRESENTATION_RELATIONSHIP( ) );
#2884 = ADVANCED_FACE ( 'NONE', ( #1614 ), #3079, .T. ) ;
#2885 = CIRCLE ( 'NONE', #1729, 27.12499999999999600 ) ;
#2886 = CARTESIAN_POINT ( 'NONE',  ( 46.19167877867466400, 42.36526640784901300, 93.63707323938653800 ) ) ;
#2887 = DIRECTION ( 'NONE',  ( -0.9777103847568748800, 0.2099580994831200300, 0.0000000000000000000 ) ) ;
#2888 = MANIFOLD_SOLID_BREP ( 'Fillet2', #292 ) ;
#2889 = DIRECTION ( 'NONE',  ( 1.000000000000000000, 0.0000000000000000000, 0.0000000000000000000 ) ) ;
#2890 = CARTESIAN_POINT ( 'NONE',  ( -33.35930008502348400, 0.0000000000000000000, 17.06000000000001300 ) ) ;
#2891 = VECTOR ( 'NONE', #1712, 1000.000000000000000 ) ;
#2892 = AXIS2_PLACEMENT_3D ( 'NONE', #2437, #1799, #3063 ) ;
#2893 = ORIENTED_EDGE ( 'NONE', *, *, #3537, .F. ) ;
#2894 = CIRCLE ( 'NONE', #3019, 22.04000000000000300 ) ;
#2895 = DIRECTION ( 'NONE',  ( -0.0000000000000000000, -0.0000000000000000000, 1.000000000000000000 ) ) ;
#2896 = CARTESIAN_POINT ( 'NONE',  ( 43.36506109468116700, 33.19187367185504200, 85.87746906389092800 ) ) ;
#2897 = EDGE_LOOP ( 'NONE', ( #3413, #277, #3280, #2865, #395 ) ) ;
#2898 = ORIENTED_EDGE ( 'NONE', *, *, #2646, .T. ) ;
#2899 = CIRCLE ( 'NONE', #1498, 23.71000000000000100 ) ;
#2900 = CARTESIAN_POINT ( 'NONE',  ( 46.14285618741995200, 41.23943227831971800, 92.50802539096787300 ) ) ;
#2901 = EDGE_LOOP ( 'NONE', ( #435, #596, #1804, #1743 ) ) ;
#2902 = CARTESIAN_POINT ( 'NONE',  ( 40.70393360470462300, 32.78379652286629000, 84.01383485871986100 ) ) ;
#2903 = DIRECTION ( 'NONE',  ( -0.9777103847568748800, 0.2099580994831200300, 0.0000000000000000000 ) ) ;
#2904 = DIRECTION ( 'NONE',  ( -0.9777103847568748800, 0.2099580994831200800, 0.0000000000000000000 ) ) ;
#2905 = CC_DESIGN_PERSON_AND_ORGANIZATION_ASSIGNMENT ( #2022, #935, ( #2680 ) ) ;
#2906 = LOCAL_TIME ( 12, 19, 51.00000000000000000, #3723 ) ;
#2907 = ORIENTED_EDGE ( 'NONE', *, *, #720, .T. ) ;
#2908 = VECTOR ( 'NONE', #2956, 999.9999999999998900 ) ;
#2909 = VERTEX_POINT ( 'NONE', #1423 ) ;
#2910 = ADVANCED_FACE ( 'NONE', ( #3913, #712 ), #3599, .F. ) ;
#2911 = APPROVAL_DATE_TIME ( #3728, #2877 ) ;
#2912 = CARTESIAN_POINT ( 'NONE',  ( 38.76091343125250400, 29.96238436467227100, 82.64797975670813900 ) ) ;
#2913 = ORIENTED_EDGE ( 'NONE', *, *, #3184, .F. ) ;
#2914 = CARTESIAN_POINT ( 'NONE',  ( 47.12971867790400900, 42.57029345407078600, 95.25588884610672800 ) ) ;
#2915 = DATE_AND_TIME ( #3731, #539 ) ;
#2916 = DIRECTION ( 'NONE',  ( -0.9777103847568747700, 0.2099580994831200500, 0.0000000000000000000 ) ) ;
#2917 = EDGE_CURVE ( 'NONE', #1997, #1959, #2354, .T. ) ;
#2918 = CARTESIAN_POINT ( 'NONE',  ( -33.35930008502348400, 2.089247439345385700E-015, -17.06000000000001300 ) ) ;
#2919 = CARTESIAN_POINT ( 'NONE',  ( 27.18325226216141400, 52.67889861492373200, 5.088931015182790700 ) ) ;
#2920 = ORIENTED_EDGE ( 'NONE', *, *, #387, .T. ) ;
#2921 = CIRCLE ( 'NONE', #2382, 16.05999999999999500 ) ;
#2922 = AXIS2_PLACEMENT_3D ( 'NONE', #3346, #1492, #3672 ) ;
#2923 = CARTESIAN_POINT ( 'NONE',  ( 46.08622578922257400, 36.88321971392143400, 89.56881510595735600 ) ) ;
#2924 = DIRECTION ( 'NONE',  ( 0.0000000000000000000, 0.0000000000000000000, 1.000000000000000000 ) ) ;
#2925 = DESIGN_CONTEXT ( 'detailed design', #1581, 'design' ) ;
#2926 = CARTESIAN_POINT ( 'NONE',  ( 45.02931092243060400, 46.15935726678345200, 98.84495265881939500 ) ) ;
#2927 = CARTESIAN_POINT ( 'NONE',  ( 25.09002883806571700, 27.43577066460958500, 80.12136605664545600 ) ) ;
#2928 = ADVANCED_FACE ( 'NONE', ( #4003 ), #1512, .T. ) ;
#2929 = CARTESIAN_POINT ( 'NONE',  ( 27.18325226216141400, 52.67889861492373200, 35.26449400695955200 ) ) ;
#2930 = CIRCLE ( 'NONE', #3117, 17.06000000000001300 ) ;
#2931 = CARTESIAN_POINT ( 'NONE',  ( 45.18538444192385800, 47.69060185833519900, 100.3761972503711300 ) ) ;
#2932 = EDGE_CURVE ( 'NONE', #87, #1146, #2248, .T. ) ;
#2933 = VERTEX_POINT ( 'NONE', #2375 ) ;
#2934 = CONICAL_SURFACE ( 'NONE', #2371, 23.62499999999999300, 0.7853981633974657100 ) ;
#2935 = CARTESIAN_POINT ( 'NONE',  ( 42.74681791982953200, 49.96870640870891100, 101.2565573395889900 ) ) ;
#2936 = TOROIDAL_SURFACE ( 'NONE', #3767, 7.124999999999985800, 20.00000000000000000 ) ;
#2937 = ORIENTED_EDGE ( 'NONE', *, *, #513, .F. ) ;
#2938 = CIRCLE ( 'NONE', #3344, 22.79500000000000200 ) ;
#2939 = CARTESIAN_POINT ( 'NONE',  ( 8.166785278640206900, 56.76258364987042200, 24.38449400695956400 ) ) ;
#2940 = ORIENTED_EDGE ( 'NONE', *, *, #173, .F. ) ;
#2941 = PLANE ( 'NONE',  #3721 ) ;
#2942 = AXIS2_PLACEMENT_3D ( 'NONE', #2583, #744, #2904 ) ;
#2943 = VECTOR ( 'NONE', #1624, 1000.000000000000000 ) ;
#2944 = VERTEX_POINT ( 'NONE', #532 ) ;
#2945 = CARTESIAN_POINT ( 'NONE',  ( 30.57913177159927900, 55.45814671782775900, 108.1437421098637400 ) ) ;
#2946 = DIRECTION ( 'NONE',  ( 0.0000000000000000000, 0.0000000000000000000, -1.000000000000000000 ) ) ;
#2947 = AXIS2_PLACEMENT_3D ( 'NONE', #276, #3373, #3992 ) ;
#2948 = EDGE_LOOP ( 'NONE', ( #2422, #3719 ) ) ;
#2949 = CYLINDRICAL_SURFACE ( 'NONE', #1421, 26.18499999999999900 ) ;
#2950 = CARTESIAN_POINT ( 'NONE',  ( 17.77128597710504100, 53.20495559410370100, 105.8905509861397100 ) ) ;
#2951 = CARTESIAN_POINT ( 'NONE',  ( -17.72930008502348500, 1.966782759430649000E-015, -16.05999999999999900 ) ) ;
#2952 = CARTESIAN_POINT ( 'NONE',  ( 1.581905837302648900, 58.17665144988923500, -3.935505993040447200 ) ) ;
#2953 = ORGANIZATION ( 'NAUO-ORG1', 'UNSPECIFIED', 'UNSPECIFIED' ) ;
#2954 = EDGE_CURVE ( 'NONE', #1336, #1547, #608, .T. ) ;
#2955 = VERTEX_POINT ( 'NONE', #1144 ) ;
#2956 = DIRECTION ( 'NONE',  ( -0.9781476007338055800, 2.546183866652839700E-017, -0.2079116908177600400 ) ) ;
#2957 = DIRECTION ( 'NONE',  ( 0.0000000000000000000, -0.7071067811865487900, 0.7071067811865462400 ) ) ;
#2958 = EDGE_CURVE ( 'NONE', #39, #4, #1425, .T. ) ;
#2959 = PRODUCT_RELATED_PRODUCT_CATEGORY ( 'detail', '', ( #811 ) ) ;
#2960 = CALENDAR_DATE ( 2014, 22, 10 ) ;
#2961 = EDGE_CURVE ( 'NONE', #2786, #2499, #2445, .T. ) ;
#2962 = VERTEX_POINT ( 'NONE', #3311 ) ;
#2963 = CARTESIAN_POINT ( 'NONE',  ( 29.27632746005337300, 55.57804691537786800, 108.2636423074138300 ) ) ;
#2964 = DIRECTION ( 'NONE',  ( 0.0000000000000000000, 0.0000000000000000000, 1.000000000000000000 ) ) ;
#2965 = LOCAL_TIME ( 12, 19, 51.00000000000000000, #3786 ) ;
#2966 = CARTESIAN_POINT ( 'NONE',  ( 14.24390088343421300, 52.08822082622380400, 103.3793059435455700 ) ) ;
#2967 = ORIENTED_EDGE ( 'NONE', *, *, #1513, .F. ) ;
#2968 = DIRECTION ( 'NONE',  ( 0.0000000000000000000, 0.0000000000000000000, -1.000000000000000000 ) ) ;
#2969 = AXIS2_PLACEMENT_3D ( 'NONE', #2829, #983, #3149 ) ;
#2970 = DIRECTION ( 'NONE',  ( 0.0000000000000000000, -0.7071067811865487900, 0.7071067811865462400 ) ) ;
#2971 = ORIENTED_EDGE ( 'NONE', *, *, #2073, .T. ) ;
#2972 = LINE ( 'NONE', #2138, #2113 ) ;
#2973 = CARTESIAN_POINT ( 'NONE',  ( 38.37398032610843000, 53.07619070593926800, 104.3686490236851100 ) ) ;
#2974 = AXIS2_PLACEMENT_3D ( 'NONE', #1568, #3748, #1881 ) ;
#2975 = CARTESIAN_POINT ( 'NONE',  ( 27.93151733166918000, 55.66214746817505700, 106.9578925576950500 ) ) ;
#2976 = CARTESIAN_POINT ( 'NONE',  ( 27.18325226216141400, 71.67889861492372500, 67.26449400695955200 ) ) ;
#2977 = DIRECTION ( 'NONE',  ( 0.9777103847568748800, -0.2099580994831201600, 0.0000000000000000000 ) ) ;
#2978 = CYLINDRICAL_SURFACE ( 'NONE', #486, 18.99999999999999600 ) ;
#2979 = DIRECTION ( 'NONE',  ( 0.7071067811865463500, 0.5000000000000000000, 0.5000000000000016700 ) ) ;
#2980 = CARTESIAN_POINT ( 'NONE',  ( -54.60819268389989400, 0.0000000000000000000, 0.0000000000000000000 ) ) ;
#2981 = CARTESIAN_POINT ( 'NONE',  ( 31.88633347882213100, 55.29010981021335200, 107.9757052022493200 ) ) ;
#2982 = FACE_BOUND ( 'NONE', #3511, .T. ) ;
#2983 = LINE ( 'NONE', #2334, #1420 ) ;
#2984 = CARTESIAN_POINT ( 'NONE',  ( 20.24377877045044700, 54.78511316353573300, 107.4707085555717000 ) ) ;
#2985 = ORIENTED_EDGE ( 'NONE', *, *, #3897, .T. ) ;
#2986 = CARTESIAN_POINT ( 'NONE',  ( 16.05999999999999900, 38.10000000000000100, -29.00000000000000000 ) ) ;
#2987 = LINE ( 'NONE', #3951, #1331 ) ;
#2988 = EDGE_CURVE ( 'NONE', #1755, #2613, #2987, .T. ) ;
#2989 = EDGE_LOOP ( 'NONE', ( #2401, #3485 ) ) ;
#2990 = DIRECTION ( 'NONE',  ( -1.000000000000000000, -0.0000000000000000000, -0.0000000000000000000 ) ) ;
#2991 = VECTOR ( 'NONE', #3851, 1000.000000000000000 ) ;
#2992 = AXIS2_PLACEMENT_3D ( 'NONE', #1402, #3873, #1999 ) ;
#2993 = ORIENTED_EDGE ( 'NONE', *, *, #3057, .T. ) ;
#2994 = COORDINATED_UNIVERSAL_TIME_OFFSET ( 0, 0, .AHEAD. ) ;
#2995 = CIRCLE ( 'NONE', #3034, 23.71000000000000400 ) ;
#2996 = DIRECTION ( 'NONE',  ( -1.000000000000000000, 0.0000000000000000000, 0.0000000000000000000 ) ) ;
#2997 = AXIS2_PLACEMENT_3D ( 'NONE', #1515, #3699, #1828 ) ;
#2998 = EDGE_CURVE ( 'NONE', #87, #3414, #2137, .T. ) ;
#2999 = APPROVAL_PERSON_ORGANIZATION ( #3831, #2877, #2852 ) ;
#3000 = ORIENTED_EDGE ( 'NONE', *, *, #3630, .F. ) ;
#3001 = DIRECTION ( 'NONE',  ( 0.0000000000000000000, 0.0000000000000000000, 1.000000000000000000 ) ) ;
#3002 = DIRECTION ( 'NONE',  ( 0.0000000000000000000, 0.0000000000000000000, -1.000000000000000000 ) ) ;
#3003 = PERSON_AND_ORGANIZATION ( #1695, #597 ) ;
#3004 = PRODUCT_DEFINITION_SHAPE ( 'NONE', 'NONE',  #4023 ) ;
#3005 = DIRECTION ( 'NONE',  ( -0.7071067811865466800, -0.4999999999999995600, -0.5000000000000014400 ) ) ;
#3006 = CARTESIAN_POINT ( 'NONE',  ( 25.19469000927050200, 28.88365735966090900, 80.07780366617934900 ) ) ;
#3007 = CC_DESIGN_PERSON_AND_ORGANIZATION_ASSIGNMENT ( #2098, #3493, ( #196 ) ) ;
#3008 = CARTESIAN_POINT ( 'NONE',  ( -18.99999999999999600, 38.10000000000000100, -29.00000000000000000 ) ) ;
#3009 = CARTESIAN_POINT ( 'NONE',  ( 27.18325226216141400, 55.64365112762749300, 106.9393739824603100 ) ) ;
#3010 = EDGE_CURVE ( 'NONE', #227, #1444, #3813, .T. ) ;
#3011 = DIRECTION ( 'NONE',  ( 0.0000000000000000000, 0.0000000000000000000, -1.000000000000000000 ) ) ;
#3012 = ORIENTED_EDGE ( 'NONE', *, *, #1817, .T. ) ;
#3013 = LINE ( 'NONE', #2246, #2166 ) ;
#3014 = CARTESIAN_POINT ( 'NONE',  ( 58.15865425799412900, 0.0000000000000000000, 0.0000000000000000000 ) ) ;
#3015 = DIRECTION ( 'NONE',  ( 0.0000000000000000000, 0.0000000000000000000, 1.000000000000000000 ) ) ;
#3016 = AXIS2_PLACEMENT_3D ( 'NONE', #2021, #178, #2342 ) ;
#3017 = DIRECTION ( 'NONE',  ( 0.0000000000000000000, 0.0000000000000000000, 1.000000000000000000 ) ) ;
#3018 = CARTESIAN_POINT ( 'NONE',  ( -54.60819268389989400, 0.0000000000000000000, -27.12499999999998600 ) ) ;
#3019 = AXIS2_PLACEMENT_3D ( 'NONE', #565, #2716, #881 ) ;
#3020 = DIRECTION ( 'NONE',  ( -0.9777103847568746600, 0.2099580994831203000, 0.0000000000000000000 ) ) ;
#3021 = FACE_OUTER_BOUND ( 'NONE', #2752, .T. ) ;
#3022 = CARTESIAN_POINT ( 'NONE',  ( 9.911760799757638900, 48.65812295904279200, 101.3437183510787500 ) ) ;
#3023 = CYLINDRICAL_SURFACE ( 'NONE', #2778, 19.44999999999998500 ) ;
#3024 = CC_DESIGN_APPROVAL ( #2812, ( #2177 ) ) ;
#3025 = DIRECTION ( 'NONE',  ( 0.0000000000000000000, 0.0000000000000000000, 1.000000000000000000 ) ) ;
#3026 = VECTOR ( 'NONE', #3499, 1000.000000000000000 ) ;
#3027 = VERTEX_POINT ( 'NONE', #1134 ) ;
#3028 = DIRECTION ( 'NONE',  ( 0.9777103847568748800, -0.2099580994831201600, 0.0000000000000000000 ) ) ;
#3029 = LINE ( 'NONE', #305, #1382 ) ;
#3030 = ORIENTED_EDGE ( 'NONE', *, *, #445, .F. ) ;
#3031 = CIRCLE ( 'NONE', #1217, 22.79500000000000200 ) ;
#3032 = VERTEX_POINT ( 'NONE', #870 ) ;
#3033 = ORIENTED_EDGE ( 'NONE', *, *, #1806, .T. ) ;
#3034 = AXIS2_PLACEMENT_3D ( 'NONE', #1312, #1285, #1794 ) ;
#3035 = DIRECTION ( 'NONE',  ( 0.0000000000000000000, 0.0000000000000000000, 1.000000000000000000 ) ) ;
#3036 = CARTESIAN_POINT ( 'NONE',  ( 58.15865425799412900, 0.0000000000000000000, 0.0000000000000000000 ) ) ;
#3037 = CARTESIAN_POINT ( 'NONE',  ( 8.854278592822574000, 45.07366811298416600, 97.75926350502010100 ) ) ;
#3038 = CARTESIAN_POINT ( 'NONE',  ( 46.19971924568261600, 48.59521357997704900, 0.3563524356637176600 ) ) ;
#3039 = ORIENTED_EDGE ( 'NONE', *, *, #1364, .T. ) ;
#3040 = VECTOR ( 'NONE', #1168, 1000.000000000000000 ) ;
#3041 = DIRECTION ( 'NONE',  ( -1.000000000000000000, -0.0000000000000000000, -0.0000000000000000000 ) ) ;
#3042 = CARTESIAN_POINT ( 'NONE',  ( -0.07042471293646976300, 58.53148063801570800, 32.76449400695955200 ) ) ;
#3043 = COORDINATED_UNIVERSAL_TIME_OFFSET ( 0, 0, .AHEAD. ) ;
#3044 = ORIENTED_EDGE ( 'NONE', *, *, #3348, .F. ) ;
#3045 = VERTEX_POINT ( 'NONE', #1776 ) ;
#3046 = DATE_AND_TIME ( #3881, #679 ) ;
#3047 = DIRECTION ( 'NONE',  ( 0.0000000000000000000, 0.0000000000000000000, -1.000000000000000000 ) ) ;
#3048 = CALENDAR_DATE ( 2014, 22, 10 ) ;
#3049 = CARTESIAN_POINT ( 'NONE',  ( 8.350542010718930500, 44.04781761621720900, 95.32394011747625500 ) ) ;
#3050 = DIRECTION ( 'NONE',  ( 0.0000000000000000000, -0.7071067811865487900, 0.7071067811865462400 ) ) ;
#3051 = CARTESIAN_POINT ( 'NONE',  ( 25.98822176157088400, 55.63800292166036600, 108.3235983136963400 ) ) ;
#3052 = EDGE_CURVE ( 'NONE', #186, #499, #2894, .T. ) ;
#3053 = ORIENTED_EDGE ( 'NONE', *, *, #788, .F. ) ;
#3054 = DIRECTION ( 'NONE',  ( 0.0000000000000000000, 0.0000000000000000000, 1.000000000000000000 ) ) ;
#3055 = VERTEX_POINT ( 'NONE', #1167 ) ;
#3056 = VECTOR ( 'NONE', #2760, 1000.000000000000000 ) ;
#3057 = EDGE_CURVE ( 'NONE', #1401, #882, #421, .T. ) ;
#3058 = CARTESIAN_POINT ( 'NONE',  ( -17.90819268389989100, 26.18499999999998800, 0.0000000000000000000 ) ) ;
#3059 = EDGE_CURVE ( 'NONE', #2842, #1612, #521, .T. ) ;
#3060 = CARTESIAN_POINT ( 'NONE',  ( 7.428592732530636200, 39.28900813943867100, 91.97460353147458500 ) ) ;
#3061 = CARTESIAN_POINT ( 'NONE',  ( 20.21706577076869100, 54.17485007374096300, 5.088931015182790700 ) ) ;
#3062 = AXIS2_PLACEMENT_3D ( 'NONE', #1464, #3640, #1771 ) ;
#3063 = DIRECTION ( 'NONE',  ( 1.000000000000000000, 0.0000000000000000000, 0.0000000000000000000 ) ) ;
#3064 = CARTESIAN_POINT ( 'NONE',  ( 11.38570419334357800, 50.19775799985249200, 102.8833533918884600 ) ) ;
#3065 = EDGE_LOOP ( 'NONE', ( #1305, #3539, #3460, #3614 ) ) ;
#3066 =( NAMED_UNIT ( * ) SI_UNIT ( $, .STERADIAN. ) SOLID_ANGLE_UNIT ( ) );
#3067 = TOROIDAL_SURFACE ( 'NONE', #3883, 21.49999999999999600, 2.500000000000000000 ) ;
#3068 = DIRECTION ( 'NONE',  ( -1.000000000000000000, -0.0000000000000000000, -0.0000000000000000000 ) ) ;
#3069 = EDGE_LOOP ( 'NONE', ( #772, #216, #2738, #1481 ) ) ;
#3070 = AXIS2_PLACEMENT_3D ( 'NONE', #1388, #2324, #480 ) ;
#3071 = CARTESIAN_POINT ( 'NONE',  ( 8.408686507227148600, 36.61220565431848000, 89.29780104635438000 ) ) ;
#3072 = FACE_OUTER_BOUND ( 'NONE', #265, .T. ) ;
#3073 = CIRCLE ( 'NONE', #2443, 27.12499999999999600 ) ;
#3074 = VERTEX_POINT ( 'NONE', #3662 ) ;
#3075 = CARTESIAN_POINT ( 'NONE',  ( 34.14943875355413600, 51.18294715610650100, 5.088931015182790700 ) ) ;
#3076 = EDGE_CURVE ( 'NONE', #2689, #1009, #975, .T. ) ;
#3077 = DIRECTION ( 'NONE',  ( 1.000000000000000000, 0.0000000000000000000, 0.0000000000000000000 ) ) ;
#3078 = CC_DESIGN_APPROVAL ( #2877, ( #2665 ) ) ;
#3079 = CONICAL_SURFACE ( 'NONE', #538, 18.29999999999999700, 0.2617993877991508500 ) ;
#3080 = CARTESIAN_POINT ( 'NONE',  ( 7.336004747002786700, 39.74976969193128400, 92.43536508396719900 ) ) ;
#3081 = PERSON_AND_ORGANIZATION_ROLE ( 'design_owner' ) ;
#3082 = LINE ( 'NONE', #1686, #2991 ) ;
#3083 = ADVANCED_FACE ( 'NONE', ( #2780 ), #312, .T. ) ;
#3084 = EDGE_CURVE ( 'NONE', #669, #2944, #1140, .T. ) ;
#3085 = CARTESIAN_POINT ( 'NONE',  ( 11.65505037073393000, 33.74204281961470300, 86.42763821163700300 ) ) ;
#3086 = EDGE_LOOP ( 'NONE', ( #2581, #303, #3339, #2235, #3789 ) ) ;
#3087 = AXIS2_PLACEMENT_3D ( 'NONE', #1246, #3412, #1545 ) ;
#3088 = APPROVAL_PERSON_ORGANIZATION ( #3921, #854, #1329 ) ;
#3089 = FACE_OUTER_BOUND ( 'NONE', #1111, .T. ) ;
#3090 = CALENDAR_DATE ( 2014, 22, 10 ) ;
#3091 = VERTEX_POINT ( 'NONE', #1546 ) ;
#3092 = CARTESIAN_POINT ( 'NONE',  ( 13.89629945871163300, 30.92412540372243200, 83.60972079575829200 ) ) ;
#3093 = AXIS2_PLACEMENT_3D ( 'NONE', #1085, #3264, #1389 ) ;
#3094 = DATE_TIME_ROLE ( 'classification_date' ) ;
#3095 = CARTESIAN_POINT ( 'NONE',  ( 27.18325226216141400, 52.67889861492373200, 0.3563524356637176600 ) ) ;
#3096 = LOCAL_TIME ( 12, 19, 51.00000000000000000, #3927 ) ;
#3097 = CARTESIAN_POINT ( 'NONE',  ( 14.56064709887601800, 32.18259628255298600, 83.40828921961521300 ) ) ;
#3098 = CARTESIAN_POINT ( 'NONE',  ( 27.18325226216141400, 52.67889861492373200, -80.00235293493447800 ) ) ;
#3099 = EDGE_CURVE ( 'NONE', #3466, #1937, #2048, .T. ) ;
#3100 = EDGE_CURVE ( 'NONE', #1049, #958, #1951, .T. ) ;
#3101 = CC_DESIGN_DATE_AND_TIME_ASSIGNMENT ( #2753, #3094, ( #2680 ) ) ;
#3102 = ADVANCED_FACE ( 'NONE', ( #1228 ), #2594, .F. ) ;
#3103 = CARTESIAN_POINT ( 'NONE',  ( 16.26132247327811300, 31.21049869042980200, 82.42851315871020300 ) ) ;
#3104 = ORIENTED_EDGE ( 'NONE', *, *, #1932, .T. ) ;
#3105 = FACE_OUTER_BOUND ( 'NONE', #3069, .T. ) ;
#3106 = EDGE_CURVE ( 'NONE', #3603, #669, #3411, .T. ) ;
#3107 = CARTESIAN_POINT ( 'NONE',  ( 58.15865425799412900, 2.381938024341600300E-015, 19.44999999999998500 ) ) ;
#3108 = APPROVAL_ROLE ( '' ) ;
#3109 = CARTESIAN_POINT ( 'NONE',  ( 58.15865425799412900, 0.0000000000000000000, -27.12499999999998600 ) ) ;
#3110 = ORIENTED_EDGE ( 'NONE', *, *, #3184, .T. ) ;
#3111 = CARTESIAN_POINT ( 'NONE',  ( 20.01660897156033100, 28.29027708161145300, 80.97587247364731400 ) ) ;
#3112 = EDGE_CURVE ( 'NONE', #2328, #371, #214, .T. ) ;
#3113 = CARTESIAN_POINT ( 'NONE',  ( -16.05999999999999900, 38.10000000000000100, 0.0000000000000000000 ) ) ;
#3114 = CARTESIAN_POINT ( 'NONE',  ( 8.280146598446737700, 40.79805574310624600, 92.06530483871399900 ) ) ;
#3115 = CARTESIAN_POINT ( 'NONE',  ( -53.30290323835134800, 0.0000000000000000000, 0.0000000000000000000 ) ) ;
#3116 = SHAPE_DEFINITION_REPRESENTATION ( #372, #1595 ) ;
#3117 = AXIS2_PLACEMENT_3D ( 'NONE', #3330, #1467, #3642 ) ;
#3118 = PLANE ( 'NONE',  #114 ) ;
#3119 = CYLINDRICAL_SURFACE ( 'NONE', #2066, 26.18499999999998800 ) ;
#3120 = DIRECTION ( 'NONE',  ( 0.0000000000000000000, 0.0000000000000000000, -1.000000000000000000 ) ) ;
#3121 = APPROVAL_STATUS ( 'not_yet_approved' ) ;
#3122 = CIRCLE ( 'NONE', #1524, 23.71000000000000400 ) ;
#3123 = ADVANCED_FACE ( 'NONE', ( #3519 ), #1849, .F. ) ;
#3124 = CIRCLE ( 'NONE', #1883, 19.44999999999999200 ) ;
#3125 = DIRECTION ( 'NONE',  ( -0.7071067811865425800, 8.659560562354995700E-017, -0.7071067811865525700 ) ) ;
#3126 = ORIENTED_EDGE ( 'NONE', *, *, #3762, .T. ) ;
#3127 = CARTESIAN_POINT ( 'NONE',  ( 25.20073615219411100, 28.17849583257876100, 80.86409122461462600 ) ) ;
#3128 = CIRCLE ( 'NONE', #2721, 18.99999999999999600 ) ;
#3129 = DIRECTION ( 'NONE',  ( 1.000000000000000000, -0.0000000000000000000, -0.0000000000000000000 ) ) ;
#3130 = VERTEX_POINT ( 'NONE', #2198 ) ;
#3131 = VECTOR ( 'NONE', #2819, 1000.000000000000000 ) ;
#3132 = CARTESIAN_POINT ( 'NONE',  ( 12.44178273874183900, 50.72976742982739800, 102.0188301499639200 ) ) ;
#3133 = ORIENTED_EDGE ( 'NONE', *, *, #340, .F. ) ;
#3134 = DIRECTION ( 'NONE',  ( 0.0000000000000000000, 0.0000000000000000000, 1.000000000000000000 ) ) ;
#3135 = EDGE_CURVE ( 'NONE', #735, #332, #1754, .T. ) ;
#3136 = CARTESIAN_POINT ( 'NONE',  ( 27.18325226216141400, 14.57889861492373000, 67.26449400695955200 ) ) ;
#3137 = APPLICATION_PROTOCOL_DEFINITION ( 'international standard', 'config_control_design', 1994, #2122 ) ;
#3138 = ORIENTED_EDGE ( 'NONE', *, *, #1785, .T. ) ;
#3139 = FACE_OUTER_BOUND ( 'NONE', #557, .T. ) ;
#3140 = CARTESIAN_POINT ( 'NONE',  ( -26.93262969212313600, 0.0000000000000000000, 0.0000000000000000000 ) ) ;
#3141 = DIRECTION ( 'NONE',  ( 0.0000000000000000000, 0.0000000000000000000, -1.000000000000000000 ) ) ;
#3142 = DATE_TIME_ROLE ( 'creation_date' ) ;
#3143 = ORIENTED_EDGE ( 'NONE', *, *, #423, .F. ) ;
#3144 = ORIENTED_EDGE ( 'NONE', *, *, #2917, .F. ) ;
#3145 = AXIS2_PLACEMENT_3D ( 'NONE', #3524, #1655, #3839 ) ;
#3146 = ADVANCED_FACE ( 'NONE', ( #128 ), #28, .F. ) ;
#3147 = PERSON_AND_ORGANIZATION ( #1695, #597 ) ;
#3148 = CARTESIAN_POINT ( 'NONE',  ( 25.96936486436914000, 55.64365112762747900, 106.9393739824602800 ) ) ;
#3149 = DIRECTION ( 'NONE',  ( 0.0000000000000000000, 0.0000000000000000000, -1.000000000000000000 ) ) ;
#3150 = DIRECTION ( 'NONE',  ( 0.0000000000000000000, 0.0000000000000000000, -1.000000000000000000 ) ) ;
#3151 = DATE_AND_TIME ( #3971, #792 ) ;
#3152 = DIRECTION ( 'NONE',  ( -1.000000000000000000, 0.0000000000000000000, 0.0000000000000000000 ) ) ;
#3153 = AXIS2_PLACEMENT_3D ( 'NONE', #2127, #605, #2143 ) ;
#3154 = SECURITY_CLASSIFICATION_LEVEL ( 'unclassified' ) ;
#3155 = DIRECTION ( 'NONE',  ( -1.000000000000000000, -0.0000000000000000000, -0.0000000000000000000 ) ) ;
#3156 = DIRECTION ( 'NONE',  ( 0.0000000000000000000, 0.0000000000000000000, 1.000000000000000000 ) ) ;
#3157 = ORIENTED_EDGE ( 'NONE', *, *, #239, .F. ) ;
#3158 = CARTESIAN_POINT ( 'NONE',  ( 0.0000000000000000000, 38.10000000000000100, 0.0000000000000000000 ) ) ;
#3159 = EDGE_LOOP ( 'NONE', ( #1569, #1836, #2547, #1640 ) ) ;
#3160 = CYLINDRICAL_SURFACE ( 'NONE', #2892, 18.99999999999999600 ) ;
#3161 = PRODUCT_DEFINITION ( 'UNKNOWN', '', #174, #2925 ) ;
#3162 = DIRECTION ( 'NONE',  ( 0.0000000000000000000, 0.0000000000000000000, 1.000000000000000000 ) ) ;
#3163 = CARTESIAN_POINT ( 'NONE',  ( 30.14796549790767300, 28.96675722320313200, 80.16191257763559000 ) ) ;
#3164 = DATE_TIME_ROLE ( 'creation_date' ) ;
#3165 = ADVANCED_FACE ( 'NONE', ( #3315, #1664 ), #3978, .T. ) ;
#3166 = DIRECTION ( 'NONE',  ( 0.0000000000000000000, 0.0000000000000000000, -1.000000000000000000 ) ) ;
#3167 = ORIENTED_EDGE ( 'NONE', *, *, #3679, .T. ) ;
#3168 = DIRECTION ( 'NONE',  ( 0.0000000000000000000, 0.0000000000000000000, -1.000000000000000000 ) ) ;
#3169 = CYLINDRICAL_SURFACE ( 'NONE', #2830, 26.12499999999998600 ) ;
#3170 = AXIS2_PLACEMENT_3D ( 'NONE', #2626, #3429, #33 ) ;
#3171 = ORIENTED_EDGE ( 'NONE', *, *, #2847, .F. ) ;
#3172 = VECTOR ( 'NONE', #1181, 1000.000000000000000 ) ;
#3173 = CARTESIAN_POINT ( 'NONE',  ( 37.06593587320013900, 29.19892964739952700, 81.88452503943541700 ) ) ;
#3174 = DIRECTION ( 'NONE',  ( -0.0000000000000000000, -0.0000000000000000000, 1.000000000000000000 ) ) ;
#3175 = AXIS2_PLACEMENT_3D ( 'NONE', #349, #2512, #666 ) ;
#3176 = CIRCLE ( 'NONE', #1803, 26.12499999999998600 ) ;
#3177 = CARTESIAN_POINT ( 'NONE',  ( 44.17275897714885200, 36.19460466282399800, 87.44422552424559600 ) ) ;
#3178 = ORIENTED_EDGE ( 'NONE', *, *, #3376, .T. ) ;
#3179 = CARTESIAN_POINT ( 'NONE',  ( -17.90819268389989100, 0.0000000000000000000, -24.12500000000000400 ) ) ;
#3180 = APPROVAL_ROLE ( '' ) ;
#3181 = CYLINDRICAL_SURFACE ( 'NONE', #943, 22.79499999999999500 ) ;
#3182 = CARTESIAN_POINT ( 'NONE',  ( 42.02662459328460200, 50.60874555820580400, 101.8976013412617200 ) ) ;
#3183 = CARTESIAN_POINT ( 'NONE',  ( -20.40819268389990200, 0.0000000000000000000, 0.0000000000000000000 ) ) ;
#3184 = EDGE_CURVE ( 'NONE', #2627, #1719, #856, .T. ) ;
#3185 = DIRECTION ( 'NONE',  ( -0.9777103847568746600, 0.2099580994831203000, 0.0000000000000000000 ) ) ;
#3186 = AXIS2_PLACEMENT_3D ( 'NONE', #3369, #1508, #3693 ) ;
#3187 = ORIENTED_EDGE ( 'NONE', *, *, #3263, .F. ) ;
#3188 = ADVANCED_FACE ( 'NONE', ( #2489 ), #1560, .F. ) ;
#3189 = CARTESIAN_POINT ( 'NONE',  ( -46.22819268389991300, 0.0000000000000000000, -23.62499999999998900 ) ) ;
#3190 = CARTESIAN_POINT ( 'NONE',  ( 40.08002303437871200, 31.63065283527725000, 84.31624822732895600 ) ) ;
#3191 = ORIENTED_EDGE ( 'NONE', *, *, #1980, .F. ) ;
#3192 = CALENDAR_DATE ( 2014, 22, 10 ) ;
#3193 = FACE_OUTER_BOUND ( 'NONE', #1319, .T. ) ;
#3194 = CARTESIAN_POINT ( 'NONE',  ( 46.18439929152581400, 37.08902878389419300, 89.77462417593010000 ) ) ;
#3195 = VERTEX_POINT ( 'NONE', #2111 ) ;
#3196 = CARTESIAN_POINT ( 'NONE',  ( -48.55504382660144800, 0.0000000000000000000, 22.79500000000000200 ) ) ;
#3197 = APPROVAL_STATUS ( 'not_yet_approved' ) ;
#3198 = CARTESIAN_POINT ( 'NONE',  ( 46.09374812318012700, 40.66374555971503200, 91.93063973760433800 ) ) ;
#3199 = EDGE_CURVE ( 'NONE', #1280, #2128, #949, .T. ) ;
#3200 = DATE_AND_TIME ( #4020, #827 ) ;
#3201 = CARTESIAN_POINT ( 'NONE',  ( 29.17167370015877000, 55.56990779953846300, 106.8655428364487000 ) ) ;
#3202 = ORIENTED_EDGE ( 'NONE', *, *, #1839, .T. ) ;
#3203 = CALENDAR_DATE ( 2014, 22, 10 ) ;
#3204 = AXIS2_PLACEMENT_3D ( 'NONE', #969, #3129, #1265 ) ;
#3205 = DIRECTION ( 'NONE',  ( 1.000000000000000000, 0.0000000000000000000, 0.0000000000000000000 ) ) ;
#3206 = CARTESIAN_POINT ( 'NONE',  ( 42.55597065300933900, 34.33017596959686600, 85.57000469672040300 ) ) ;
#3207 = ORIENTED_EDGE ( 'NONE', *, *, #340, .T. ) ;
#3208 = CARTESIAN_POINT ( 'NONE',  ( 46.17713764946911700, 40.96989872173886500, 93.65549411378393100 ) ) ;
#3209 = CLOSED_SHELL ( 'NONE', ( #604, #3752, #3188, #2282, #627, #298, #1585, #2484, #453, #3715 ) ) ;
#3210 = AXIS2_PLACEMENT_3D ( 'NONE', #2380, #533, #2684 ) ;
#3211 = VECTOR ( 'NONE', #2545, 1000.000000000000000 ) ;
#3212 = EDGE_CURVE ( 'NONE', #1193, #3497, #2391, .T. ) ;
#3213 = ADVANCED_FACE ( 'NONE', ( #3235 ), #2298, .T. ) ;
#3214 = CARTESIAN_POINT ( 'NONE',  ( 38.46164187638115100, 31.39010641358525800, 82.60961462168525300 ) ) ;
#3215 = CARTESIAN_POINT ( 'NONE',  ( -60.10819268389990100, 26.12499999999998600, 0.0000000000000000000 ) ) ;
#3216 = DIRECTION ( 'NONE',  ( 0.0000000000000000000, 0.0000000000000000000, 1.000000000000000000 ) ) ;
#3217 = SECURITY_CLASSIFICATION ( '', '', #1928 ) ;
#3218 = CARTESIAN_POINT ( 'NONE',  ( 40.80576182905736000, 31.10922676131384200, 83.79482215334974200 ) ) ;
#3219 = EDGE_CURVE ( 'NONE', #1335, #1340, #2686, .T. ) ;
#3220 = CARTESIAN_POINT ( 'NONE',  ( -32.35930008502348400, 0.0000000000000000000, 0.0000000000000000000 ) ) ;
#3221 = VERTEX_POINT ( 'NONE', #291 ) ;
#3222 = ORIENTED_EDGE ( 'NONE', *, *, #1011, .F. ) ;
#3223 = CARTESIAN_POINT ( 'NONE',  ( 46.13239535715109000, 43.22309926091038800, 94.49716136440305500 ) ) ;
#3224 = EDGE_CURVE ( 'NONE', #1662, #4009, #3128, .T. ) ;
#3225 = ORIENTED_EDGE ( 'NONE', *, *, #2559, .F. ) ;
#3226 = CARTESIAN_POINT ( 'NONE',  ( 54.43692923725929200, 46.82631659183176300, 35.26449400695955200 ) ) ;
#3227 = FACE_BOUND ( 'NONE', #1466, .T. ) ;
#3228 = CARTESIAN_POINT ( 'NONE',  ( 27.18325226216141400, 52.67889861492373200, -80.00235293493447800 ) ) ;
#3229 = DIRECTION ( 'NONE',  ( 0.0000000000000000000, 0.0000000000000000000, -1.000000000000000000 ) ) ;
#3230 = CARTESIAN_POINT ( 'NONE',  ( 27.18325226216141400, 52.67889861492373200, -3.935505993040447200 ) ) ;
#3231 = CONICAL_SURFACE ( 'NONE', #1328, 16.05999999999999900, 0.7853981633974552700 ) ;
#3232 = AXIS2_PLACEMENT_3D ( 'NONE', #2275, #2286, #450 ) ;
#3233 = CIRCLE ( 'NONE', #867, 26.12499999999998600 ) ;
#3234 = EDGE_LOOP ( 'NONE', ( #710, #2411, #2711, #3522, #30, #2605 ) ) ;
#3235 = FACE_OUTER_BOUND ( 'NONE', #157, .T. ) ;
#3236 = ADVANCED_FACE ( 'NONE', ( #1465 ), #768, .T. ) ;
#3237 = CARTESIAN_POINT ( 'NONE',  ( 46.67765048037270500, 38.21543946807621200, 90.90103486011214800 ) ) ;
#3238 =( BOUNDED_SURFACE ( )  B_SPLINE_SURFACE ( 3, 2, ( 
 ( #2963, #3577, #500 ),
 ( #2654, #813, #2975 ),
 ( #1117, #3284, #1415 ),
 ( #3593, #1717, #3907 ),
 ( #2032, #191, #2356 ),
 ( #510, #2668, #824 ),
 ( #2984, #1129, #1689 ),
 ( #3872, #1998, #159 ),
 ( #2323, #475, #2633 ),
 ( #794, #2950, #1094 ),
 ( #3270, #1397, #3568 ),
 ( #1696, #3887, #2011 ),
 ( #167, #2333, #492 ),
 ( #2647, #803, #2966 ),
 ( #1105, #3277, #1407 ),
 ( #3582, #1708, #3898 ),
 ( #2071, #232, #2395 ),
 ( #551, #2704, #865 ),
 ( #3022, #1165, #3331 ),
 ( #1468, #3643, #1774 ),
 ( #3961, #2078, #245 ),
 ( #2413, #562, #2713 ),
 ( #879, #3037, #1172 ),
 ( #3340, #1483, #3659 ),
 ( #1783, #3972, #2092 ),
 ( #254, #2425, #575 ),
 ( #2729, #890, #3049 ),
 ( #1185, #3349, #1495 ),
 ( #3673, #1795, #3985 ),
 ( #2107, #268, #2435 ),
 ( #587, #2745, #903 ),
 ( #3060, #1201, #3363 ),
 ( #1504, #3689, #1809 ),
 ( #4001, #2117, #284 ),
 ( #2449, #598, #2444 ),
 ( #594, #2754, #911 ),
 ( #3071, #1211, #3375 ),
 ( #1511, #3697, #1819 ),
 ( #4008, #2129, #295 ),
 ( #2457, #607, #2765 ),
 ( #928, #3085, #1219 ),
 ( #3391, #1525, #3708 ),
 ( #1833, #1, #2146 ),
 ( #306, #2472, #622 ),
 ( #2779, #937, #3097 ),
 ( #1235, #3404, #1540 ),
 ( #3727, #1848, #10 ),
 ( #2162, #321, #2479 ),
 ( #637, #2794, #948 ),
 ( #3111, #1254, #3420 ),
 ( #1551, #3738, #1864 ),
 ( #27, #2175, #339 ),
 ( #2495, #647, #2809 ),
 ( #965, #3127, #1264 ) ),
 .UNSPECIFIED., .F., .F., .F. ) 
 B_SPLINE_SURFACE_WITH_KNOTS ( ( 4, 2, 2, 2, 2, 2, 2, 2, 2, 2, 2, 2, 2, 2, 2, 2, 2, 2, 2, 2, 2, 2, 2, 2, 2, 2, 4 ),
 ( 3, 3 ),
 ( 0.06253562609701300600, 0.06644410272807632600, 0.07035257935913963300, 0.07230681767467128700, 0.07426105599020294000, 0.07621529430573459300, 0.07816953262126624700, 0.08207800925232955300, 0.08403224756786120700, 0.08598648588339287400, 0.08989496251445619500, 0.09087208167222202100, 0.09184920082998784800, 0.09380343914551950200, 0.09771191577658280800, 0.09868903493434863500, 0.09966615409211446200, 0.1016203924076461300, 0.1035746307231778000, 0.1055288690387094500, 0.1094373456697727600, 0.1113915839853044100, 0.1133458223008360600, 0.1172542989318993800, 0.1192085372474310500, 0.1211627755629627000, 0.1250712521940260100 ),
 ( 0.0000000000000000000, 1.000000000000000000 ),
 .UNSPECIFIED. ) 
 GEOMETRIC_REPRESENTATION_ITEM ( )  RATIONAL_B_SPLINE_SURFACE ( (
 ( 1.000000000000000000, 0.7131443077351634600, 1.000000000000000000),
 ( 1.000000000000000000, 0.7131717054911961300, 1.000000000000000000),
 ( 1.000000000000000000, 0.7131730930690610700, 1.000000000000000000),
 ( 1.000000000000000000, 0.7131252456146021100, 1.000000000000000000),
 ( 1.000000000000000000, 0.7130764726358289600, 1.000000000000000000),
 ( 1.000000000000000000, 0.7129625657650492400, 1.000000000000000000),
 ( 1.000000000000000000, 0.7129174519613673500, 1.000000000000000000),
 ( 1.000000000000000000, 0.7128142764869230800, 1.000000000000000000),
 ( 1.000000000000000000, 0.7127561074164746600, 1.000000000000000000),
 ( 1.000000000000000000, 0.7126257178687666100, 1.000000000000000000),
 ( 1.000000000000000000, 0.7125535010057859600, 1.000000000000000000),
 ( 1.000000000000000000, 0.7123934531458608900, 1.000000000000000000),
 ( 1.000000000000000000, 0.7123054332986583600, 1.000000000000000000),
 ( 1.000000000000000000, 0.7120155907661899200, 1.000000000000000000),
 ( 1.000000000000000000, 0.7117933087779047000, 1.000000000000000000),
 ( 1.000000000000000000, 0.7114046063605026200, 1.000000000000000000),
 ( 1.000000000000000000, 0.7112657414163767700, 1.000000000000000000),
 ( 1.000000000000000000, 0.7109661387036840800, 1.000000000000000000),
 ( 1.000000000000000000, 0.7108050592463716100, 1.000000000000000000),
 ( 1.000000000000000000, 0.7102946930719404900, 1.000000000000000000),
 ( 1.000000000000000000, 0.7099156300923995500, 1.000000000000000000),
 ( 1.000000000000000000, 0.7093750251511801200, 1.000000000000000000),
 ( 1.000000000000000000, 0.7092635239879258000, 1.000000000000000000),
 ( 1.000000000000000000, 0.7090331144547757900, 1.000000000000000000),
 ( 1.000000000000000000, 0.7089138622325725800, 1.000000000000000000),
 ( 1.000000000000000000, 0.7085473361833091200, 1.000000000000000000),
 ( 1.000000000000000000, 0.7082910090785666800, 1.000000000000000000),
 ( 1.000000000000000000, 0.7074803149121490200, 1.000000000000000000),
 ( 1.000000000000000000, 0.7068848631192565800, 1.000000000000000000),
 ( 1.000000000000000000, 0.7060449671488133700, 1.000000000000000000),
 ( 1.000000000000000000, 0.7058717861587215900, 1.000000000000000000),
 ( 1.000000000000000000, 0.7055187285185635600, 1.000000000000000000),
 ( 1.000000000000000000, 0.7053384948911900500, 1.000000000000000000),
 ( 1.000000000000000000, 0.7047859633095862100, 1.000000000000000000),
 ( 1.000000000000000000, 0.7044018449768019200, 1.000000000000000000),
 ( 1.000000000000000000, 0.7035980088659901100, 1.000000000000000000),
 ( 1.000000000000000000, 0.7031782882807164900, 1.000000000000000000),
 ( 1.000000000000000000, 0.7022988754958836600, 1.000000000000000000),
 ( 1.000000000000000000, 0.7018364241902048700, 1.000000000000000000),
 ( 1.000000000000000000, 0.7004061966913400800, 1.000000000000000000),
 ( 1.000000000000000000, 0.6993965301796413200, 1.000000000000000000),
 ( 1.000000000000000000, 0.6978035336818432200, 1.000000000000000000),
 ( 1.000000000000000000, 0.6972596476181445200, 1.000000000000000000),
 ( 1.000000000000000000, 0.6961507892895904000, 1.000000000000000000),
 ( 1.000000000000000000, 0.6955910037323901300, 1.000000000000000000),
 ( 1.000000000000000000, 0.6939277837617345800, 1.000000000000000000),
 ( 1.000000000000000000, 0.6928306706806954800, 1.000000000000000000),
 ( 1.000000000000000000, 0.6912967501930399300, 1.000000000000000000),
 ( 1.000000000000000000, 0.6908025262106299900, 1.000000000000000000),
 ( 1.000000000000000000, 0.6898930678847606800, 1.000000000000000000),
 ( 1.000000000000000000, 0.6894760637803732900, 1.000000000000000000),
 ( 1.000000000000000000, 0.6883663355888988100, 1.000000000000000000),
 ( 1.000000000000000000, 0.6878153867628220600, 1.000000000000000000),
 ( 1.000000000000000000, 0.6875268132357265100, 1.000000000000000000) ) ) 
 REPRESENTATION_ITEM ( '' )  SURFACE ( )  );
#3239 = EDGE_LOOP ( 'NONE', ( #3434, #324 ) ) ;
#3240 = AXIS2_PLACEMENT_3D ( 'NONE', #3975, #2096, #257 ) ;
#3241 = LINE ( 'NONE', #1277, #133 ) ;
#3242 = CARTESIAN_POINT ( 'NONE',  ( 45.46667166787697300, 47.26302448652958100, 99.94861987856552300 ) ) ;
#3243 = CARTESIAN_POINT ( 'NONE',  ( 29.68964760598708400, 27.46196422911663100, 80.14755962115249600 ) ) ;
#3244 = ORIENTED_EDGE ( 'NONE', *, *, #2220, .T. ) ;
#3245 = DIRECTION ( 'NONE',  ( -0.9777103847568747700, 0.2099580994831201900, 0.0000000000000000000 ) ) ;
#3246 = DIRECTION ( 'NONE',  ( 1.000000000000000000, -0.0000000000000000000, -0.0000000000000000000 ) ) ;
#3247 = ORIENTED_EDGE ( 'NONE', *, *, #1316, .F. ) ;
#3248 = CARTESIAN_POINT ( 'NONE',  ( 27.18325226216141400, 19.72257454334254600, 116.0023548049555700 ) ) ;
#3249 = EDGE_CURVE ( 'NONE', #3812, #2649, #656, .T. ) ;
#3250 = CARTESIAN_POINT ( 'NONE',  ( 27.18325226216141400, 52.67889861492373200, -80.00235293493447800 ) ) ;
#3251 = CC_DESIGN_SECURITY_CLASSIFICATION ( #2177, ( #1156 ) ) ;
#3252 = ORIENTED_EDGE ( 'NONE', *, *, #1850, .T. ) ;
#3253 = CIRCLE ( 'NONE', #2969, 26.18499999999998800 ) ;
#3254 = CALENDAR_DATE ( 2014, 22, 10 ) ;
#3255 = CARTESIAN_POINT ( 'NONE',  ( 43.55945062188624900, 49.68448432860663600, 102.3700797206425800 ) ) ;
#3256 = ORIENTED_EDGE ( 'NONE', *, *, #243, .F. ) ;
#3257 = ORIENTED_EDGE ( 'NONE', *, *, #68, .F. ) ;
#3258 = CARTESIAN_POINT ( 'NONE',  ( 41.57366397795718900, 50.31027922542997300, 102.9958746174636600 ) ) ;
#3259 = LOCAL_TIME ( 12, 19, 51.00000000000000000, #49 ) ;
#3260 = AXIS2_PLACEMENT_3D ( 'NONE', #2394, #75, #2211 ) ;
#3261 = DIRECTION ( 'NONE',  ( 0.0000000000000000000, 0.0000000000000000000, 1.000000000000000000 ) ) ;
#3262 = PERSON_AND_ORGANIZATION ( #1695, #597 ) ;
#3263 = EDGE_CURVE ( 'NONE', #1742, #1335, #3029, .T. ) ;
#3264 = DIRECTION ( 'NONE',  ( 0.0000000000000000000, 0.0000000000000000000, -1.000000000000000000 ) ) ;
#3265 = VERTEX_POINT ( 'NONE', #620 ) ;
#3266 = AXIS2_PLACEMENT_3D ( 'NONE', #1935, #103, #2256 ) ;
#3267 = CARTESIAN_POINT ( 'NONE',  ( 29.27632746002848700, 55.57804691537972300, 108.2636423074156900 ) ) ;
#3268 = DIRECTION ( 'NONE',  ( 0.0000000000000000000, 0.0000000000000000000, -1.000000000000000000 ) ) ;
#3269 = ORIENTED_EDGE ( 'NONE', *, *, #3772, .F. ) ;
#3270 = CARTESIAN_POINT ( 'NONE',  ( 16.72299422966563400, 53.57579844404362700, 106.2613938360796100 ) ) ;
#3271 = CARTESIAN_POINT ( 'NONE',  ( 27.18325226216141400, 33.03438560389255200, 102.6905437444056200 ) ) ;
#3272 = ORIENTED_EDGE ( 'NONE', *, *, #3481, .F. ) ;
#3273 = LINE ( 'NONE', #1586, #896 ) ;
#3274 = DIRECTION ( 'NONE',  ( -0.0000000000000000000, -0.0000000000000000000, 1.000000000000000000 ) ) ;
#3275 = CIRCLE ( 'NONE', #3062, 16.05999999999999900 ) ;
#3276 = EDGE_CURVE ( 'NONE', #3601, #87, #3858, .T. ) ;
#3277 = CARTESIAN_POINT ( 'NONE',  ( 13.35295216494856300, 50.77998068563165600, 103.4655760776721500 ) ) ;
#3278 = DIRECTION ( 'NONE',  ( -1.000000000000000000, 0.0000000000000000000, 0.0000000000000000000 ) ) ;
#3279 = FACE_BOUND ( 'NONE', #3324, .T. ) ;
#3280 = ORIENTED_EDGE ( 'NONE', *, *, #1003, .T. ) ;
#3281 = AXIS2_PLACEMENT_3D ( 'NONE', #2406, #558, #2712 ) ;
#3282 = CARTESIAN_POINT ( 'NONE',  ( 37.35092233173866600, 52.88398114268302000, 105.5695765347167000 ) ) ;
#3283 = FACE_OUTER_BOUND ( 'NONE', #3065, .T. ) ;
#3284 = CARTESIAN_POINT ( 'NONE',  ( 26.66546690645399000, 54.98438495802522400, 107.6699803500566500 ) ) ;
#3285 = DIRECTION ( 'NONE',  ( -0.9777103847568747700, 0.2099580994831201900, 0.0000000000000000000 ) ) ;
#3286 = AXIS2_PLACEMENT_3D ( 'NONE', #3598, #1725, #3915 ) ;
#3287 = ORIENTED_EDGE ( 'NONE', *, *, #201, .F. ) ;
#3288 = ORIENTED_EDGE ( 'NONE', *, *, #1505, .F. ) ;
#3289 = DIRECTION ( 'NONE',  ( 0.0000000000000000000, 0.0000000000000000000, 1.000000000000000000 ) ) ;
#3290 = LOCAL_TIME ( 12, 19, 51.00000000000000000, #90 ) ;
#3291 = ORIENTED_EDGE ( 'NONE', *, *, #2242, .F. ) ;
#3292 = ORIENTED_EDGE ( 'NONE', *, *, #913, .T. ) ;
#3293 = DIRECTION ( 'NONE',  ( 0.0000000000000000000, 0.0000000000000000000, -1.000000000000000000 ) ) ;
#3294 = CC_DESIGN_PERSON_AND_ORGANIZATION_ASSIGNMENT ( #2061, #1002, ( #2665 ) ) ;
#3295 = CARTESIAN_POINT ( 'NONE',  ( 31.65117941802212400, 55.29652789450622700, 106.5918366131264200 ) ) ;
#3296 = PERSON_AND_ORGANIZATION ( #1695, #597 ) ;
#3297 = DATE_AND_TIME ( #100, #925 ) ;
#3298 = EDGE_LOOP ( 'NONE', ( #1182, #2003 ) ) ;
#3299 = DIRECTION ( 'NONE',  ( 0.0000000000000000000, 0.0000000000000000000, -1.000000000000000000 ) ) ;
#3300 = AXIS2_PLACEMENT_3D ( 'NONE', #3396, #7, #313 ) ;
#3301 = CARTESIAN_POINT ( 'NONE',  ( -22.20005111260406500, 0.0000000000000000000, 0.0000000000000000000 ) ) ;
#3302 = EDGE_LOOP ( 'NONE', ( #1384, #2035, #787, #1671 ) ) ;
#3303 = LINE ( 'NONE', #673, #2471 ) ;
#3304 = DIRECTION ( 'NONE',  ( 1.000000000000000000, -0.0000000000000000000, -0.0000000000000000000 ) ) ;
#3305 = AXIS2_PLACEMENT_3D ( 'NONE', #1075, #2290, #1667 ) ;
#3306 = ORIENTED_EDGE ( 'NONE', *, *, #3052, .F. ) ;
#3307 = CARTESIAN_POINT ( 'NONE',  ( -53.30290323835134800, 0.0000000000000000000, 0.0000000000000000000 ) ) ;
#3308 = DIRECTION ( 'NONE',  ( 0.0000000000000000000, 0.0000000000000000000, -1.000000000000000000 ) ) ;
#3309 = APPROVAL ( #1231, 'UNSPECIFIED' ) ;
#3310 = DIRECTION ( 'NONE',  ( -0.9777103847568747700, 0.2099580994831201600, 0.0000000000000000000 ) ) ;
#3311 = CARTESIAN_POINT ( 'NONE',  ( -60.10819268389990100, 1.966782759430647800E-015, 16.05999999999998500 ) ) ;
#3312 = CIRCLE ( 'NONE', #842, 16.06000000000000200 ) ;
#3313 = FACE_OUTER_BOUND ( 'NONE', #659, .T. ) ;
#3314 = EDGE_LOOP ( 'NONE', ( #1879, #3530 ) ) ;
#3315 = FACE_OUTER_BOUND ( 'NONE', #3443, .T. ) ;
#3316 = EDGE_CURVE ( 'NONE', #3965, #2649, #559, .T. ) ;
#3317 = ORIENTED_EDGE ( 'NONE', *, *, #2823, .F. ) ;
#3318 = CARTESIAN_POINT ( 'NONE',  ( -46.22819268389991300, 0.0000000000000000000, 0.0000000000000000000 ) ) ;
#3319 = FACE_OUTER_BOUND ( 'NONE', #3654, .T. ) ;
#3320 = AXIS2_PLACEMENT_3D ( 'NONE', #3014, #542, #1154 ) ;
#3321 = DIRECTION ( 'NONE',  ( 0.0000000000000000000, 1.000000000000000000, 1.224646799147353200E-016 ) ) ;
#3322 = ORIENTED_EDGE ( 'NONE', *, *, #112, .T. ) ;
#3323 = ORIENTED_EDGE ( 'NONE', *, *, #202, .T. ) ;
#3324 = EDGE_LOOP ( 'NONE', ( #3784, #1148 ) ) ;
#3325 = ORIENTED_EDGE ( 'NONE', *, *, #3912, .F. ) ;
#3326 = CIRCLE ( 'NONE', #2537, 27.87499999999999600 ) ;
#3327 = ORIENTED_EDGE ( 'NONE', *, *, #1441, .F. ) ;
#3328 = DATE_AND_TIME ( #145, #968 ) ;
#3329 = VERTEX_POINT ( 'NONE', #3726 ) ;
#3330 = CARTESIAN_POINT ( 'NONE',  ( 27.18325226216141400, 30.46758798818538200, 105.2573413601127800 ) ) ;
#3331 = CARTESIAN_POINT ( 'NONE',  ( 10.77533537280442600, 49.00060134354377800, 100.2868148887184800 ) ) ;
#3332 = DIRECTION ( 'NONE',  ( 0.9945070982098259700, -0.07401226793671394900, -0.07401226793671421300 ) ) ;
#3333 = CALENDAR_DATE ( 2014, 22, 10 ) ;
#3334 = CARTESIAN_POINT ( 'NONE',  ( 27.18325226216141400, 52.67889861492373200, 5.088931015182790700 ) ) ;
#3335 = CARTESIAN_POINT ( 'NONE',  ( 18.99999999999999600, 38.10000000000000100, -29.00000000000000000 ) ) ;
#3336 = EDGE_CURVE ( 'NONE', #3636, #3074, #470, .T. ) ;
#3337 = DIRECTION ( 'NONE',  ( 0.0000000000000000000, 0.0000000000000000000, -1.000000000000000000 ) ) ;
#3338 = EDGE_LOOP ( 'NONE', ( #1161, #3191 ) ) ;
#3339 = ORIENTED_EDGE ( 'NONE', *, *, #356, .F. ) ;
#3340 = CARTESIAN_POINT ( 'NONE',  ( 7.731959917001705500, 44.80952824295192700, 97.49512363498787700 ) ) ;
#3341 = AXIS2_PLACEMENT_3D ( 'NONE', #443, #2599, #755 ) ;
#3342 = UNCERTAINTY_MEASURE_WITH_UNIT (LENGTH_MEASURE( 1.000000000000000100E-005 ), #566, 'distance_accuracy_value', 'NONE');
#3343 =( NAMED_UNIT ( * ) PLANE_ANGLE_UNIT ( ) SI_UNIT ( $, .RADIAN. ) );
#3344 = AXIS2_PLACEMENT_3D ( 'NONE', #2494, #645, #2806 ) ;
#3345 = VECTOR ( 'NONE', #2527, 1000.000000000000000 ) ;
#3346 = CARTESIAN_POINT ( 'NONE',  ( -57.10819268389989400, 0.0000000000000000000, 0.0000000000000000000 ) ) ;
#3347 = ORIENTED_EDGE ( 'NONE', *, *, #615, .T. ) ;
#3348 = EDGE_CURVE ( 'NONE', #371, #329, #3756, .T. ) ;
#3349 = CARTESIAN_POINT ( 'NONE',  ( 8.156219402171434000, 42.03494929798505800, 94.72054469001645300 ) ) ;
#3350 = APPROVAL ( #1887, 'UNSPECIFIED' ) ;
#3351 = CONICAL_SURFACE ( 'NONE', #1400, 26.18499999999999900, 0.2094395102393202800 ) ;
#3352 = CARTESIAN_POINT ( 'NONE',  ( 22.75694394910162200, 55.33615323499775900, 108.0217486270337600 ) ) ;
#3353 = CARTESIAN_POINT ( 'NONE',  ( 27.18325226216141400, 54.05617529394250200, 81.66875405435575900 ) ) ;
#3354 = FACE_OUTER_BOUND ( 'NONE', #1155, .T. ) ;
#3355 = CARTESIAN_POINT ( 'NONE',  ( 27.18325226216141400, 52.67889861492373200, -3.435505993040460600 ) ) ;
#3356 = EDGE_CURVE ( 'NONE', #2554, #1401, #2938, .T. ) ;
#3357 = ORIENTED_EDGE ( 'NONE', *, *, #2876, .F. ) ;
#3358 = VECTOR ( 'NONE', #1682, 1000.000000000000000 ) ;
#3359 = CARTESIAN_POINT ( 'NONE',  ( -16.05999999999999900, 38.10000000000000100, -29.00000000000000000 ) ) ;
#3360 = VERTEX_POINT ( 'NONE', #2173 ) ;
#3361 = AXIS2_PLACEMENT_3D ( 'NONE', #51, #2195, #353 ) ;
#3362 = CARTESIAN_POINT ( 'NONE',  ( -17.72930008502348500, 0.0000000000000000000, 0.0000000000000000000 ) ) ;
#3363 = CARTESIAN_POINT ( 'NONE',  ( 8.416325709068273000, 40.11026939206325200, 91.37530605594798800 ) ) ;
#3364 = DIRECTION ( 'NONE',  ( -0.9777103847568747700, 0.2099580994831203600, 0.0000000000000000000 ) ) ;
#3365 = ORIENTED_EDGE ( 'NONE', *, *, #1365, .T. ) ;
#3366 = CARTESIAN_POINT ( 'NONE',  ( 1.966782759430649000E-015, 22.04000000000000300, 0.0000000000000000000 ) ) ;
#3367 = CARTESIAN_POINT ( 'NONE',  ( 10.25591284790867500, 49.05883771522412900, 101.7444331072601100 ) ) ;
#3368 = AXIS2_PLACEMENT_3D ( 'NONE', #2188, #3439, #646 ) ;
#3369 = CARTESIAN_POINT ( 'NONE',  ( 0.0000000000000000000, 0.0000000000000000000, 0.0000000000000000000 ) ) ;
#3370 = EDGE_CURVE ( 'NONE', #2377, #2798, #365, .T. ) ;
#3371 = CONTEXT_DEPENDENT_SHAPE_REPRESENTATION ( #3805, #3004 ) ;
#3372 = ORIENTED_EDGE ( 'NONE', *, *, #3762, .F. ) ;
#3373 = DIRECTION ( 'NONE',  ( 1.000000000000000000, -0.0000000000000000000, -0.0000000000000000000 ) ) ;
#3374 = VERTEX_POINT ( 'NONE', #3437 ) ;
#3375 = CARTESIAN_POINT ( 'NONE',  ( 9.347414795046697500, 37.57182861746054000, 88.82753957992979100 ) ) ;
#3376 = EDGE_CURVE ( 'NONE', #1146, #3055, #2831, .T. ) ;
#3377 = LOCAL_TIME ( 12, 19, 51.00000000000000000, #188 ) ;
#3378 = DIRECTION ( 'NONE',  ( 1.000000000000000000, 0.0000000000000000000, 0.0000000000000000000 ) ) ;
#3379 = ORIENTED_EDGE ( 'NONE', *, *, #2559, .T. ) ;
#3380 = CC_DESIGN_PERSON_AND_ORGANIZATION_ASSIGNMENT ( #193, #1843, ( #2639 ) ) ;
#3381 = ADVANCED_FACE ( 'NONE', ( #1178 ), #1791, .F. ) ;
#3382 = PERSON_AND_ORGANIZATION ( #1695, #597 ) ;
#3383 = DIRECTION ( 'NONE',  ( 0.9777103847568750000, -0.2099580994831200000, 0.0000000000000000000 ) ) ;
#3384 = PLANE ( 'NONE',  #2822 ) ;
#3385 = CARTESIAN_POINT ( 'NONE',  ( 7.482751424206814900, 39.06025316439232100, 91.74584855642825700 ) ) ;
#3386 = ORIENTED_EDGE ( 'NONE', *, *, #3505, .F. ) ;
#3387 = APPLICATION_PROTOCOL_DEFINITION ( 'international standard', 'config_control_design', 1994, #1218 ) ;
#3388 = CARTESIAN_POINT ( 'NONE',  ( -53.30290323835134800, 0.0000000000000000000, 0.0000000000000000000 ) ) ;
#3389 = ORIENTED_EDGE ( 'NONE', *, *, #1839, .F. ) ;
#3390 = VECTOR ( 'NONE', #2505, 1000.000000000000200 ) ;
#3391 = CARTESIAN_POINT ( 'NONE',  ( 12.04839411071649600, 32.24914149362116000, 84.93473688565704500 ) ) ;
#3392 = EDGE_CURVE ( 'NONE', #3963, #329, #3469, .T. ) ;
#3393 = DIRECTION ( 'NONE',  ( 0.0000000000000000000, 0.0000000000000000000, -1.000000000000000000 ) ) ;
#3394 = ORIENTED_EDGE ( 'NONE', *, *, #2565, .T. ) ;
#3395 = AXIS2_PLACEMENT_3D ( 'NONE', #3740, #2482, #2796 ) ;
#3396 = CARTESIAN_POINT ( 'NONE',  ( 0.0000000000000000000, 0.0000000000000000000, 0.0000000000000000000 ) ) ;
#3397 = CARTESIAN_POINT ( 'NONE',  ( 16.48159347412107000, 29.51978642454715300, 82.20538181658301400 ) ) ;
#3398 = ORIENTED_EDGE ( 'NONE', *, *, #2766, .F. ) ;
#3399 = ORIENTED_EDGE ( 'NONE', *, *, #2218, .F. ) ;
#3400 = APPROVAL_ROLE ( '' ) ;
#3401 = ADVANCED_FACE ( 'NONE', ( #259 ), #998, .T. ) ;
#3402 = DIRECTION ( 'NONE',  ( -0.9777103847568746600, 0.2099580994831203000, 0.0000000000000000000 ) ) ;
#3403 = AXIS2_PLACEMENT_3D ( 'NONE', #1447, #3625, #1752 ) ;
#3404 = CARTESIAN_POINT ( 'NONE',  ( 16.01687887481668000, 30.63099753485493100, 83.31659292688399900 ) ) ;
#3405 = CYLINDRICAL_SURFACE ( 'NONE', #3395, 27.12499999999999600 ) ;
#3406 = DIRECTION ( 'NONE',  ( 1.000000000000000000, -0.0000000000000000000, -0.0000000000000000000 ) ) ;
#3407 = CIRCLE ( 'NONE', #293, 16.05999999999999900 ) ;
#3408 = ORIENTED_EDGE ( 'NONE', *, *, #2584, .T. ) ;
#3409 = CARTESIAN_POINT ( 'NONE',  ( 14.40483841993718700, 32.28172577411464100, 83.50815961929356500 ) ) ;
#3410 = CC_DESIGN_SECURITY_CLASSIFICATION ( #3217, ( #4023 ) ) ;
#3411 = LINE ( 'NONE', #36, #1052 ) ;
#3412 = DIRECTION ( 'NONE',  ( -1.000000000000000000, -0.0000000000000000000, -0.0000000000000000000 ) ) ;
#3413 = ORIENTED_EDGE ( 'NONE', *, *, #1979, .F. ) ;
#3414 = VERTEX_POINT ( 'NONE', #54 ) ;
#3415 = PERSON_AND_ORGANIZATION_ROLE ( 'design_supplier' ) ;
#3416 = FACE_BOUND ( 'NONE', #3239, .T. ) ;
#3417 = DIRECTION ( 'NONE',  ( 1.000000000000000000, -0.0000000000000000000, -0.0000000000000000000 ) ) ;
#3418 = EDGE_CURVE ( 'NONE', #39, #3711, #2000, .T. ) ;
#3419 = DIRECTION ( 'NONE',  ( 0.9777103847568748800, -0.2099580994831200800, 0.0000000000000000000 ) ) ;
#3420 = CARTESIAN_POINT ( 'NONE',  ( 20.37494113612713400, 29.69107523150155000, 80.89443971978137400 ) ) ;
#3421 = ORIENTED_EDGE ( 'NONE', *, *, #3630, .T. ) ;
#3422 = DIRECTION ( 'NONE',  ( 0.0000000000000000000, -0.7071067811865487900, 0.7071067811865462400 ) ) ;
#3423 = EDGE_LOOP ( 'NONE', ( #2090, #721, #206, #281 ) ) ;
#3424 = AXIS2_PLACEMENT_3D ( 'NONE', #980, #3141, #1278 ) ;
#3425 = ORIENTED_EDGE ( 'NONE', *, *, #1850, .F. ) ;
#3426 = ADVANCED_FACE ( 'NONE', ( #2726 ), #1095, .F. ) ;
#3427 = VECTOR ( 'NONE', #424, 1000.000000000000000 ) ;
#3428 = CARTESIAN_POINT ( 'NONE',  ( 8.174852725015165700, 42.07320133775324700, 93.34420232998144200 ) ) ;
#3429 = DIRECTION ( 'NONE',  ( -1.000000000000000000, -0.0000000000000000000, -0.0000000000000000000 ) ) ;
#3430 = ORIENTED_EDGE ( 'NONE', *, *, #2958, .T. ) ;
#3431 = DIRECTION ( 'NONE',  ( -0.7071067811865462400, -0.5000000000000001100, -0.5000000000000017800 ) ) ;
#3432 = PERSON_AND_ORGANIZATION ( #1695, #597 ) ;
#3433 = VERTEX_POINT ( 'NONE', #3465 ) ;
#3434 = ORIENTED_EDGE ( 'NONE', *, *, #1068, .F. ) ;
#3435 = AXIS2_PLACEMENT_3D ( 'NONE', #2802, #961, #3120 ) ;
#3436 = PERSON_AND_ORGANIZATION_ROLE ( 'creator' ) ;
#3437 = CARTESIAN_POINT ( 'NONE',  ( 0.0000000000000000000, 54.15999999999999700, 0.0000000000000000000 ) ) ;
#3438 = DATE_AND_TIME ( #235, #1071 ) ;
#3439 = DIRECTION ( 'NONE',  ( 0.0000000000000000000, -0.7071067811865487900, 0.7071067811865462400 ) ) ;
#3440 = PRODUCT_RELATED_PRODUCT_CATEGORY ( 'detail', '', ( #2639 ) ) ;
#3441 = CARTESIAN_POINT ( 'NONE',  ( 14.53378823384978700, 52.24397331262677100, 103.5352728065775800 ) ) ;
#3442 = CARTESIAN_POINT ( 'NONE',  ( 54.43692923725929200, 46.82631659183176300, 32.76449400695955200 ) ) ;
#3443 = EDGE_LOOP ( 'NONE', ( #2466, #3365 ) ) ;
#3444 = FACE_OUTER_BOUND ( 'NONE', #1135, .T. ) ;
#3445 = CARTESIAN_POINT ( 'NONE',  ( 32.27382001146543200, 27.81658918040928100, 80.50218457244517400 ) ) ;
#3446 = CARTESIAN_POINT ( 'NONE',  ( -54.60819268389989400, 0.0000000000000000000, 0.0000000000000000000 ) ) ;
#3447 = ORIENTED_EDGE ( 'NONE', *, *, #2428, .F. ) ;
#3448 = PERSON_AND_ORGANIZATION_ROLE ( 'design_owner' ) ;
#3449 = DIRECTION ( 'NONE',  ( -1.000000000000000000, 0.0000000000000000000, 0.0000000000000000000 ) ) ;
#3450 = ADVANCED_FACE ( 'NONE', ( #3354 ), #899, .T. ) ;
#3451 = DIRECTION ( 'NONE',  ( 0.0000000000000000000, 0.0000000000000000000, 1.000000000000000000 ) ) ;
#3452 = CARTESIAN_POINT ( 'NONE',  ( -33.35930008502348400, 2.791582378656391900E-015, -22.79500000000000200 ) ) ;
#3453 = DIRECTION ( 'NONE',  ( -0.9777103847568747700, 0.2099580994831201900, 0.0000000000000000000 ) ) ;
#3454 = AXIS2_PLACEMENT_3D ( 'NONE', #152, #1047, #1945 ) ;
#3455 = DIRECTION ( 'NONE',  ( -1.000000000000000000, -0.0000000000000000000, -0.0000000000000000000 ) ) ;
#3456 = CARTESIAN_POINT ( 'NONE',  ( 26.40427665600142100, 27.33782269428255100, 80.02341808631841500 ) ) ;
#3457 = CARTESIAN_POINT ( 'NONE',  ( 38.53938716801734200, 39.20469476937194000, 112.5802345789262700 ) ) ;
#3458 = AXIS2_PLACEMENT_3D ( 'NONE', #697, #2878, #1025 ) ;
#3459 = TOROIDAL_SURFACE ( 'NONE', #1779, 38.10000000000000100, 19.00000000000000000 ) ;
#3460 = ORIENTED_EDGE ( 'NONE', *, *, #2811, .T. ) ;
#3461 = DIRECTION ( 'NONE',  ( -1.000000000000000000, -0.0000000000000000000, -0.0000000000000000000 ) ) ;
#3462 = DATE_TIME_ROLE ( 'classification_date' ) ;
#3463 = CONICAL_SURFACE ( 'NONE', #266, 23.62500000000000400, 0.7853981633974657100 ) ;
#3464 = CIRCLE ( 'NONE', #1797, 2.500000000000000000 ) ;
#3465 = CARTESIAN_POINT ( 'NONE',  ( -22.77439587576796100, 3.268331501057124200E-015, -26.68795201467610000 ) ) ;
#3466 = VERTEX_POINT ( 'NONE', #2217 ) ;
#3467 = DIRECTION ( 'NONE',  ( 1.000000000000000000, 0.0000000000000000000, 0.0000000000000000000 ) ) ;
#3468 = PLANE ( 'NONE',  #1470 ) ;
#3469 = CIRCLE ( 'NONE', #3777, 27.12499999999998600 ) ;
#3470 = ORIENTED_EDGE ( 'NONE', *, *, #906, .F. ) ;
#3471 = VECTOR ( 'NONE', #464, 1000.000000000000000 ) ;
#3472 = ADVANCED_FACE ( 'NONE', ( #1704 ), #1611, .T. ) ;
#3473 = DIRECTION ( 'NONE',  ( -1.000000000000000000, -0.0000000000000000000, -0.0000000000000000000 ) ) ;
#3474 = CARTESIAN_POINT ( 'NONE',  ( 31.36067725786277200, 28.42607928307877800, 81.11167467511579300 ) ) ;
#3475 = EDGE_CURVE ( 'NONE', #211, #569, #1681, .T. ) ;
#3476 = ORIENTED_EDGE ( 'NONE', *, *, #2855, .T. ) ;
#3477 = DIRECTION ( 'NONE',  ( 0.0000000000000000000, -0.7071067811865487900, 0.7071067811865462400 ) ) ;
#3478 = APPROVAL_ROLE ( '' ) ;
#3479 = ORIENTED_EDGE ( 'NONE', *, *, #754, .T. ) ;
#3480 = CARTESIAN_POINT ( 'NONE',  ( 30.36849925426153300, 55.46052094429225600, 106.7560253275445100 ) ) ;
#3481 = EDGE_CURVE ( 'NONE', #2477, #930, #2536, .T. ) ;
#3482 = DIRECTION ( 'NONE',  ( 1.000000000000000000, 0.0000000000000000000, 0.0000000000000000000 ) ) ;
#3483 = CARTESIAN_POINT ( 'NONE',  ( 12.44007587442187000, 51.94466697813110300, 104.6302623701670600 ) ) ;
#3484 = DATE_AND_TIME ( #274, #1110 ) ;
#3485 = ORIENTED_EDGE ( 'NONE', *, *, #2843, .T. ) ;
#3486 = AXIS2_PLACEMENT_3D ( 'NONE', #1169, #3337, #1478 ) ;
#3487 = CALENDAR_DATE ( 2014, 22, 10 ) ;
#3488 = CARTESIAN_POINT ( 'NONE',  ( 36.57180169267721200, 30.55020608664494500, 81.76217893341221600 ) ) ;
#3489 = CARTESIAN_POINT ( 'NONE',  ( 44.42845124344352600, 35.87527277297664300, 88.56086816501027700 ) ) ;
#3490 = LOCAL_TIME ( 12, 19, 51.00000000000000000, #282 ) ;
#3491 = CARTESIAN_POINT ( 'NONE',  ( 8.183252262161415700, 52.67889861492373200, 38.26449400695955200 ) ) ;
#3492 = AXIS2_PLACEMENT_3D ( 'NONE', #2361, #517, #2672 ) ;
#3493 = PERSON_AND_ORGANIZATION_ROLE ( 'classification_officer' ) ;
#3494 = ADVANCED_FACE ( 'NONE', ( #2441 ), #812, .T. ) ;
#3495 = CARTESIAN_POINT ( 'NONE',  ( 43.08737931530453100, 49.57447064635730500, 100.8616557708878900 ) ) ;
#3496 = CARTESIAN_POINT ( 'NONE',  ( 43.24325226216139800, 52.67889861492373200, -3.935505993040447200 ) ) ;
#3497 = VERTEX_POINT ( 'NONE', #1977 ) ;
#3498 = CARTESIAN_POINT ( 'NONE',  ( 52.72593606393476100, 47.19374326592721800, -80.00235293493447800 ) ) ;
#3499 = DIRECTION ( 'NONE',  ( 1.000000000000000000, -0.0000000000000000000, -0.0000000000000000000 ) ) ;
#3500 = EDGE_LOOP ( 'NONE', ( #3658, #621, #55, #3325 ) ) ;
#3501 = LINE ( 'NONE', #1577, #2759 ) ;
#3502 = CC_DESIGN_DATE_AND_TIME_ASSIGNMENT ( #2795, #3164, ( #2665 ) ) ;
#3503 = CARTESIAN_POINT ( 'NONE',  ( 41.71232715104583400, 31.74206209896143000, 84.42765749099731900 ) ) ;
#3504 = CARTESIAN_POINT ( 'NONE',  ( 45.23434194011180400, 38.02393759971491200, 89.28145132887104300 ) ) ;
#3505 = EDGE_CURVE ( 'NONE', #930, #2477, #169, .T. ) ;
#3506 = DATE_TIME_ROLE ( 'classification_date' ) ;
#3507 = CARTESIAN_POINT ( 'NONE',  ( 45.48765950738985000, 38.59482650610336700, 89.85456143613792800 ) ) ;
#3508 = ORIENTED_EDGE ( 'NONE', *, *, #3572, .F. ) ;
#3509 = ORIENTED_EDGE ( 'NONE', *, *, #1261, .T. ) ;
#3510 = DIRECTION ( 'NONE',  ( 0.0000000000000000000, -0.7071067811865489100, 0.7071067811865462400 ) ) ;
#3511 = EDGE_LOOP ( 'NONE', ( #1288, #3327 ) ) ;
#3512 = ADVANCED_FACE ( 'NONE', ( #3279, #2641 ), #137, .T. ) ;
#3513 = CYLINDRICAL_SURFACE ( 'NONE', #2770, 26.12499999999999300 ) ;
#3514 = AXIS2_PLACEMENT_3D ( 'NONE', #3271, #1399, #3571 ) ;
#3515 = FACE_OUTER_BOUND ( 'NONE', #2364, .T. ) ;
#3516 = CARTESIAN_POINT ( 'NONE',  ( 47.18511758359957000, 41.64052288114710600, 94.32611827318302700 ) ) ;
#3517 = ORIENTED_EDGE ( 'NONE', *, *, #131, .F. ) ;
#3518 = DIRECTION ( 'NONE',  ( 0.0000000000000000000, -0.7071067811865487900, 0.7071067811865462400 ) ) ;
#3519 = FACE_OUTER_BOUND ( 'NONE', #1856, .T. ) ;
#3520 = CARTESIAN_POINT ( 'NONE',  ( 35.35347812356641100, 30.08135457278909900, 81.28881849582933200 ) ) ;
#3521 = EDGE_CURVE ( 'NONE', #425, #1069, #3176, .T. ) ;
#3522 = ORIENTED_EDGE ( 'NONE', *, *, #3679, .F. ) ;
#3523 = CARTESIAN_POINT ( 'NONE',  ( -17.90819268389989800, 0.0000000000000000000, 18.29999999999999000 ) ) ;
#3524 = CARTESIAN_POINT ( 'NONE',  ( -18.40819268389988400, 0.0000000000000000000, 0.0000000000000000000 ) ) ;
#3525 = CC_DESIGN_APPROVAL ( #3309, ( #2680 ) ) ;
#3526 = LINE ( 'NONE', #814, #1055 ) ;
#3527 = ORIENTED_EDGE ( 'NONE', *, *, #1458, .F. ) ;
#3528 = CARTESIAN_POINT ( 'NONE',  ( 42.78179246843843900, 32.65164651512438400, 85.33724190716027600 ) ) ;
#3529 = DIRECTION ( 'NONE',  ( 0.0000000000000000000, 0.0000000000000000000, -1.000000000000000000 ) ) ;
#3530 = ORIENTED_EDGE ( 'NONE', *, *, #201, .T. ) ;
#3531 = VECTOR ( 'NONE', #111, 1000.000000000000000 ) ;
#3532 = CARTESIAN_POINT ( 'NONE',  ( 45.99468831495411100, 43.61066124852374800, 96.29625664055966200 ) ) ;
#3533 = PLANE ( 'NONE',  #3232 ) ;
#3534 = MANIFOLD_SOLID_BREP ( 'Chamfer1', #2372 ) ;
#3535 = ADVANCED_FACE ( 'NONE', ( #76 ), #2243, .F. ) ;
#3536 = DIRECTION ( 'NONE',  ( 0.0000000000000000000, 0.0000000000000000000, -1.000000000000000000 ) ) ;
#3537 = EDGE_CURVE ( 'NONE', #1759, #3195, #3073, .T. ) ;
#3538 = LOCAL_TIME ( 12, 19, 51.00000000000000000, #331 ) ;
#3539 = ORIENTED_EDGE ( 'NONE', *, *, #3263, .T. ) ;
#3540 = PERSON_AND_ORGANIZATION ( #1695, #597 ) ;
#3541 = AXIS2_PLACEMENT_3D ( 'NONE', #878, #3035, #1171 ) ;
#3542 = CARTESIAN_POINT ( 'NONE',  ( 47.14218071875339400, 40.49369478980854400, 93.17929018184449300 ) ) ;
#3543 = CARTESIAN_POINT ( 'NONE',  ( 44.55250069749585200, 47.67642367597905900, 98.96025501183854100 ) ) ;
#3544 = CARTESIAN_POINT ( 'NONE',  ( 31.63064413867592600, 27.70474240873878800, 80.39033780077466000 ) ) ;
#3545 = EDGE_LOOP ( 'NONE', ( #3920, #3646, #1913, #1286 ) ) ;
#3546 = VECTOR ( 'NONE', #488, 1000.000000000000000 ) ;
#3547 = EDGE_CURVE ( 'NONE', #2082, #1106, #1509, .T. ) ;
#3548 = DIRECTION ( 'NONE',  ( 0.0000000000000000000, 0.0000000000000000000, 1.000000000000000000 ) ) ;
#3549 = CARTESIAN_POINT ( 'NONE',  ( 0.6628580756311914800, 58.37401206340337000, 5.088931015182790700 ) ) ;
#3550 = DIRECTION ( 'NONE',  ( 0.7071067811865463500, 0.5000000000000001100, 0.5000000000000015500 ) ) ;
#3551 = EDGE_LOOP ( 'NONE', ( #1236, #1802, #3291, #2827, #3306 ) ) ;
#3552 = DIRECTION ( 'NONE',  ( 0.0000000000000000000, 0.0000000000000000000, -1.000000000000000000 ) ) ;
#3553 = ADVANCED_FACE ( 'NONE', ( #2349 ), #3810, .T. ) ;
#3554 = CARTESIAN_POINT ( 'NONE',  ( 40.97983881788080400, 51.79278394926016200, 104.4783793412961500 ) ) ;
#3555 = CARTESIAN_POINT ( 'NONE',  ( 1.640568460388063000, 58.16405396392024600, -80.00235293493447800 ) ) ;
#3556 = CARTESIAN_POINT ( 'NONE',  ( 41.88255482083103200, 51.11379434225501900, 103.7993897342909800 ) ) ;
#3557 = CIRCLE ( 'NONE', #973, 18.99999999999999600 ) ;
#3558 = CARTESIAN_POINT ( 'NONE',  ( -33.35930008502348400, 0.0000000000000000000, 0.0000000000000000000 ) ) ;
#3559 = CARTESIAN_POINT ( 'NONE',  ( 10.83847901503433600, 30.88815618449719500, 127.9517731638008800 ) ) ;
#3560 = AXIS2_PLACEMENT_3D ( 'NONE', #1981, #140, #2291 ) ;
#3561 = CYLINDRICAL_SURFACE ( 'NONE', #799, 19.44999999999999200 ) ;
#3562 = EDGE_LOOP ( 'NONE', ( #3857, #1825 ) ) ;
#3563 = VECTOR ( 'NONE', #3125, 999.9999999999998900 ) ;
#3564 = CARTESIAN_POINT ( 'NONE',  ( 27.18325226216141400, 16.36533095717381100, 119.3595983911243100 ) ) ;
#3565 = EDGE_LOOP ( 'NONE', ( #1195, #1510, #2542, #660, #1141 ) ) ;
#3566 = AXIS2_PLACEMENT_3D ( 'NONE', #1567, #42, #1878 ) ;
#3567 = FACE_OUTER_BOUND ( 'NONE', #3684, .T. ) ;
#3568 = CARTESIAN_POINT ( 'NONE',  ( 17.24600713132213800, 53.66894190757697200, 104.9621945086640800 ) ) ;
#3569 = ORIENTED_EDGE ( 'NONE', *, *, #3356, .T. ) ;
#3570 = CARTESIAN_POINT ( 'NONE',  ( 52.78459868702017800, 47.18114577995822900, -80.00235293493447800 ) ) ;
#3571 = DIRECTION ( 'NONE',  ( 0.7071067811865463500, 0.5000000000000000000, 0.5000000000000016700 ) ) ;
#3572 = EDGE_CURVE ( 'NONE', #2640, #2909, #603, .T. ) ;
#3573 = CC_DESIGN_APPROVAL ( #3350, ( #3161 ) ) ;
#3574 = ORIENTED_EDGE ( 'NONE', *, *, #3135, .F. ) ;
#3575 = CIRCLE ( 'NONE', #234, 18.29999999999999700 ) ;
#3576 = CALENDAR_DATE ( 2014, 22, 10 ) ;
#3577 = CARTESIAN_POINT ( 'NONE',  ( 29.17343821038698700, 54.88678253465251800, 107.5723779266884900 ) ) ;
#3578 = DIRECTION ( 'NONE',  ( 0.0000000000000000000, 0.7071067811865487900, -0.7071067811865462400 ) ) ;
#3579 = EDGE_LOOP ( 'NONE', ( #3508, #105 ) ) ;
#3580 = CARTESIAN_POINT ( 'NONE',  ( 1.640568460388063000, 58.16405396392024600, 35.26449400695955200 ) ) ;
#3581 = DATE_AND_TIME ( #384, #1196 ) ;
#3582 = CARTESIAN_POINT ( 'NONE',  ( 11.38570419337340700, 50.19775799984649500, 102.8833533918824500 ) ) ;
#3583 = DIRECTION ( 'NONE',  ( -1.000000000000000000, -0.0000000000000000000, -0.0000000000000000000 ) ) ;
#3584 = ORIENTED_EDGE ( 'NONE', *, *, #445, .T. ) ;
#3585 = CARTESIAN_POINT ( 'NONE',  ( -57.10819268389989400, 0.0000000000000000000, -27.87499999999998600 ) ) ;
#3586 = AXIS2_PLACEMENT_3D ( 'NONE', #3115, #2503, #2179 ) ;
#3587 = CALENDAR_DATE ( 2014, 22, 10 ) ;
#3588 = CARTESIAN_POINT ( 'NONE',  ( 27.18325226216141400, 19.33065618449724000, 116.3942731638008800 ) ) ;
#3589 = CARTESIAN_POINT ( 'NONE',  ( 26.85090918034564900, 28.81018330988640800, 80.00343179356171700 ) ) ;
#3590 = CARTESIAN_POINT ( 'NONE',  ( 37.31087327839178200, 53.71700155168353800, 106.4025969437195000 ) ) ;
#3591 = VERTEX_POINT ( 'NONE', #2952 ) ;
#3592 = AXIS2_PLACEMENT_3D ( 'NONE', #3763, #1891, #57 ) ;
#3593 = CARTESIAN_POINT ( 'NONE',  ( 24.03664092169822200, 55.51009700978671900, 108.1956924018227000 ) ) ;
#3594 = DIRECTION ( 'NONE',  ( 0.0000000000000000000, 0.0000000000000000000, -1.000000000000000000 ) ) ;
#3595 = EDGE_LOOP ( 'NONE', ( #388, #1528 ) ) ;
#3596 = VECTOR ( 'NONE', #1857, 1000.000000000000000 ) ;
#3597 = CC_DESIGN_PERSON_AND_ORGANIZATION_ASSIGNMENT ( #337, #643, ( #811 ) ) ;
#3598 = CARTESIAN_POINT ( 'NONE',  ( 27.18325226216141400, 52.67889861492373200, 38.26449400695955200 ) ) ;
#3599 = PLANE ( 'NONE',  #1548 ) ;
#3600 = CARTESIAN_POINT ( 'NONE',  ( 30.41460336084840000, 54.79435931246641900, 107.4799547045114800 ) ) ;
#3601 = VERTEX_POINT ( 'NONE', #1096 ) ;
#3602 = DIRECTION ( 'NONE',  ( -0.9777103847568747700, 0.2099580994831202200, 0.0000000000000000000 ) ) ;
#3603 = VERTEX_POINT ( 'NONE', #170 ) ;
#3604 = CYLINDRICAL_SURFACE ( 'NONE', #2366, 16.05999999999998800 ) ;
#3605 = EDGE_CURVE ( 'NONE', #833, #3027, #1324, .T. ) ;
#3606 = CARTESIAN_POINT ( 'NONE',  ( 58.15865425799412900, 0.0000000000000000000, 0.0000000000000000000 ) ) ;
#3607 = VECTOR ( 'NONE', #3901, 1000.000000000000000 ) ;
#3608 = CARTESIAN_POINT ( 'NONE',  ( 0.0000000000000000000, 38.10000000000000100, 0.0000000000000000000 ) ) ;
#3609 = EDGE_LOOP ( 'NONE', ( #3800, #675 ) ) ;
#3610 = DIRECTION ( 'NONE',  ( 0.0000000000000000000, 0.0000000000000000000, -1.000000000000000000 ) ) ;
#3611 = AXIS2_PLACEMENT_3D ( 'NONE', #477, #2635, #796 ) ;
#3612 = DIRECTION ( 'NONE',  ( -0.0000000000000000000, -0.0000000000000000000, 1.000000000000000000 ) ) ;
#3613 = VECTOR ( 'NONE', #1176, 1000.000000000000000 ) ;
#3614 = ORIENTED_EDGE ( 'NONE', *, *, #3605, .F. ) ;
#3615 = FACE_BOUND ( 'NONE', #1701, .T. ) ;
#3616 = DIRECTION ( 'NONE',  ( 1.000000000000000000, -0.0000000000000000000, -0.0000000000000000000 ) ) ;
#3617 = AXIS2_PLACEMENT_3D ( 'NONE', #2384, #547, #2698 ) ;
#3618 = EDGE_LOOP ( 'NONE', ( #1000, #244, #2245, #483, #1245 ) ) ;
#3619 = EDGE_LOOP ( 'NONE', ( #2302, #3517 ) ) ;
#3620 = ORGANIZATION ( 'NAUO-ORG4', 'UNSPECIFIED', 'UNSPECIFIED' ) ;
#3621 = ORIENTED_EDGE ( 'NONE', *, *, #2301, .T. ) ;
#3622 = CIRCLE ( 'NONE', #481, 24.12500000000000400 ) ;
#3623 = EDGE_CURVE ( 'NONE', #1612, #2627, #2983, .T. ) ;
#3624 = APPROVAL ( #95, 'UNKNOWN' ) ;
#3625 = DIRECTION ( 'NONE',  ( 0.0000000000000000000, 0.0000000000000000000, -1.000000000000000000 ) ) ;
#3626 = ORIENTED_EDGE ( 'NONE', *, *, #2131, .T. ) ;
#3627 = CARTESIAN_POINT ( 'NONE',  ( 27.51649351623297700, 55.64365112762750000, 106.9393739824602800 ) ) ;
#3628 = CALENDAR_DATE ( 2014, 22, 10 ) ;
#3629 = VERTEX_POINT ( 'NONE', #1109 ) ;
#3630 = EDGE_CURVE ( 'NONE', #1755, #2339, #3996, .T. ) ;
#3631 = LOCAL_TIME ( 12, 19, 51.00000000000000000, #444 ) ;
#3632 = DIRECTION ( 'NONE',  ( 0.0000000000000000000, 0.0000000000000000000, -1.000000000000000000 ) ) ;
#3633 = DIRECTION ( 'NONE',  ( -1.000000000000000000, 0.0000000000000000000, 0.0000000000000000000 ) ) ;
#3634 = AXIS2_PLACEMENT_3D ( 'NONE', #3564, #1393, #3884 ) ;
#3635 = DIRECTION ( 'NONE',  ( -1.000000000000000000, -0.0000000000000000000, -0.0000000000000000000 ) ) ;
#3636 = VERTEX_POINT ( 'NONE', #3585 ) ;
#3637 = VECTOR ( 'NONE', #1958, 1000.000000000000000 ) ;
#3638 = CARTESIAN_POINT ( 'NONE',  ( 10.41775048022839600, 4.510330957173810200, 107.5045983911242600 ) ) ;
#3639 = AXIS2_PLACEMENT_3D ( 'NONE', #1859, #19, #2168 ) ;
#3640 = DIRECTION ( 'NONE',  ( 0.0000000000000000000, -0.7071067811865487900, 0.7071067811865462400 ) ) ;
#3641 = EDGE_CURVE ( 'NONE', #3629, #1057, #3906, .T. ) ;
#3642 = DIRECTION ( 'NONE',  ( -0.7071067811865462400, -0.5000000000000000000, -0.5000000000000017800 ) ) ;
#3643 = CARTESIAN_POINT ( 'NONE',  ( 9.877358792421501800, 47.14233746947055400, 99.82793286151105900 ) ) ;
#3644 = PRODUCT_DEFINITION ( 'UNKNOWN', '', #668, #1721 ) ;
#3645 = CARTESIAN_POINT ( 'NONE',  ( -49.10930008502348400, 2.830771076229107100E-015, -23.11499999999999800 ) ) ;
#3646 = ORIENTED_EDGE ( 'NONE', *, *, #770, .T. ) ;
#3647 = DIRECTION ( 'NONE',  ( 0.9777103847568747700, -0.2099580994831200800, 0.0000000000000000000 ) ) ;
#3648 = UNCERTAINTY_MEASURE_WITH_UNIT (LENGTH_MEASURE( 1.000000000000000100E-005 ), #1473, 'distance_accuracy_value', 'NONE');
#3649 =( NAMED_UNIT ( * ) PLANE_ANGLE_UNIT ( ) SI_UNIT ( $, .RADIAN. ) );
#3650 = DIRECTION ( 'NONE',  ( 0.0000000000000000000, 0.0000000000000000000, -1.000000000000000000 ) ) ;
#3651 = FACE_OUTER_BOUND ( 'NONE', #3500, .T. ) ;
#3652 = CIRCLE ( 'NONE', #3617, 26.18499999999999900 ) ;
#3653 = FACE_OUTER_BOUND ( 'NONE', #2318, .T. ) ;
#3654 = EDGE_LOOP ( 'NONE', ( #1777, #3425, #181, #3509 ) ) ;
#3655 = DIRECTION ( 'NONE',  ( 0.0000000000000000000, -0.7071067811865487900, 0.7071067811865462400 ) ) ;
#3656 = VECTOR ( 'NONE', #1251, 1000.000000000000000 ) ;
#3657 = AXIS2_PLACEMENT_3D ( 'NONE', #2412, #864, #4000 ) ;
#3658 = ORIENTED_EDGE ( 'NONE', *, *, #1068, .T. ) ;
#3659 = CARTESIAN_POINT ( 'NONE',  ( 8.704524534208042400, 45.34791578662126500, 96.62701340742995600 ) ) ;
#3660 = DIRECTION ( 'NONE',  ( 0.7071067811865464600, 0.5000000000000000000, 0.5000000000000013300 ) ) ;
#3661 = VECTOR ( 'NONE', #3510, 999.9999999999998900 ) ;
#3662 = CARTESIAN_POINT ( 'NONE',  ( -54.60819268389989400, 0.0000000000000000000, -27.87499999999998600 ) ) ;
#3663 = EDGE_LOOP ( 'NONE', ( #141, #1690, #723, #3687 ) ) ;
#3664 = AXIS2_PLACEMENT_3D ( 'NONE', #3832, #1953, #115 ) ;
#3665 = ORIENTED_EDGE ( 'NONE', *, *, #3897, .F. ) ;
#3666 = VERTEX_POINT ( 'NONE', #2027 ) ;
#3667 = FACE_OUTER_BOUND ( 'NONE', #1821, .T. ) ;
#3668 = CARTESIAN_POINT ( 'NONE',  ( 27.18325226216141400, 16.36533095717381100, 119.3595983911243100 ) ) ;
#3669 = EDGE_CURVE ( 'NONE', #3265, #858, #3704, .T. ) ;
#3670 = ITEM_DEFINED_TRANSFORMATION ( 'NONE', 'NONE', #2116,  #696 ) ;
#3671 = ORIENTED_EDGE ( 'NONE', *, *, #860, .T. ) ;
#3672 = DIRECTION ( 'NONE',  ( 0.0000000000000000000, 0.0000000000000000000, -1.000000000000000000 ) ) ;
#3673 = CARTESIAN_POINT ( 'NONE',  ( 7.146798899662671900, 41.14109460367478700, 93.82668999571070900 ) ) ;
#3674 = CARTESIAN_POINT ( 'NONE',  ( -57.10819268389989400, 0.0000000000000000000, 0.0000000000000000000 ) ) ;
#3675 = PERSON_AND_ORGANIZATION ( #1695, #597 ) ;
#3676 = CARTESIAN_POINT ( 'NONE',  ( 20.24377877038234200, 54.78511316359312400, 107.4707085556290900 ) ) ;
#3677 = DIRECTION ( 'NONE',  ( 0.0000000000000000000, 0.7071067811865487900, -0.7071067811865462400 ) ) ;
#3678 = ORIENTED_EDGE ( 'NONE', *, *, #504, .T. ) ;
#3679 = EDGE_CURVE ( 'NONE', #545, #862, #2133, .T. ) ;
#3680 = DIRECTION ( 'NONE',  ( -0.9777103847568747700, 0.2099580994831202200, 0.0000000000000000000 ) ) ;
#3681 = PERSON_AND_ORGANIZATION ( #1695, #597 ) ;
#3682 = EDGE_CURVE ( 'NONE', #2276, #2082, #2044, .T. ) ;
#3683 = DIRECTION ( 'NONE',  ( -0.0000000000000000000, 0.0000000000000000000, -1.000000000000000000 ) ) ;
#3684 = EDGE_LOOP ( 'NONE', ( #2491, #2046 ) ) ;
#3685 = EDGE_CURVE ( 'NONE', #1693, #499, #1222, .T. ) ;
#3686 = DIRECTION ( 'NONE',  ( 0.0000000000000000000, 0.0000000000000000000, 1.000000000000000000 ) ) ;
#3687 = ORIENTED_EDGE ( 'NONE', *, *, #1330, .T. ) ;
#3688 = FACE_OUTER_BOUND ( 'NONE', #3565, .T. ) ;
#3689 = CARTESIAN_POINT ( 'NONE',  ( 8.472738484641583400, 39.18321469533791700, 91.86881008737043400 ) ) ;
#3690 = CARTESIAN_POINT ( 'NONE',  ( 9.291152221110605700, 56.52113183546482800, -3.935505993040447200 ) ) ;
#3691 = AXIS2_PLACEMENT_3D ( 'NONE', #3970, #2089, #250 ) ;
#3692 = CARTESIAN_POINT ( 'NONE',  ( 8.975435589303767600, 47.43623428932360800, 100.1218296813595700 ) ) ;
#3693 = DIRECTION ( 'NONE',  ( 1.000000000000000000, 0.0000000000000000000, 0.0000000000000000000 ) ) ;
#3694 = ADVANCED_FACE ( 'NONE', ( #416 ), #1844, .F. ) ;
#3695 = CARTESIAN_POINT ( 'NONE',  ( 27.18325226216141400, 14.57889861492373000, 67.26449400695955200 ) ) ;
#3696 = AXIS2_PLACEMENT_3D ( 'NONE', #3608, #1737, #3926 ) ;
#3697 = CARTESIAN_POINT ( 'NONE',  ( 9.828347725171482800, 36.04547389017628200, 88.73106928220535400 ) ) ;
#3698 = PRODUCT_DEFINITION_FORMATION_WITH_SPECIFIED_SOURCE ( 'ANY', '', #1815, .NOT_KNOWN. ) ;
#3699 = DIRECTION ( 'NONE',  ( -1.000000000000000000, -0.0000000000000000000, -0.0000000000000000000 ) ) ;
#3700 = DIRECTION ( 'NONE',  ( 0.0000000000000000000, -1.000000000000000000, 0.0000000000000000000 ) ) ;
#3701 = CIRCLE ( 'NONE', #1320, 16.05999999999999500 ) ;
#3702 = CARTESIAN_POINT ( 'NONE',  ( 7.977660489060292900, 37.48290630462261000, 90.16850169665853800 ) ) ;
#3703 = APPROVAL_ROLE ( '' ) ;
#3704 = CIRCLE ( 'NONE', #3286, 21.49999999999999600 ) ;
#3705 = PERSON ( 'NAUO-PER2', 'UNSPECIFIED', 'UNSPECIFIED', ('UNSPECIFIED'), ('UNSPECIFIED'), ('UNSPECIFIED') ) ;
#3706 = CARTESIAN_POINT ( 'NONE',  ( 0.0000000000000000000, 38.10000000000000100, -29.00000000000000000 ) ) ;
#3707 = VERTEX_POINT ( 'NONE', #205 ) ;
#3708 = CARTESIAN_POINT ( 'NONE',  ( 12.80513701825308300, 33.43718305801540700, 84.67159590170241800 ) ) ;
#3709 = VECTOR ( 'NONE', #236, 1000.000000000000100 ) ;
#3710 = EDGE_LOOP ( 'NONE', ( #1437, #2359 ) ) ;
#3711 = VERTEX_POINT ( 'NONE', #2374 ) ;
#3712 = ORIENTED_EDGE ( 'NONE', *, *, #2543, .T. ) ;
#3713 = AXIS2_PLACEMENT_3D ( 'NONE', #16, #1840, #2167 ) ;
#3714 = LINE ( 'NONE', #1986, #2053 ) ;
#3715 = ADVANCED_FACE ( 'NONE', ( #3515 ), #308, .F. ) ;
#3716 = DIRECTION ( 'NONE',  ( -0.0000000000000000000, -0.0000000000000000000, -1.000000000000000000 ) ) ;
#3717 = ORIENTED_EDGE ( 'NONE', *, *, #1735, .F. ) ;
#3718 = CARTESIAN_POINT ( 'NONE',  ( -17.90819268389989800, 2.311520833390627500E-015, -18.29999999999999000 ) ) ;
#3719 = ORIENTED_EDGE ( 'NONE', *, *, #1874, .F. ) ;
#3720 = CARTESIAN_POINT ( 'NONE',  ( 18.80690442833149900, 28.65147436757374800, 81.33706975960963300 ) ) ;
#3721 = AXIS2_PLACEMENT_3D ( 'NONE', #3559, #2004, #162 ) ;
#3722 = MECHANICAL_CONTEXT ( 'NONE', #1814, 'mechanical' ) ;
#3723 = COORDINATED_UNIVERSAL_TIME_OFFSET ( 0, 0, .AHEAD. ) ;
#3724 = ORIENTED_EDGE ( 'NONE', *, *, #699, .F. ) ;
#3725 = CYLINDRICAL_SURFACE ( 'NONE', #3875, 19.00000000000000000 ) ;
#3726 = CARTESIAN_POINT ( 'NONE',  ( -17.90819268389989800, 1.966782759430648200E-015, 16.05999999999999200 ) ) ;
#3727 = CARTESIAN_POINT ( 'NONE',  ( 16.48159347401214300, 29.51978642443788200, 82.20538181647377500 ) ) ;
#3728 = DATE_AND_TIME ( #536, #1347 ) ;
#3729 = ORIENTED_EDGE ( 'NONE', *, *, #239, .T. ) ;
#3730 = CC_DESIGN_SECURITY_CLASSIFICATION ( #2680, ( #1642 ) ) ;
#3731 = CALENDAR_DATE ( 2014, 22, 10 ) ;
#3732 = CARTESIAN_POINT ( 'NONE',  ( 13.12051081604282000, 33.18701196965876900, 84.41979014678406700 ) ) ;
#3733 = DIRECTION ( 'NONE',  ( -0.0000000000000000000, -0.0000000000000000000, 1.000000000000000000 ) ) ;
#3734 = PERSON_AND_ORGANIZATION_ROLE ( 'classification_officer' ) ;
#3735 = ADVANCED_FACE ( 'NONE', ( #1948 ), #209, .T. ) ;
#3736 = ORIENTED_EDGE ( 'NONE', *, *, #2988, .F. ) ;
#3737 = VECTOR ( 'NONE', #1327, 1000.000000000000000 ) ;
#3738 = CARTESIAN_POINT ( 'NONE',  ( 20.97523105309046400, 28.83387802374007700, 81.51947341578500100 ) ) ;
#3739 = EDGE_CURVE ( 'NONE', #1742, #833, #1138, .T. ) ;
#3740 = CARTESIAN_POINT ( 'NONE',  ( 27.18325226216141400, 52.67889861492373200, -80.00235293493447800 ) ) ;
#3741 = CARTESIAN_POINT ( 'NONE',  ( 8.299742025928758000, 43.76101745869522800, 95.03644030827526000 ) ) ;
#3742 = DIRECTION ( 'NONE',  ( 0.0000000000000000000, -0.7071067811865487900, 0.7071067811865462400 ) ) ;
#3743 = AXIS2_PLACEMENT_3D ( 'NONE', #1164, #1773, #2703 ) ;
#3744 = CARTESIAN_POINT ( 'NONE',  ( 43.52802550928842600, 30.88815618449723700, 127.9517731638009400 ) ) ;
#3745 = DIRECTION ( 'NONE',  ( -0.0000000000000000000, -0.0000000000000000000, 1.000000000000000000 ) ) ;
#3746 = APPROVAL_STATUS ( 'not_yet_approved' ) ;
#3747 = DIRECTION ( 'NONE',  ( -0.5000000000000025500, -0.8535533905932736200, 0.1464466094067181400 ) ) ;
#3748 = DIRECTION ( 'NONE',  ( -1.000000000000000000, -0.0000000000000000000, -0.0000000000000000000 ) ) ;
#3749 = FACE_OUTER_BOUND ( 'NONE', #1938, .T. ) ;
#3750 = CARTESIAN_POINT ( 'NONE',  ( 11.06475318501408700, 19.07008798818539600, 93.85984136011273900 ) ) ;
#3751 = LINE ( 'NONE', #2118, #1378 ) ;
#3752 = ADVANCED_FACE ( 'NONE', ( #1048 ), #2679, .F. ) ;
#3753 = FACE_OUTER_BOUND ( 'NONE', #2295, .T. ) ;
#3754 = EDGE_LOOP ( 'NONE', ( #1927, #148 ) ) ;
#3755 = CARTESIAN_POINT ( 'NONE',  ( 15.94581806236923200, 53.05158203640456100, 104.3440072028684400 ) ) ;
#3756 = LINE ( 'NONE', #3109, #1279 ) ;
#3757 = DIRECTION ( 'NONE',  ( 0.0000000000000000000, 0.0000000000000000000, -1.000000000000000000 ) ) ;
#3758 = DIRECTION ( 'NONE',  ( 0.0000000000000000000, 0.0000000000000000000, -1.000000000000000000 ) ) ;
#3759 = EDGE_LOOP ( 'NONE', ( #3000, #3252, #795, #3247 ) ) ;
#3760 = APPLICATION_PROTOCOL_DEFINITION ( 'international standard', 'config_control_design', 1994, #1581 ) ;
#3761 = LINE ( 'NONE', #407, #3661 ) ;
#3762 = EDGE_CURVE ( 'NONE', #2082, #2377, #3407, .T. ) ;
#3763 = CARTESIAN_POINT ( 'NONE',  ( 27.18325226216141400, 41.51966697813114100, 94.20526237016707700 ) ) ;
#3764 = CARTESIAN_POINT ( 'NONE',  ( 27.18325226216141400, 52.67889861492373200, -80.00235293493447800 ) ) ;
#3765 = ORIENTED_EDGE ( 'NONE', *, *, #2511, .T. ) ;
#3766 = EDGE_CURVE ( 'NONE', #2933, #3045, #2775, .T. ) ;
#3767 = AXIS2_PLACEMENT_3D ( 'NONE', #2919, #1337, #1060 ) ;
#3768 = ORIENTED_EDGE ( 'NONE', *, *, #3943, .F. ) ;
#3769 = CIRCLE ( 'NONE', #819, 26.12499999999999300 ) ;
#3770 = DIRECTION ( 'NONE',  ( 0.0000000000000000000, 0.0000000000000000000, 1.000000000000000000 ) ) ;
#3771 = CARTESIAN_POINT ( 'NONE',  ( 26.44322545832615000, 28.79113773729670100, 79.98416033896253900 ) ) ;
#3772 = EDGE_CURVE ( 'NONE', #2689, #211, #2590, .T. ) ;
#3773 = APPROVAL_DATE_TIME ( #572, #2379 ) ;
#3774 = ORIENTED_EDGE ( 'NONE', *, *, #984, .F. ) ;
#3775 = EDGE_LOOP ( 'NONE', ( #91, #2187, #3389, #875, #78, #3476 ) ) ;
#3776 = DIRECTION ( 'NONE',  ( 0.0000000000000000000, 0.0000000000000000000, -1.000000000000000000 ) ) ;
#3777 = AXIS2_PLACEMENT_3D ( 'NONE', #3140, #1275, #3451 ) ;
#3778 = APPROVAL_ROLE ( '' ) ;
#3779 = DIRECTION ( 'NONE',  ( 0.0000000000000000000, 0.0000000000000000000, -1.000000000000000000 ) ) ;
#3780 = ADVANCED_FACE ( 'NONE', ( #125 ), #3231, .F. ) ;
#3781 = LOCAL_TIME ( 12, 19, 51.00000000000000000, #577 ) ;
#3782 = DIRECTION ( 'NONE',  ( 0.0000000000000000000, 0.0000000000000000000, -1.000000000000000000 ) ) ;
#3783 = DIRECTION ( 'NONE',  ( -0.9777103847568748800, 0.2099580994831201600, 0.0000000000000000000 ) ) ;
#3784 = ORIENTED_EDGE ( 'NONE', *, *, #3830, .T. ) ;
#3785 = EDGE_CURVE ( 'NONE', #2520, #1422, #21, .T. ) ;
#3786 = COORDINATED_UNIVERSAL_TIME_OFFSET ( 0, 0, .AHEAD. ) ;
#3787 = CC_DESIGN_PERSON_AND_ORGANIZATION_ASSIGNMENT ( #1918, #2199, ( #3161 ) ) ;
#3788 = CARTESIAN_POINT ( 'NONE',  ( 32.23818222373594700, 27.80996229763607600, 80.49555768967194100 ) ) ;
#3789 = ORIENTED_EDGE ( 'NONE', *, *, #1785, .F. ) ;
#3790 = DIRECTION ( 'NONE',  ( 1.000000000000000000, -0.0000000000000000000, -0.0000000000000000000 ) ) ;
#3791 = ORIENTED_EDGE ( 'NONE', *, *, #3785, .T. ) ;
#3792 = PERSON_AND_ORGANIZATION_ROLE ( 'design_supplier' ) ;
#3793 = TOROIDAL_SURFACE ( 'NONE', #3300, 38.10000000000000100, 19.00000000000000000 ) ;
#3794 = CARTESIAN_POINT ( 'NONE',  ( 32.14222586075782600, 55.18512321860451000, 106.4802950638970600 ) ) ;
#3795 = DIRECTION ( 'NONE',  ( 0.7071067811865462400, 0.5000000000000001100, 0.5000000000000017800 ) ) ;
#3796 = AXIS2_PLACEMENT_3D ( 'NONE', #1741, #3928, #2054 ) ;
#3797 = ADVANCED_FACE ( 'NONE', ( #3313 ), #1554, .F. ) ;
#3798 = DIRECTION ( 'NONE',  ( 0.0000000000000000000, 0.0000000000000000000, -1.000000000000000000 ) ) ;
#3799 = CARTESIAN_POINT ( 'NONE',  ( 37.08885052730347100, 30.06390861753287400, 82.74950400956416300 ) ) ;
#3800 = ORIENTED_EDGE ( 'NONE', *, *, #264, .F. ) ;
#3801 = AXIS2_PLACEMENT_3D ( 'NONE', #3158, #1292, #3467 ) ;
#3802 = CIRCLE ( 'NONE', #258, 16.05999999999999900 ) ;
#3803 = CARTESIAN_POINT ( 'NONE',  ( 45.73200791162366100, 36.21422184132237700, 88.89981723335827700 ) ) ;
#3804 = CARTESIAN_POINT ( 'NONE',  ( 43.30175133930873000, 41.86508798818538000, 116.6548413601128300 ) ) ;
#3805 =( REPRESENTATION_RELATIONSHIP ('NONE','NONE', #693, #1595 ) REPRESENTATION_RELATIONSHIP_WITH_TRANSFORMATION ( #3670 )SHAPE_REPRESENTATION_RELATIONSHIP( ) );
#3806 = FACE_OUTER_BOUND ( 'NONE', #3950, .T. ) ;
#3807 = CARTESIAN_POINT ( 'NONE',  ( 44.26885852068788600, 48.10516301522540100, 99.38978690080261900 ) ) ;
#3808 = DIRECTION ( 'NONE',  ( 0.0000000000000000000, 0.0000000000000000000, -1.000000000000000000 ) ) ;
#3809 = CARTESIAN_POINT ( 'NONE',  ( 29.27632746002848700, 55.57804691537972300, 108.2636423074156900 ) ) ;
#3810 = CYLINDRICAL_SURFACE ( 'NONE', #3070, 27.12499999999998600 ) ;
#3811 = CC_DESIGN_PERSON_AND_ORGANIZATION_ASSIGNMENT ( #491, #3448, ( #2763 ) ) ;
#3812 = VERTEX_POINT ( 'NONE', #3038 ) ;
#3813 = CIRCLE ( 'NONE', #2803, 27.12499999999999300 ) ;
#3814 = EDGE_CURVE ( 'NONE', #583, #1959, #1747, .T. ) ;
#3815 = CARTESIAN_POINT ( 'NONE',  ( 40.98587340643657500, 32.95691870745567800, 84.18828849986415700 ) ) ;
#3816 = ORIENTED_EDGE ( 'NONE', *, *, #2805, .F. ) ;
#3817 = LINE ( 'NONE', #2008, #2783 ) ;
#3818 = CARTESIAN_POINT ( 'NONE',  ( 45.69078801650807300, 38.36548806139432300, 91.05108345342110000 ) ) ;
#3819 = CARTESIAN_POINT ( 'NONE',  ( 48.68325226216141000, 52.67889861492373200, 38.26449400695955200 ) ) ;
#3820 = ORIENTED_EDGE ( 'NONE', *, *, #2584, .F. ) ;
#3821 = ADVANCED_FACE ( 'NONE', ( #2483 ), #2292, .T. ) ;
#3822 = CARTESIAN_POINT ( 'NONE',  ( 44.91536158351213700, 37.37891728300792200, 88.63382142279250800 ) ) ;
#3823 = EDGE_CURVE ( 'NONE', #3130, #2744, #3122, .T. ) ;
#3824 = DIRECTION ( 'NONE',  ( 0.7071067811865461300, 0.5000000000000000000, 0.5000000000000021100 ) ) ;
#3825 = DIRECTION ( 'NONE',  ( -1.000000000000000000, -0.0000000000000000000, -0.0000000000000000000 ) ) ;
#3826 = CARTESIAN_POINT ( 'NONE',  ( -60.10819268389990100, 0.0000000000000000000, 0.0000000000000000000 ) ) ;
#3827 = CARTESIAN_POINT ( 'NONE',  ( 8.901542065106964300, 35.75428649018820000, 88.43988188222412800 ) ) ;
#3828 = CONICAL_SURFACE ( 'NONE', #2190, 26.18499999999998800, 0.2094395102393202800 ) ;
#3829 = AXIS2_PLACEMENT_3D ( 'NONE', #1697, #3889, #2012 ) ;
#3830 = EDGE_CURVE ( 'NONE', #3221, #1039, #3947, .T. ) ;
#3831 = PERSON_AND_ORGANIZATION ( #1695, #597 ) ;
#3832 = CARTESIAN_POINT ( 'NONE',  ( -22.77439587576796100, 0.0000000000000000000, 0.0000000000000000000 ) ) ;
#3833 = EDGE_LOOP ( 'NONE', ( #2409, #2496, #1059, #3736 ) ) ;
#3834 = CARTESIAN_POINT ( 'NONE',  ( 46.18502431758722100, 42.34095480829259400, 93.61268174356827400 ) ) ;
#3835 = PERSON_AND_ORGANIZATION ( #1695, #597 ) ;
#3836 = CARTESIAN_POINT ( 'NONE',  ( 58.15865425799412900, 0.0000000000000000000, -19.44999999999998500 ) ) ;
#3837 = CARTESIAN_POINT ( 'NONE',  ( 33.12177356444070900, 29.47348795355708300, 80.67447866483320200 ) ) ;
#3838 = PLANE ( 'NONE',  #2467 ) ;
#3839 = DIRECTION ( 'NONE',  ( 0.0000000000000000000, 0.0000000000000000000, -1.000000000000000000 ) ) ;
#3840 = ORIENTED_EDGE ( 'NONE', *, *, #1505, .T. ) ;
#3841 = VECTOR ( 'NONE', #1618, 1000.000000000000000 ) ;
#3842 = CC_DESIGN_APPROVAL ( #3624, ( #3217 ) ) ;
#3843 = ADVANCED_FACE ( 'NONE', ( #2388 ), #3023, .T. ) ;
#3844 = CARTESIAN_POINT ( 'NONE',  ( 43.38131522990113400, 33.20773105866724300, 85.89332645070315700 ) ) ;
#3845 = CARTESIAN_POINT ( 'NONE',  ( 46.73599964235344800, 44.62635303856674100, 97.31194843060266900 ) ) ;
#3846 = EDGE_CURVE ( 'NONE', #2085, #227, #3854, .T. ) ;
#3847 = DIRECTION ( 'NONE',  ( 0.0000000000000000000, -0.7071067811865487900, 0.7071067811865462400 ) ) ;
#3848 = AXIS2_PLACEMENT_3D ( 'NONE', #1072, #1359, #800 ) ;
#3849 = LINE ( 'NONE', #2393, #1457 ) ;
#3850 = CARTESIAN_POINT ( 'NONE',  ( 47.18699839512951400, 41.88705013736389300, 94.57264552939980700 ) ) ;
#3851 = DIRECTION ( 'NONE',  ( 0.7071067811865352500, 0.0000000000000000000, -0.7071067811865597900 ) ) ;
#3852 = ORIENTED_EDGE ( 'NONE', *, *, #342, .F. ) ;
#3853 = AXIS2_PLACEMENT_3D ( 'NONE', #630, #3041, #2787 ) ;
#3854 = CIRCLE ( 'NONE', #2578, 20.00000000000000000 ) ;
#3855 = CARTESIAN_POINT ( 'NONE',  ( 44.29920790859988200, 47.37644206596787900, 100.0620374580038100 ) ) ;
#3856 = CYLINDRICAL_SURFACE ( 'NONE', #2715, 26.12499999999999300 ) ;
#3857 = ORIENTED_EDGE ( 'NONE', *, *, #271, .F. ) ;
#3858 = LINE ( 'NONE', #1846, #2189 ) ;
#3859 = ADVANCED_FACE ( 'NONE', ( #651 ), #2934, .F. ) ;
#3860 = CARTESIAN_POINT ( 'NONE',  ( 27.18325226216141400, 31.17469476937192900, 104.5502345789262400 ) ) ;
#3861 = CARTESIAN_POINT ( 'NONE',  ( -17.90819268389989800, 0.0000000000000000000, 0.0000000000000000000 ) ) ;
#3862 = ORIENTED_EDGE ( 'NONE', *, *, #122, .F. ) ;
#3863 = CARTESIAN_POINT ( 'NONE',  ( 50.28166010204257900, 47.71863851463502500, -80.00235293493447800 ) ) ;
#3864 = APPROVAL ( #3121, 'UNSPECIFIED' ) ;
#3865 = CIRCLE ( 'NONE', #1426, 16.05999999999999500 ) ;
#3866 = ORIENTED_EDGE ( 'NONE', *, *, #3099, .F. ) ;
#3867 = CARTESIAN_POINT ( 'NONE',  ( 38.95738665096393300, 52.95430015425513700, 105.6398955462911000 ) ) ;
#3868 = CARTESIAN_POINT ( 'NONE',  ( -60.10819268389990100, 0.0000000000000000000, 0.0000000000000000000 ) ) ;
#3869 = EDGE_LOOP ( 'NONE', ( #2585, #1429 ) ) ;
#3870 = VECTOR ( 'NONE', #3304, 1000.000000000000000 ) ;
#3871 = CARTESIAN_POINT ( 'NONE',  ( 41.14758969293804100, 51.33165126460757200, 102.6216157521144800 ) ) ;
#3872 = CARTESIAN_POINT ( 'NONE',  ( 19.02868690669026500, 54.43495572070467900, 107.1205511127406600 ) ) ;
#3873 = DIRECTION ( 'NONE',  ( 1.000000000000000000, -0.0000000000000000000, -0.0000000000000000000 ) ) ;
#3874 = CARTESIAN_POINT ( 'NONE',  ( 27.18325226216141400, 52.67889861492373200, 32.76449400695955200 ) ) ;
#3875 = AXIS2_PLACEMENT_3D ( 'NONE', #2848, #3174, #3077 ) ;
#3876 = DATE_AND_TIME ( #674, #1480 ) ;
#3877 = DIRECTION ( 'NONE',  ( 0.0000000000000000000, 0.0000000000000000000, -1.000000000000000000 ) ) ;
#3878 = VERTEX_POINT ( 'NONE', #4002 ) ;
#3879 = CARTESIAN_POINT ( 'NONE',  ( 27.18325226216141400, 52.67889861492373200, -3.935505993040447200 ) ) ;
#3880 = CARTESIAN_POINT ( 'NONE',  ( 50.28166010204257200, 47.71863851463502500, 24.38449400695956400 ) ) ;
#3881 = CALENDAR_DATE ( 2014, 22, 10 ) ;
#3882 = B_SPLINE_CURVE_WITH_KNOTS ( 'NONE', 3,
 ( #3936, #3589, #1728, #2717, #3006 ),
 .UNSPECIFIED., .F., .F.,
 ( 4, 1, 4 ),
 ( 0.0000000000000000000, 0.0009956542378066648800, 0.001991308475613329800 ),
 .UNSPECIFIED. ) ;
#3883 = AXIS2_PLACEMENT_3D ( 'NONE', #414, #2574, #731 ) ;
#3884 = DIRECTION ( 'NONE',  ( 0.7071067811865460200, 0.4999999999999998900, 0.5000000000000022200 ) ) ;
#3885 = DIRECTION ( 'NONE',  ( -1.000000000000000000, -0.0000000000000000000, -0.0000000000000000000 ) ) ;
#3886 = LOCAL_TIME ( 12, 19, 51.00000000000000000, #683 ) ;
#3887 = CARTESIAN_POINT ( 'NONE',  ( 16.20096231506935800, 52.49819717190058600, 105.1837925639343000 ) ) ;
#3888 = ORIENTED_EDGE ( 'NONE', *, *, #173, .T. ) ;
#3889 = DIRECTION ( 'NONE',  ( -0.9944914627724951200, 0.07411723980499823600, 0.07411723980499850000 ) ) ;
#3890 = AXIS2_PLACEMENT_3D ( 'NONE', #1159, #3321, #1455 ) ;
#3891 = DIRECTION ( 'NONE',  ( 0.0000000000000000000, 0.0000000000000000000, -1.000000000000000000 ) ) ;
#3892 = ORIENTED_EDGE ( 'NONE', *, *, #2279, .F. ) ;
#3893 = CIRCLE ( 'NONE', #2038, 19.44999999999998500 ) ;
#3894 = CARTESIAN_POINT ( 'NONE',  ( -17.90819268389989100, 2.954460402942990200E-015, 24.12500000000000400 ) ) ;
#3895 = DIRECTION ( 'NONE',  ( 0.2530500681695939100, -0.05434115481976151100, 0.9659258262890678700 ) ) ;
#3896 = CARTESIAN_POINT ( 'NONE',  ( -17.90819268389989800, 0.0000000000000000000, 18.29999999999999000 ) ) ;
#3897 = EDGE_CURVE ( 'NONE', #1719, #958, #3751, .T. ) ;
#3898 = CARTESIAN_POINT ( 'NONE',  ( 12.17558159679156700, 50.46207320006823900, 101.7506985276658300 ) ) ;
#3899 = EDGE_LOOP ( 'NONE', ( #1145, #177, #476, #256, #12 ) ) ;
#3900 = CIRCLE ( 'NONE', #3664, 26.68795201467610000 ) ;
#3901 = DIRECTION ( 'NONE',  ( -1.000000000000000000, -0.0000000000000000000, -0.0000000000000000000 ) ) ;
#3902 = DIRECTION ( 'NONE',  ( 0.7071067811865460200, 0.4999999999999997800, 0.5000000000000022200 ) ) ;
#3903 = AXIS2_PLACEMENT_3D ( 'NONE', #2725, #887, #3047 ) ;
#3904 = CARTESIAN_POINT ( 'NONE',  ( 36.80449222762396700, 53.80299864894524100, 105.0964268445327300 ) ) ;
#3905 = FACE_OUTER_BOUND ( 'NONE', #344, .T. ) ;
#3906 = CIRCLE ( 'NONE', #2658, 20.84999999999999400 ) ;
#3907 = CARTESIAN_POINT ( 'NONE',  ( 24.19397148873100500, 55.50539317637397100, 106.8009513131772600 ) ) ;
#3908 = PLANE ( 'NONE',  #2541 ) ;
#3909 = EDGE_LOOP ( 'NONE', ( #3966, #34, #1666, #1226 ) ) ;
#3910 = DIRECTION ( 'NONE',  ( 0.0000000000000000000, 0.0000000000000000000, 1.000000000000000000 ) ) ;
#3911 = AXIS2_PLACEMENT_3D ( 'NONE', #1432, #2990, #831 ) ;
#3912 = EDGE_CURVE ( 'NONE', #241, #2649, #1459, .T. ) ;
#3913 = FACE_BOUND ( 'NONE', #3754, .T. ) ;
#3914 = DIRECTION ( 'NONE',  ( 0.0000000000000000000, 0.0000000000000000000, 1.000000000000000000 ) ) ;
#3915 = DIRECTION ( 'NONE',  ( 1.000000000000000000, 0.0000000000000000000, 0.0000000000000000000 ) ) ;
#3916 = CYLINDRICAL_SURFACE ( 'NONE', #1300, 20.85000000000000100 ) ;
#3917 = CARTESIAN_POINT ( 'NONE',  ( -33.35930008502348400, 22.79500000000000200, 0.0000000000000000000 ) ) ;
#3918 = APPROVAL ( #1304, 'UNSPECIFIED' ) ;
#3919 = CARTESIAN_POINT ( 'NONE',  ( 29.27632746002848000, 55.57804691537972300, 108.2636423074156900 ) ) ;
#3920 = ORIENTED_EDGE ( 'NONE', *, *, #3521, .T. ) ;
#3921 = PERSON_AND_ORGANIZATION ( #857, #726 ) ;
#3922 = CIRCLE ( 'NONE', #59, 16.05999999999999500 ) ;
#3923 = LOCAL_TIME ( 12, 19, 51.00000000000000000, #730 ) ;
#3924 = ORIENTED_EDGE ( 'NONE', *, *, #615, .F. ) ;
#3925 = PLANE ( 'NONE',  #2488 ) ;
#3926 = DIRECTION ( 'NONE',  ( 1.000000000000000000, 0.0000000000000000000, 0.0000000000000000000 ) ) ;
#3927 = COORDINATED_UNIVERSAL_TIME_OFFSET ( 0, 0, .AHEAD. ) ;
#3928 = DIRECTION ( 'NONE',  ( 0.0000000000000000000, 0.0000000000000000000, -1.000000000000000000 ) ) ;
#3929 = AXIS2_PLACEMENT_3D ( 'NONE', #2018, #172, #2337 ) ;
#3930 = ORIENTED_EDGE ( 'NONE', *, *, #83, .F. ) ;
#3931 = VECTOR ( 'NONE', #3790, 1000.000000000000000 ) ;
#3932 = EDGE_CURVE ( 'NONE', #441, #3666, #555, .T. ) ;
#3933 = PRODUCT_RELATED_PRODUCT_CATEGORY ( 'detail', '', ( #2736 ) ) ;
#3934 = DIRECTION ( 'NONE',  ( -0.9781476007338055800, 0.0000000000000000000, 0.2079116908177600400 ) ) ;
#3935 = DIRECTION ( 'NONE',  ( 0.0000000000000000000, 0.0000000000000000000, -1.000000000000000000 ) ) ;
#3936 = CARTESIAN_POINT ( 'NONE',  ( 27.18325226216141400, 28.81018330988642300, 80.00343179356173100 ) ) ;
#3937 = CARTESIAN_POINT ( 'NONE',  ( 28.84209763279085000, 55.59442082710631200, 106.8900851108904100 ) ) ;
#3938 = ORIENTED_EDGE ( 'NONE', *, *, #2101, .F. ) ;
#3939 = EDGE_CURVE ( 'NONE', #2128, #1280, #2079, .T. ) ;
#3940 = DIRECTION ( 'NONE',  ( -1.000000000000000000, -0.0000000000000000000, -0.0000000000000000000 ) ) ;
#3941 = SHAPE_DEFINITION_REPRESENTATION ( #1089, #3982 ) ;
#3942 = CONICAL_SURFACE ( 'NONE', #1244, 16.05999999999999900, 0.7853981633974552700 ) ;
#3943 = EDGE_CURVE ( 'NONE', #3360, #4, #1273, .T. ) ;
#3944 = ADVANCED_BREP_SHAPE_REPRESENTATION ( '', ( #2026, #696 ), #900 ) ;
#3945 = CARTESIAN_POINT ( 'NONE',  ( -46.22819268389991300, 2.381938024341600300E-015, 19.44999999999998500 ) ) ;
#3946 = EDGE_LOOP ( 'NONE', ( #2644, #3569 ) ) ;
#3947 = CIRCLE ( 'NONE', #1733, 26.12499999999998600 ) ;
#3948 = CARTESIAN_POINT ( 'NONE',  ( -32.35930008502348400, 0.0000000000000000000, 0.0000000000000000000 ) ) ;
#3949 = FACE_OUTER_BOUND ( 'NONE', #1007, .T. ) ;
#3950 = EDGE_LOOP ( 'NONE', ( #1847, #3892, #2017, #3030 ) ) ;
#3951 = CARTESIAN_POINT ( 'NONE',  ( 52.78459868702017800, 47.18114577995822900, -1.435505993040445000 ) ) ;
#3952 = AXIS2_PLACEMENT_3D ( 'NONE', #574, #2728, #889 ) ;
#3953 = PLANE ( 'NONE',  #1822 ) ;
#3954 = VECTOR ( 'NONE', #924, 1000.000000000000200 ) ;
#3955 = DESIGN_CONTEXT ( 'detailed design', #375, 'design' ) ;
#3956 = ORIENTED_EDGE ( 'NONE', *, *, #264, .T. ) ;
#3957 = FACE_OUTER_BOUND ( 'NONE', #1394, .T. ) ;
#3958 = ORIENTED_EDGE ( 'NONE', *, *, #3249, .T. ) ;
#3959 = ORIENTED_EDGE ( 'NONE', *, *, #2376, .T. ) ;
#3960 = CARTESIAN_POINT ( 'NONE',  ( 10.41775048022839600, 7.475656184497243100, 104.5392731638008600 ) ) ;
#3961 = CARTESIAN_POINT ( 'NONE',  ( 8.469811559362534900, 46.58716171885062400, 99.27275711088657300 ) ) ;
#3962 = CARTESIAN_POINT ( 'NONE',  ( 58.15865425799412900, 0.0000000000000000000, 0.0000000000000000000 ) ) ;
#3963 = VERTEX_POINT ( 'NONE', #4018 ) ;
#3964 = CIRCLE ( 'NONE', #183, 18.99999999999999600 ) ;
#3965 = VERTEX_POINT ( 'NONE', #3690 ) ;
#3966 = ORIENTED_EDGE ( 'NONE', *, *, #1364, .F. ) ;
#3967 = EDGE_CURVE ( 'NONE', #3032, #1755, #3652, .T. ) ;
#3968 = ORIENTED_EDGE ( 'NONE', *, *, #2932, .T. ) ;
#3969 = PERSON_AND_ORGANIZATION ( #1695, #597 ) ;
#3970 = CARTESIAN_POINT ( 'NONE',  ( 0.0000000000000000000, 0.0000000000000000000, 0.0000000000000000000 ) ) ;
#3971 = CALENDAR_DATE ( 2014, 22, 10 ) ;
#3972 = CARTESIAN_POINT ( 'NONE',  ( 8.628763233704965800, 44.42876798489194800, 97.11436337693250200 ) ) ;
#3973 = DIRECTION ( 'NONE',  ( 1.000000000000000000, -0.0000000000000000000, -0.0000000000000000000 ) ) ;
#3974 = AXIS2_PLACEMENT_3D ( 'NONE', #3230, #3216, #1668 ) ;
#3975 = CARTESIAN_POINT ( 'NONE',  ( 27.18325226216141400, 52.67889861492373200, 24.38449400695956400 ) ) ;
#3976 = ORIENTED_EDGE ( 'NONE', *, *, #1115, .F. ) ;
#3977 =( NAMED_UNIT ( * ) PLANE_ANGLE_UNIT ( ) SI_UNIT ( $, .RADIAN. ) );
#3978 = PLANE ( 'NONE',  #1687 ) ;
#3979 = ORIENTED_EDGE ( 'NONE', *, *, #2766, .T. ) ;
#3980 = AXIS2_PLACEMENT_3D ( 'NONE', #1362, #3536, #1665 ) ;
#3981 = VECTOR ( 'NONE', #4004, 1000.000000000000000 ) ;
#3982 = SHAPE_REPRESENTATION ( 'PL-24-ELBOW-ISSUE3', ( #696 ), #1108 ) ;
#3983 = CARTESIAN_POINT ( 'NONE',  ( 0.0000000000000000000, 26.94076836320741100, 26.94076836320751100 ) ) ;
#3984 = DIRECTION ( 'NONE',  ( -0.9777103847568746600, 0.2099580994831203000, 0.0000000000000000000 ) ) ;
#3985 = CARTESIAN_POINT ( 'NONE',  ( 8.148621568010334200, 41.86709927560381300, 93.13759229532391300 ) ) ;
#3986 = CC_DESIGN_DATE_AND_TIME_ASSIGNMENT ( #2659, #357, ( #3161 ) ) ;
#3987 = DIRECTION ( 'NONE',  ( 0.0000000000000000000, 0.0000000000000000000, -1.000000000000000000 ) ) ;
#3988 = CARTESIAN_POINT ( 'NONE',  ( 18.43686310373890800, 54.23981659699799700, 106.9254119890339300 ) ) ;
#3989 = ORIENTED_EDGE ( 'NONE', *, *, #3682, .T. ) ;
#3990 = DIRECTION ( 'NONE',  ( 0.9777103847568751100, -0.2099580994831202200, 0.0000000000000000000 ) ) ;
#3991 = CIRCLE ( 'NONE', #1990, 18.99999999999999600 ) ;
#3992 = DIRECTION ( 'NONE',  ( 0.0000000000000000000, 0.0000000000000000000, -1.000000000000000000 ) ) ;
#3993 = EDGE_CURVE ( 'NONE', #3433, #329, #2184, .T. ) ;
#3994 = LINE ( 'NONE', #2421, #1506 ) ;
#3995 = ADVANCED_BREP_SHAPE_REPRESENTATION ( '', ( #926, #696 ), #494 ) ;
#3996 = LINE ( 'NONE', #3570, #2891 ) ;
#3997 = EDGE_LOOP ( 'NONE', ( #1634, #1861, #1076, #1962 ) ) ;
#3998 = ORIENTED_EDGE ( 'NONE', *, *, #2481, .F. ) ;
#3999 = CARTESIAN_POINT ( 'NONE',  ( -17.90819268389989800, 3.206737643567343200E-015, 26.18499999999998800 ) ) ;
#4000 = DIRECTION ( 'NONE',  ( 0.0000000000000000000, 0.0000000000000000000, 1.000000000000000000 ) ) ;
#4001 = CARTESIAN_POINT ( 'NONE',  ( 7.668408922197380100, 38.37878033443268300, 91.06437572646858300 ) ) ;
#4002 = CARTESIAN_POINT ( 'NONE',  ( -57.10819268389989400, 3.413702952623245400E-015, 27.87499999999998600 ) ) ;
#4003 = FACE_OUTER_BOUND ( 'NONE', #3234, .T. ) ;
#4004 = DIRECTION ( 'NONE',  ( 1.000000000000000000, -0.0000000000000000000, -0.0000000000000000000 ) ) ;
#4005 = CARTESIAN_POINT ( 'NONE',  ( 7.888335189323492500, 45.26210292081762500, 97.94769831285354700 ) ) ;
#4006 = APPLICATION_CONTEXT ( 'configuration controlled 3d designs of mechanical parts and assemblies' ) ;
#4007 = DIRECTION ( 'NONE',  ( 0.0000000000000000000, 0.0000000000000000000, 1.000000000000000000 ) ) ;
#4008 = CARTESIAN_POINT ( 'NONE',  ( 9.180703907544868900, 35.32942893644117500, 88.01502432847708200 ) ) ;
#4009 = VERTEX_POINT ( 'NONE', #3008 ) ;
#4010 = CARTESIAN_POINT ( 'NONE',  ( -60.10819268389990100, 0.0000000000000000000, -16.05999999999998500 ) ) ;
#4011 = EDGE_LOOP ( 'NONE', ( #89, #2486, #502, #2319 ) ) ;
#4012 = EDGE_CURVE ( 'NONE', #1719, #2627, #466, .T. ) ;
#4013 = EDGE_CURVE ( 'NONE', #3130, #1966, #2824, .T. ) ;
#4014 = CC_DESIGN_PERSON_AND_ORGANIZATION_ASSIGNMENT ( #624, #2214, ( #1815 ) ) ;
#4015 = LOCAL_TIME ( 12, 19, 51.00000000000000000, #823 ) ;
#4016 = CIRCLE ( 'NONE', #1375, 24.12500000000000400 ) ;
#4017 = CARTESIAN_POINT ( 'NONE',  ( 0.0000000000000000000, 38.10000000000000100, 0.0000000000000000000 ) ) ;
#4018 = CARTESIAN_POINT ( 'NONE',  ( -26.93262969212313600, 3.321854442687194000E-015, 27.12499999999998600 ) ) ;
#4019 = CARTESIAN_POINT ( 'NONE',  ( 25.19469000927050200, 28.88365735966090900, 80.07780366617934900 ) ) ;
#4020 = CALENDAR_DATE ( 2014, 22, 10 ) ;
#4021 = LOCAL_TIME ( 12, 19, 51.00000000000000000, #832 ) ;
#4022 = NEXT_ASSEMBLY_USAGE_OCCURRENCE ( 'NAUO1', ' ', ' ', #611, #2665, $ ) ;
#4023 = NEXT_ASSEMBLY_USAGE_OCCURRENCE ( 'NAUO2', ' ', ' ', #611, #3161, $ ) ;
#4024 = NEXT_ASSEMBLY_USAGE_OCCURRENCE ( 'NAUO3', ' ', ' ', #611, #3644, $ ) ;
#4025 = NEXT_ASSEMBLY_USAGE_OCCURRENCE ( 'NAUO4', ' ', ' ', #611, #126, $ ) ;
ENDSEC;
END-ISO-10303-21;
